source,target,anchor,placement
https://immigratetobrazil.com/,https://immigratetobrazil.com/about/profile/,Monique Fernandes: Brazilian Immigration Lawyer,"End of overview, or dedicated related-guidance section before main closes"
https://immigratetobrazil.com/about/,https://immigratetobrazil.com/services/,Brazil Immigration Legal Services,"End of overview, or dedicated related-guidance section before main closes"
https://immigratetobrazil.com/about/about/,https://immigratetobrazil.com/services/,Brazil Immigration Legal Services,"End of overview, or dedicated related-guidance section before main closes"
https://immigratetobrazil.com/about/atlas/,https://immigratetobrazil.com/start-consultation/,Request a Brazil Immigration Consultation,"End of overview, or dedicated related-guidance section before main closes"
https://immigratetobrazil.com/about/clients/,https://immigratetobrazil.com/about/profile/,Monique Fernandes: Brazilian Immigration Lawyer,"End of overview, or dedicated related-guidance section before main closes"
https://immigratetobrazil.com/about/ethics/,https://immigratetobrazil.com/services/,Brazil Immigration Legal Services,"End of overview, or dedicated related-guidance section before main closes"
https://immigratetobrazil.com/about/ethics/,https://immigratetobrazil.com/about/profile/,Monique Fernandes: Brazilian Immigration Lawyer,"End of overview, or dedicated related-guidance section before main closes"
https://immigratetobrazil.com/about/lawyer/,https://immigratetobrazil.com/services/,Brazil Immigration Legal Services,"End of overview, or dedicated related-guidance section before main closes"
https://immigratetobrazil.com/about/mission/,https://immigratetobrazil.com/services/,Brazil Immigration Legal Services,"End of overview, or dedicated related-guidance section before main closes"
https://immigratetobrazil.com/about/mission/,https://immigratetobrazil.com/about/profile/,Monique Fernandes: Brazilian Immigration Lawyer,"End of overview, or dedicated related-guidance section before main closes"
https://immigratetobrazil.com/about/philosophy/,https://immigratetobrazil.com/services/,Brazil Immigration Legal Services,"End of overview, or dedicated related-guidance section before main closes"
https://immigratetobrazil.com/about/philosophy/,https://immigratetobrazil.com/about/profile/,Monique Fernandes: Brazilian Immigration Lawyer,"End of overview, or dedicated related-guidance section before main closes"
https://immigratetobrazil.com/about/profile/,https://immigratetobrazil.com/services/,Brazil Immigration Legal Services,"End of overview, or dedicated related-guidance section before main closes"
https://immigratetobrazil.com/about/results/,https://immigratetobrazil.com/services/,Brazil Immigration Legal Services,"End of overview, or dedicated related-guidance section before main closes"
https://immigratetobrazil.com/about/results/,https://immigratetobrazil.com/about/profile/,Monique Fernandes: Brazilian Immigration Lawyer,"End of overview, or dedicated related-guidance section before main closes"
https://immigratetobrazil.com/about/stories/,https://immigratetobrazil.com/services/,Brazil Immigration Legal Services,"End of overview, or dedicated related-guidance section before main closes"
https://immigratetobrazil.com/about/stories/,https://immigratetobrazil.com/about/profile/,Monique Fernandes: Brazilian Immigration Lawyer,"End of overview, or dedicated related-guidance section before main closes"
https://immigratetobrazil.com/about/story/,https://immigratetobrazil.com/services/,Brazil Immigration Legal Services,"End of overview, or dedicated related-guidance section before main closes"
https://immigratetobrazil.com/about/story/,https://immigratetobrazil.com/about/profile/,Monique Fernandes: Brazilian Immigration Lawyer,"End of overview, or dedicated related-guidance section before main closes"
https://immigratetobrazil.com/about/testimonials/,https://immigratetobrazil.com/services/,Brazil Immigration Legal Services,"End of overview, or dedicated related-guidance section before main closes"
https://immigratetobrazil.com/about/testimonials/,https://immigratetobrazil.com/about/profile/,Monique Fernandes: Brazilian Immigration Lawyer,"End of overview, or dedicated related-guidance section before main closes"
https://immigratetobrazil.com/about/values/,https://immigratetobrazil.com/services/,Brazil Immigration Legal Services,"End of overview, or dedicated related-guidance section before main closes"
https://immigratetobrazil.com/about/values/,https://immigratetobrazil.com/about/profile/,Monique Fernandes: Brazilian Immigration Lawyer,"End of overview, or dedicated related-guidance section before main closes"
https://immigratetobrazil.com/about/whyus/,https://immigratetobrazil.com/services/,Brazil Immigration Legal Services,"End of overview, or dedicated related-guidance section before main closes"
https://immigratetobrazil.com/brazil/,https://immigratetobrazil.com/brazil/cities/,Compare Cities for Living in Brazil,"End of overview, or dedicated related-guidance section before main closes"
https://immigratetobrazil.com/brazil/,https://immigratetobrazil.com/services/residencies/,Brazil Residence Permit Services,"End of overview, or dedicated related-guidance section before main closes"
https://immigratetobrazil.com/brazil/brazil/,https://immigratetobrazil.com/brazil/cities/,Compare Cities for Living in Brazil,"End of overview, or dedicated related-guidance section before main closes"
https://immigratetobrazil.com/brazil/brazil/,https://immigratetobrazil.com/brazil/cost/,Cost of Living in Brazil: Planning Your Budget,"End of overview, or dedicated related-guidance section before main closes"
https://immigratetobrazil.com/brazil/brazil/,https://immigratetobrazil.com/services/residencies/,Brazil Residence Permit Services,"End of overview, or dedicated related-guidance section before main closes"
https://immigratetobrazil.com/brazil/central-west/,https://immigratetobrazil.com/brazil/cities/,Compare Cities for Living in Brazil,"End of overview, or dedicated related-guidance section before main closes"
https://immigratetobrazil.com/brazil/central-west/,https://immigratetobrazil.com/brazil/cost/,Cost of Living in Brazil: Planning Your Budget,"End of overview, or dedicated related-guidance section before main closes"
https://immigratetobrazil.com/brazil/central-west/,https://immigratetobrazil.com/services/residencies/,Brazil Residence Permit Services,"End of overview, or dedicated related-guidance section before main closes"
https://immigratetobrazil.com/brazil/cities/,https://immigratetobrazil.com/brazil/cost/,Cost of Living in Brazil: Planning Your Budget,"End of overview, or dedicated related-guidance section before main closes"
https://immigratetobrazil.com/brazil/cities/,https://immigratetobrazil.com/services/residencies/,Brazil Residence Permit Services,"End of overview, or dedicated related-guidance section before main closes"
https://immigratetobrazil.com/brazil/cities/aracaju/,https://immigratetobrazil.com/brazil/cost/,Cost of Living in Brazil: Planning Your Budget,"End of overview, or dedicated related-guidance section before main closes"
https://immigratetobrazil.com/brazil/cities/belem/,https://immigratetobrazil.com/brazil/cost/,Cost of Living in Brazil: Planning Your Budget,"End of overview, or dedicated related-guidance section before main closes"
https://immigratetobrazil.com/brazil/cities/belo-horizonte/,https://immigratetobrazil.com/brazil/cost/,Cost of Living in Brazil: Planning Your Budget,"End of overview, or dedicated related-guidance section before main closes"
https://immigratetobrazil.com/brazil/cities/boa-vista/,https://immigratetobrazil.com/brazil/cost/,Cost of Living in Brazil: Planning Your Budget,"End of overview, or dedicated related-guidance section before main closes"
https://immigratetobrazil.com/brazil/cities/brasilia/,https://immigratetobrazil.com/brazil/cost/,Cost of Living in Brazil: Planning Your Budget,"End of overview, or dedicated related-guidance section before main closes"
https://immigratetobrazil.com/brazil/cities/campinas/,https://immigratetobrazil.com/brazil/cost/,Cost of Living in Brazil: Planning Your Budget,"End of overview, or dedicated related-guidance section before main closes"
https://immigratetobrazil.com/brazil/cities/campo-grande/,https://immigratetobrazil.com/brazil/cost/,Cost of Living in Brazil: Planning Your Budget,"End of overview, or dedicated related-guidance section before main closes"
https://immigratetobrazil.com/brazil/cities/cuiaba/,https://immigratetobrazil.com/brazil/cost/,Cost of Living in Brazil: Planning Your Budget,"End of overview, or dedicated related-guidance section before main closes"
https://immigratetobrazil.com/brazil/cities/curitiba/,https://immigratetobrazil.com/brazil/cost/,Cost of Living in Brazil: Planning Your Budget,"End of overview, or dedicated related-guidance section before main closes"
https://immigratetobrazil.com/brazil/cities/florianopolis/,https://immigratetobrazil.com/brazil/cost/,Cost of Living in Brazil: Planning Your Budget,"End of overview, or dedicated related-guidance section before main closes"
https://immigratetobrazil.com/brazil/cities/fortaleza/,https://immigratetobrazil.com/brazil/cost/,Cost of Living in Brazil: Planning Your Budget,"End of overview, or dedicated related-guidance section before main closes"
https://immigratetobrazil.com/brazil/cities/goiania/,https://immigratetobrazil.com/brazil/cost/,Cost of Living in Brazil: Planning Your Budget,"End of overview, or dedicated related-guidance section before main closes"
https://immigratetobrazil.com/brazil/cities/gramado/,https://immigratetobrazil.com/brazil/cost/,Cost of Living in Brazil: Planning Your Budget,"End of overview, or dedicated related-guidance section before main closes"
https://immigratetobrazil.com/brazil/cities/joao-pessoa/,https://immigratetobrazil.com/brazil/cost/,Cost of Living in Brazil: Planning Your Budget,"End of overview, or dedicated related-guidance section before main closes"
https://immigratetobrazil.com/brazil/cities/macapa/,https://immigratetobrazil.com/brazil/cost/,Cost of Living in Brazil: Planning Your Budget,"End of overview, or dedicated related-guidance section before main closes"
https://immigratetobrazil.com/brazil/cities/maceio/,https://immigratetobrazil.com/brazil/cost/,Cost of Living in Brazil: Planning Your Budget,"End of overview, or dedicated related-guidance section before main closes"
https://immigratetobrazil.com/brazil/cities/manaus/,https://immigratetobrazil.com/brazil/cost/,Cost of Living in Brazil: Planning Your Budget,"End of overview, or dedicated related-guidance section before main closes"
https://immigratetobrazil.com/brazil/cities/natal/,https://immigratetobrazil.com/brazil/cost/,Cost of Living in Brazil: Planning Your Budget,"End of overview, or dedicated related-guidance section before main closes"
https://immigratetobrazil.com/brazil/cities/niteroi/,https://immigratetobrazil.com/brazil/cost/,Cost of Living in Brazil: Planning Your Budget,"End of overview, or dedicated related-guidance section before main closes"
https://immigratetobrazil.com/brazil/cities/palmas/,https://immigratetobrazil.com/brazil/cost/,Cost of Living in Brazil: Planning Your Budget,"End of overview, or dedicated related-guidance section before main closes"
https://immigratetobrazil.com/brazil/cities/porto-alegre/,https://immigratetobrazil.com/brazil/cost/,Cost of Living in Brazil: Planning Your Budget,"End of overview, or dedicated related-guidance section before main closes"
https://immigratetobrazil.com/brazil/cities/porto-velho/,https://immigratetobrazil.com/brazil/cost/,Cost of Living in Brazil: Planning Your Budget,"End of overview, or dedicated related-guidance section before main closes"
https://immigratetobrazil.com/brazil/cities/recife/,https://immigratetobrazil.com/brazil/cost/,Cost of Living in Brazil: Planning Your Budget,"End of overview, or dedicated related-guidance section before main closes"
https://immigratetobrazil.com/brazil/cities/ribeirao-preto/,https://immigratetobrazil.com/brazil/cost/,Cost of Living in Brazil: Planning Your Budget,"End of overview, or dedicated related-guidance section before main closes"
https://immigratetobrazil.com/brazil/cities/rio-branco/,https://immigratetobrazil.com/brazil/cost/,Cost of Living in Brazil: Planning Your Budget,"End of overview, or dedicated related-guidance section before main closes"
https://immigratetobrazil.com/brazil/cities/rio-de-janeiro/,https://immigratetobrazil.com/brazil/cost/,Cost of Living in Brazil: Planning Your Budget,"End of overview, or dedicated related-guidance section before main closes"
https://immigratetobrazil.com/brazil/cities/salvador/,https://immigratetobrazil.com/brazil/cost/,Cost of Living in Brazil: Planning Your Budget,"End of overview, or dedicated related-guidance section before main closes"
https://immigratetobrazil.com/brazil/cities/santos/,https://immigratetobrazil.com/brazil/cost/,Cost of Living in Brazil: Planning Your Budget,"End of overview, or dedicated related-guidance section before main closes"
https://immigratetobrazil.com/brazil/cities/sao-luis/,https://immigratetobrazil.com/brazil/cost/,Cost of Living in Brazil: Planning Your Budget,"End of overview, or dedicated related-guidance section before main closes"
https://immigratetobrazil.com/brazil/cities/sao-paulo/,https://immigratetobrazil.com/brazil/cost/,Cost of Living in Brazil: Planning Your Budget,"End of overview, or dedicated related-guidance section before main closes"
https://immigratetobrazil.com/brazil/cities/teresina/,https://immigratetobrazil.com/brazil/cost/,Cost of Living in Brazil: Planning Your Budget,"End of overview, or dedicated related-guidance section before main closes"
https://immigratetobrazil.com/brazil/cities/vitoria/,https://immigratetobrazil.com/brazil/cost/,Cost of Living in Brazil: Planning Your Budget,"End of overview, or dedicated related-guidance section before main closes"
https://immigratetobrazil.com/brazil/cost/,https://immigratetobrazil.com/brazil/cities/,Compare Cities for Living in Brazil,"End of overview, or dedicated related-guidance section before main closes"
https://immigratetobrazil.com/brazil/cost/,https://immigratetobrazil.com/services/residencies/,Brazil Residence Permit Services,"End of overview, or dedicated related-guidance section before main closes"
https://immigratetobrazil.com/brazil/cuisine/,https://immigratetobrazil.com/brazil/cities/,Compare Cities for Living in Brazil,"End of overview, or dedicated related-guidance section before main closes"
https://immigratetobrazil.com/brazil/cuisine/,https://immigratetobrazil.com/brazil/cost/,Cost of Living in Brazil: Planning Your Budget,"End of overview, or dedicated related-guidance section before main closes"
https://immigratetobrazil.com/brazil/cuisine/,https://immigratetobrazil.com/services/residencies/,Brazil Residence Permit Services,"End of overview, or dedicated related-guidance section before main closes"
https://immigratetobrazil.com/brazil/culture/,https://immigratetobrazil.com/brazil/cities/,Compare Cities for Living in Brazil,"End of overview, or dedicated related-guidance section before main closes"
https://immigratetobrazil.com/brazil/culture/,https://immigratetobrazil.com/brazil/cost/,Cost of Living in Brazil: Planning Your Budget,"End of overview, or dedicated related-guidance section before main closes"
https://immigratetobrazil.com/brazil/culture/,https://immigratetobrazil.com/services/residencies/,Brazil Residence Permit Services,"End of overview, or dedicated related-guidance section before main closes"
https://immigratetobrazil.com/brazil/directory/,https://immigratetobrazil.com/brazil/cities/,Compare Cities for Living in Brazil,"End of overview, or dedicated related-guidance section before main closes"
https://immigratetobrazil.com/brazil/directory/,https://immigratetobrazil.com/brazil/cost/,Cost of Living in Brazil: Planning Your Budget,"End of overview, or dedicated related-guidance section before main closes"
https://immigratetobrazil.com/brazil/directory/,https://immigratetobrazil.com/services/residencies/,Brazil Residence Permit Services,"End of overview, or dedicated related-guidance section before main closes"
https://immigratetobrazil.com/brazil/economy/,https://immigratetobrazil.com/brazil/cities/,Compare Cities for Living in Brazil,"End of overview, or dedicated related-guidance section before main closes"
https://immigratetobrazil.com/brazil/economy/,https://immigratetobrazil.com/brazil/cost/,Cost of Living in Brazil: Planning Your Budget,"End of overview, or dedicated related-guidance section before main closes"
https://immigratetobrazil.com/brazil/economy/,https://immigratetobrazil.com/services/residencies/,Brazil Residence Permit Services,"End of overview, or dedicated related-guidance section before main closes"
https://immigratetobrazil.com/brazil/education/,https://immigratetobrazil.com/brazil/cities/,Compare Cities for Living in Brazil,"End of overview, or dedicated related-guidance section before main closes"
https://immigratetobrazil.com/brazil/education/,https://immigratetobrazil.com/brazil/cost/,Cost of Living in Brazil: Planning Your Budget,"End of overview, or dedicated related-guidance section before main closes"
https://immigratetobrazil.com/brazil/education/,https://immigratetobrazil.com/services/residencies/,Brazil Residence Permit Services,"End of overview, or dedicated related-guidance section before main closes"
https://immigratetobrazil.com/brazil/events/,https://immigratetobrazil.com/brazil/cities/,Compare Cities for Living in Brazil,"End of overview, or dedicated related-guidance section before main closes"
https://immigratetobrazil.com/brazil/events/,https://immigratetobrazil.com/brazil/cost/,Cost of Living in Brazil: Planning Your Budget,"End of overview, or dedicated related-guidance section before main closes"
https://immigratetobrazil.com/brazil/events/,https://immigratetobrazil.com/services/residencies/,Brazil Residence Permit Services,"End of overview, or dedicated related-guidance section before main closes"
https://immigratetobrazil.com/brazil/faqs/,https://immigratetobrazil.com/brazil/cities/,Compare Cities for Living in Brazil,"End of overview, or dedicated related-guidance section before main closes"
https://immigratetobrazil.com/brazil/faqs/,https://immigratetobrazil.com/brazil/cost/,Cost of Living in Brazil: Planning Your Budget,"End of overview, or dedicated related-guidance section before main closes"
https://immigratetobrazil.com/brazil/faqs/,https://immigratetobrazil.com/services/residencies/,Brazil Residence Permit Services,"End of overview, or dedicated related-guidance section before main closes"
https://immigratetobrazil.com/brazil/festivals/,https://immigratetobrazil.com/brazil/cities/,Compare Cities for Living in Brazil,"End of overview, or dedicated related-guidance section before main closes"
https://immigratetobrazil.com/brazil/festivals/,https://immigratetobrazil.com/brazil/cost/,Cost of Living in Brazil: Planning Your Budget,"End of overview, or dedicated related-guidance section before main closes"
https://immigratetobrazil.com/brazil/festivals/,https://immigratetobrazil.com/services/residencies/,Brazil Residence Permit Services,"End of overview, or dedicated related-guidance section before main closes"
https://immigratetobrazil.com/brazil/guides/,https://immigratetobrazil.com/brazil/cities/,Compare Cities for Living in Brazil,"End of overview, or dedicated related-guidance section before main closes"
https://immigratetobrazil.com/brazil/guides/,https://immigratetobrazil.com/brazil/cost/,Cost of Living in Brazil: Planning Your Budget,"End of overview, or dedicated related-guidance section before main closes"
https://immigratetobrazil.com/brazil/guides/,https://immigratetobrazil.com/services/residencies/,Brazil Residence Permit Services,"End of overview, or dedicated related-guidance section before main closes"
https://immigratetobrazil.com/brazil/healthcare/,https://immigratetobrazil.com/brazil/cities/,Compare Cities for Living in Brazil,"End of overview, or dedicated related-guidance section before main closes"
https://immigratetobrazil.com/brazil/healthcare/,https://immigratetobrazil.com/brazil/cost/,Cost of Living in Brazil: Planning Your Budget,"End of overview, or dedicated related-guidance section before main closes"
https://immigratetobrazil.com/brazil/healthcare/,https://immigratetobrazil.com/services/residencies/,Brazil Residence Permit Services,"End of overview, or dedicated related-guidance section before main closes"
https://immigratetobrazil.com/brazil/housing/,https://immigratetobrazil.com/brazil/cities/,Compare Cities for Living in Brazil,"End of overview, or dedicated related-guidance section before main closes"
https://immigratetobrazil.com/brazil/housing/,https://immigratetobrazil.com/brazil/cost/,Cost of Living in Brazil: Planning Your Budget,"End of overview, or dedicated related-guidance section before main closes"
https://immigratetobrazil.com/brazil/housing/,https://immigratetobrazil.com/services/residencies/,Brazil Residence Permit Services,"End of overview, or dedicated related-guidance section before main closes"
https://immigratetobrazil.com/brazil/investment/,https://immigratetobrazil.com/brazil/cities/,Compare Cities for Living in Brazil,"End of overview, or dedicated related-guidance section before main closes"
https://immigratetobrazil.com/brazil/investment/,https://immigratetobrazil.com/brazil/cost/,Cost of Living in Brazil: Planning Your Budget,"End of overview, or dedicated related-guidance section before main closes"
https://immigratetobrazil.com/brazil/investment/,https://immigratetobrazil.com/services/residencies/,Brazil Residence Permit Services,"End of overview, or dedicated related-guidance section before main closes"
https://immigratetobrazil.com/brazil/living/,https://immigratetobrazil.com/brazil/cities/,Compare Cities for Living in Brazil,"End of overview, or dedicated related-guidance section before main closes"
https://immigratetobrazil.com/brazil/living/,https://immigratetobrazil.com/brazil/cost/,Cost of Living in Brazil: Planning Your Budget,"End of overview, or dedicated related-guidance section before main closes"
https://immigratetobrazil.com/brazil/living/,https://immigratetobrazil.com/services/residencies/,Brazil Residence Permit Services,"End of overview, or dedicated related-guidance section before main closes"
https://immigratetobrazil.com/brazil/municipalities/,https://immigratetobrazil.com/brazil/cities/,Compare Cities for Living in Brazil,"End of overview, or dedicated related-guidance section before main closes"
https://immigratetobrazil.com/brazil/municipalities/,https://immigratetobrazil.com/brazil/cost/,Cost of Living in Brazil: Planning Your Budget,"End of overview, or dedicated related-guidance section before main closes"
https://immigratetobrazil.com/brazil/municipalities/,https://immigratetobrazil.com/services/residencies/,Brazil Residence Permit Services,"End of overview, or dedicated related-guidance section before main closes"
https://immigratetobrazil.com/brazil/north/,https://immigratetobrazil.com/brazil/cities/,Compare Cities for Living in Brazil,"End of overview, or dedicated related-guidance section before main closes"
https://immigratetobrazil.com/brazil/north/,https://immigratetobrazil.com/brazil/cost/,Cost of Living in Brazil: Planning Your Budget,"End of overview, or dedicated related-guidance section before main closes"
https://immigratetobrazil.com/brazil/north/,https://immigratetobrazil.com/services/residencies/,Brazil Residence Permit Services,"End of overview, or dedicated related-guidance section before main closes"
https://immigratetobrazil.com/brazil/northeast/,https://immigratetobrazil.com/brazil/cities/,Compare Cities for Living in Brazil,"End of overview, or dedicated related-guidance section before main closes"
https://immigratetobrazil.com/brazil/northeast/,https://immigratetobrazil.com/brazil/cost/,Cost of Living in Brazil: Planning Your Budget,"End of overview, or dedicated related-guidance section before main closes"
https://immigratetobrazil.com/brazil/northeast/,https://immigratetobrazil.com/services/residencies/,Brazil Residence Permit Services,"End of overview, or dedicated related-guidance section before main closes"
https://immigratetobrazil.com/brazil/places/,https://immigratetobrazil.com/brazil/cost/,Cost of Living in Brazil: Planning Your Budget,"End of overview, or dedicated related-guidance section before main closes"
https://immigratetobrazil.com/brazil/places/,https://immigratetobrazil.com/services/residencies/,Brazil Residence Permit Services,"End of overview, or dedicated related-guidance section before main closes"
https://immigratetobrazil.com/brazil/quality/,https://immigratetobrazil.com/brazil/cities/,Compare Cities for Living in Brazil,"End of overview, or dedicated related-guidance section before main closes"
https://immigratetobrazil.com/brazil/quality/,https://immigratetobrazil.com/brazil/cost/,Cost of Living in Brazil: Planning Your Budget,"End of overview, or dedicated related-guidance section before main closes"
https://immigratetobrazil.com/brazil/quality/,https://immigratetobrazil.com/services/residencies/,Brazil Residence Permit Services,"End of overview, or dedicated related-guidance section before main closes"
https://immigratetobrazil.com/brazil/safety/,https://immigratetobrazil.com/brazil/cities/,Compare Cities for Living in Brazil,"End of overview, or dedicated related-guidance section before main closes"
https://immigratetobrazil.com/brazil/safety/,https://immigratetobrazil.com/brazil/cost/,Cost of Living in Brazil: Planning Your Budget,"End of overview, or dedicated related-guidance section before main closes"
https://immigratetobrazil.com/brazil/safety/,https://immigratetobrazil.com/services/residencies/,Brazil Residence Permit Services,"End of overview, or dedicated related-guidance section before main closes"
https://immigratetobrazil.com/brazil/south/,https://immigratetobrazil.com/brazil/cities/,Compare Cities for Living in Brazil,"End of overview, or dedicated related-guidance section before main closes"
https://immigratetobrazil.com/brazil/south/,https://immigratetobrazil.com/brazil/cost/,Cost of Living in Brazil: Planning Your Budget,"End of overview, or dedicated related-guidance section before main closes"
https://immigratetobrazil.com/brazil/south/,https://immigratetobrazil.com/services/residencies/,Brazil Residence Permit Services,"End of overview, or dedicated related-guidance section before main closes"
https://immigratetobrazil.com/brazil/southeast/,https://immigratetobrazil.com/brazil/cities/,Compare Cities for Living in Brazil,"End of overview, or dedicated related-guidance section before main closes"
https://immigratetobrazil.com/brazil/southeast/,https://immigratetobrazil.com/brazil/cost/,Cost of Living in Brazil: Planning Your Budget,"End of overview, or dedicated related-guidance section before main closes"
https://immigratetobrazil.com/brazil/southeast/,https://immigratetobrazil.com/services/residencies/,Brazil Residence Permit Services,"End of overview, or dedicated related-guidance section before main closes"
https://immigratetobrazil.com/brazil/states/,https://immigratetobrazil.com/brazil/cities/,Compare Cities for Living in Brazil,"End of overview, or dedicated related-guidance section before main closes"
https://immigratetobrazil.com/brazil/states/,https://immigratetobrazil.com/brazil/cost/,Cost of Living in Brazil: Planning Your Budget,"End of overview, or dedicated related-guidance section before main closes"
https://immigratetobrazil.com/brazil/states/,https://immigratetobrazil.com/services/residencies/,Brazil Residence Permit Services,"End of overview, or dedicated related-guidance section before main closes"
https://immigratetobrazil.com/contact/,https://immigratetobrazil.com/services/,Brazil Immigration Legal Services,"End of overview, or dedicated related-guidance section before main closes"
https://immigratetobrazil.com/contact/,https://immigratetobrazil.com/about/profile/,Monique Fernandes: Brazilian Immigration Lawyer,"End of overview, or dedicated related-guidance section before main closes"
https://immigratetobrazil.com/contact/,https://immigratetobrazil.com/start-consultation/,Request a Brazil Immigration Consultation,"End of overview, or dedicated related-guidance section before main closes"
https://immigratetobrazil.com/countries/,https://immigratetobrazil.com/services/,Brazil Immigration Legal Services,"End of overview, or dedicated related-guidance section before main closes"
https://immigratetobrazil.com/countries/,https://immigratetobrazil.com/about/profile/,Monique Fernandes: Brazilian Immigration Lawyer,"End of overview, or dedicated related-guidance section before main closes"
https://immigratetobrazil.com/insights/,https://immigratetobrazil.com/services/,Brazil Immigration Legal Services,"End of overview, or dedicated related-guidance section before main closes"
https://immigratetobrazil.com/insights/,https://immigratetobrazil.com/about/profile/,Monique Fernandes: Brazilian Immigration Lawyer,"End of overview, or dedicated related-guidance section before main closes"
https://immigratetobrazil.com/insights/blog/,https://immigratetobrazil.com/services/,Brazil Immigration Legal Services,"End of overview, or dedicated related-guidance section before main closes"
https://immigratetobrazil.com/insights/blog/,https://immigratetobrazil.com/about/profile/,Monique Fernandes: Brazilian Immigration Lawyer,"End of overview, or dedicated related-guidance section before main closes"
https://immigratetobrazil.com/insights/fyi/,https://immigratetobrazil.com/services/,Brazil Immigration Legal Services,"End of overview, or dedicated related-guidance section before main closes"
https://immigratetobrazil.com/insights/fyi/,https://immigratetobrazil.com/about/profile/,Monique Fernandes: Brazilian Immigration Lawyer,"End of overview, or dedicated related-guidance section before main closes"
https://immigratetobrazil.com/insights/general/,https://immigratetobrazil.com/services/,Brazil Immigration Legal Services,"End of overview, or dedicated related-guidance section before main closes"
https://immigratetobrazil.com/insights/general/,https://immigratetobrazil.com/about/profile/,Monique Fernandes: Brazilian Immigration Lawyer,"End of overview, or dedicated related-guidance section before main closes"
https://immigratetobrazil.com/insights/guides/,https://immigratetobrazil.com/services/,Brazil Immigration Legal Services,"End of overview, or dedicated related-guidance section before main closes"
https://immigratetobrazil.com/insights/guides/,https://immigratetobrazil.com/about/profile/,Monique Fernandes: Brazilian Immigration Lawyer,"End of overview, or dedicated related-guidance section before main closes"
https://immigratetobrazil.com/insights/naturalisation/,https://immigratetobrazil.com/services/,Brazil Immigration Legal Services,"End of overview, or dedicated related-guidance section before main closes"
https://immigratetobrazil.com/insights/naturalisation/,https://immigratetobrazil.com/about/profile/,Monique Fernandes: Brazilian Immigration Lawyer,"End of overview, or dedicated related-guidance section before main closes"
https://immigratetobrazil.com/insights/process/,https://immigratetobrazil.com/services/,Brazil Immigration Legal Services,"End of overview, or dedicated related-guidance section before main closes"
https://immigratetobrazil.com/insights/process/,https://immigratetobrazil.com/about/profile/,Monique Fernandes: Brazilian Immigration Lawyer,"End of overview, or dedicated related-guidance section before main closes"
https://immigratetobrazil.com/insights/residency/,https://immigratetobrazil.com/services/,Brazil Immigration Legal Services,"End of overview, or dedicated related-guidance section before main closes"
https://immigratetobrazil.com/insights/residency/,https://immigratetobrazil.com/about/profile/,Monique Fernandes: Brazilian Immigration Lawyer,"End of overview, or dedicated related-guidance section before main closes"
https://immigratetobrazil.com/insights/updates/,https://immigratetobrazil.com/services/,Brazil Immigration Legal Services,"End of overview, or dedicated related-guidance section before main closes"
https://immigratetobrazil.com/insights/updates/,https://immigratetobrazil.com/about/profile/,Monique Fernandes: Brazilian Immigration Lawyer,"End of overview, or dedicated related-guidance section before main closes"
https://immigratetobrazil.com/insights/visa/,https://immigratetobrazil.com/services/,Brazil Immigration Legal Services,"End of overview, or dedicated related-guidance section before main closes"
https://immigratetobrazil.com/insights/visa/,https://immigratetobrazil.com/about/profile/,Monique Fernandes: Brazilian Immigration Lawyer,"End of overview, or dedicated related-guidance section before main closes"
https://immigratetobrazil.com/legal/,https://immigratetobrazil.com/services/,Brazil Immigration Legal Services,"End of overview, or dedicated related-guidance section before main closes"
https://immigratetobrazil.com/legal/,https://immigratetobrazil.com/about/profile/,Monique Fernandes: Brazilian Immigration Lawyer,"End of overview, or dedicated related-guidance section before main closes"
https://immigratetobrazil.com/legal/accessibility/,https://immigratetobrazil.com/services/,Brazil Immigration Legal Services,"End of overview, or dedicated related-guidance section before main closes"
https://immigratetobrazil.com/legal/accessibility/,https://immigratetobrazil.com/about/profile/,Monique Fernandes: Brazilian Immigration Lawyer,"End of overview, or dedicated related-guidance section before main closes"
https://immigratetobrazil.com/legal/cookies/,https://immigratetobrazil.com/services/,Brazil Immigration Legal Services,"End of overview, or dedicated related-guidance section before main closes"
https://immigratetobrazil.com/legal/cookies/,https://immigratetobrazil.com/about/profile/,Monique Fernandes: Brazilian Immigration Lawyer,"End of overview, or dedicated related-guidance section before main closes"
https://immigratetobrazil.com/legal/disclaimer/,https://immigratetobrazil.com/services/,Brazil Immigration Legal Services,"End of overview, or dedicated related-guidance section before main closes"
https://immigratetobrazil.com/legal/disclaimer/,https://immigratetobrazil.com/about/profile/,Monique Fernandes: Brazilian Immigration Lawyer,"End of overview, or dedicated related-guidance section before main closes"
https://immigratetobrazil.com/legal/emergency/,https://immigratetobrazil.com/services/,Brazil Immigration Legal Services,"End of overview, or dedicated related-guidance section before main closes"
https://immigratetobrazil.com/legal/emergency/,https://immigratetobrazil.com/about/profile/,Monique Fernandes: Brazilian Immigration Lawyer,"End of overview, or dedicated related-guidance section before main closes"
https://immigratetobrazil.com/legal/form/,https://immigratetobrazil.com/services/,Brazil Immigration Legal Services,"End of overview, or dedicated related-guidance section before main closes"
https://immigratetobrazil.com/legal/form/,https://immigratetobrazil.com/about/profile/,Monique Fernandes: Brazilian Immigration Lawyer,"End of overview, or dedicated related-guidance section before main closes"
https://immigratetobrazil.com/legal/gdpr/,https://immigratetobrazil.com/services/,Brazil Immigration Legal Services,"End of overview, or dedicated related-guidance section before main closes"
https://immigratetobrazil.com/legal/gdpr/,https://immigratetobrazil.com/about/profile/,Monique Fernandes: Brazilian Immigration Lawyer,"End of overview, or dedicated related-guidance section before main closes"
https://immigratetobrazil.com/legal/lgpd/,https://immigratetobrazil.com/services/,Brazil Immigration Legal Services,"End of overview, or dedicated related-guidance section before main closes"
https://immigratetobrazil.com/legal/lgpd/,https://immigratetobrazil.com/about/profile/,Monique Fernandes: Brazilian Immigration Lawyer,"End of overview, or dedicated related-guidance section before main closes"
https://immigratetobrazil.com/legal/payment/,https://immigratetobrazil.com/services/,Brazil Immigration Legal Services,"End of overview, or dedicated related-guidance section before main closes"
https://immigratetobrazil.com/legal/payment/,https://immigratetobrazil.com/about/profile/,Monique Fernandes: Brazilian Immigration Lawyer,"End of overview, or dedicated related-guidance section before main closes"
https://immigratetobrazil.com/legal/privacy/,https://immigratetobrazil.com/services/,Brazil Immigration Legal Services,"End of overview, or dedicated related-guidance section before main closes"
https://immigratetobrazil.com/legal/privacy/,https://immigratetobrazil.com/about/profile/,Monique Fernandes: Brazilian Immigration Lawyer,"End of overview, or dedicated related-guidance section before main closes"
https://immigratetobrazil.com/legal/refund/,https://immigratetobrazil.com/services/,Brazil Immigration Legal Services,"End of overview, or dedicated related-guidance section before main closes"
https://immigratetobrazil.com/legal/refund/,https://immigratetobrazil.com/about/profile/,Monique Fernandes: Brazilian Immigration Lawyer,"End of overview, or dedicated related-guidance section before main closes"
https://immigratetobrazil.com/legal/terms/,https://immigratetobrazil.com/services/,Brazil Immigration Legal Services,"End of overview, or dedicated related-guidance section before main closes"
https://immigratetobrazil.com/legal/terms/,https://immigratetobrazil.com/about/profile/,Monique Fernandes: Brazilian Immigration Lawyer,"End of overview, or dedicated related-guidance section before main closes"
https://immigratetobrazil.com/process/,https://immigratetobrazil.com/rights/,Immigrant Rights and Responsibilities in Brazil,"End of overview, or dedicated related-guidance section before main closes"
https://immigratetobrazil.com/process/aftercare/,https://immigratetobrazil.com/process/,Working With Monique: The Immigration Process,"End of overview, or dedicated related-guidance section before main closes"
https://immigratetobrazil.com/process/aftercare/,https://immigratetobrazil.com/rights/,Immigrant Rights and Responsibilities in Brazil,"End of overview, or dedicated related-guidance section before main closes"
https://immigratetobrazil.com/process/alone/,https://immigratetobrazil.com/process/,Working With Monique: The Immigration Process,"End of overview, or dedicated related-guidance section before main closes"
https://immigratetobrazil.com/process/alone/,https://immigratetobrazil.com/rights/,Immigrant Rights and Responsibilities in Brazil,"End of overview, or dedicated related-guidance section before main closes"
https://immigratetobrazil.com/process/approval/,https://immigratetobrazil.com/process/,Working With Monique: The Immigration Process,"End of overview, or dedicated related-guidance section before main closes"
https://immigratetobrazil.com/process/approval/,https://immigratetobrazil.com/rights/,Immigrant Rights and Responsibilities in Brazil,"End of overview, or dedicated related-guidance section before main closes"
https://immigratetobrazil.com/process/assessment/,https://immigratetobrazil.com/process/,Working With Monique: The Immigration Process,"End of overview, or dedicated related-guidance section before main closes"
https://immigratetobrazil.com/process/assessment/,https://immigratetobrazil.com/rights/,Immigrant Rights and Responsibilities in Brazil,"End of overview, or dedicated related-guidance section before main closes"
https://immigratetobrazil.com/process/compliance/,https://immigratetobrazil.com/process/,Working With Monique: The Immigration Process,"End of overview, or dedicated related-guidance section before main closes"
https://immigratetobrazil.com/process/compliance/,https://immigratetobrazil.com/rights/,Immigrant Rights and Responsibilities in Brazil,"End of overview, or dedicated related-guidance section before main closes"
https://immigratetobrazil.com/process/consultation/,https://immigratetobrazil.com/process/,Working With Monique: The Immigration Process,"End of overview, or dedicated related-guidance section before main closes"
https://immigratetobrazil.com/process/consultation/,https://immigratetobrazil.com/rights/,Immigrant Rights and Responsibilities in Brazil,"End of overview, or dedicated related-guidance section before main closes"
https://immigratetobrazil.com/process/conversion/,https://immigratetobrazil.com/process/,Working With Monique: The Immigration Process,"End of overview, or dedicated related-guidance section before main closes"
https://immigratetobrazil.com/process/conversion/,https://immigratetobrazil.com/rights/,Immigrant Rights and Responsibilities in Brazil,"End of overview, or dedicated related-guidance section before main closes"
https://immigratetobrazil.com/process/deadlines/,https://immigratetobrazil.com/process/,Working With Monique: The Immigration Process,"End of overview, or dedicated related-guidance section before main closes"
https://immigratetobrazil.com/process/deadlines/,https://immigratetobrazil.com/rights/,Immigrant Rights and Responsibilities in Brazil,"End of overview, or dedicated related-guidance section before main closes"
https://immigratetobrazil.com/process/failures/,https://immigratetobrazil.com/process/,Working With Monique: The Immigration Process,"End of overview, or dedicated related-guidance section before main closes"
https://immigratetobrazil.com/process/failures/,https://immigratetobrazil.com/rights/,Immigrant Rights and Responsibilities in Brazil,"End of overview, or dedicated related-guidance section before main closes"
https://immigratetobrazil.com/process/fees/,https://immigratetobrazil.com/process/,Working With Monique: The Immigration Process,"End of overview, or dedicated related-guidance section before main closes"
https://immigratetobrazil.com/process/fees/,https://immigratetobrazil.com/rights/,Immigrant Rights and Responsibilities in Brazil,"End of overview, or dedicated related-guidance section before main closes"
https://immigratetobrazil.com/process/filing/,https://immigratetobrazil.com/process/,Working With Monique: The Immigration Process,"End of overview, or dedicated related-guidance section before main closes"
https://immigratetobrazil.com/process/filing/,https://immigratetobrazil.com/rights/,Immigrant Rights and Responsibilities in Brazil,"End of overview, or dedicated related-guidance section before main closes"
https://immigratetobrazil.com/process/mistakes/,https://immigratetobrazil.com/process/,Working With Monique: The Immigration Process,"End of overview, or dedicated related-guidance section before main closes"
https://immigratetobrazil.com/process/mistakes/,https://immigratetobrazil.com/rights/,Immigrant Rights and Responsibilities in Brazil,"End of overview, or dedicated related-guidance section before main closes"
https://immigratetobrazil.com/process/naturalisation/,https://immigratetobrazil.com/process/,Working With Monique: The Immigration Process,"End of overview, or dedicated related-guidance section before main closes"
https://immigratetobrazil.com/process/naturalisation/,https://immigratetobrazil.com/rights/,Immigrant Rights and Responsibilities in Brazil,"End of overview, or dedicated related-guidance section before main closes"
https://immigratetobrazil.com/process/obligations/,https://immigratetobrazil.com/process/,Working With Monique: The Immigration Process,"End of overview, or dedicated related-guidance section before main closes"
https://immigratetobrazil.com/process/obligations/,https://immigratetobrazil.com/rights/,Immigrant Rights and Responsibilities in Brazil,"End of overview, or dedicated related-guidance section before main closes"
https://immigratetobrazil.com/process/permanent/,https://immigratetobrazil.com/process/,Working With Monique: The Immigration Process,"End of overview, or dedicated related-guidance section before main closes"
https://immigratetobrazil.com/process/permanent/,https://immigratetobrazil.com/rights/,Immigrant Rights and Responsibilities in Brazil,"End of overview, or dedicated related-guidance section before main closes"
https://immigratetobrazil.com/process/planning/,https://immigratetobrazil.com/process/,Working With Monique: The Immigration Process,"End of overview, or dedicated related-guidance section before main closes"
https://immigratetobrazil.com/process/planning/,https://immigratetobrazil.com/rights/,Immigrant Rights and Responsibilities in Brazil,"End of overview, or dedicated related-guidance section before main closes"
https://immigratetobrazil.com/process/refund/,https://immigratetobrazil.com/process/,Working With Monique: The Immigration Process,"End of overview, or dedicated related-guidance section before main closes"
https://immigratetobrazil.com/process/refund/,https://immigratetobrazil.com/rights/,Immigrant Rights and Responsibilities in Brazil,"End of overview, or dedicated related-guidance section before main closes"
https://immigratetobrazil.com/process/regularization/,https://immigratetobrazil.com/process/,Working With Monique: The Immigration Process,"End of overview, or dedicated related-guidance section before main closes"
https://immigratetobrazil.com/process/regularization/,https://immigratetobrazil.com/rights/,Immigrant Rights and Responsibilities in Brazil,"End of overview, or dedicated related-guidance section before main closes"
https://immigratetobrazil.com/process/renewal/,https://immigratetobrazil.com/process/,Working With Monique: The Immigration Process,"End of overview, or dedicated related-guidance section before main closes"
https://immigratetobrazil.com/process/renewal/,https://immigratetobrazil.com/rights/,Immigrant Rights and Responsibilities in Brazil,"End of overview, or dedicated related-guidance section before main closes"
https://immigratetobrazil.com/process/responsibilities/,https://immigratetobrazil.com/process/,Working With Monique: The Immigration Process,"End of overview, or dedicated related-guidance section before main closes"
https://immigratetobrazil.com/process/responsibilities/,https://immigratetobrazil.com/rights/,Immigrant Rights and Responsibilities in Brazil,"End of overview, or dedicated related-guidance section before main closes"
https://immigratetobrazil.com/process/rights/,https://immigratetobrazil.com/process/,Working With Monique: The Immigration Process,"End of overview, or dedicated related-guidance section before main closes"
https://immigratetobrazil.com/process/rights/,https://immigratetobrazil.com/rights/,Immigrant Rights and Responsibilities in Brazil,"End of overview, or dedicated related-guidance section before main closes"
https://immigratetobrazil.com/process/strategy/,https://immigratetobrazil.com/process/,Working With Monique: The Immigration Process,"End of overview, or dedicated related-guidance section before main closes"
https://immigratetobrazil.com/process/strategy/,https://immigratetobrazil.com/rights/,Immigrant Rights and Responsibilities in Brazil,"End of overview, or dedicated related-guidance section before main closes"
https://immigratetobrazil.com/process/timeline/,https://immigratetobrazil.com/process/,Working With Monique: The Immigration Process,"End of overview, or dedicated related-guidance section before main closes"
https://immigratetobrazil.com/process/timeline/,https://immigratetobrazil.com/rights/,Immigrant Rights and Responsibilities in Brazil,"End of overview, or dedicated related-guidance section before main closes"
https://immigratetobrazil.com/process/transparency/,https://immigratetobrazil.com/process/,Working With Monique: The Immigration Process,"End of overview, or dedicated related-guidance section before main closes"
https://immigratetobrazil.com/process/transparency/,https://immigratetobrazil.com/rights/,Immigrant Rights and Responsibilities in Brazil,"End of overview, or dedicated related-guidance section before main closes"
https://immigratetobrazil.com/pt-br/,https://immigratetobrazil.com/pt-br/about/profile/,Monique Fernandes: advogada de imigração,"End of overview, or dedicated related-guidance section before main closes"
https://immigratetobrazil.com/pt-br/about/,https://immigratetobrazil.com/pt-br/services/,Serviços jurídicos de imigração no Brasil,"End of overview, or dedicated related-guidance section before main closes"
https://immigratetobrazil.com/pt-br/about/about/,https://immigratetobrazil.com/pt-br/services/,Serviços jurídicos de imigração no Brasil,"End of overview, or dedicated related-guidance section before main closes"
https://immigratetobrazil.com/pt-br/about/atlas/,https://immigratetobrazil.com/pt-br/start-consultation/,Solicite uma consulta sobre imigração,"End of overview, or dedicated related-guidance section before main closes"
https://immigratetobrazil.com/pt-br/about/clients/,https://immigratetobrazil.com/pt-br/about/profile/,Monique Fernandes: advogada de imigração,"End of overview, or dedicated related-guidance section before main closes"
https://immigratetobrazil.com/pt-br/about/ethics/,https://immigratetobrazil.com/pt-br/services/,Serviços jurídicos de imigração no Brasil,"End of overview, or dedicated related-guidance section before main closes"
https://immigratetobrazil.com/pt-br/about/ethics/,https://immigratetobrazil.com/pt-br/about/profile/,Monique Fernandes: advogada de imigração,"End of overview, or dedicated related-guidance section before main closes"
https://immigratetobrazil.com/pt-br/about/lawyer/,https://immigratetobrazil.com/pt-br/services/,Serviços jurídicos de imigração no Brasil,"End of overview, or dedicated related-guidance section before main closes"
https://immigratetobrazil.com/pt-br/about/mission/,https://immigratetobrazil.com/pt-br/services/,Serviços jurídicos de imigração no Brasil,"End of overview, or dedicated related-guidance section before main closes"
https://immigratetobrazil.com/pt-br/about/mission/,https://immigratetobrazil.com/pt-br/about/profile/,Monique Fernandes: advogada de imigração,"End of overview, or dedicated related-guidance section before main closes"
https://immigratetobrazil.com/pt-br/about/philosophy/,https://immigratetobrazil.com/pt-br/services/,Serviços jurídicos de imigração no Brasil,"End of overview, or dedicated related-guidance section before main closes"
https://immigratetobrazil.com/pt-br/about/philosophy/,https://immigratetobrazil.com/pt-br/about/profile/,Monique Fernandes: advogada de imigração,"End of overview, or dedicated related-guidance section before main closes"
https://immigratetobrazil.com/pt-br/about/profile/,https://immigratetobrazil.com/pt-br/services/,Serviços jurídicos de imigração no Brasil,"End of overview, or dedicated related-guidance section before main closes"
https://immigratetobrazil.com/pt-br/about/results/,https://immigratetobrazil.com/pt-br/services/,Serviços jurídicos de imigração no Brasil,"End of overview, or dedicated related-guidance section before main closes"
https://immigratetobrazil.com/pt-br/about/results/,https://immigratetobrazil.com/pt-br/about/profile/,Monique Fernandes: advogada de imigração,"End of overview, or dedicated related-guidance section before main closes"
https://immigratetobrazil.com/pt-br/about/stories/,https://immigratetobrazil.com/pt-br/services/,Serviços jurídicos de imigração no Brasil,"End of overview, or dedicated related-guidance section before main closes"
https://immigratetobrazil.com/pt-br/about/stories/,https://immigratetobrazil.com/pt-br/about/profile/,Monique Fernandes: advogada de imigração,"End of overview, or dedicated related-guidance section before main closes"
https://immigratetobrazil.com/pt-br/about/story/,https://immigratetobrazil.com/pt-br/services/,Serviços jurídicos de imigração no Brasil,"End of overview, or dedicated related-guidance section before main closes"
https://immigratetobrazil.com/pt-br/about/story/,https://immigratetobrazil.com/pt-br/about/profile/,Monique Fernandes: advogada de imigração,"End of overview, or dedicated related-guidance section before main closes"
https://immigratetobrazil.com/pt-br/about/testimonials/,https://immigratetobrazil.com/pt-br/services/,Serviços jurídicos de imigração no Brasil,"End of overview, or dedicated related-guidance section before main closes"
https://immigratetobrazil.com/pt-br/about/testimonials/,https://immigratetobrazil.com/pt-br/about/profile/,Monique Fernandes: advogada de imigração,"End of overview, or dedicated related-guidance section before main closes"
https://immigratetobrazil.com/pt-br/about/values/,https://immigratetobrazil.com/pt-br/services/,Serviços jurídicos de imigração no Brasil,"End of overview, or dedicated related-guidance section before main closes"
https://immigratetobrazil.com/pt-br/about/values/,https://immigratetobrazil.com/pt-br/about/profile/,Monique Fernandes: advogada de imigração,"End of overview, or dedicated related-guidance section before main closes"
https://immigratetobrazil.com/pt-br/about/whyus/,https://immigratetobrazil.com/pt-br/services/,Serviços jurídicos de imigração no Brasil,"End of overview, or dedicated related-guidance section before main closes"
https://immigratetobrazil.com/pt-br/brazil/,https://immigratetobrazil.com/pt-br/brazil/cities/,Compare cidades para morar no Brasil,"End of overview, or dedicated related-guidance section before main closes"
https://immigratetobrazil.com/pt-br/brazil/,https://immigratetobrazil.com/pt-br/services/residencies/,Assessoria para autorização de residência no Brasil,"End of overview, or dedicated related-guidance section before main closes"
https://immigratetobrazil.com/pt-br/brazil/brazil/,https://immigratetobrazil.com/pt-br/brazil/cities/,Compare cidades para morar no Brasil,"End of overview, or dedicated related-guidance section before main closes"
https://immigratetobrazil.com/pt-br/brazil/brazil/,https://immigratetobrazil.com/pt-br/brazil/cost/,Custo de vida no Brasil: planejamento do orçamento,"End of overview, or dedicated related-guidance section before main closes"
https://immigratetobrazil.com/pt-br/brazil/brazil/,https://immigratetobrazil.com/pt-br/services/residencies/,Assessoria para autorização de residência no Brasil,"End of overview, or dedicated related-guidance section before main closes"
https://immigratetobrazil.com/pt-br/brazil/central-west/,https://immigratetobrazil.com/pt-br/brazil/cities/,Compare cidades para morar no Brasil,"End of overview, or dedicated related-guidance section before main closes"
https://immigratetobrazil.com/pt-br/brazil/central-west/,https://immigratetobrazil.com/pt-br/brazil/cost/,Custo de vida no Brasil: planejamento do orçamento,"End of overview, or dedicated related-guidance section before main closes"
https://immigratetobrazil.com/pt-br/brazil/central-west/,https://immigratetobrazil.com/pt-br/services/residencies/,Assessoria para autorização de residência no Brasil,"End of overview, or dedicated related-guidance section before main closes"
https://immigratetobrazil.com/pt-br/brazil/cities/,https://immigratetobrazil.com/pt-br/brazil/cost/,Custo de vida no Brasil: planejamento do orçamento,"End of overview, or dedicated related-guidance section before main closes"
https://immigratetobrazil.com/pt-br/brazil/cities/,https://immigratetobrazil.com/pt-br/services/residencies/,Assessoria para autorização de residência no Brasil,"End of overview, or dedicated related-guidance section before main closes"
https://immigratetobrazil.com/pt-br/brazil/cost/,https://immigratetobrazil.com/pt-br/brazil/cities/,Compare cidades para morar no Brasil,"End of overview, or dedicated related-guidance section before main closes"
https://immigratetobrazil.com/pt-br/brazil/cost/,https://immigratetobrazil.com/pt-br/services/residencies/,Assessoria para autorização de residência no Brasil,"End of overview, or dedicated related-guidance section before main closes"
https://immigratetobrazil.com/pt-br/brazil/cuisine/,https://immigratetobrazil.com/pt-br/brazil/cities/,Compare cidades para morar no Brasil,"End of overview, or dedicated related-guidance section before main closes"
https://immigratetobrazil.com/pt-br/brazil/cuisine/,https://immigratetobrazil.com/pt-br/brazil/cost/,Custo de vida no Brasil: planejamento do orçamento,"End of overview, or dedicated related-guidance section before main closes"
https://immigratetobrazil.com/pt-br/brazil/cuisine/,https://immigratetobrazil.com/pt-br/services/residencies/,Assessoria para autorização de residência no Brasil,"End of overview, or dedicated related-guidance section before main closes"
https://immigratetobrazil.com/pt-br/brazil/culture/,https://immigratetobrazil.com/pt-br/brazil/cities/,Compare cidades para morar no Brasil,"End of overview, or dedicated related-guidance section before main closes"
https://immigratetobrazil.com/pt-br/brazil/culture/,https://immigratetobrazil.com/pt-br/brazil/cost/,Custo de vida no Brasil: planejamento do orçamento,"End of overview, or dedicated related-guidance section before main closes"
https://immigratetobrazil.com/pt-br/brazil/culture/,https://immigratetobrazil.com/pt-br/services/residencies/,Assessoria para autorização de residência no Brasil,"End of overview, or dedicated related-guidance section before main closes"
https://immigratetobrazil.com/pt-br/brazil/directory/,https://immigratetobrazil.com/pt-br/brazil/cities/,Compare cidades para morar no Brasil,"End of overview, or dedicated related-guidance section before main closes"
https://immigratetobrazil.com/pt-br/brazil/directory/,https://immigratetobrazil.com/pt-br/brazil/cost/,Custo de vida no Brasil: planejamento do orçamento,"End of overview, or dedicated related-guidance section before main closes"
https://immigratetobrazil.com/pt-br/brazil/directory/,https://immigratetobrazil.com/pt-br/services/residencies/,Assessoria para autorização de residência no Brasil,"End of overview, or dedicated related-guidance section before main closes"
https://immigratetobrazil.com/pt-br/brazil/economy/,https://immigratetobrazil.com/pt-br/brazil/cities/,Compare cidades para morar no Brasil,"End of overview, or dedicated related-guidance section before main closes"
https://immigratetobrazil.com/pt-br/brazil/economy/,https://immigratetobrazil.com/pt-br/brazil/cost/,Custo de vida no Brasil: planejamento do orçamento,"End of overview, or dedicated related-guidance section before main closes"
https://immigratetobrazil.com/pt-br/brazil/economy/,https://immigratetobrazil.com/pt-br/services/residencies/,Assessoria para autorização de residência no Brasil,"End of overview, or dedicated related-guidance section before main closes"
https://immigratetobrazil.com/pt-br/brazil/education/,https://immigratetobrazil.com/pt-br/brazil/cities/,Compare cidades para morar no Brasil,"End of overview, or dedicated related-guidance section before main closes"
https://immigratetobrazil.com/pt-br/brazil/education/,https://immigratetobrazil.com/pt-br/brazil/cost/,Custo de vida no Brasil: planejamento do orçamento,"End of overview, or dedicated related-guidance section before main closes"
https://immigratetobrazil.com/pt-br/brazil/education/,https://immigratetobrazil.com/pt-br/services/residencies/,Assessoria para autorização de residência no Brasil,"End of overview, or dedicated related-guidance section before main closes"
https://immigratetobrazil.com/pt-br/brazil/events/,https://immigratetobrazil.com/pt-br/brazil/cities/,Compare cidades para morar no Brasil,"End of overview, or dedicated related-guidance section before main closes"
https://immigratetobrazil.com/pt-br/brazil/events/,https://immigratetobrazil.com/pt-br/brazil/cost/,Custo de vida no Brasil: planejamento do orçamento,"End of overview, or dedicated related-guidance section before main closes"
https://immigratetobrazil.com/pt-br/brazil/events/,https://immigratetobrazil.com/pt-br/services/residencies/,Assessoria para autorização de residência no Brasil,"End of overview, or dedicated related-guidance section before main closes"
https://immigratetobrazil.com/pt-br/brazil/faqs/,https://immigratetobrazil.com/pt-br/brazil/cities/,Compare cidades para morar no Brasil,"End of overview, or dedicated related-guidance section before main closes"
https://immigratetobrazil.com/pt-br/brazil/faqs/,https://immigratetobrazil.com/pt-br/brazil/cost/,Custo de vida no Brasil: planejamento do orçamento,"End of overview, or dedicated related-guidance section before main closes"
https://immigratetobrazil.com/pt-br/brazil/faqs/,https://immigratetobrazil.com/pt-br/services/residencies/,Assessoria para autorização de residência no Brasil,"End of overview, or dedicated related-guidance section before main closes"
https://immigratetobrazil.com/pt-br/brazil/festivals/,https://immigratetobrazil.com/pt-br/brazil/cities/,Compare cidades para morar no Brasil,"End of overview, or dedicated related-guidance section before main closes"
https://immigratetobrazil.com/pt-br/brazil/festivals/,https://immigratetobrazil.com/pt-br/brazil/cost/,Custo de vida no Brasil: planejamento do orçamento,"End of overview, or dedicated related-guidance section before main closes"
https://immigratetobrazil.com/pt-br/brazil/festivals/,https://immigratetobrazil.com/pt-br/services/residencies/,Assessoria para autorização de residência no Brasil,"End of overview, or dedicated related-guidance section before main closes"
https://immigratetobrazil.com/pt-br/brazil/guides/,https://immigratetobrazil.com/pt-br/brazil/cities/,Compare cidades para morar no Brasil,"End of overview, or dedicated related-guidance section before main closes"
https://immigratetobrazil.com/pt-br/brazil/guides/,https://immigratetobrazil.com/pt-br/brazil/cost/,Custo de vida no Brasil: planejamento do orçamento,"End of overview, or dedicated related-guidance section before main closes"
https://immigratetobrazil.com/pt-br/brazil/guides/,https://immigratetobrazil.com/pt-br/services/residencies/,Assessoria para autorização de residência no Brasil,"End of overview, or dedicated related-guidance section before main closes"
https://immigratetobrazil.com/pt-br/brazil/healthcare/,https://immigratetobrazil.com/pt-br/brazil/cities/,Compare cidades para morar no Brasil,"End of overview, or dedicated related-guidance section before main closes"
https://immigratetobrazil.com/pt-br/brazil/healthcare/,https://immigratetobrazil.com/pt-br/brazil/cost/,Custo de vida no Brasil: planejamento do orçamento,"End of overview, or dedicated related-guidance section before main closes"
https://immigratetobrazil.com/pt-br/brazil/healthcare/,https://immigratetobrazil.com/pt-br/services/residencies/,Assessoria para autorização de residência no Brasil,"End of overview, or dedicated related-guidance section before main closes"
https://immigratetobrazil.com/pt-br/brazil/housing/,https://immigratetobrazil.com/pt-br/brazil/cities/,Compare cidades para morar no Brasil,"End of overview, or dedicated related-guidance section before main closes"
https://immigratetobrazil.com/pt-br/brazil/housing/,https://immigratetobrazil.com/pt-br/brazil/cost/,Custo de vida no Brasil: planejamento do orçamento,"End of overview, or dedicated related-guidance section before main closes"
https://immigratetobrazil.com/pt-br/brazil/housing/,https://immigratetobrazil.com/pt-br/services/residencies/,Assessoria para autorização de residência no Brasil,"End of overview, or dedicated related-guidance section before main closes"
https://immigratetobrazil.com/pt-br/brazil/investment/,https://immigratetobrazil.com/pt-br/brazil/cities/,Compare cidades para morar no Brasil,"End of overview, or dedicated related-guidance section before main closes"
https://immigratetobrazil.com/pt-br/brazil/investment/,https://immigratetobrazil.com/pt-br/brazil/cost/,Custo de vida no Brasil: planejamento do orçamento,"End of overview, or dedicated related-guidance section before main closes"
https://immigratetobrazil.com/pt-br/brazil/investment/,https://immigratetobrazil.com/pt-br/services/residencies/,Assessoria para autorização de residência no Brasil,"End of overview, or dedicated related-guidance section before main closes"
https://immigratetobrazil.com/pt-br/brazil/living/,https://immigratetobrazil.com/pt-br/brazil/cities/,Compare cidades para morar no Brasil,"End of overview, or dedicated related-guidance section before main closes"
https://immigratetobrazil.com/pt-br/brazil/living/,https://immigratetobrazil.com/pt-br/brazil/cost/,Custo de vida no Brasil: planejamento do orçamento,"End of overview, or dedicated related-guidance section before main closes"
https://immigratetobrazil.com/pt-br/brazil/living/,https://immigratetobrazil.com/pt-br/services/residencies/,Assessoria para autorização de residência no Brasil,"End of overview, or dedicated related-guidance section before main closes"
https://immigratetobrazil.com/pt-br/brazil/municipalities/,https://immigratetobrazil.com/pt-br/brazil/cities/,Compare cidades para morar no Brasil,"End of overview, or dedicated related-guidance section before main closes"
https://immigratetobrazil.com/pt-br/brazil/municipalities/,https://immigratetobrazil.com/pt-br/brazil/cost/,Custo de vida no Brasil: planejamento do orçamento,"End of overview, or dedicated related-guidance section before main closes"
https://immigratetobrazil.com/pt-br/brazil/municipalities/,https://immigratetobrazil.com/pt-br/services/residencies/,Assessoria para autorização de residência no Brasil,"End of overview, or dedicated related-guidance section before main closes"
https://immigratetobrazil.com/pt-br/brazil/north/,https://immigratetobrazil.com/pt-br/brazil/cities/,Compare cidades para morar no Brasil,"End of overview, or dedicated related-guidance section before main closes"
https://immigratetobrazil.com/pt-br/brazil/north/,https://immigratetobrazil.com/pt-br/brazil/cost/,Custo de vida no Brasil: planejamento do orçamento,"End of overview, or dedicated related-guidance section before main closes"
https://immigratetobrazil.com/pt-br/brazil/north/,https://immigratetobrazil.com/pt-br/services/residencies/,Assessoria para autorização de residência no Brasil,"End of overview, or dedicated related-guidance section before main closes"
https://immigratetobrazil.com/pt-br/brazil/northeast/,https://immigratetobrazil.com/pt-br/brazil/cities/,Compare cidades para morar no Brasil,"End of overview, or dedicated related-guidance section before main closes"
https://immigratetobrazil.com/pt-br/brazil/northeast/,https://immigratetobrazil.com/pt-br/brazil/cost/,Custo de vida no Brasil: planejamento do orçamento,"End of overview, or dedicated related-guidance section before main closes"
https://immigratetobrazil.com/pt-br/brazil/northeast/,https://immigratetobrazil.com/pt-br/services/residencies/,Assessoria para autorização de residência no Brasil,"End of overview, or dedicated related-guidance section before main closes"
https://immigratetobrazil.com/pt-br/brazil/places/,https://immigratetobrazil.com/pt-br/brazil/cost/,Custo de vida no Brasil: planejamento do orçamento,"End of overview, or dedicated related-guidance section before main closes"
https://immigratetobrazil.com/pt-br/brazil/places/,https://immigratetobrazil.com/pt-br/services/residencies/,Assessoria para autorização de residência no Brasil,"End of overview, or dedicated related-guidance section before main closes"
https://immigratetobrazil.com/pt-br/brazil/quality/,https://immigratetobrazil.com/pt-br/brazil/cities/,Compare cidades para morar no Brasil,"End of overview, or dedicated related-guidance section before main closes"
https://immigratetobrazil.com/pt-br/brazil/quality/,https://immigratetobrazil.com/pt-br/brazil/cost/,Custo de vida no Brasil: planejamento do orçamento,"End of overview, or dedicated related-guidance section before main closes"
https://immigratetobrazil.com/pt-br/brazil/quality/,https://immigratetobrazil.com/pt-br/services/residencies/,Assessoria para autorização de residência no Brasil,"End of overview, or dedicated related-guidance section before main closes"
https://immigratetobrazil.com/pt-br/brazil/safety/,https://immigratetobrazil.com/pt-br/brazil/cities/,Compare cidades para morar no Brasil,"End of overview, or dedicated related-guidance section before main closes"
https://immigratetobrazil.com/pt-br/brazil/safety/,https://immigratetobrazil.com/pt-br/brazil/cost/,Custo de vida no Brasil: planejamento do orçamento,"End of overview, or dedicated related-guidance section before main closes"
https://immigratetobrazil.com/pt-br/brazil/safety/,https://immigratetobrazil.com/pt-br/services/residencies/,Assessoria para autorização de residência no Brasil,"End of overview, or dedicated related-guidance section before main closes"
https://immigratetobrazil.com/pt-br/brazil/south/,https://immigratetobrazil.com/pt-br/brazil/cities/,Compare cidades para morar no Brasil,"End of overview, or dedicated related-guidance section before main closes"
https://immigratetobrazil.com/pt-br/brazil/south/,https://immigratetobrazil.com/pt-br/brazil/cost/,Custo de vida no Brasil: planejamento do orçamento,"End of overview, or dedicated related-guidance section before main closes"
https://immigratetobrazil.com/pt-br/brazil/south/,https://immigratetobrazil.com/pt-br/services/residencies/,Assessoria para autorização de residência no Brasil,"End of overview, or dedicated related-guidance section before main closes"
https://immigratetobrazil.com/pt-br/brazil/southeast/,https://immigratetobrazil.com/pt-br/brazil/cities/,Compare cidades para morar no Brasil,"End of overview, or dedicated related-guidance section before main closes"
https://immigratetobrazil.com/pt-br/brazil/southeast/,https://immigratetobrazil.com/pt-br/brazil/cost/,Custo de vida no Brasil: planejamento do orçamento,"End of overview, or dedicated related-guidance section before main closes"
https://immigratetobrazil.com/pt-br/brazil/southeast/,https://immigratetobrazil.com/pt-br/services/residencies/,Assessoria para autorização de residência no Brasil,"End of overview, or dedicated related-guidance section before main closes"
https://immigratetobrazil.com/pt-br/brazil/states/,https://immigratetobrazil.com/pt-br/brazil/cities/,Compare cidades para morar no Brasil,"End of overview, or dedicated related-guidance section before main closes"
https://immigratetobrazil.com/pt-br/brazil/states/,https://immigratetobrazil.com/pt-br/brazil/cost/,Custo de vida no Brasil: planejamento do orçamento,"End of overview, or dedicated related-guidance section before main closes"
https://immigratetobrazil.com/pt-br/brazil/states/,https://immigratetobrazil.com/pt-br/services/residencies/,Assessoria para autorização de residência no Brasil,"End of overview, or dedicated related-guidance section before main closes"
https://immigratetobrazil.com/pt-br/contact/,https://immigratetobrazil.com/pt-br/services/,Serviços jurídicos de imigração no Brasil,"End of overview, or dedicated related-guidance section before main closes"
https://immigratetobrazil.com/pt-br/contact/,https://immigratetobrazil.com/pt-br/about/profile/,Monique Fernandes: advogada de imigração,"End of overview, or dedicated related-guidance section before main closes"
https://immigratetobrazil.com/pt-br/contact/,https://immigratetobrazil.com/pt-br/start-consultation/,Solicite uma consulta sobre imigração,"End of overview, or dedicated related-guidance section before main closes"
https://immigratetobrazil.com/pt-br/countries/,https://immigratetobrazil.com/pt-br/services/,Serviços jurídicos de imigração no Brasil,"End of overview, or dedicated related-guidance section before main closes"
https://immigratetobrazil.com/pt-br/countries/,https://immigratetobrazil.com/pt-br/about/profile/,Monique Fernandes: advogada de imigração,"End of overview, or dedicated related-guidance section before main closes"
https://immigratetobrazil.com/pt-br/insights/,https://immigratetobrazil.com/pt-br/services/,Serviços jurídicos de imigração no Brasil,"End of overview, or dedicated related-guidance section before main closes"
https://immigratetobrazil.com/pt-br/insights/,https://immigratetobrazil.com/pt-br/about/profile/,Monique Fernandes: advogada de imigração,"End of overview, or dedicated related-guidance section before main closes"
https://immigratetobrazil.com/pt-br/insights/blog/,https://immigratetobrazil.com/pt-br/services/,Serviços jurídicos de imigração no Brasil,"End of overview, or dedicated related-guidance section before main closes"
https://immigratetobrazil.com/pt-br/insights/blog/,https://immigratetobrazil.com/pt-br/about/profile/,Monique Fernandes: advogada de imigração,"End of overview, or dedicated related-guidance section before main closes"
https://immigratetobrazil.com/pt-br/insights/fyi/,https://immigratetobrazil.com/pt-br/services/,Serviços jurídicos de imigração no Brasil,"End of overview, or dedicated related-guidance section before main closes"
https://immigratetobrazil.com/pt-br/insights/fyi/,https://immigratetobrazil.com/pt-br/about/profile/,Monique Fernandes: advogada de imigração,"End of overview, or dedicated related-guidance section before main closes"
https://immigratetobrazil.com/pt-br/insights/general/,https://immigratetobrazil.com/pt-br/services/,Serviços jurídicos de imigração no Brasil,"End of overview, or dedicated related-guidance section before main closes"
https://immigratetobrazil.com/pt-br/insights/general/,https://immigratetobrazil.com/pt-br/about/profile/,Monique Fernandes: advogada de imigração,"End of overview, or dedicated related-guidance section before main closes"
https://immigratetobrazil.com/pt-br/insights/guides/,https://immigratetobrazil.com/pt-br/services/,Serviços jurídicos de imigração no Brasil,"End of overview, or dedicated related-guidance section before main closes"
https://immigratetobrazil.com/pt-br/insights/guides/,https://immigratetobrazil.com/pt-br/about/profile/,Monique Fernandes: advogada de imigração,"End of overview, or dedicated related-guidance section before main closes"
https://immigratetobrazil.com/pt-br/insights/naturalisation/,https://immigratetobrazil.com/pt-br/services/,Serviços jurídicos de imigração no Brasil,"End of overview, or dedicated related-guidance section before main closes"
https://immigratetobrazil.com/pt-br/insights/naturalisation/,https://immigratetobrazil.com/pt-br/about/profile/,Monique Fernandes: advogada de imigração,"End of overview, or dedicated related-guidance section before main closes"
https://immigratetobrazil.com/pt-br/insights/process/,https://immigratetobrazil.com/pt-br/services/,Serviços jurídicos de imigração no Brasil,"End of overview, or dedicated related-guidance section before main closes"
https://immigratetobrazil.com/pt-br/insights/process/,https://immigratetobrazil.com/pt-br/about/profile/,Monique Fernandes: advogada de imigração,"End of overview, or dedicated related-guidance section before main closes"
https://immigratetobrazil.com/pt-br/insights/residency/,https://immigratetobrazil.com/pt-br/services/,Serviços jurídicos de imigração no Brasil,"End of overview, or dedicated related-guidance section before main closes"
https://immigratetobrazil.com/pt-br/insights/residency/,https://immigratetobrazil.com/pt-br/about/profile/,Monique Fernandes: advogada de imigração,"End of overview, or dedicated related-guidance section before main closes"
https://immigratetobrazil.com/pt-br/insights/updates/,https://immigratetobrazil.com/pt-br/services/,Serviços jurídicos de imigração no Brasil,"End of overview, or dedicated related-guidance section before main closes"
https://immigratetobrazil.com/pt-br/insights/updates/,https://immigratetobrazil.com/pt-br/about/profile/,Monique Fernandes: advogada de imigração,"End of overview, or dedicated related-guidance section before main closes"
https://immigratetobrazil.com/pt-br/insights/visa/,https://immigratetobrazil.com/pt-br/services/,Serviços jurídicos de imigração no Brasil,"End of overview, or dedicated related-guidance section before main closes"
https://immigratetobrazil.com/pt-br/insights/visa/,https://immigratetobrazil.com/pt-br/about/profile/,Monique Fernandes: advogada de imigração,"End of overview, or dedicated related-guidance section before main closes"
https://immigratetobrazil.com/pt-br/legal/,https://immigratetobrazil.com/pt-br/services/,Serviços jurídicos de imigração no Brasil,"End of overview, or dedicated related-guidance section before main closes"
https://immigratetobrazil.com/pt-br/legal/,https://immigratetobrazil.com/pt-br/about/profile/,Monique Fernandes: advogada de imigração,"End of overview, or dedicated related-guidance section before main closes"
https://immigratetobrazil.com/pt-br/legal/accessibility/,https://immigratetobrazil.com/pt-br/services/,Serviços jurídicos de imigração no Brasil,"End of overview, or dedicated related-guidance section before main closes"
https://immigratetobrazil.com/pt-br/legal/accessibility/,https://immigratetobrazil.com/pt-br/about/profile/,Monique Fernandes: advogada de imigração,"End of overview, or dedicated related-guidance section before main closes"
https://immigratetobrazil.com/pt-br/legal/cookies/,https://immigratetobrazil.com/pt-br/services/,Serviços jurídicos de imigração no Brasil,"End of overview, or dedicated related-guidance section before main closes"
https://immigratetobrazil.com/pt-br/legal/cookies/,https://immigratetobrazil.com/pt-br/about/profile/,Monique Fernandes: advogada de imigração,"End of overview, or dedicated related-guidance section before main closes"
https://immigratetobrazil.com/pt-br/legal/disclaimer/,https://immigratetobrazil.com/pt-br/services/,Serviços jurídicos de imigração no Brasil,"End of overview, or dedicated related-guidance section before main closes"
https://immigratetobrazil.com/pt-br/legal/disclaimer/,https://immigratetobrazil.com/pt-br/about/profile/,Monique Fernandes: advogada de imigração,"End of overview, or dedicated related-guidance section before main closes"
https://immigratetobrazil.com/pt-br/legal/emergency/,https://immigratetobrazil.com/pt-br/services/,Serviços jurídicos de imigração no Brasil,"End of overview, or dedicated related-guidance section before main closes"
https://immigratetobrazil.com/pt-br/legal/emergency/,https://immigratetobrazil.com/pt-br/about/profile/,Monique Fernandes: advogada de imigração,"End of overview, or dedicated related-guidance section before main closes"
https://immigratetobrazil.com/pt-br/legal/form/,https://immigratetobrazil.com/pt-br/services/,Serviços jurídicos de imigração no Brasil,"End of overview, or dedicated related-guidance section before main closes"
https://immigratetobrazil.com/pt-br/legal/form/,https://immigratetobrazil.com/pt-br/about/profile/,Monique Fernandes: advogada de imigração,"End of overview, or dedicated related-guidance section before main closes"
https://immigratetobrazil.com/pt-br/legal/gdpr/,https://immigratetobrazil.com/pt-br/services/,Serviços jurídicos de imigração no Brasil,"End of overview, or dedicated related-guidance section before main closes"
https://immigratetobrazil.com/pt-br/legal/gdpr/,https://immigratetobrazil.com/pt-br/about/profile/,Monique Fernandes: advogada de imigração,"End of overview, or dedicated related-guidance section before main closes"
https://immigratetobrazil.com/pt-br/legal/lgpd/,https://immigratetobrazil.com/pt-br/services/,Serviços jurídicos de imigração no Brasil,"End of overview, or dedicated related-guidance section before main closes"
https://immigratetobrazil.com/pt-br/legal/lgpd/,https://immigratetobrazil.com/pt-br/about/profile/,Monique Fernandes: advogada de imigração,"End of overview, or dedicated related-guidance section before main closes"
https://immigratetobrazil.com/pt-br/legal/payment/,https://immigratetobrazil.com/pt-br/services/,Serviços jurídicos de imigração no Brasil,"End of overview, or dedicated related-guidance section before main closes"
https://immigratetobrazil.com/pt-br/legal/payment/,https://immigratetobrazil.com/pt-br/about/profile/,Monique Fernandes: advogada de imigração,"End of overview, or dedicated related-guidance section before main closes"
https://immigratetobrazil.com/pt-br/legal/privacy/,https://immigratetobrazil.com/pt-br/services/,Serviços jurídicos de imigração no Brasil,"End of overview, or dedicated related-guidance section before main closes"
https://immigratetobrazil.com/pt-br/legal/privacy/,https://immigratetobrazil.com/pt-br/about/profile/,Monique Fernandes: advogada de imigração,"End of overview, or dedicated related-guidance section before main closes"
https://immigratetobrazil.com/pt-br/legal/refund/,https://immigratetobrazil.com/pt-br/services/,Serviços jurídicos de imigração no Brasil,"End of overview, or dedicated related-guidance section before main closes"
https://immigratetobrazil.com/pt-br/legal/refund/,https://immigratetobrazil.com/pt-br/about/profile/,Monique Fernandes: advogada de imigração,"End of overview, or dedicated related-guidance section before main closes"
https://immigratetobrazil.com/pt-br/legal/terms/,https://immigratetobrazil.com/pt-br/services/,Serviços jurídicos de imigração no Brasil,"End of overview, or dedicated related-guidance section before main closes"
https://immigratetobrazil.com/pt-br/legal/terms/,https://immigratetobrazil.com/pt-br/about/profile/,Monique Fernandes: advogada de imigração,"End of overview, or dedicated related-guidance section before main closes"
https://immigratetobrazil.com/pt-br/process/,https://immigratetobrazil.com/pt-br/rights/,Direitos e responsabilidades dos imigrantes no Brasil,"End of overview, or dedicated related-guidance section before main closes"
https://immigratetobrazil.com/pt-br/process/aftercare/,https://immigratetobrazil.com/pt-br/process/,Como funciona o atendimento migratório com Monique,"End of overview, or dedicated related-guidance section before main closes"
https://immigratetobrazil.com/pt-br/process/aftercare/,https://immigratetobrazil.com/pt-br/rights/,Direitos e responsabilidades dos imigrantes no Brasil,"End of overview, or dedicated related-guidance section before main closes"
https://immigratetobrazil.com/pt-br/process/alone/,https://immigratetobrazil.com/pt-br/process/,Como funciona o atendimento migratório com Monique,"End of overview, or dedicated related-guidance section before main closes"
https://immigratetobrazil.com/pt-br/process/alone/,https://immigratetobrazil.com/pt-br/rights/,Direitos e responsabilidades dos imigrantes no Brasil,"End of overview, or dedicated related-guidance section before main closes"
https://immigratetobrazil.com/pt-br/process/approval/,https://immigratetobrazil.com/pt-br/process/,Como funciona o atendimento migratório com Monique,"End of overview, or dedicated related-guidance section before main closes"
https://immigratetobrazil.com/pt-br/process/approval/,https://immigratetobrazil.com/pt-br/rights/,Direitos e responsabilidades dos imigrantes no Brasil,"End of overview, or dedicated related-guidance section before main closes"
https://immigratetobrazil.com/pt-br/process/assessment/,https://immigratetobrazil.com/pt-br/process/,Como funciona o atendimento migratório com Monique,"End of overview, or dedicated related-guidance section before main closes"
https://immigratetobrazil.com/pt-br/process/assessment/,https://immigratetobrazil.com/pt-br/rights/,Direitos e responsabilidades dos imigrantes no Brasil,"End of overview, or dedicated related-guidance section before main closes"
https://immigratetobrazil.com/pt-br/process/compliance/,https://immigratetobrazil.com/pt-br/process/,Como funciona o atendimento migratório com Monique,"End of overview, or dedicated related-guidance section before main closes"
https://immigratetobrazil.com/pt-br/process/compliance/,https://immigratetobrazil.com/pt-br/rights/,Direitos e responsabilidades dos imigrantes no Brasil,"End of overview, or dedicated related-guidance section before main closes"
https://immigratetobrazil.com/pt-br/process/consultation/,https://immigratetobrazil.com/pt-br/process/,Como funciona o atendimento migratório com Monique,"End of overview, or dedicated related-guidance section before main closes"
https://immigratetobrazil.com/pt-br/process/consultation/,https://immigratetobrazil.com/pt-br/rights/,Direitos e responsabilidades dos imigrantes no Brasil,"End of overview, or dedicated related-guidance section before main closes"
https://immigratetobrazil.com/pt-br/process/conversion/,https://immigratetobrazil.com/pt-br/process/,Como funciona o atendimento migratório com Monique,"End of overview, or dedicated related-guidance section before main closes"
https://immigratetobrazil.com/pt-br/process/conversion/,https://immigratetobrazil.com/pt-br/rights/,Direitos e responsabilidades dos imigrantes no Brasil,"End of overview, or dedicated related-guidance section before main closes"
https://immigratetobrazil.com/pt-br/process/deadlines/,https://immigratetobrazil.com/pt-br/process/,Como funciona o atendimento migratório com Monique,"End of overview, or dedicated related-guidance section before main closes"
https://immigratetobrazil.com/pt-br/process/deadlines/,https://immigratetobrazil.com/pt-br/rights/,Direitos e responsabilidades dos imigrantes no Brasil,"End of overview, or dedicated related-guidance section before main closes"
https://immigratetobrazil.com/pt-br/process/failures/,https://immigratetobrazil.com/pt-br/process/,Como funciona o atendimento migratório com Monique,"End of overview, or dedicated related-guidance section before main closes"
https://immigratetobrazil.com/pt-br/process/failures/,https://immigratetobrazil.com/pt-br/rights/,Direitos e responsabilidades dos imigrantes no Brasil,"End of overview, or dedicated related-guidance section before main closes"
https://immigratetobrazil.com/pt-br/process/fees/,https://immigratetobrazil.com/pt-br/process/,Como funciona o atendimento migratório com Monique,"End of overview, or dedicated related-guidance section before main closes"
https://immigratetobrazil.com/pt-br/process/fees/,https://immigratetobrazil.com/pt-br/rights/,Direitos e responsabilidades dos imigrantes no Brasil,"End of overview, or dedicated related-guidance section before main closes"
https://immigratetobrazil.com/pt-br/process/filing/,https://immigratetobrazil.com/pt-br/process/,Como funciona o atendimento migratório com Monique,"End of overview, or dedicated related-guidance section before main closes"
https://immigratetobrazil.com/pt-br/process/filing/,https://immigratetobrazil.com/pt-br/rights/,Direitos e responsabilidades dos imigrantes no Brasil,"End of overview, or dedicated related-guidance section before main closes"
https://immigratetobrazil.com/pt-br/process/mistakes/,https://immigratetobrazil.com/pt-br/process/,Como funciona o atendimento migratório com Monique,"End of overview, or dedicated related-guidance section before main closes"
https://immigratetobrazil.com/pt-br/process/mistakes/,https://immigratetobrazil.com/pt-br/rights/,Direitos e responsabilidades dos imigrantes no Brasil,"End of overview, or dedicated related-guidance section before main closes"
https://immigratetobrazil.com/pt-br/process/naturalisation/,https://immigratetobrazil.com/pt-br/process/,Como funciona o atendimento migratório com Monique,"End of overview, or dedicated related-guidance section before main closes"
https://immigratetobrazil.com/pt-br/process/naturalisation/,https://immigratetobrazil.com/pt-br/rights/,Direitos e responsabilidades dos imigrantes no Brasil,"End of overview, or dedicated related-guidance section before main closes"
https://immigratetobrazil.com/pt-br/process/obligations/,https://immigratetobrazil.com/pt-br/process/,Como funciona o atendimento migratório com Monique,"End of overview, or dedicated related-guidance section before main closes"
https://immigratetobrazil.com/pt-br/process/obligations/,https://immigratetobrazil.com/pt-br/rights/,Direitos e responsabilidades dos imigrantes no Brasil,"End of overview, or dedicated related-guidance section before main closes"
https://immigratetobrazil.com/pt-br/process/permanent/,https://immigratetobrazil.com/pt-br/process/,Como funciona o atendimento migratório com Monique,"End of overview, or dedicated related-guidance section before main closes"
https://immigratetobrazil.com/pt-br/process/permanent/,https://immigratetobrazil.com/pt-br/rights/,Direitos e responsabilidades dos imigrantes no Brasil,"End of overview, or dedicated related-guidance section before main closes"
https://immigratetobrazil.com/pt-br/process/planning/,https://immigratetobrazil.com/pt-br/process/,Como funciona o atendimento migratório com Monique,"End of overview, or dedicated related-guidance section before main closes"
https://immigratetobrazil.com/pt-br/process/planning/,https://immigratetobrazil.com/pt-br/rights/,Direitos e responsabilidades dos imigrantes no Brasil,"End of overview, or dedicated related-guidance section before main closes"
https://immigratetobrazil.com/pt-br/process/refund/,https://immigratetobrazil.com/pt-br/process/,Como funciona o atendimento migratório com Monique,"End of overview, or dedicated related-guidance section before main closes"
https://immigratetobrazil.com/pt-br/process/refund/,https://immigratetobrazil.com/pt-br/rights/,Direitos e responsabilidades dos imigrantes no Brasil,"End of overview, or dedicated related-guidance section before main closes"
https://immigratetobrazil.com/pt-br/process/regularization/,https://immigratetobrazil.com/pt-br/process/,Como funciona o atendimento migratório com Monique,"End of overview, or dedicated related-guidance section before main closes"
https://immigratetobrazil.com/pt-br/process/regularization/,https://immigratetobrazil.com/pt-br/rights/,Direitos e responsabilidades dos imigrantes no Brasil,"End of overview, or dedicated related-guidance section before main closes"
https://immigratetobrazil.com/pt-br/process/renewal/,https://immigratetobrazil.com/pt-br/process/,Como funciona o atendimento migratório com Monique,"End of overview, or dedicated related-guidance section before main closes"
https://immigratetobrazil.com/pt-br/process/renewal/,https://immigratetobrazil.com/pt-br/rights/,Direitos e responsabilidades dos imigrantes no Brasil,"End of overview, or dedicated related-guidance section before main closes"
https://immigratetobrazil.com/pt-br/process/responsibilities/,https://immigratetobrazil.com/pt-br/process/,Como funciona o atendimento migratório com Monique,"End of overview, or dedicated related-guidance section before main closes"
https://immigratetobrazil.com/pt-br/process/responsibilities/,https://immigratetobrazil.com/pt-br/rights/,Direitos e responsabilidades dos imigrantes no Brasil,"End of overview, or dedicated related-guidance section before main closes"
https://immigratetobrazil.com/pt-br/process/rights/,https://immigratetobrazil.com/pt-br/process/,Como funciona o atendimento migratório com Monique,"End of overview, or dedicated related-guidance section before main closes"
https://immigratetobrazil.com/pt-br/process/rights/,https://immigratetobrazil.com/pt-br/rights/,Direitos e responsabilidades dos imigrantes no Brasil,"End of overview, or dedicated related-guidance section before main closes"
https://immigratetobrazil.com/pt-br/process/strategy/,https://immigratetobrazil.com/pt-br/process/,Como funciona o atendimento migratório com Monique,"End of overview, or dedicated related-guidance section before main closes"
https://immigratetobrazil.com/pt-br/process/strategy/,https://immigratetobrazil.com/pt-br/rights/,Direitos e responsabilidades dos imigrantes no Brasil,"End of overview, or dedicated related-guidance section before main closes"
https://immigratetobrazil.com/pt-br/process/timeline/,https://immigratetobrazil.com/pt-br/process/,Como funciona o atendimento migratório com Monique,"End of overview, or dedicated related-guidance section before main closes"
https://immigratetobrazil.com/pt-br/process/timeline/,https://immigratetobrazil.com/pt-br/rights/,Direitos e responsabilidades dos imigrantes no Brasil,"End of overview, or dedicated related-guidance section before main closes"
https://immigratetobrazil.com/pt-br/process/transparency/,https://immigratetobrazil.com/pt-br/process/,Como funciona o atendimento migratório com Monique,"End of overview, or dedicated related-guidance section before main closes"
https://immigratetobrazil.com/pt-br/process/transparency/,https://immigratetobrazil.com/pt-br/rights/,Direitos e responsabilidades dos imigrantes no Brasil,"End of overview, or dedicated related-guidance section before main closes"
https://immigratetobrazil.com/pt-br/rights/,https://immigratetobrazil.com/pt-br/process/,Como funciona o atendimento migratório com Monique,"End of overview, or dedicated related-guidance section before main closes"
https://immigratetobrazil.com/pt-br/services/,https://immigratetobrazil.com/pt-br/about/profile/,Monique Fernandes: advogada de imigração,"End of overview, or dedicated related-guidance section before main closes"
https://immigratetobrazil.com/pt-br/services/advisory/,https://immigratetobrazil.com/pt-br/about/profile/,Monique Fernandes: advogada de imigração,"End of overview, or dedicated related-guidance section before main closes"
https://immigratetobrazil.com/pt-br/services/advisory/compliance/,https://immigratetobrazil.com/pt-br/services/advisory/,Consultoria e planejamento migratório,"End of overview, or dedicated related-guidance section before main closes"
https://immigratetobrazil.com/pt-br/services/advisory/compliance/,https://immigratetobrazil.com/pt-br/about/profile/,Monique Fernandes: advogada de imigração,"End of overview, or dedicated related-guidance section before main closes"
https://immigratetobrazil.com/pt-br/services/advisory/consultation/,https://immigratetobrazil.com/pt-br/services/advisory/,Consultoria e planejamento migratório,"End of overview, or dedicated related-guidance section before main closes"
https://immigratetobrazil.com/pt-br/services/advisory/consultation/,https://immigratetobrazil.com/pt-br/about/profile/,Monique Fernandes: advogada de imigração,"End of overview, or dedicated related-guidance section before main closes"
https://immigratetobrazil.com/pt-br/services/advisory/corporate/,https://immigratetobrazil.com/pt-br/services/advisory/,Consultoria e planejamento migratório,"End of overview, or dedicated related-guidance section before main closes"
https://immigratetobrazil.com/pt-br/services/advisory/corporate/,https://immigratetobrazil.com/pt-br/about/profile/,Monique Fernandes: advogada de imigração,"End of overview, or dedicated related-guidance section before main closes"
https://immigratetobrazil.com/pt-br/services/advisory/representation/,https://immigratetobrazil.com/pt-br/services/advisory/,Consultoria e planejamento migratório,"End of overview, or dedicated related-guidance section before main closes"
https://immigratetobrazil.com/pt-br/services/advisory/representation/,https://immigratetobrazil.com/pt-br/about/profile/,Monique Fernandes: advogada de imigração,"End of overview, or dedicated related-guidance section before main closes"
https://immigratetobrazil.com/pt-br/services/advisory/strategy/,https://immigratetobrazil.com/pt-br/services/advisory/,Consultoria e planejamento migratório,"End of overview, or dedicated related-guidance section before main closes"
https://immigratetobrazil.com/pt-br/services/advisory/strategy/,https://immigratetobrazil.com/pt-br/about/profile/,Monique Fernandes: advogada de imigração,"End of overview, or dedicated related-guidance section before main closes"
https://immigratetobrazil.com/pt-br/services/all/,https://immigratetobrazil.com/pt-br/start-consultation/,Solicite uma consulta sobre imigração,"End of overview, or dedicated related-guidance section before main closes"
https://immigratetobrazil.com/pt-br/services/all/,https://immigratetobrazil.com/pt-br/about/profile/,Monique Fernandes: advogada de imigração,"End of overview, or dedicated related-guidance section before main closes"
https://immigratetobrazil.com/pt-br/services/defense/,https://immigratetobrazil.com/pt-br/about/profile/,Monique Fernandes: advogada de imigração,"End of overview, or dedicated related-guidance section before main closes"
https://immigratetobrazil.com/pt-br/services/defense/appeals/,https://immigratetobrazil.com/pt-br/services/defense/,Defesa em questões migratórias no Brasil,"End of overview, or dedicated related-guidance section before main closes"
https://immigratetobrazil.com/pt-br/services/defense/appeals/,https://immigratetobrazil.com/pt-br/about/profile/,Monique Fernandes: advogada de imigração,"End of overview, or dedicated related-guidance section before main closes"
https://immigratetobrazil.com/pt-br/services/defense/deportation/,https://immigratetobrazil.com/pt-br/services/defense/,Defesa em questões migratórias no Brasil,"End of overview, or dedicated related-guidance section before main closes"
https://immigratetobrazil.com/pt-br/services/defense/deportation/,https://immigratetobrazil.com/pt-br/about/profile/,Monique Fernandes: advogada de imigração,"End of overview, or dedicated related-guidance section before main closes"
https://immigratetobrazil.com/pt-br/services/defense/expulsion/,https://immigratetobrazil.com/pt-br/services/defense/,Defesa em questões migratórias no Brasil,"End of overview, or dedicated related-guidance section before main closes"
https://immigratetobrazil.com/pt-br/services/defense/expulsion/,https://immigratetobrazil.com/pt-br/about/profile/,Monique Fernandes: advogada de imigração,"End of overview, or dedicated related-guidance section before main closes"
https://immigratetobrazil.com/pt-br/services/defense/extradition/,https://immigratetobrazil.com/pt-br/services/defense/,Defesa em questões migratórias no Brasil,"End of overview, or dedicated related-guidance section before main closes"
https://immigratetobrazil.com/pt-br/services/defense/extradition/,https://immigratetobrazil.com/pt-br/about/profile/,Monique Fernandes: advogada de imigração,"End of overview, or dedicated related-guidance section before main closes"
https://immigratetobrazil.com/pt-br/services/defense/fines/,https://immigratetobrazil.com/pt-br/services/defense/,Defesa em questões migratórias no Brasil,"End of overview, or dedicated related-guidance section before main closes"
https://immigratetobrazil.com/pt-br/services/defense/fines/,https://immigratetobrazil.com/pt-br/about/profile/,Monique Fernandes: advogada de imigração,"End of overview, or dedicated related-guidance section before main closes"
https://immigratetobrazil.com/pt-br/services/defense/litigation/,https://immigratetobrazil.com/pt-br/services/defense/,Defesa em questões migratórias no Brasil,"End of overview, or dedicated related-guidance section before main closes"
https://immigratetobrazil.com/pt-br/services/defense/litigation/,https://immigratetobrazil.com/pt-br/about/profile/,Monique Fernandes: advogada de imigração,"End of overview, or dedicated related-guidance section before main closes"
https://immigratetobrazil.com/pt-br/services/naturalisation/,https://immigratetobrazil.com/pt-br/about/profile/,Monique Fernandes: advogada de imigração,"End of overview, or dedicated related-guidance section before main closes"
https://immigratetobrazil.com/pt-br/services/naturalisation/extraordinary/,https://immigratetobrazil.com/pt-br/services/naturalisation/,Assessoria para naturalização brasileira,"End of overview, or dedicated related-guidance section before main closes"
https://immigratetobrazil.com/pt-br/services/naturalisation/extraordinary/,https://immigratetobrazil.com/pt-br/about/profile/,Monique Fernandes: advogada de imigração,"End of overview, or dedicated related-guidance section before main closes"
https://immigratetobrazil.com/pt-br/services/naturalisation/ordinary/,https://immigratetobrazil.com/pt-br/services/naturalisation/,Assessoria para naturalização brasileira,"End of overview, or dedicated related-guidance section before main closes"
https://immigratetobrazil.com/pt-br/services/naturalisation/ordinary/,https://immigratetobrazil.com/pt-br/about/profile/,Monique Fernandes: advogada de imigração,"End of overview, or dedicated related-guidance section before main closes"
https://immigratetobrazil.com/pt-br/services/naturalisation/provisional/,https://immigratetobrazil.com/pt-br/services/naturalisation/,Assessoria para naturalização brasileira,"End of overview, or dedicated related-guidance section before main closes"
https://immigratetobrazil.com/pt-br/services/naturalisation/provisional/,https://immigratetobrazil.com/pt-br/about/profile/,Monique Fernandes: advogada de imigração,"End of overview, or dedicated related-guidance section before main closes"
https://immigratetobrazil.com/pt-br/services/naturalisation/reacquisition/,https://immigratetobrazil.com/pt-br/services/naturalisation/,Assessoria para naturalização brasileira,"End of overview, or dedicated related-guidance section before main closes"
https://immigratetobrazil.com/pt-br/services/naturalisation/reacquisition/,https://immigratetobrazil.com/pt-br/about/profile/,Monique Fernandes: advogada de imigração,"End of overview, or dedicated related-guidance section before main closes"
https://immigratetobrazil.com/pt-br/services/naturalisation/renunciation/,https://immigratetobrazil.com/pt-br/services/naturalisation/,Assessoria para naturalização brasileira,"End of overview, or dedicated related-guidance section before main closes"
https://immigratetobrazil.com/pt-br/services/naturalisation/renunciation/,https://immigratetobrazil.com/pt-br/about/profile/,Monique Fernandes: advogada de imigração,"End of overview, or dedicated related-guidance section before main closes"
https://immigratetobrazil.com/pt-br/services/naturalisation/special/,https://immigratetobrazil.com/pt-br/services/naturalisation/,Assessoria para naturalização brasileira,"End of overview, or dedicated related-guidance section before main closes"
https://immigratetobrazil.com/pt-br/services/naturalisation/special/,https://immigratetobrazil.com/pt-br/about/profile/,Monique Fernandes: advogada de imigração,"End of overview, or dedicated related-guidance section before main closes"
https://immigratetobrazil.com/pt-br/services/other/,https://immigratetobrazil.com/pt-br/about/profile/,Monique Fernandes: advogada de imigração,"End of overview, or dedicated related-guidance section before main closes"
https://immigratetobrazil.com/pt-br/services/other/consular/,https://immigratetobrazil.com/pt-br/services/other/,Documentos e serviços de apoio à imigração,"End of overview, or dedicated related-guidance section before main closes"
https://immigratetobrazil.com/pt-br/services/other/consular/,https://immigratetobrazil.com/pt-br/about/profile/,Monique Fernandes: advogada de imigração,"End of overview, or dedicated related-guidance section before main closes"
https://immigratetobrazil.com/pt-br/services/other/records/,https://immigratetobrazil.com/pt-br/services/other/,Documentos e serviços de apoio à imigração,"End of overview, or dedicated related-guidance section before main closes"
https://immigratetobrazil.com/pt-br/services/other/records/,https://immigratetobrazil.com/pt-br/about/profile/,Monique Fernandes: advogada de imigração,"End of overview, or dedicated related-guidance section before main closes"
https://immigratetobrazil.com/pt-br/services/other/regularization/,https://immigratetobrazil.com/pt-br/services/other/,Documentos e serviços de apoio à imigração,"End of overview, or dedicated related-guidance section before main closes"
https://immigratetobrazil.com/pt-br/services/other/regularization/,https://immigratetobrazil.com/pt-br/about/profile/,Monique Fernandes: advogada de imigração,"End of overview, or dedicated related-guidance section before main closes"
https://immigratetobrazil.com/pt-br/services/other/translation/,https://immigratetobrazil.com/pt-br/services/other/,Documentos e serviços de apoio à imigração,"End of overview, or dedicated related-guidance section before main closes"
https://immigratetobrazil.com/pt-br/services/other/translation/,https://immigratetobrazil.com/pt-br/about/profile/,Monique Fernandes: advogada de imigração,"End of overview, or dedicated related-guidance section before main closes"
https://immigratetobrazil.com/pt-br/services/residencies/,https://immigratetobrazil.com/pt-br/about/profile/,Monique Fernandes: advogada de imigração,"End of overview, or dedicated related-guidance section before main closes"
https://immigratetobrazil.com/pt-br/services/residencies/,https://immigratetobrazil.com/pt-br/process/renewal/,Preparação para renovação da residência no Brasil,"End of overview, or dedicated related-guidance section before main closes"
https://immigratetobrazil.com/pt-br/services/residencies/cplp/,https://immigratetobrazil.com/pt-br/services/residencies/,Assessoria para autorização de residência no Brasil,"End of overview, or dedicated related-guidance section before main closes"
https://immigratetobrazil.com/pt-br/services/residencies/cplp/,https://immigratetobrazil.com/pt-br/about/profile/,Monique Fernandes: advogada de imigração,"End of overview, or dedicated related-guidance section before main closes"
https://immigratetobrazil.com/pt-br/services/residencies/cplp/,https://immigratetobrazil.com/pt-br/process/renewal/,Preparação para renovação da residência no Brasil,"End of overview, or dedicated related-guidance section before main closes"
https://immigratetobrazil.com/pt-br/services/residencies/exchange/,https://immigratetobrazil.com/pt-br/services/residencies/,Assessoria para autorização de residência no Brasil,"End of overview, or dedicated related-guidance section before main closes"
https://immigratetobrazil.com/pt-br/services/residencies/exchange/,https://immigratetobrazil.com/pt-br/about/profile/,Monique Fernandes: advogada de imigração,"End of overview, or dedicated related-guidance section before main closes"
https://immigratetobrazil.com/pt-br/services/residencies/exchange/,https://immigratetobrazil.com/pt-br/process/renewal/,Preparação para renovação da residência no Brasil,"End of overview, or dedicated related-guidance section before main closes"
https://immigratetobrazil.com/pt-br/services/residencies/health/,https://immigratetobrazil.com/pt-br/services/residencies/,Assessoria para autorização de residência no Brasil,"End of overview, or dedicated related-guidance section before main closes"
https://immigratetobrazil.com/pt-br/services/residencies/health/,https://immigratetobrazil.com/pt-br/about/profile/,Monique Fernandes: advogada de imigração,"End of overview, or dedicated related-guidance section before main closes"
https://immigratetobrazil.com/pt-br/services/residencies/health/,https://immigratetobrazil.com/pt-br/process/renewal/,Preparação para renovação da residência no Brasil,"End of overview, or dedicated related-guidance section before main closes"
https://immigratetobrazil.com/pt-br/services/residencies/humanitarian/,https://immigratetobrazil.com/pt-br/services/residencies/,Assessoria para autorização de residência no Brasil,"End of overview, or dedicated related-guidance section before main closes"
https://immigratetobrazil.com/pt-br/services/residencies/humanitarian/,https://immigratetobrazil.com/pt-br/about/profile/,Monique Fernandes: advogada de imigração,"End of overview, or dedicated related-guidance section before main closes"
https://immigratetobrazil.com/pt-br/services/residencies/humanitarian/,https://immigratetobrazil.com/pt-br/process/renewal/,Preparação para renovação da residência no Brasil,"End of overview, or dedicated related-guidance section before main closes"
https://immigratetobrazil.com/pt-br/services/residencies/investor/,https://immigratetobrazil.com/pt-br/services/residencies/,Assessoria para autorização de residência no Brasil,"End of overview, or dedicated related-guidance section before main closes"
https://immigratetobrazil.com/pt-br/services/residencies/investor/,https://immigratetobrazil.com/pt-br/about/profile/,Monique Fernandes: advogada de imigração,"End of overview, or dedicated related-guidance section before main closes"
https://immigratetobrazil.com/pt-br/services/residencies/investor/,https://immigratetobrazil.com/pt-br/process/renewal/,Preparação para renovação da residência no Brasil,"End of overview, or dedicated related-guidance section before main closes"
https://immigratetobrazil.com/pt-br/services/residencies/mercosul/,https://immigratetobrazil.com/pt-br/services/residencies/,Assessoria para autorização de residência no Brasil,"End of overview, or dedicated related-guidance section before main closes"
https://immigratetobrazil.com/pt-br/services/residencies/mercosul/,https://immigratetobrazil.com/pt-br/about/profile/,Monique Fernandes: advogada de imigração,"End of overview, or dedicated related-guidance section before main closes"
https://immigratetobrazil.com/pt-br/services/residencies/mercosul/,https://immigratetobrazil.com/pt-br/process/renewal/,Preparação para renovação da residência no Brasil,"End of overview, or dedicated related-guidance section before main closes"
https://immigratetobrazil.com/pt-br/services/residencies/nomad/,https://immigratetobrazil.com/pt-br/services/residencies/,Assessoria para autorização de residência no Brasil,"End of overview, or dedicated related-guidance section before main closes"
https://immigratetobrazil.com/pt-br/services/residencies/nomad/,https://immigratetobrazil.com/pt-br/about/profile/,Monique Fernandes: advogada de imigração,"End of overview, or dedicated related-guidance section before main closes"
https://immigratetobrazil.com/pt-br/services/residencies/nomad/,https://immigratetobrazil.com/pt-br/process/renewal/,Preparação para renovação da residência no Brasil,"End of overview, or dedicated related-guidance section before main closes"
https://immigratetobrazil.com/pt-br/services/residencies/religious/,https://immigratetobrazil.com/pt-br/services/residencies/,Assessoria para autorização de residência no Brasil,"End of overview, or dedicated related-guidance section before main closes"
https://immigratetobrazil.com/pt-br/services/residencies/religious/,https://immigratetobrazil.com/pt-br/about/profile/,Monique Fernandes: advogada de imigração,"End of overview, or dedicated related-guidance section before main closes"
https://immigratetobrazil.com/pt-br/services/residencies/religious/,https://immigratetobrazil.com/pt-br/process/renewal/,Preparação para renovação da residência no Brasil,"End of overview, or dedicated related-guidance section before main closes"
https://immigratetobrazil.com/pt-br/services/residencies/research/,https://immigratetobrazil.com/pt-br/services/residencies/,Assessoria para autorização de residência no Brasil,"End of overview, or dedicated related-guidance section before main closes"
https://immigratetobrazil.com/pt-br/services/residencies/research/,https://immigratetobrazil.com/pt-br/about/profile/,Monique Fernandes: advogada de imigração,"End of overview, or dedicated related-guidance section before main closes"
https://immigratetobrazil.com/pt-br/services/residencies/research/,https://immigratetobrazil.com/pt-br/process/renewal/,Preparação para renovação da residência no Brasil,"End of overview, or dedicated related-guidance section before main closes"
https://immigratetobrazil.com/pt-br/services/residencies/retiree/,https://immigratetobrazil.com/pt-br/services/residencies/,Assessoria para autorização de residência no Brasil,"End of overview, or dedicated related-guidance section before main closes"
https://immigratetobrazil.com/pt-br/services/residencies/retiree/,https://immigratetobrazil.com/pt-br/about/profile/,Monique Fernandes: advogada de imigração,"End of overview, or dedicated related-guidance section before main closes"
https://immigratetobrazil.com/pt-br/services/residencies/retiree/,https://immigratetobrazil.com/pt-br/process/renewal/,Preparação para renovação da residência no Brasil,"End of overview, or dedicated related-guidance section before main closes"
https://immigratetobrazil.com/pt-br/services/residencies/reunion/,https://immigratetobrazil.com/pt-br/services/residencies/,Assessoria para autorização de residência no Brasil,"End of overview, or dedicated related-guidance section before main closes"
https://immigratetobrazil.com/pt-br/services/residencies/reunion/,https://immigratetobrazil.com/pt-br/about/profile/,Monique Fernandes: advogada de imigração,"End of overview, or dedicated related-guidance section before main closes"
https://immigratetobrazil.com/pt-br/services/residencies/reunion/,https://immigratetobrazil.com/pt-br/process/renewal/,Preparação para renovação da residência no Brasil,"End of overview, or dedicated related-guidance section before main closes"
https://immigratetobrazil.com/pt-br/services/residencies/skilled/,https://immigratetobrazil.com/pt-br/services/residencies/,Assessoria para autorização de residência no Brasil,"End of overview, or dedicated related-guidance section before main closes"
https://immigratetobrazil.com/pt-br/services/residencies/skilled/,https://immigratetobrazil.com/pt-br/about/profile/,Monique Fernandes: advogada de imigração,"End of overview, or dedicated related-guidance section before main closes"
https://immigratetobrazil.com/pt-br/services/residencies/skilled/,https://immigratetobrazil.com/pt-br/process/renewal/,Preparação para renovação da residência no Brasil,"End of overview, or dedicated related-guidance section before main closes"
https://immigratetobrazil.com/pt-br/services/residencies/study/,https://immigratetobrazil.com/pt-br/services/residencies/,Assessoria para autorização de residência no Brasil,"End of overview, or dedicated related-guidance section before main closes"
https://immigratetobrazil.com/pt-br/services/residencies/study/,https://immigratetobrazil.com/pt-br/about/profile/,Monique Fernandes: advogada de imigração,"End of overview, or dedicated related-guidance section before main closes"
https://immigratetobrazil.com/pt-br/services/residencies/study/,https://immigratetobrazil.com/pt-br/process/renewal/,Preparação para renovação da residência no Brasil,"End of overview, or dedicated related-guidance section before main closes"
https://immigratetobrazil.com/pt-br/services/residencies/volunteer/,https://immigratetobrazil.com/pt-br/services/residencies/,Assessoria para autorização de residência no Brasil,"End of overview, or dedicated related-guidance section before main closes"
https://immigratetobrazil.com/pt-br/services/residencies/volunteer/,https://immigratetobrazil.com/pt-br/about/profile/,Monique Fernandes: advogada de imigração,"End of overview, or dedicated related-guidance section before main closes"
https://immigratetobrazil.com/pt-br/services/residencies/volunteer/,https://immigratetobrazil.com/pt-br/process/renewal/,Preparação para renovação da residência no Brasil,"End of overview, or dedicated related-guidance section before main closes"
https://immigratetobrazil.com/pt-br/services/residencies/work/,https://immigratetobrazil.com/pt-br/services/residencies/,Assessoria para autorização de residência no Brasil,"End of overview, or dedicated related-guidance section before main closes"
https://immigratetobrazil.com/pt-br/services/residencies/work/,https://immigratetobrazil.com/pt-br/about/profile/,Monique Fernandes: advogada de imigração,"End of overview, or dedicated related-guidance section before main closes"
https://immigratetobrazil.com/pt-br/services/residencies/work/,https://immigratetobrazil.com/pt-br/process/renewal/,Preparação para renovação da residência no Brasil,"End of overview, or dedicated related-guidance section before main closes"
https://immigratetobrazil.com/pt-br/services/residencies/youth/,https://immigratetobrazil.com/pt-br/services/residencies/,Assessoria para autorização de residência no Brasil,"End of overview, or dedicated related-guidance section before main closes"
https://immigratetobrazil.com/pt-br/services/residencies/youth/,https://immigratetobrazil.com/pt-br/about/profile/,Monique Fernandes: advogada de imigração,"End of overview, or dedicated related-guidance section before main closes"
https://immigratetobrazil.com/pt-br/services/residencies/youth/,https://immigratetobrazil.com/pt-br/process/renewal/,Preparação para renovação da residência no Brasil,"End of overview, or dedicated related-guidance section before main closes"
https://immigratetobrazil.com/pt-br/services/visas/,https://immigratetobrazil.com/pt-br/about/profile/,Monique Fernandes: advogada de imigração,"End of overview, or dedicated related-guidance section before main closes"
https://immigratetobrazil.com/pt-br/services/visas/artistic/,https://immigratetobrazil.com/pt-br/services/visas/,Assessoria para vistos brasileiros,"End of overview, or dedicated related-guidance section before main closes"
https://immigratetobrazil.com/pt-br/services/visas/artistic/,https://immigratetobrazil.com/pt-br/about/profile/,Monique Fernandes: advogada de imigração,"End of overview, or dedicated related-guidance section before main closes"
https://immigratetobrazil.com/pt-br/services/visas/business/,https://immigratetobrazil.com/pt-br/services/visas/,Assessoria para vistos brasileiros,"End of overview, or dedicated related-guidance section before main closes"
https://immigratetobrazil.com/pt-br/services/visas/business/,https://immigratetobrazil.com/pt-br/about/profile/,Monique Fernandes: advogada de imigração,"End of overview, or dedicated related-guidance section before main closes"
https://immigratetobrazil.com/pt-br/services/visas/diplomatic/,https://immigratetobrazil.com/pt-br/services/visas/,Assessoria para vistos brasileiros,"End of overview, or dedicated related-guidance section before main closes"
https://immigratetobrazil.com/pt-br/services/visas/diplomatic/,https://immigratetobrazil.com/pt-br/about/profile/,Monique Fernandes: advogada de imigração,"End of overview, or dedicated related-guidance section before main closes"
https://immigratetobrazil.com/pt-br/services/visas/exchange/,https://immigratetobrazil.com/pt-br/services/visas/,Assessoria para vistos brasileiros,"End of overview, or dedicated related-guidance section before main closes"
https://immigratetobrazil.com/pt-br/services/visas/exchange/,https://immigratetobrazil.com/pt-br/about/profile/,Monique Fernandes: advogada de imigração,"End of overview, or dedicated related-guidance section before main closes"
https://immigratetobrazil.com/pt-br/services/visas/exchange/,https://immigratetobrazil.com/pt-br/services/residencies/exchange/,Autorização de residência no Brasil: intercâmbio,"End of overview, or dedicated related-guidance section before main closes"
https://immigratetobrazil.com/pt-br/services/visas/family/,https://immigratetobrazil.com/pt-br/services/visas/,Assessoria para vistos brasileiros,"End of overview, or dedicated related-guidance section before main closes"
https://immigratetobrazil.com/pt-br/services/visas/family/,https://immigratetobrazil.com/pt-br/about/profile/,Monique Fernandes: advogada de imigração,"End of overview, or dedicated related-guidance section before main closes"
https://immigratetobrazil.com/pt-br/services/visas/humanitarian/,https://immigratetobrazil.com/pt-br/services/visas/,Assessoria para vistos brasileiros,"End of overview, or dedicated related-guidance section before main closes"
https://immigratetobrazil.com/pt-br/services/visas/humanitarian/,https://immigratetobrazil.com/pt-br/about/profile/,Monique Fernandes: advogada de imigração,"End of overview, or dedicated related-guidance section before main closes"
https://immigratetobrazil.com/pt-br/services/visas/humanitarian/,https://immigratetobrazil.com/pt-br/services/residencies/humanitarian/,Autorização de residência no Brasil: acolhida humanitária,"End of overview, or dedicated related-guidance section before main closes"
https://immigratetobrazil.com/pt-br/services/visas/investor/,https://immigratetobrazil.com/pt-br/services/visas/,Assessoria para vistos brasileiros,"End of overview, or dedicated related-guidance section before main closes"
https://immigratetobrazil.com/pt-br/services/visas/investor/,https://immigratetobrazil.com/pt-br/about/profile/,Monique Fernandes: advogada de imigração,"End of overview, or dedicated related-guidance section before main closes"
https://immigratetobrazil.com/pt-br/services/visas/journalist/,https://immigratetobrazil.com/pt-br/services/visas/,Assessoria para vistos brasileiros,"End of overview, or dedicated related-guidance section before main closes"
https://immigratetobrazil.com/pt-br/services/visas/journalist/,https://immigratetobrazil.com/pt-br/about/profile/,Monique Fernandes: advogada de imigração,"End of overview, or dedicated related-guidance section before main closes"
https://immigratetobrazil.com/pt-br/services/visas/medical/,https://immigratetobrazil.com/pt-br/services/visas/,Assessoria para vistos brasileiros,"End of overview, or dedicated related-guidance section before main closes"
https://immigratetobrazil.com/pt-br/services/visas/medical/,https://immigratetobrazil.com/pt-br/about/profile/,Monique Fernandes: advogada de imigração,"End of overview, or dedicated related-guidance section before main closes"
https://immigratetobrazil.com/pt-br/services/visas/medical/,https://immigratetobrazil.com/pt-br/services/residencies/health/,Autorização de residência no Brasil: tratamento de saúde,"End of overview, or dedicated related-guidance section before main closes"
https://immigratetobrazil.com/pt-br/services/visas/nomad/,https://immigratetobrazil.com/pt-br/services/visas/,Assessoria para vistos brasileiros,"End of overview, or dedicated related-guidance section before main closes"
https://immigratetobrazil.com/pt-br/services/visas/nomad/,https://immigratetobrazil.com/pt-br/about/profile/,Monique Fernandes: advogada de imigração,"End of overview, or dedicated related-guidance section before main closes"
https://immigratetobrazil.com/pt-br/services/visas/religious/,https://immigratetobrazil.com/pt-br/services/visas/,Assessoria para vistos brasileiros,"End of overview, or dedicated related-guidance section before main closes"
https://immigratetobrazil.com/pt-br/services/visas/religious/,https://immigratetobrazil.com/pt-br/about/profile/,Monique Fernandes: advogada de imigração,"End of overview, or dedicated related-guidance section before main closes"
https://immigratetobrazil.com/pt-br/services/visas/religious/,https://immigratetobrazil.com/pt-br/services/residencies/religious/,Autorização de residência no Brasil: atividade religiosa,"End of overview, or dedicated related-guidance section before main closes"
https://immigratetobrazil.com/pt-br/services/visas/research/,https://immigratetobrazil.com/pt-br/services/visas/,Assessoria para vistos brasileiros,"End of overview, or dedicated related-guidance section before main closes"
https://immigratetobrazil.com/pt-br/services/visas/research/,https://immigratetobrazil.com/pt-br/about/profile/,Monique Fernandes: advogada de imigração,"End of overview, or dedicated related-guidance section before main closes"
https://immigratetobrazil.com/pt-br/services/visas/research/,https://immigratetobrazil.com/pt-br/services/residencies/research/,Autorização de residência no Brasil: pesquisa,"End of overview, or dedicated related-guidance section before main closes"
https://immigratetobrazil.com/pt-br/services/visas/retiree/,https://immigratetobrazil.com/pt-br/services/visas/,Assessoria para vistos brasileiros,"End of overview, or dedicated related-guidance section before main closes"
https://immigratetobrazil.com/pt-br/services/visas/retiree/,https://immigratetobrazil.com/pt-br/about/profile/,Monique Fernandes: advogada de imigração,"End of overview, or dedicated related-guidance section before main closes"
https://immigratetobrazil.com/pt-br/services/visas/retiree/,https://immigratetobrazil.com/pt-br/services/residencies/retiree/,Autorização de residência no Brasil: aposentadoria,"End of overview, or dedicated related-guidance section before main closes"
https://immigratetobrazil.com/pt-br/services/visas/sports/,https://immigratetobrazil.com/pt-br/services/visas/,Assessoria para vistos brasileiros,"End of overview, or dedicated related-guidance section before main closes"
https://immigratetobrazil.com/pt-br/services/visas/sports/,https://immigratetobrazil.com/pt-br/about/profile/,Monique Fernandes: advogada de imigração,"End of overview, or dedicated related-guidance section before main closes"
https://immigratetobrazil.com/pt-br/services/visas/startup/,https://immigratetobrazil.com/pt-br/services/visas/,Assessoria para vistos brasileiros,"End of overview, or dedicated related-guidance section before main closes"
https://immigratetobrazil.com/pt-br/services/visas/startup/,https://immigratetobrazil.com/pt-br/about/profile/,Monique Fernandes: advogada de imigração,"End of overview, or dedicated related-guidance section before main closes"
https://immigratetobrazil.com/pt-br/services/visas/student/,https://immigratetobrazil.com/pt-br/services/visas/,Assessoria para vistos brasileiros,"End of overview, or dedicated related-guidance section before main closes"
https://immigratetobrazil.com/pt-br/services/visas/student/,https://immigratetobrazil.com/pt-br/about/profile/,Monique Fernandes: advogada de imigração,"End of overview, or dedicated related-guidance section before main closes"
https://immigratetobrazil.com/pt-br/services/visas/tourist/,https://immigratetobrazil.com/pt-br/services/visas/,Assessoria para vistos brasileiros,"End of overview, or dedicated related-guidance section before main closes"
https://immigratetobrazil.com/pt-br/services/visas/tourist/,https://immigratetobrazil.com/pt-br/about/profile/,Monique Fernandes: advogada de imigração,"End of overview, or dedicated related-guidance section before main closes"
https://immigratetobrazil.com/pt-br/services/visas/transit/,https://immigratetobrazil.com/pt-br/services/visas/,Assessoria para vistos brasileiros,"End of overview, or dedicated related-guidance section before main closes"
https://immigratetobrazil.com/pt-br/services/visas/transit/,https://immigratetobrazil.com/pt-br/about/profile/,Monique Fernandes: advogada de imigração,"End of overview, or dedicated related-guidance section before main closes"
https://immigratetobrazil.com/pt-br/services/visas/volunteer/,https://immigratetobrazil.com/pt-br/services/visas/,Assessoria para vistos brasileiros,"End of overview, or dedicated related-guidance section before main closes"
https://immigratetobrazil.com/pt-br/services/visas/volunteer/,https://immigratetobrazil.com/pt-br/about/profile/,Monique Fernandes: advogada de imigração,"End of overview, or dedicated related-guidance section before main closes"
https://immigratetobrazil.com/pt-br/services/visas/volunteer/,https://immigratetobrazil.com/pt-br/services/residencies/volunteer/,Autorização de residência no Brasil: voluntariado,"End of overview, or dedicated related-guidance section before main closes"
https://immigratetobrazil.com/pt-br/services/visas/work/,https://immigratetobrazil.com/pt-br/services/visas/,Assessoria para vistos brasileiros,"End of overview, or dedicated related-guidance section before main closes"
https://immigratetobrazil.com/pt-br/services/visas/work/,https://immigratetobrazil.com/pt-br/about/profile/,Monique Fernandes: advogada de imigração,"End of overview, or dedicated related-guidance section before main closes"
https://immigratetobrazil.com/pt-br/start-consultation/,https://immigratetobrazil.com/pt-br/services/,Serviços jurídicos de imigração no Brasil,"End of overview, or dedicated related-guidance section before main closes"
https://immigratetobrazil.com/pt-br/start-consultation/,https://immigratetobrazil.com/pt-br/about/profile/,Monique Fernandes: advogada de imigração,"End of overview, or dedicated related-guidance section before main closes"
https://immigratetobrazil.com/rights/,https://immigratetobrazil.com/process/,Working With Monique: The Immigration Process,"End of overview, or dedicated related-guidance section before main closes"
https://immigratetobrazil.com/services/,https://immigratetobrazil.com/about/profile/,Monique Fernandes: Brazilian Immigration Lawyer,"End of overview, or dedicated related-guidance section before main closes"
https://immigratetobrazil.com/services/advisory/,https://immigratetobrazil.com/about/profile/,Monique Fernandes: Brazilian Immigration Lawyer,"End of overview, or dedicated related-guidance section before main closes"
https://immigratetobrazil.com/services/advisory/compliance/,https://immigratetobrazil.com/services/advisory/,Brazil Immigration Advice and Case Planning,"End of overview, or dedicated related-guidance section before main closes"
https://immigratetobrazil.com/services/advisory/compliance/,https://immigratetobrazil.com/about/profile/,Monique Fernandes: Brazilian Immigration Lawyer,"End of overview, or dedicated related-guidance section before main closes"
https://immigratetobrazil.com/services/advisory/consultation/,https://immigratetobrazil.com/services/advisory/,Brazil Immigration Advice and Case Planning,"End of overview, or dedicated related-guidance section before main closes"
https://immigratetobrazil.com/services/advisory/consultation/,https://immigratetobrazil.com/about/profile/,Monique Fernandes: Brazilian Immigration Lawyer,"End of overview, or dedicated related-guidance section before main closes"
https://immigratetobrazil.com/services/advisory/corporate/,https://immigratetobrazil.com/services/advisory/,Brazil Immigration Advice and Case Planning,"End of overview, or dedicated related-guidance section before main closes"
https://immigratetobrazil.com/services/advisory/corporate/,https://immigratetobrazil.com/about/profile/,Monique Fernandes: Brazilian Immigration Lawyer,"End of overview, or dedicated related-guidance section before main closes"
https://immigratetobrazil.com/services/advisory/representation/,https://immigratetobrazil.com/services/advisory/,Brazil Immigration Advice and Case Planning,"End of overview, or dedicated related-guidance section before main closes"
https://immigratetobrazil.com/services/advisory/representation/,https://immigratetobrazil.com/about/profile/,Monique Fernandes: Brazilian Immigration Lawyer,"End of overview, or dedicated related-guidance section before main closes"
https://immigratetobrazil.com/services/advisory/strategy/,https://immigratetobrazil.com/services/advisory/,Brazil Immigration Advice and Case Planning,"End of overview, or dedicated related-guidance section before main closes"
https://immigratetobrazil.com/services/advisory/strategy/,https://immigratetobrazil.com/about/profile/,Monique Fernandes: Brazilian Immigration Lawyer,"End of overview, or dedicated related-guidance section before main closes"
https://immigratetobrazil.com/services/all/,https://immigratetobrazil.com/start-consultation/,Request a Brazil Immigration Consultation,"End of overview, or dedicated related-guidance section before main closes"
https://immigratetobrazil.com/services/all/,https://immigratetobrazil.com/about/profile/,Monique Fernandes: Brazilian Immigration Lawyer,"End of overview, or dedicated related-guidance section before main closes"
https://immigratetobrazil.com/services/defense/,https://immigratetobrazil.com/about/profile/,Monique Fernandes: Brazilian Immigration Lawyer,"End of overview, or dedicated related-guidance section before main closes"
https://immigratetobrazil.com/services/defense/appeals/,https://immigratetobrazil.com/services/defense/,Immigration Defense in Brazil,"End of overview, or dedicated related-guidance section before main closes"
https://immigratetobrazil.com/services/defense/appeals/,https://immigratetobrazil.com/about/profile/,Monique Fernandes: Brazilian Immigration Lawyer,"End of overview, or dedicated related-guidance section before main closes"
https://immigratetobrazil.com/services/defense/deportation/,https://immigratetobrazil.com/services/defense/,Immigration Defense in Brazil,"End of overview, or dedicated related-guidance section before main closes"
https://immigratetobrazil.com/services/defense/deportation/,https://immigratetobrazil.com/about/profile/,Monique Fernandes: Brazilian Immigration Lawyer,"End of overview, or dedicated related-guidance section before main closes"
https://immigratetobrazil.com/services/defense/expulsion/,https://immigratetobrazil.com/services/defense/,Immigration Defense in Brazil,"End of overview, or dedicated related-guidance section before main closes"
https://immigratetobrazil.com/services/defense/expulsion/,https://immigratetobrazil.com/about/profile/,Monique Fernandes: Brazilian Immigration Lawyer,"End of overview, or dedicated related-guidance section before main closes"
https://immigratetobrazil.com/services/defense/extradition/,https://immigratetobrazil.com/services/defense/,Immigration Defense in Brazil,"End of overview, or dedicated related-guidance section before main closes"
https://immigratetobrazil.com/services/defense/extradition/,https://immigratetobrazil.com/about/profile/,Monique Fernandes: Brazilian Immigration Lawyer,"End of overview, or dedicated related-guidance section before main closes"
https://immigratetobrazil.com/services/defense/fines/,https://immigratetobrazil.com/services/defense/,Immigration Defense in Brazil,"End of overview, or dedicated related-guidance section before main closes"
https://immigratetobrazil.com/services/defense/fines/,https://immigratetobrazil.com/about/profile/,Monique Fernandes: Brazilian Immigration Lawyer,"End of overview, or dedicated related-guidance section before main closes"
https://immigratetobrazil.com/services/defense/litigation/,https://immigratetobrazil.com/services/defense/,Immigration Defense in Brazil,"End of overview, or dedicated related-guidance section before main closes"
https://immigratetobrazil.com/services/defense/litigation/,https://immigratetobrazil.com/about/profile/,Monique Fernandes: Brazilian Immigration Lawyer,"End of overview, or dedicated related-guidance section before main closes"
https://immigratetobrazil.com/services/naturalisation/,https://immigratetobrazil.com/about/profile/,Monique Fernandes: Brazilian Immigration Lawyer,"End of overview, or dedicated related-guidance section before main closes"
https://immigratetobrazil.com/services/naturalisation/extraordinary/,https://immigratetobrazil.com/services/naturalisation/,Brazilian Citizenship and Naturalization Services,"End of overview, or dedicated related-guidance section before main closes"
https://immigratetobrazil.com/services/naturalisation/extraordinary/,https://immigratetobrazil.com/about/profile/,Monique Fernandes: Brazilian Immigration Lawyer,"End of overview, or dedicated related-guidance section before main closes"
https://immigratetobrazil.com/services/naturalisation/ordinary/,https://immigratetobrazil.com/services/naturalisation/,Brazilian Citizenship and Naturalization Services,"End of overview, or dedicated related-guidance section before main closes"
https://immigratetobrazil.com/services/naturalisation/ordinary/,https://immigratetobrazil.com/about/profile/,Monique Fernandes: Brazilian Immigration Lawyer,"End of overview, or dedicated related-guidance section before main closes"
https://immigratetobrazil.com/services/naturalisation/provisional/,https://immigratetobrazil.com/services/naturalisation/,Brazilian Citizenship and Naturalization Services,"End of overview, or dedicated related-guidance section before main closes"
https://immigratetobrazil.com/services/naturalisation/provisional/,https://immigratetobrazil.com/about/profile/,Monique Fernandes: Brazilian Immigration Lawyer,"End of overview, or dedicated related-guidance section before main closes"
https://immigratetobrazil.com/services/naturalisation/reacquisition/,https://immigratetobrazil.com/services/naturalisation/,Brazilian Citizenship and Naturalization Services,"End of overview, or dedicated related-guidance section before main closes"
https://immigratetobrazil.com/services/naturalisation/reacquisition/,https://immigratetobrazil.com/about/profile/,Monique Fernandes: Brazilian Immigration Lawyer,"End of overview, or dedicated related-guidance section before main closes"
https://immigratetobrazil.com/services/naturalisation/renunciation/,https://immigratetobrazil.com/services/naturalisation/,Brazilian Citizenship and Naturalization Services,"End of overview, or dedicated related-guidance section before main closes"
https://immigratetobrazil.com/services/naturalisation/renunciation/,https://immigratetobrazil.com/about/profile/,Monique Fernandes: Brazilian Immigration Lawyer,"End of overview, or dedicated related-guidance section before main closes"
https://immigratetobrazil.com/services/naturalisation/special/,https://immigratetobrazil.com/services/naturalisation/,Brazilian Citizenship and Naturalization Services,"End of overview, or dedicated related-guidance section before main closes"
https://immigratetobrazil.com/services/naturalisation/special/,https://immigratetobrazil.com/about/profile/,Monique Fernandes: Brazilian Immigration Lawyer,"End of overview, or dedicated related-guidance section before main closes"
https://immigratetobrazil.com/services/other/,https://immigratetobrazil.com/about/profile/,Monique Fernandes: Brazilian Immigration Lawyer,"End of overview, or dedicated related-guidance section before main closes"
https://immigratetobrazil.com/services/other/consular/,https://immigratetobrazil.com/services/other/,Immigration Documents and Supporting Services,"End of overview, or dedicated related-guidance section before main closes"
https://immigratetobrazil.com/services/other/consular/,https://immigratetobrazil.com/about/profile/,Monique Fernandes: Brazilian Immigration Lawyer,"End of overview, or dedicated related-guidance section before main closes"
https://immigratetobrazil.com/services/other/records/,https://immigratetobrazil.com/services/other/,Immigration Documents and Supporting Services,"End of overview, or dedicated related-guidance section before main closes"
https://immigratetobrazil.com/services/other/records/,https://immigratetobrazil.com/about/profile/,Monique Fernandes: Brazilian Immigration Lawyer,"End of overview, or dedicated related-guidance section before main closes"
https://immigratetobrazil.com/services/other/regularization/,https://immigratetobrazil.com/services/other/,Immigration Documents and Supporting Services,"End of overview, or dedicated related-guidance section before main closes"
https://immigratetobrazil.com/services/other/regularization/,https://immigratetobrazil.com/about/profile/,Monique Fernandes: Brazilian Immigration Lawyer,"End of overview, or dedicated related-guidance section before main closes"
https://immigratetobrazil.com/services/other/translation/,https://immigratetobrazil.com/services/other/,Immigration Documents and Supporting Services,"End of overview, or dedicated related-guidance section before main closes"
https://immigratetobrazil.com/services/other/translation/,https://immigratetobrazil.com/about/profile/,Monique Fernandes: Brazilian Immigration Lawyer,"End of overview, or dedicated related-guidance section before main closes"
https://immigratetobrazil.com/services/residencies/,https://immigratetobrazil.com/about/profile/,Monique Fernandes: Brazilian Immigration Lawyer,"End of overview, or dedicated related-guidance section before main closes"
https://immigratetobrazil.com/services/residencies/,https://immigratetobrazil.com/process/renewal/,Preparing a Residence Renewal in Brazil,"End of overview, or dedicated related-guidance section before main closes"
https://immigratetobrazil.com/services/residencies/cplp/,https://immigratetobrazil.com/services/residencies/,Brazil Residence Permit Services,"End of overview, or dedicated related-guidance section before main closes"
https://immigratetobrazil.com/services/residencies/cplp/,https://immigratetobrazil.com/about/profile/,Monique Fernandes: Brazilian Immigration Lawyer,"End of overview, or dedicated related-guidance section before main closes"
https://immigratetobrazil.com/services/residencies/cplp/,https://immigratetobrazil.com/process/renewal/,Preparing a Residence Renewal in Brazil,"End of overview, or dedicated related-guidance section before main closes"
https://immigratetobrazil.com/services/residencies/exchange/,https://immigratetobrazil.com/services/residencies/,Brazil Residence Permit Services,"End of overview, or dedicated related-guidance section before main closes"
https://immigratetobrazil.com/services/residencies/exchange/,https://immigratetobrazil.com/about/profile/,Monique Fernandes: Brazilian Immigration Lawyer,"End of overview, or dedicated related-guidance section before main closes"
https://immigratetobrazil.com/services/residencies/exchange/,https://immigratetobrazil.com/process/renewal/,Preparing a Residence Renewal in Brazil,"End of overview, or dedicated related-guidance section before main closes"
https://immigratetobrazil.com/services/residencies/health/,https://immigratetobrazil.com/services/residencies/,Brazil Residence Permit Services,"End of overview, or dedicated related-guidance section before main closes"
https://immigratetobrazil.com/services/residencies/health/,https://immigratetobrazil.com/about/profile/,Monique Fernandes: Brazilian Immigration Lawyer,"End of overview, or dedicated related-guidance section before main closes"
https://immigratetobrazil.com/services/residencies/health/,https://immigratetobrazil.com/process/renewal/,Preparing a Residence Renewal in Brazil,"End of overview, or dedicated related-guidance section before main closes"
https://immigratetobrazil.com/services/residencies/humanitarian/,https://immigratetobrazil.com/services/residencies/,Brazil Residence Permit Services,"End of overview, or dedicated related-guidance section before main closes"
https://immigratetobrazil.com/services/residencies/humanitarian/,https://immigratetobrazil.com/about/profile/,Monique Fernandes: Brazilian Immigration Lawyer,"End of overview, or dedicated related-guidance section before main closes"
https://immigratetobrazil.com/services/residencies/humanitarian/,https://immigratetobrazil.com/process/renewal/,Preparing a Residence Renewal in Brazil,"End of overview, or dedicated related-guidance section before main closes"
https://immigratetobrazil.com/services/residencies/investor/,https://immigratetobrazil.com/services/residencies/,Brazil Residence Permit Services,"End of overview, or dedicated related-guidance section before main closes"
https://immigratetobrazil.com/services/residencies/investor/,https://immigratetobrazil.com/about/profile/,Monique Fernandes: Brazilian Immigration Lawyer,"End of overview, or dedicated related-guidance section before main closes"
https://immigratetobrazil.com/services/residencies/investor/,https://immigratetobrazil.com/process/renewal/,Preparing a Residence Renewal in Brazil,"End of overview, or dedicated related-guidance section before main closes"
https://immigratetobrazil.com/services/residencies/mercosul/,https://immigratetobrazil.com/services/residencies/,Brazil Residence Permit Services,"End of overview, or dedicated related-guidance section before main closes"
https://immigratetobrazil.com/services/residencies/mercosul/,https://immigratetobrazil.com/about/profile/,Monique Fernandes: Brazilian Immigration Lawyer,"End of overview, or dedicated related-guidance section before main closes"
https://immigratetobrazil.com/services/residencies/mercosul/,https://immigratetobrazil.com/process/renewal/,Preparing a Residence Renewal in Brazil,"End of overview, or dedicated related-guidance section before main closes"
https://immigratetobrazil.com/services/residencies/nomad/,https://immigratetobrazil.com/services/residencies/,Brazil Residence Permit Services,"End of overview, or dedicated related-guidance section before main closes"
https://immigratetobrazil.com/services/residencies/nomad/,https://immigratetobrazil.com/about/profile/,Monique Fernandes: Brazilian Immigration Lawyer,"End of overview, or dedicated related-guidance section before main closes"
https://immigratetobrazil.com/services/residencies/nomad/,https://immigratetobrazil.com/process/renewal/,Preparing a Residence Renewal in Brazil,"End of overview, or dedicated related-guidance section before main closes"
https://immigratetobrazil.com/services/residencies/religious/,https://immigratetobrazil.com/services/residencies/,Brazil Residence Permit Services,"End of overview, or dedicated related-guidance section before main closes"
https://immigratetobrazil.com/services/residencies/religious/,https://immigratetobrazil.com/about/profile/,Monique Fernandes: Brazilian Immigration Lawyer,"End of overview, or dedicated related-guidance section before main closes"
https://immigratetobrazil.com/services/residencies/religious/,https://immigratetobrazil.com/process/renewal/,Preparing a Residence Renewal in Brazil,"End of overview, or dedicated related-guidance section before main closes"
https://immigratetobrazil.com/services/residencies/research/,https://immigratetobrazil.com/services/residencies/,Brazil Residence Permit Services,"End of overview, or dedicated related-guidance section before main closes"
https://immigratetobrazil.com/services/residencies/research/,https://immigratetobrazil.com/about/profile/,Monique Fernandes: Brazilian Immigration Lawyer,"End of overview, or dedicated related-guidance section before main closes"
https://immigratetobrazil.com/services/residencies/research/,https://immigratetobrazil.com/process/renewal/,Preparing a Residence Renewal in Brazil,"End of overview, or dedicated related-guidance section before main closes"
https://immigratetobrazil.com/services/residencies/retiree/,https://immigratetobrazil.com/services/residencies/,Brazil Residence Permit Services,"End of overview, or dedicated related-guidance section before main closes"
https://immigratetobrazil.com/services/residencies/retiree/,https://immigratetobrazil.com/about/profile/,Monique Fernandes: Brazilian Immigration Lawyer,"End of overview, or dedicated related-guidance section before main closes"
https://immigratetobrazil.com/services/residencies/retiree/,https://immigratetobrazil.com/process/renewal/,Preparing a Residence Renewal in Brazil,"End of overview, or dedicated related-guidance section before main closes"
https://immigratetobrazil.com/services/residencies/reunion/,https://immigratetobrazil.com/services/residencies/,Brazil Residence Permit Services,"End of overview, or dedicated related-guidance section before main closes"
https://immigratetobrazil.com/services/residencies/reunion/,https://immigratetobrazil.com/about/profile/,Monique Fernandes: Brazilian Immigration Lawyer,"End of overview, or dedicated related-guidance section before main closes"
https://immigratetobrazil.com/services/residencies/reunion/,https://immigratetobrazil.com/process/renewal/,Preparing a Residence Renewal in Brazil,"End of overview, or dedicated related-guidance section before main closes"
https://immigratetobrazil.com/services/residencies/skilled/,https://immigratetobrazil.com/services/residencies/,Brazil Residence Permit Services,"End of overview, or dedicated related-guidance section before main closes"
https://immigratetobrazil.com/services/residencies/skilled/,https://immigratetobrazil.com/about/profile/,Monique Fernandes: Brazilian Immigration Lawyer,"End of overview, or dedicated related-guidance section before main closes"
https://immigratetobrazil.com/services/residencies/skilled/,https://immigratetobrazil.com/process/renewal/,Preparing a Residence Renewal in Brazil,"End of overview, or dedicated related-guidance section before main closes"
https://immigratetobrazil.com/services/residencies/study/,https://immigratetobrazil.com/services/residencies/,Brazil Residence Permit Services,"End of overview, or dedicated related-guidance section before main closes"
https://immigratetobrazil.com/services/residencies/study/,https://immigratetobrazil.com/about/profile/,Monique Fernandes: Brazilian Immigration Lawyer,"End of overview, or dedicated related-guidance section before main closes"
https://immigratetobrazil.com/services/residencies/study/,https://immigratetobrazil.com/process/renewal/,Preparing a Residence Renewal in Brazil,"End of overview, or dedicated related-guidance section before main closes"
https://immigratetobrazil.com/services/residencies/volunteer/,https://immigratetobrazil.com/services/residencies/,Brazil Residence Permit Services,"End of overview, or dedicated related-guidance section before main closes"
https://immigratetobrazil.com/services/residencies/volunteer/,https://immigratetobrazil.com/about/profile/,Monique Fernandes: Brazilian Immigration Lawyer,"End of overview, or dedicated related-guidance section before main closes"
https://immigratetobrazil.com/services/residencies/volunteer/,https://immigratetobrazil.com/process/renewal/,Preparing a Residence Renewal in Brazil,"End of overview, or dedicated related-guidance section before main closes"
https://immigratetobrazil.com/services/residencies/work/,https://immigratetobrazil.com/services/residencies/,Brazil Residence Permit Services,"End of overview, or dedicated related-guidance section before main closes"
https://immigratetobrazil.com/services/residencies/work/,https://immigratetobrazil.com/about/profile/,Monique Fernandes: Brazilian Immigration Lawyer,"End of overview, or dedicated related-guidance section before main closes"
https://immigratetobrazil.com/services/residencies/work/,https://immigratetobrazil.com/process/renewal/,Preparing a Residence Renewal in Brazil,"End of overview, or dedicated related-guidance section before main closes"
https://immigratetobrazil.com/services/residencies/youth/,https://immigratetobrazil.com/services/residencies/,Brazil Residence Permit Services,"End of overview, or dedicated related-guidance section before main closes"
https://immigratetobrazil.com/services/residencies/youth/,https://immigratetobrazil.com/about/profile/,Monique Fernandes: Brazilian Immigration Lawyer,"End of overview, or dedicated related-guidance section before main closes"
https://immigratetobrazil.com/services/residencies/youth/,https://immigratetobrazil.com/process/renewal/,Preparing a Residence Renewal in Brazil,"End of overview, or dedicated related-guidance section before main closes"
https://immigratetobrazil.com/services/visas/,https://immigratetobrazil.com/about/profile/,Monique Fernandes: Brazilian Immigration Lawyer,"End of overview, or dedicated related-guidance section before main closes"
https://immigratetobrazil.com/services/visas/artistic/,https://immigratetobrazil.com/services/visas/,Brazil Visa Services,"End of overview, or dedicated related-guidance section before main closes"
https://immigratetobrazil.com/services/visas/artistic/,https://immigratetobrazil.com/about/profile/,Monique Fernandes: Brazilian Immigration Lawyer,"End of overview, or dedicated related-guidance section before main closes"
https://immigratetobrazil.com/services/visas/business/,https://immigratetobrazil.com/services/visas/,Brazil Visa Services,"End of overview, or dedicated related-guidance section before main closes"
https://immigratetobrazil.com/services/visas/business/,https://immigratetobrazil.com/about/profile/,Monique Fernandes: Brazilian Immigration Lawyer,"End of overview, or dedicated related-guidance section before main closes"
https://immigratetobrazil.com/services/visas/diplomatic/,https://immigratetobrazil.com/services/visas/,Brazil Visa Services,"End of overview, or dedicated related-guidance section before main closes"
https://immigratetobrazil.com/services/visas/diplomatic/,https://immigratetobrazil.com/about/profile/,Monique Fernandes: Brazilian Immigration Lawyer,"End of overview, or dedicated related-guidance section before main closes"
https://immigratetobrazil.com/services/visas/exchange/,https://immigratetobrazil.com/services/visas/,Brazil Visa Services,"End of overview, or dedicated related-guidance section before main closes"
https://immigratetobrazil.com/services/visas/exchange/,https://immigratetobrazil.com/about/profile/,Monique Fernandes: Brazilian Immigration Lawyer,"End of overview, or dedicated related-guidance section before main closes"
https://immigratetobrazil.com/services/visas/exchange/,https://immigratetobrazil.com/services/residencies/exchange/,Exchange Residence Authorization in Brazil,"End of overview, or dedicated related-guidance section before main closes"
https://immigratetobrazil.com/services/visas/family/,https://immigratetobrazil.com/services/visas/,Brazil Visa Services,"End of overview, or dedicated related-guidance section before main closes"
https://immigratetobrazil.com/services/visas/family/,https://immigratetobrazil.com/about/profile/,Monique Fernandes: Brazilian Immigration Lawyer,"End of overview, or dedicated related-guidance section before main closes"
https://immigratetobrazil.com/services/visas/humanitarian/,https://immigratetobrazil.com/services/visas/,Brazil Visa Services,"End of overview, or dedicated related-guidance section before main closes"
https://immigratetobrazil.com/services/visas/humanitarian/,https://immigratetobrazil.com/about/profile/,Monique Fernandes: Brazilian Immigration Lawyer,"End of overview, or dedicated related-guidance section before main closes"
https://immigratetobrazil.com/services/visas/humanitarian/,https://immigratetobrazil.com/services/residencies/humanitarian/,Humanitarian Residence Authorization in Brazil,"End of overview, or dedicated related-guidance section before main closes"
https://immigratetobrazil.com/services/visas/investor/,https://immigratetobrazil.com/services/visas/,Brazil Visa Services,"End of overview, or dedicated related-guidance section before main closes"
https://immigratetobrazil.com/services/visas/investor/,https://immigratetobrazil.com/about/profile/,Monique Fernandes: Brazilian Immigration Lawyer,"End of overview, or dedicated related-guidance section before main closes"
https://immigratetobrazil.com/services/visas/journalist/,https://immigratetobrazil.com/services/visas/,Brazil Visa Services,"End of overview, or dedicated related-guidance section before main closes"
https://immigratetobrazil.com/services/visas/journalist/,https://immigratetobrazil.com/about/profile/,Monique Fernandes: Brazilian Immigration Lawyer,"End of overview, or dedicated related-guidance section before main closes"
https://immigratetobrazil.com/services/visas/medical/,https://immigratetobrazil.com/services/visas/,Brazil Visa Services,"End of overview, or dedicated related-guidance section before main closes"
https://immigratetobrazil.com/services/visas/medical/,https://immigratetobrazil.com/about/profile/,Monique Fernandes: Brazilian Immigration Lawyer,"End of overview, or dedicated related-guidance section before main closes"
https://immigratetobrazil.com/services/visas/medical/,https://immigratetobrazil.com/services/residencies/health/,Residence in Brazil for Medical Treatment,"End of overview, or dedicated related-guidance section before main closes"
https://immigratetobrazil.com/services/visas/nomad/,https://immigratetobrazil.com/services/visas/,Brazil Visa Services,"End of overview, or dedicated related-guidance section before main closes"
https://immigratetobrazil.com/services/visas/nomad/,https://immigratetobrazil.com/about/profile/,Monique Fernandes: Brazilian Immigration Lawyer,"End of overview, or dedicated related-guidance section before main closes"
https://immigratetobrazil.com/services/visas/religious/,https://immigratetobrazil.com/services/visas/,Brazil Visa Services,"End of overview, or dedicated related-guidance section before main closes"
https://immigratetobrazil.com/services/visas/religious/,https://immigratetobrazil.com/about/profile/,Monique Fernandes: Brazilian Immigration Lawyer,"End of overview, or dedicated related-guidance section before main closes"
https://immigratetobrazil.com/services/visas/religious/,https://immigratetobrazil.com/services/residencies/religious/,Religious Activity Residence Authorization in Brazil,"End of overview, or dedicated related-guidance section before main closes"
https://immigratetobrazil.com/services/visas/research/,https://immigratetobrazil.com/services/visas/,Brazil Visa Services,"End of overview, or dedicated related-guidance section before main closes"
https://immigratetobrazil.com/services/visas/research/,https://immigratetobrazil.com/about/profile/,Monique Fernandes: Brazilian Immigration Lawyer,"End of overview, or dedicated related-guidance section before main closes"
https://immigratetobrazil.com/services/visas/research/,https://immigratetobrazil.com/services/residencies/research/,Research Residence Authorization in Brazil,"End of overview, or dedicated related-guidance section before main closes"
https://immigratetobrazil.com/services/visas/retiree/,https://immigratetobrazil.com/services/visas/,Brazil Visa Services,"End of overview, or dedicated related-guidance section before main closes"
https://immigratetobrazil.com/services/visas/retiree/,https://immigratetobrazil.com/about/profile/,Monique Fernandes: Brazilian Immigration Lawyer,"End of overview, or dedicated related-guidance section before main closes"
https://immigratetobrazil.com/services/visas/retiree/,https://immigratetobrazil.com/services/residencies/retiree/,Retirement Residence Authorization in Brazil,"End of overview, or dedicated related-guidance section before main closes"
https://immigratetobrazil.com/services/visas/sports/,https://immigratetobrazil.com/services/visas/,Brazil Visa Services,"End of overview, or dedicated related-guidance section before main closes"
https://immigratetobrazil.com/services/visas/sports/,https://immigratetobrazil.com/about/profile/,Monique Fernandes: Brazilian Immigration Lawyer,"End of overview, or dedicated related-guidance section before main closes"
https://immigratetobrazil.com/services/visas/startup/,https://immigratetobrazil.com/services/visas/,Brazil Visa Services,"End of overview, or dedicated related-guidance section before main closes"
https://immigratetobrazil.com/services/visas/startup/,https://immigratetobrazil.com/about/profile/,Monique Fernandes: Brazilian Immigration Lawyer,"End of overview, or dedicated related-guidance section before main closes"
https://immigratetobrazil.com/services/visas/student/,https://immigratetobrazil.com/services/visas/,Brazil Visa Services,"End of overview, or dedicated related-guidance section before main closes"
https://immigratetobrazil.com/services/visas/student/,https://immigratetobrazil.com/about/profile/,Monique Fernandes: Brazilian Immigration Lawyer,"End of overview, or dedicated related-guidance section before main closes"
https://immigratetobrazil.com/services/visas/tourist/,https://immigratetobrazil.com/services/visas/,Brazil Visa Services,"End of overview, or dedicated related-guidance section before main closes"
https://immigratetobrazil.com/services/visas/tourist/,https://immigratetobrazil.com/about/profile/,Monique Fernandes: Brazilian Immigration Lawyer,"End of overview, or dedicated related-guidance section before main closes"
https://immigratetobrazil.com/services/visas/transit/,https://immigratetobrazil.com/services/visas/,Brazil Visa Services,"End of overview, or dedicated related-guidance section before main closes"
https://immigratetobrazil.com/services/visas/transit/,https://immigratetobrazil.com/about/profile/,Monique Fernandes: Brazilian Immigration Lawyer,"End of overview, or dedicated related-guidance section before main closes"
https://immigratetobrazil.com/services/visas/volunteer/,https://immigratetobrazil.com/services/visas/,Brazil Visa Services,"End of overview, or dedicated related-guidance section before main closes"
https://immigratetobrazil.com/services/visas/volunteer/,https://immigratetobrazil.com/about/profile/,Monique Fernandes: Brazilian Immigration Lawyer,"End of overview, or dedicated related-guidance section before main closes"
https://immigratetobrazil.com/services/visas/volunteer/,https://immigratetobrazil.com/services/residencies/volunteer/,Volunteer Residence Authorization in Brazil,"End of overview, or dedicated related-guidance section before main closes"
https://immigratetobrazil.com/services/visas/work/,https://immigratetobrazil.com/services/visas/,Brazil Visa Services,"End of overview, or dedicated related-guidance section before main closes"
https://immigratetobrazil.com/services/visas/work/,https://immigratetobrazil.com/about/profile/,Monique Fernandes: Brazilian Immigration Lawyer,"End of overview, or dedicated related-guidance section before main closes"
https://immigratetobrazil.com/start-consultation/,https://immigratetobrazil.com/services/,Brazil Immigration Legal Services,"End of overview, or dedicated related-guidance section before main closes"
https://immigratetobrazil.com/start-consultation/,https://immigratetobrazil.com/about/profile/,Monique Fernandes: Brazilian Immigration Lawyer,"End of overview, or dedicated related-guidance section before main closes"
