url,file,metadata,shared_schema,body,deployment
https://immigratetobrazil.com/,index.html,APPLIED,CONSISTENT ORGANIZATION DESCRIPTION,APPLIED — clearer opening / contextual guidance; see actual diff,NOT DEPLOYED
https://immigratetobrazil.com/404.html,404.html,PRESERVED — UTILITY — preserve noindex,CONSISTENT ORGANIZATION DESCRIPTION,PRESERVED,NOT DEPLOYED
https://immigratetobrazil.com/about/,about/index.html,APPLIED,CONSISTENT ORGANIZATION DESCRIPTION,PRESERVED,NOT DEPLOYED
https://immigratetobrazil.com/about/about/,about/about/index.html,APPLIED,CONSISTENT ORGANIZATION DESCRIPTION,PRESERVED,NOT DEPLOYED
https://immigratetobrazil.com/about/atlas/,about/atlas/index.html,APPLIED,CONSISTENT ORGANIZATION DESCRIPTION,PRESERVED,NOT DEPLOYED
https://immigratetobrazil.com/about/clients/,about/clients/index.html,APPLIED,CONSISTENT ORGANIZATION DESCRIPTION,PRESERVED,NOT DEPLOYED
https://immigratetobrazil.com/about/ethics/,about/ethics/index.html,APPLIED,CONSISTENT ORGANIZATION DESCRIPTION,PRESERVED,NOT DEPLOYED
https://immigratetobrazil.com/about/lawyer/,about/lawyer/index.html,APPLIED,CONSISTENT ORGANIZATION DESCRIPTION,PRESERVED,NOT DEPLOYED
https://immigratetobrazil.com/about/mission/,about/mission/index.html,APPLIED,CONSISTENT ORGANIZATION DESCRIPTION,PRESERVED,NOT DEPLOYED
https://immigratetobrazil.com/about/philosophy/,about/philosophy/index.html,APPLIED,CONSISTENT ORGANIZATION DESCRIPTION,PRESERVED,NOT DEPLOYED
https://immigratetobrazil.com/about/profile/,about/profile/index.html,APPLIED,CONSISTENT ORGANIZATION DESCRIPTION,APPLIED — clearer opening / contextual guidance; see actual diff,NOT DEPLOYED
https://immigratetobrazil.com/about/results/,about/results/index.html,APPLIED,CONSISTENT ORGANIZATION DESCRIPTION,PRESERVED,NOT DEPLOYED
https://immigratetobrazil.com/about/stories/,about/stories/index.html,APPLIED,CONSISTENT ORGANIZATION DESCRIPTION,PRESERVED,NOT DEPLOYED
https://immigratetobrazil.com/about/story/,about/story/index.html,APPLIED,CONSISTENT ORGANIZATION DESCRIPTION,PRESERVED,NOT DEPLOYED
https://immigratetobrazil.com/about/testimonials/,about/testimonials/index.html,APPLIED,CONSISTENT ORGANIZATION DESCRIPTION,PRESERVED,NOT DEPLOYED
https://immigratetobrazil.com/about/values/,about/values/index.html,APPLIED,CONSISTENT ORGANIZATION DESCRIPTION,PRESERVED,NOT DEPLOYED
https://immigratetobrazil.com/about/whyus/,about/whyus/index.html,APPLIED,CONSISTENT ORGANIZATION DESCRIPTION,PRESERVED,NOT DEPLOYED
https://immigratetobrazil.com/brazil/,brazil/index.html,APPLIED,CONSISTENT ORGANIZATION DESCRIPTION,PRESERVED,NOT DEPLOYED
https://immigratetobrazil.com/brazil/brazil/,brazil/brazil/index.html,APPLIED,CONSISTENT ORGANIZATION DESCRIPTION,PRESERVED,NOT DEPLOYED
https://immigratetobrazil.com/brazil/central-west/,brazil/central-west/index.html,APPLIED,CONSISTENT ORGANIZATION DESCRIPTION,PRESERVED,NOT DEPLOYED
https://immigratetobrazil.com/brazil/cities/,brazil/cities/index.html,APPLIED,CONSISTENT ORGANIZATION DESCRIPTION,PRESERVED,NOT DEPLOYED
https://immigratetobrazil.com/brazil/cities/aracaju/,brazil/cities/aracaju/index.html,APPLIED,CONSISTENT ORGANIZATION DESCRIPTION,PRESERVED,NOT DEPLOYED
https://immigratetobrazil.com/brazil/cities/belem/,brazil/cities/belem/index.html,APPLIED,CONSISTENT ORGANIZATION DESCRIPTION,PRESERVED,NOT DEPLOYED
https://immigratetobrazil.com/brazil/cities/belo-horizonte/,brazil/cities/belo-horizonte/index.html,APPLIED,CONSISTENT ORGANIZATION DESCRIPTION,PRESERVED,NOT DEPLOYED
https://immigratetobrazil.com/brazil/cities/boa-vista/,brazil/cities/boa-vista/index.html,APPLIED,CONSISTENT ORGANIZATION DESCRIPTION,PRESERVED,NOT DEPLOYED
https://immigratetobrazil.com/brazil/cities/brasilia/,brazil/cities/brasilia/index.html,APPLIED,CONSISTENT ORGANIZATION DESCRIPTION,PRESERVED,NOT DEPLOYED
https://immigratetobrazil.com/brazil/cities/campinas/,brazil/cities/campinas/index.html,APPLIED,CONSISTENT ORGANIZATION DESCRIPTION,PRESERVED,NOT DEPLOYED
https://immigratetobrazil.com/brazil/cities/campo-grande/,brazil/cities/campo-grande/index.html,APPLIED,CONSISTENT ORGANIZATION DESCRIPTION,PRESERVED,NOT DEPLOYED
https://immigratetobrazil.com/brazil/cities/cuiaba/,brazil/cities/cuiaba/index.html,APPLIED,CONSISTENT ORGANIZATION DESCRIPTION,PRESERVED,NOT DEPLOYED
https://immigratetobrazil.com/brazil/cities/curitiba/,brazil/cities/curitiba/index.html,APPLIED,CONSISTENT ORGANIZATION DESCRIPTION,PRESERVED,NOT DEPLOYED
https://immigratetobrazil.com/brazil/cities/florianopolis/,brazil/cities/florianopolis/index.html,APPLIED,CONSISTENT ORGANIZATION DESCRIPTION,PRESERVED,NOT DEPLOYED
https://immigratetobrazil.com/brazil/cities/fortaleza/,brazil/cities/fortaleza/index.html,APPLIED,CONSISTENT ORGANIZATION DESCRIPTION,PRESERVED,NOT DEPLOYED
https://immigratetobrazil.com/brazil/cities/goiania/,brazil/cities/goiania/index.html,APPLIED,CONSISTENT ORGANIZATION DESCRIPTION,PRESERVED,NOT DEPLOYED
https://immigratetobrazil.com/brazil/cities/gramado/,brazil/cities/gramado/index.html,APPLIED,CONSISTENT ORGANIZATION DESCRIPTION,PRESERVED,NOT DEPLOYED
https://immigratetobrazil.com/brazil/cities/joao-pessoa/,brazil/cities/joao-pessoa/index.html,APPLIED,CONSISTENT ORGANIZATION DESCRIPTION,PRESERVED,NOT DEPLOYED
https://immigratetobrazil.com/brazil/cities/macapa/,brazil/cities/macapa/index.html,APPLIED,CONSISTENT ORGANIZATION DESCRIPTION,PRESERVED,NOT DEPLOYED
https://immigratetobrazil.com/brazil/cities/maceio/,brazil/cities/maceio/index.html,APPLIED,CONSISTENT ORGANIZATION DESCRIPTION,PRESERVED,NOT DEPLOYED
https://immigratetobrazil.com/brazil/cities/manaus/,brazil/cities/manaus/index.html,APPLIED,CONSISTENT ORGANIZATION DESCRIPTION,PRESERVED,NOT DEPLOYED
https://immigratetobrazil.com/brazil/cities/natal/,brazil/cities/natal/index.html,APPLIED,CONSISTENT ORGANIZATION DESCRIPTION,PRESERVED,NOT DEPLOYED
https://immigratetobrazil.com/brazil/cities/niteroi/,brazil/cities/niteroi/index.html,APPLIED,CONSISTENT ORGANIZATION DESCRIPTION,PRESERVED,NOT DEPLOYED
https://immigratetobrazil.com/brazil/cities/palmas/,brazil/cities/palmas/index.html,APPLIED,CONSISTENT ORGANIZATION DESCRIPTION,PRESERVED,NOT DEPLOYED
https://immigratetobrazil.com/brazil/cities/porto-alegre/,brazil/cities/porto-alegre/index.html,APPLIED,CONSISTENT ORGANIZATION DESCRIPTION,PRESERVED,NOT DEPLOYED
https://immigratetobrazil.com/brazil/cities/porto-velho/,brazil/cities/porto-velho/index.html,APPLIED,CONSISTENT ORGANIZATION DESCRIPTION,PRESERVED,NOT DEPLOYED
https://immigratetobrazil.com/brazil/cities/recife/,brazil/cities/recife/index.html,APPLIED,CONSISTENT ORGANIZATION DESCRIPTION,PRESERVED,NOT DEPLOYED
https://immigratetobrazil.com/brazil/cities/ribeirao-preto/,brazil/cities/ribeirao-preto/index.html,APPLIED,CONSISTENT ORGANIZATION DESCRIPTION,PRESERVED,NOT DEPLOYED
https://immigratetobrazil.com/brazil/cities/rio-branco/,brazil/cities/rio-branco/index.html,APPLIED,CONSISTENT ORGANIZATION DESCRIPTION,PRESERVED,NOT DEPLOYED
https://immigratetobrazil.com/brazil/cities/rio-de-janeiro/,brazil/cities/rio-de-janeiro/index.html,APPLIED,CONSISTENT ORGANIZATION DESCRIPTION,PRESERVED,NOT DEPLOYED
https://immigratetobrazil.com/brazil/cities/salvador/,brazil/cities/salvador/index.html,APPLIED,CONSISTENT ORGANIZATION DESCRIPTION,PRESERVED,NOT DEPLOYED
https://immigratetobrazil.com/brazil/cities/santos/,brazil/cities/santos/index.html,APPLIED,CONSISTENT ORGANIZATION DESCRIPTION,PRESERVED,NOT DEPLOYED
https://immigratetobrazil.com/brazil/cities/sao-luis/,brazil/cities/sao-luis/index.html,APPLIED,CONSISTENT ORGANIZATION DESCRIPTION,PRESERVED,NOT DEPLOYED
https://immigratetobrazil.com/brazil/cities/sao-paulo/,brazil/cities/sao-paulo/index.html,APPLIED,CONSISTENT ORGANIZATION DESCRIPTION,PRESERVED,NOT DEPLOYED
https://immigratetobrazil.com/brazil/cities/teresina/,brazil/cities/teresina/index.html,APPLIED,CONSISTENT ORGANIZATION DESCRIPTION,PRESERVED,NOT DEPLOYED
https://immigratetobrazil.com/brazil/cities/vitoria/,brazil/cities/vitoria/index.html,APPLIED,CONSISTENT ORGANIZATION DESCRIPTION,PRESERVED,NOT DEPLOYED
https://immigratetobrazil.com/brazil/cost/,brazil/cost/index.html,APPLIED,CONSISTENT ORGANIZATION DESCRIPTION,PRESERVED,NOT DEPLOYED
https://immigratetobrazil.com/brazil/cuisine/,brazil/cuisine/index.html,APPLIED,CONSISTENT ORGANIZATION DESCRIPTION,PRESERVED,NOT DEPLOYED
https://immigratetobrazil.com/brazil/culture/,brazil/culture/index.html,APPLIED,CONSISTENT ORGANIZATION DESCRIPTION,PRESERVED,NOT DEPLOYED
https://immigratetobrazil.com/brazil/directory/,brazil/directory/index.html,APPLIED,CONSISTENT ORGANIZATION DESCRIPTION,PRESERVED,NOT DEPLOYED
https://immigratetobrazil.com/brazil/economy/,brazil/economy/index.html,APPLIED,CONSISTENT ORGANIZATION DESCRIPTION,PRESERVED,NOT DEPLOYED
https://immigratetobrazil.com/brazil/education/,brazil/education/index.html,APPLIED,CONSISTENT ORGANIZATION DESCRIPTION,PRESERVED,NOT DEPLOYED
https://immigratetobrazil.com/brazil/events/,brazil/events/index.html,APPLIED,CONSISTENT ORGANIZATION DESCRIPTION,PRESERVED,NOT DEPLOYED
https://immigratetobrazil.com/brazil/faqs/,brazil/faqs/index.html,APPLIED,CONSISTENT ORGANIZATION DESCRIPTION,PRESERVED,NOT DEPLOYED
https://immigratetobrazil.com/brazil/festivals/,brazil/festivals/index.html,APPLIED,CONSISTENT ORGANIZATION DESCRIPTION,PRESERVED,NOT DEPLOYED
https://immigratetobrazil.com/brazil/guides/,brazil/guides/index.html,APPLIED,CONSISTENT ORGANIZATION DESCRIPTION,PRESERVED,NOT DEPLOYED
https://immigratetobrazil.com/brazil/healthcare/,brazil/healthcare/index.html,APPLIED,CONSISTENT ORGANIZATION DESCRIPTION,PRESERVED,NOT DEPLOYED
https://immigratetobrazil.com/brazil/housing/,brazil/housing/index.html,APPLIED,CONSISTENT ORGANIZATION DESCRIPTION,PRESERVED,NOT DEPLOYED
https://immigratetobrazil.com/brazil/investment/,brazil/investment/index.html,APPLIED,CONSISTENT ORGANIZATION DESCRIPTION,PRESERVED,NOT DEPLOYED
https://immigratetobrazil.com/brazil/living/,brazil/living/index.html,APPLIED,CONSISTENT ORGANIZATION DESCRIPTION,PRESERVED,NOT DEPLOYED
https://immigratetobrazil.com/brazil/municipalities/,brazil/municipalities/index.html,APPLIED,CONSISTENT ORGANIZATION DESCRIPTION,PRESERVED,NOT DEPLOYED
https://immigratetobrazil.com/brazil/north/,brazil/north/index.html,APPLIED,CONSISTENT ORGANIZATION DESCRIPTION,PRESERVED,NOT DEPLOYED
https://immigratetobrazil.com/brazil/northeast/,brazil/northeast/index.html,APPLIED,CONSISTENT ORGANIZATION DESCRIPTION,PRESERVED,NOT DEPLOYED
https://immigratetobrazil.com/brazil/places/,brazil/places/index.html,APPLIED,CONSISTENT ORGANIZATION DESCRIPTION,PRESERVED,NOT DEPLOYED
https://immigratetobrazil.com/brazil/quality/,brazil/quality/index.html,APPLIED,CONSISTENT ORGANIZATION DESCRIPTION,PRESERVED,NOT DEPLOYED
https://immigratetobrazil.com/brazil/safety/,brazil/safety/index.html,APPLIED,CONSISTENT ORGANIZATION DESCRIPTION,PRESERVED,NOT DEPLOYED
https://immigratetobrazil.com/brazil/search/,brazil/search/index.html,PRESERVED — UTILITY — preserve noindex,CONSISTENT ORGANIZATION DESCRIPTION,PRESERVED,NOT DEPLOYED
https://immigratetobrazil.com/brazil/south/,brazil/south/index.html,APPLIED,CONSISTENT ORGANIZATION DESCRIPTION,PRESERVED,NOT DEPLOYED
https://immigratetobrazil.com/brazil/southeast/,brazil/southeast/index.html,APPLIED,CONSISTENT ORGANIZATION DESCRIPTION,PRESERVED,NOT DEPLOYED
https://immigratetobrazil.com/brazil/states/,brazil/states/index.html,APPLIED,CONSISTENT ORGANIZATION DESCRIPTION,PRESERVED,NOT DEPLOYED
https://immigratetobrazil.com/client-feedback/,client-feedback/index.html,PRESERVED — UTILITY — preserve noindex,CONSISTENT ORGANIZATION DESCRIPTION,PRESERVED,NOT DEPLOYED
https://immigratetobrazil.com/contact/,contact/index.html,APPLIED,CONSISTENT ORGANIZATION DESCRIPTION,PRESERVED,NOT DEPLOYED
https://immigratetobrazil.com/countries/,countries/index.html,APPLIED,CONSISTENT ORGANIZATION DESCRIPTION,PRESERVED,NOT DEPLOYED
https://immigratetobrazil.com/countries/afghanistan/,countries/afghanistan/index.html,PRESERVED — COUNTRY EVIDENCE REQUIRED — conditional editorial draft,CONSISTENT ORGANIZATION DESCRIPTION,PRESERVED,NOT DEPLOYED
https://immigratetobrazil.com/countries/albania/,countries/albania/index.html,PRESERVED — COUNTRY EVIDENCE REQUIRED — conditional editorial draft,CONSISTENT ORGANIZATION DESCRIPTION,PRESERVED,NOT DEPLOYED
https://immigratetobrazil.com/countries/algeria/,countries/algeria/index.html,PRESERVED — COUNTRY EVIDENCE REQUIRED — conditional editorial draft,CONSISTENT ORGANIZATION DESCRIPTION,PRESERVED,NOT DEPLOYED
https://immigratetobrazil.com/countries/andorra/,countries/andorra/index.html,PRESERVED — COUNTRY EVIDENCE REQUIRED — conditional editorial draft,CONSISTENT ORGANIZATION DESCRIPTION,PRESERVED,NOT DEPLOYED
https://immigratetobrazil.com/countries/angola/,countries/angola/index.html,PRESERVED — COUNTRY EVIDENCE REQUIRED — conditional editorial draft,CONSISTENT ORGANIZATION DESCRIPTION,PRESERVED,NOT DEPLOYED
https://immigratetobrazil.com/countries/antigua-and-barbuda/,countries/antigua-and-barbuda/index.html,PRESERVED — COUNTRY EVIDENCE REQUIRED — conditional editorial draft,CONSISTENT ORGANIZATION DESCRIPTION,PRESERVED,NOT DEPLOYED
https://immigratetobrazil.com/countries/argentina/,countries/argentina/index.html,PRESERVED — COUNTRY EVIDENCE REQUIRED — conditional editorial draft,CONSISTENT ORGANIZATION DESCRIPTION,PRESERVED,NOT DEPLOYED
https://immigratetobrazil.com/countries/armenia/,countries/armenia/index.html,PRESERVED — COUNTRY EVIDENCE REQUIRED — conditional editorial draft,CONSISTENT ORGANIZATION DESCRIPTION,PRESERVED,NOT DEPLOYED
https://immigratetobrazil.com/countries/australia/,countries/australia/index.html,PRESERVED — COUNTRY EVIDENCE REQUIRED — conditional editorial draft,CONSISTENT ORGANIZATION DESCRIPTION,PRESERVED,NOT DEPLOYED
https://immigratetobrazil.com/countries/austria/,countries/austria/index.html,PRESERVED — COUNTRY EVIDENCE REQUIRED — conditional editorial draft,CONSISTENT ORGANIZATION DESCRIPTION,PRESERVED,NOT DEPLOYED
https://immigratetobrazil.com/countries/azerbaijan/,countries/azerbaijan/index.html,PRESERVED — COUNTRY EVIDENCE REQUIRED — conditional editorial draft,CONSISTENT ORGANIZATION DESCRIPTION,PRESERVED,NOT DEPLOYED
https://immigratetobrazil.com/countries/bahamas/,countries/bahamas/index.html,PRESERVED — COUNTRY EVIDENCE REQUIRED — conditional editorial draft,CONSISTENT ORGANIZATION DESCRIPTION,PRESERVED,NOT DEPLOYED
https://immigratetobrazil.com/countries/bahrain/,countries/bahrain/index.html,PRESERVED — COUNTRY EVIDENCE REQUIRED — conditional editorial draft,CONSISTENT ORGANIZATION DESCRIPTION,PRESERVED,NOT DEPLOYED
https://immigratetobrazil.com/countries/bangladesh/,countries/bangladesh/index.html,PRESERVED — COUNTRY EVIDENCE REQUIRED — conditional editorial draft,CONSISTENT ORGANIZATION DESCRIPTION,PRESERVED,NOT DEPLOYED
https://immigratetobrazil.com/countries/barbados/,countries/barbados/index.html,PRESERVED — COUNTRY EVIDENCE REQUIRED — conditional editorial draft,CONSISTENT ORGANIZATION DESCRIPTION,PRESERVED,NOT DEPLOYED
https://immigratetobrazil.com/countries/belarus/,countries/belarus/index.html,PRESERVED — COUNTRY EVIDENCE REQUIRED — conditional editorial draft,CONSISTENT ORGANIZATION DESCRIPTION,PRESERVED,NOT DEPLOYED
https://immigratetobrazil.com/countries/belgium/,countries/belgium/index.html,PRESERVED — COUNTRY EVIDENCE REQUIRED — conditional editorial draft,CONSISTENT ORGANIZATION DESCRIPTION,PRESERVED,NOT DEPLOYED
https://immigratetobrazil.com/countries/belize/,countries/belize/index.html,PRESERVED — COUNTRY EVIDENCE REQUIRED — conditional editorial draft,CONSISTENT ORGANIZATION DESCRIPTION,PRESERVED,NOT DEPLOYED
https://immigratetobrazil.com/countries/benin/,countries/benin/index.html,PRESERVED — COUNTRY EVIDENCE REQUIRED — conditional editorial draft,CONSISTENT ORGANIZATION DESCRIPTION,PRESERVED,NOT DEPLOYED
https://immigratetobrazil.com/countries/bhutan/,countries/bhutan/index.html,PRESERVED — COUNTRY EVIDENCE REQUIRED — conditional editorial draft,CONSISTENT ORGANIZATION DESCRIPTION,PRESERVED,NOT DEPLOYED
https://immigratetobrazil.com/countries/bolivia/,countries/bolivia/index.html,PRESERVED — COUNTRY EVIDENCE REQUIRED — conditional editorial draft,CONSISTENT ORGANIZATION DESCRIPTION,PRESERVED,NOT DEPLOYED
https://immigratetobrazil.com/countries/bosnia-and-herzegovina/,countries/bosnia-and-herzegovina/index.html,PRESERVED — COUNTRY EVIDENCE REQUIRED — conditional editorial draft,CONSISTENT ORGANIZATION DESCRIPTION,PRESERVED,NOT DEPLOYED
https://immigratetobrazil.com/countries/botswana/,countries/botswana/index.html,PRESERVED — COUNTRY EVIDENCE REQUIRED — conditional editorial draft,CONSISTENT ORGANIZATION DESCRIPTION,PRESERVED,NOT DEPLOYED
https://immigratetobrazil.com/countries/brazil/,countries/brazil/index.html,PRESERVED — CONSOLIDATION REVIEW REQUIRED,CONSISTENT ORGANIZATION DESCRIPTION,PRESERVED,NOT DEPLOYED
https://immigratetobrazil.com/countries/brunei/,countries/brunei/index.html,PRESERVED — COUNTRY EVIDENCE REQUIRED — conditional editorial draft,CONSISTENT ORGANIZATION DESCRIPTION,PRESERVED,NOT DEPLOYED
https://immigratetobrazil.com/countries/bulgaria/,countries/bulgaria/index.html,PRESERVED — COUNTRY EVIDENCE REQUIRED — conditional editorial draft,CONSISTENT ORGANIZATION DESCRIPTION,PRESERVED,NOT DEPLOYED
https://immigratetobrazil.com/countries/burkina-faso/,countries/burkina-faso/index.html,PRESERVED — COUNTRY EVIDENCE REQUIRED — conditional editorial draft,CONSISTENT ORGANIZATION DESCRIPTION,PRESERVED,NOT DEPLOYED
https://immigratetobrazil.com/countries/burundi/,countries/burundi/index.html,PRESERVED — COUNTRY EVIDENCE REQUIRED — conditional editorial draft,CONSISTENT ORGANIZATION DESCRIPTION,PRESERVED,NOT DEPLOYED
https://immigratetobrazil.com/countries/cabo-verde/,countries/cabo-verde/index.html,PRESERVED — COUNTRY EVIDENCE REQUIRED — conditional editorial draft,CONSISTENT ORGANIZATION DESCRIPTION,PRESERVED,NOT DEPLOYED
https://immigratetobrazil.com/countries/cambodia/,countries/cambodia/index.html,PRESERVED — COUNTRY EVIDENCE REQUIRED — conditional editorial draft,CONSISTENT ORGANIZATION DESCRIPTION,PRESERVED,NOT DEPLOYED
https://immigratetobrazil.com/countries/cameroon/,countries/cameroon/index.html,PRESERVED — COUNTRY EVIDENCE REQUIRED — conditional editorial draft,CONSISTENT ORGANIZATION DESCRIPTION,PRESERVED,NOT DEPLOYED
https://immigratetobrazil.com/countries/canada/,countries/canada/index.html,PRESERVED — COUNTRY EVIDENCE REQUIRED — conditional editorial draft,CONSISTENT ORGANIZATION DESCRIPTION,PRESERVED,NOT DEPLOYED
https://immigratetobrazil.com/countries/central-african-republic/,countries/central-african-republic/index.html,PRESERVED — COUNTRY EVIDENCE REQUIRED — conditional editorial draft,CONSISTENT ORGANIZATION DESCRIPTION,PRESERVED,NOT DEPLOYED
https://immigratetobrazil.com/countries/chad/,countries/chad/index.html,PRESERVED — COUNTRY EVIDENCE REQUIRED — conditional editorial draft,CONSISTENT ORGANIZATION DESCRIPTION,PRESERVED,NOT DEPLOYED
https://immigratetobrazil.com/countries/chile/,countries/chile/index.html,PRESERVED — COUNTRY EVIDENCE REQUIRED — conditional editorial draft,CONSISTENT ORGANIZATION DESCRIPTION,PRESERVED,NOT DEPLOYED
https://immigratetobrazil.com/countries/china/,countries/china/index.html,PRESERVED — COUNTRY EVIDENCE REQUIRED — conditional editorial draft,CONSISTENT ORGANIZATION DESCRIPTION,PRESERVED,NOT DEPLOYED
https://immigratetobrazil.com/countries/colombia/,countries/colombia/index.html,PRESERVED — COUNTRY EVIDENCE REQUIRED — conditional editorial draft,CONSISTENT ORGANIZATION DESCRIPTION,PRESERVED,NOT DEPLOYED
https://immigratetobrazil.com/countries/comoros/,countries/comoros/index.html,PRESERVED — COUNTRY EVIDENCE REQUIRED — conditional editorial draft,CONSISTENT ORGANIZATION DESCRIPTION,PRESERVED,NOT DEPLOYED
https://immigratetobrazil.com/countries/congo-democratic-republic-of-the-congo/,countries/congo-democratic-republic-of-the-congo/index.html,PRESERVED — COUNTRY EVIDENCE REQUIRED — conditional editorial draft,CONSISTENT ORGANIZATION DESCRIPTION,PRESERVED,NOT DEPLOYED
https://immigratetobrazil.com/countries/congo-republic-of-the-congo/,countries/congo-republic-of-the-congo/index.html,PRESERVED — COUNTRY EVIDENCE REQUIRED — conditional editorial draft,CONSISTENT ORGANIZATION DESCRIPTION,PRESERVED,NOT DEPLOYED
https://immigratetobrazil.com/countries/costa-rica/,countries/costa-rica/index.html,PRESERVED — COUNTRY EVIDENCE REQUIRED — conditional editorial draft,CONSISTENT ORGANIZATION DESCRIPTION,PRESERVED,NOT DEPLOYED
https://immigratetobrazil.com/countries/croatia/,countries/croatia/index.html,PRESERVED — COUNTRY EVIDENCE REQUIRED — conditional editorial draft,CONSISTENT ORGANIZATION DESCRIPTION,PRESERVED,NOT DEPLOYED
https://immigratetobrazil.com/countries/cuba/,countries/cuba/index.html,PRESERVED — COUNTRY EVIDENCE REQUIRED — conditional editorial draft,CONSISTENT ORGANIZATION DESCRIPTION,PRESERVED,NOT DEPLOYED
https://immigratetobrazil.com/countries/cyprus/,countries/cyprus/index.html,PRESERVED — COUNTRY EVIDENCE REQUIRED — conditional editorial draft,CONSISTENT ORGANIZATION DESCRIPTION,PRESERVED,NOT DEPLOYED
https://immigratetobrazil.com/countries/czechia/,countries/czechia/index.html,PRESERVED — COUNTRY EVIDENCE REQUIRED — conditional editorial draft,CONSISTENT ORGANIZATION DESCRIPTION,PRESERVED,NOT DEPLOYED
https://immigratetobrazil.com/countries/denmark/,countries/denmark/index.html,PRESERVED — COUNTRY EVIDENCE REQUIRED — conditional editorial draft,CONSISTENT ORGANIZATION DESCRIPTION,PRESERVED,NOT DEPLOYED
https://immigratetobrazil.com/countries/djibouti/,countries/djibouti/index.html,PRESERVED — COUNTRY EVIDENCE REQUIRED — conditional editorial draft,CONSISTENT ORGANIZATION DESCRIPTION,PRESERVED,NOT DEPLOYED
https://immigratetobrazil.com/countries/dominica/,countries/dominica/index.html,PRESERVED — COUNTRY EVIDENCE REQUIRED — conditional editorial draft,CONSISTENT ORGANIZATION DESCRIPTION,PRESERVED,NOT DEPLOYED
https://immigratetobrazil.com/countries/dominican-republic/,countries/dominican-republic/index.html,PRESERVED — COUNTRY EVIDENCE REQUIRED — conditional editorial draft,CONSISTENT ORGANIZATION DESCRIPTION,PRESERVED,NOT DEPLOYED
https://immigratetobrazil.com/countries/ecuador/,countries/ecuador/index.html,PRESERVED — COUNTRY EVIDENCE REQUIRED — conditional editorial draft,CONSISTENT ORGANIZATION DESCRIPTION,PRESERVED,NOT DEPLOYED
https://immigratetobrazil.com/countries/egypt/,countries/egypt/index.html,PRESERVED — COUNTRY EVIDENCE REQUIRED — conditional editorial draft,CONSISTENT ORGANIZATION DESCRIPTION,PRESERVED,NOT DEPLOYED
https://immigratetobrazil.com/countries/el-salvador/,countries/el-salvador/index.html,PRESERVED — COUNTRY EVIDENCE REQUIRED — conditional editorial draft,CONSISTENT ORGANIZATION DESCRIPTION,PRESERVED,NOT DEPLOYED
https://immigratetobrazil.com/countries/equatorial-guinea/,countries/equatorial-guinea/index.html,PRESERVED — COUNTRY EVIDENCE REQUIRED — conditional editorial draft,CONSISTENT ORGANIZATION DESCRIPTION,PRESERVED,NOT DEPLOYED
https://immigratetobrazil.com/countries/eritrea/,countries/eritrea/index.html,PRESERVED — COUNTRY EVIDENCE REQUIRED — conditional editorial draft,CONSISTENT ORGANIZATION DESCRIPTION,PRESERVED,NOT DEPLOYED
https://immigratetobrazil.com/countries/estonia/,countries/estonia/index.html,PRESERVED — COUNTRY EVIDENCE REQUIRED — conditional editorial draft,CONSISTENT ORGANIZATION DESCRIPTION,PRESERVED,NOT DEPLOYED
https://immigratetobrazil.com/countries/eswatini/,countries/eswatini/index.html,PRESERVED — COUNTRY EVIDENCE REQUIRED — conditional editorial draft,CONSISTENT ORGANIZATION DESCRIPTION,PRESERVED,NOT DEPLOYED
https://immigratetobrazil.com/countries/ethiopia/,countries/ethiopia/index.html,PRESERVED — COUNTRY EVIDENCE REQUIRED — conditional editorial draft,CONSISTENT ORGANIZATION DESCRIPTION,PRESERVED,NOT DEPLOYED
https://immigratetobrazil.com/countries/fiji/,countries/fiji/index.html,PRESERVED — COUNTRY EVIDENCE REQUIRED — conditional editorial draft,CONSISTENT ORGANIZATION DESCRIPTION,PRESERVED,NOT DEPLOYED
https://immigratetobrazil.com/countries/finland/,countries/finland/index.html,PRESERVED — COUNTRY EVIDENCE REQUIRED — conditional editorial draft,CONSISTENT ORGANIZATION DESCRIPTION,PRESERVED,NOT DEPLOYED
https://immigratetobrazil.com/countries/france/,countries/france/index.html,PRESERVED — COUNTRY EVIDENCE REQUIRED — conditional editorial draft,CONSISTENT ORGANIZATION DESCRIPTION,PRESERVED,NOT DEPLOYED
https://immigratetobrazil.com/countries/gabon/,countries/gabon/index.html,PRESERVED — COUNTRY EVIDENCE REQUIRED — conditional editorial draft,CONSISTENT ORGANIZATION DESCRIPTION,PRESERVED,NOT DEPLOYED
https://immigratetobrazil.com/countries/gambia/,countries/gambia/index.html,PRESERVED — COUNTRY EVIDENCE REQUIRED — conditional editorial draft,CONSISTENT ORGANIZATION DESCRIPTION,PRESERVED,NOT DEPLOYED
https://immigratetobrazil.com/countries/georgia/,countries/georgia/index.html,PRESERVED — COUNTRY EVIDENCE REQUIRED — conditional editorial draft,CONSISTENT ORGANIZATION DESCRIPTION,PRESERVED,NOT DEPLOYED
https://immigratetobrazil.com/countries/germany/,countries/germany/index.html,PRESERVED — COUNTRY EVIDENCE REQUIRED — conditional editorial draft,CONSISTENT ORGANIZATION DESCRIPTION,PRESERVED,NOT DEPLOYED
https://immigratetobrazil.com/countries/ghana/,countries/ghana/index.html,PRESERVED — COUNTRY EVIDENCE REQUIRED — conditional editorial draft,CONSISTENT ORGANIZATION DESCRIPTION,PRESERVED,NOT DEPLOYED
https://immigratetobrazil.com/countries/greece/,countries/greece/index.html,PRESERVED — COUNTRY EVIDENCE REQUIRED — conditional editorial draft,CONSISTENT ORGANIZATION DESCRIPTION,PRESERVED,NOT DEPLOYED
https://immigratetobrazil.com/countries/grenada/,countries/grenada/index.html,PRESERVED — COUNTRY EVIDENCE REQUIRED — conditional editorial draft,CONSISTENT ORGANIZATION DESCRIPTION,PRESERVED,NOT DEPLOYED
https://immigratetobrazil.com/countries/guatemala/,countries/guatemala/index.html,PRESERVED — COUNTRY EVIDENCE REQUIRED — conditional editorial draft,CONSISTENT ORGANIZATION DESCRIPTION,PRESERVED,NOT DEPLOYED
https://immigratetobrazil.com/countries/guinea-bissau/,countries/guinea-bissau/index.html,PRESERVED — COUNTRY EVIDENCE REQUIRED — conditional editorial draft,CONSISTENT ORGANIZATION DESCRIPTION,PRESERVED,NOT DEPLOYED
https://immigratetobrazil.com/countries/guinea/,countries/guinea/index.html,PRESERVED — COUNTRY EVIDENCE REQUIRED — conditional editorial draft,CONSISTENT ORGANIZATION DESCRIPTION,PRESERVED,NOT DEPLOYED
https://immigratetobrazil.com/countries/guyana/,countries/guyana/index.html,PRESERVED — COUNTRY EVIDENCE REQUIRED — conditional editorial draft,CONSISTENT ORGANIZATION DESCRIPTION,PRESERVED,NOT DEPLOYED
https://immigratetobrazil.com/countries/haiti/,countries/haiti/index.html,PRESERVED — COUNTRY EVIDENCE REQUIRED — conditional editorial draft,CONSISTENT ORGANIZATION DESCRIPTION,PRESERVED,NOT DEPLOYED
https://immigratetobrazil.com/countries/honduras/,countries/honduras/index.html,PRESERVED — COUNTRY EVIDENCE REQUIRED — conditional editorial draft,CONSISTENT ORGANIZATION DESCRIPTION,PRESERVED,NOT DEPLOYED
https://immigratetobrazil.com/countries/hungary/,countries/hungary/index.html,PRESERVED — COUNTRY EVIDENCE REQUIRED — conditional editorial draft,CONSISTENT ORGANIZATION DESCRIPTION,PRESERVED,NOT DEPLOYED
https://immigratetobrazil.com/countries/iceland/,countries/iceland/index.html,PRESERVED — COUNTRY EVIDENCE REQUIRED — conditional editorial draft,CONSISTENT ORGANIZATION DESCRIPTION,PRESERVED,NOT DEPLOYED
https://immigratetobrazil.com/countries/india/,countries/india/index.html,PRESERVED — COUNTRY EVIDENCE REQUIRED — conditional editorial draft,CONSISTENT ORGANIZATION DESCRIPTION,PRESERVED,NOT DEPLOYED
https://immigratetobrazil.com/countries/indonesia/,countries/indonesia/index.html,PRESERVED — COUNTRY EVIDENCE REQUIRED — conditional editorial draft,CONSISTENT ORGANIZATION DESCRIPTION,PRESERVED,NOT DEPLOYED
https://immigratetobrazil.com/countries/iran/,countries/iran/index.html,PRESERVED — COUNTRY EVIDENCE REQUIRED — conditional editorial draft,CONSISTENT ORGANIZATION DESCRIPTION,PRESERVED,NOT DEPLOYED
https://immigratetobrazil.com/countries/iraq/,countries/iraq/index.html,PRESERVED — COUNTRY EVIDENCE REQUIRED — conditional editorial draft,CONSISTENT ORGANIZATION DESCRIPTION,PRESERVED,NOT DEPLOYED
https://immigratetobrazil.com/countries/ireland/,countries/ireland/index.html,PRESERVED — COUNTRY EVIDENCE REQUIRED — conditional editorial draft,CONSISTENT ORGANIZATION DESCRIPTION,PRESERVED,NOT DEPLOYED
https://immigratetobrazil.com/countries/israel/,countries/israel/index.html,PRESERVED — COUNTRY EVIDENCE REQUIRED — conditional editorial draft,CONSISTENT ORGANIZATION DESCRIPTION,PRESERVED,NOT DEPLOYED
https://immigratetobrazil.com/countries/italy/,countries/italy/index.html,PRESERVED — COUNTRY EVIDENCE REQUIRED — conditional editorial draft,CONSISTENT ORGANIZATION DESCRIPTION,PRESERVED,NOT DEPLOYED
https://immigratetobrazil.com/countries/jamaica/,countries/jamaica/index.html,PRESERVED — COUNTRY EVIDENCE REQUIRED — conditional editorial draft,CONSISTENT ORGANIZATION DESCRIPTION,PRESERVED,NOT DEPLOYED
https://immigratetobrazil.com/countries/japan/,countries/japan/index.html,PRESERVED — COUNTRY EVIDENCE REQUIRED — conditional editorial draft,CONSISTENT ORGANIZATION DESCRIPTION,PRESERVED,NOT DEPLOYED
https://immigratetobrazil.com/countries/jordan/,countries/jordan/index.html,PRESERVED — COUNTRY EVIDENCE REQUIRED — conditional editorial draft,CONSISTENT ORGANIZATION DESCRIPTION,PRESERVED,NOT DEPLOYED
https://immigratetobrazil.com/countries/kazakhstan/,countries/kazakhstan/index.html,PRESERVED — COUNTRY EVIDENCE REQUIRED — conditional editorial draft,CONSISTENT ORGANIZATION DESCRIPTION,PRESERVED,NOT DEPLOYED
https://immigratetobrazil.com/countries/kenya/,countries/kenya/index.html,PRESERVED — COUNTRY EVIDENCE REQUIRED — conditional editorial draft,CONSISTENT ORGANIZATION DESCRIPTION,PRESERVED,NOT DEPLOYED
https://immigratetobrazil.com/countries/kiribati/,countries/kiribati/index.html,PRESERVED — COUNTRY EVIDENCE REQUIRED — conditional editorial draft,CONSISTENT ORGANIZATION DESCRIPTION,PRESERVED,NOT DEPLOYED
https://immigratetobrazil.com/countries/kuwait/,countries/kuwait/index.html,PRESERVED — COUNTRY EVIDENCE REQUIRED — conditional editorial draft,CONSISTENT ORGANIZATION DESCRIPTION,PRESERVED,NOT DEPLOYED
https://immigratetobrazil.com/countries/kyrgyzstan/,countries/kyrgyzstan/index.html,PRESERVED — COUNTRY EVIDENCE REQUIRED — conditional editorial draft,CONSISTENT ORGANIZATION DESCRIPTION,PRESERVED,NOT DEPLOYED
https://immigratetobrazil.com/countries/laos/,countries/laos/index.html,PRESERVED — COUNTRY EVIDENCE REQUIRED — conditional editorial draft,CONSISTENT ORGANIZATION DESCRIPTION,PRESERVED,NOT DEPLOYED
https://immigratetobrazil.com/countries/latvia/,countries/latvia/index.html,PRESERVED — COUNTRY EVIDENCE REQUIRED — conditional editorial draft,CONSISTENT ORGANIZATION DESCRIPTION,PRESERVED,NOT DEPLOYED
https://immigratetobrazil.com/countries/lebanon/,countries/lebanon/index.html,PRESERVED — COUNTRY EVIDENCE REQUIRED — conditional editorial draft,CONSISTENT ORGANIZATION DESCRIPTION,PRESERVED,NOT DEPLOYED
https://immigratetobrazil.com/countries/lesotho/,countries/lesotho/index.html,PRESERVED — COUNTRY EVIDENCE REQUIRED — conditional editorial draft,CONSISTENT ORGANIZATION DESCRIPTION,PRESERVED,NOT DEPLOYED
https://immigratetobrazil.com/countries/liberia/,countries/liberia/index.html,PRESERVED — COUNTRY EVIDENCE REQUIRED — conditional editorial draft,CONSISTENT ORGANIZATION DESCRIPTION,PRESERVED,NOT DEPLOYED
https://immigratetobrazil.com/countries/libya/,countries/libya/index.html,PRESERVED — COUNTRY EVIDENCE REQUIRED — conditional editorial draft,CONSISTENT ORGANIZATION DESCRIPTION,PRESERVED,NOT DEPLOYED
https://immigratetobrazil.com/countries/liechtenstein/,countries/liechtenstein/index.html,PRESERVED — COUNTRY EVIDENCE REQUIRED — conditional editorial draft,CONSISTENT ORGANIZATION DESCRIPTION,PRESERVED,NOT DEPLOYED
https://immigratetobrazil.com/countries/lithuania/,countries/lithuania/index.html,PRESERVED — COUNTRY EVIDENCE REQUIRED — conditional editorial draft,CONSISTENT ORGANIZATION DESCRIPTION,PRESERVED,NOT DEPLOYED
https://immigratetobrazil.com/countries/luxembourg/,countries/luxembourg/index.html,PRESERVED — COUNTRY EVIDENCE REQUIRED — conditional editorial draft,CONSISTENT ORGANIZATION DESCRIPTION,PRESERVED,NOT DEPLOYED
https://immigratetobrazil.com/countries/madagascar/,countries/madagascar/index.html,PRESERVED — COUNTRY EVIDENCE REQUIRED — conditional editorial draft,CONSISTENT ORGANIZATION DESCRIPTION,PRESERVED,NOT DEPLOYED
https://immigratetobrazil.com/countries/malawi/,countries/malawi/index.html,PRESERVED — COUNTRY EVIDENCE REQUIRED — conditional editorial draft,CONSISTENT ORGANIZATION DESCRIPTION,PRESERVED,NOT DEPLOYED
https://immigratetobrazil.com/countries/malaysia/,countries/malaysia/index.html,PRESERVED — COUNTRY EVIDENCE REQUIRED — conditional editorial draft,CONSISTENT ORGANIZATION DESCRIPTION,PRESERVED,NOT DEPLOYED
https://immigratetobrazil.com/countries/maldives/,countries/maldives/index.html,PRESERVED — COUNTRY EVIDENCE REQUIRED — conditional editorial draft,CONSISTENT ORGANIZATION DESCRIPTION,PRESERVED,NOT DEPLOYED
https://immigratetobrazil.com/countries/mali/,countries/mali/index.html,PRESERVED — COUNTRY EVIDENCE REQUIRED — conditional editorial draft,CONSISTENT ORGANIZATION DESCRIPTION,PRESERVED,NOT DEPLOYED
https://immigratetobrazil.com/countries/malta/,countries/malta/index.html,PRESERVED — COUNTRY EVIDENCE REQUIRED — conditional editorial draft,CONSISTENT ORGANIZATION DESCRIPTION,PRESERVED,NOT DEPLOYED
https://immigratetobrazil.com/countries/marshall-islands/,countries/marshall-islands/index.html,PRESERVED — COUNTRY EVIDENCE REQUIRED — conditional editorial draft,CONSISTENT ORGANIZATION DESCRIPTION,PRESERVED,NOT DEPLOYED
https://immigratetobrazil.com/countries/mauritania/,countries/mauritania/index.html,PRESERVED — COUNTRY EVIDENCE REQUIRED — conditional editorial draft,CONSISTENT ORGANIZATION DESCRIPTION,PRESERVED,NOT DEPLOYED
https://immigratetobrazil.com/countries/mauritius/,countries/mauritius/index.html,PRESERVED — COUNTRY EVIDENCE REQUIRED — conditional editorial draft,CONSISTENT ORGANIZATION DESCRIPTION,PRESERVED,NOT DEPLOYED
https://immigratetobrazil.com/countries/mexico/,countries/mexico/index.html,PRESERVED — COUNTRY EVIDENCE REQUIRED — conditional editorial draft,CONSISTENT ORGANIZATION DESCRIPTION,PRESERVED,NOT DEPLOYED
https://immigratetobrazil.com/countries/micronesia/,countries/micronesia/index.html,PRESERVED — COUNTRY EVIDENCE REQUIRED — conditional editorial draft,CONSISTENT ORGANIZATION DESCRIPTION,PRESERVED,NOT DEPLOYED
https://immigratetobrazil.com/countries/moldova/,countries/moldova/index.html,PRESERVED — COUNTRY EVIDENCE REQUIRED — conditional editorial draft,CONSISTENT ORGANIZATION DESCRIPTION,PRESERVED,NOT DEPLOYED
https://immigratetobrazil.com/countries/monaco/,countries/monaco/index.html,PRESERVED — COUNTRY EVIDENCE REQUIRED — conditional editorial draft,CONSISTENT ORGANIZATION DESCRIPTION,PRESERVED,NOT DEPLOYED
https://immigratetobrazil.com/countries/mongolia/,countries/mongolia/index.html,PRESERVED — COUNTRY EVIDENCE REQUIRED — conditional editorial draft,CONSISTENT ORGANIZATION DESCRIPTION,PRESERVED,NOT DEPLOYED
https://immigratetobrazil.com/countries/montenegro/,countries/montenegro/index.html,PRESERVED — COUNTRY EVIDENCE REQUIRED — conditional editorial draft,CONSISTENT ORGANIZATION DESCRIPTION,PRESERVED,NOT DEPLOYED
https://immigratetobrazil.com/countries/morocco/,countries/morocco/index.html,PRESERVED — COUNTRY EVIDENCE REQUIRED — conditional editorial draft,CONSISTENT ORGANIZATION DESCRIPTION,PRESERVED,NOT DEPLOYED
https://immigratetobrazil.com/countries/mozambique/,countries/mozambique/index.html,PRESERVED — COUNTRY EVIDENCE REQUIRED — conditional editorial draft,CONSISTENT ORGANIZATION DESCRIPTION,PRESERVED,NOT DEPLOYED
https://immigratetobrazil.com/countries/myanmar/,countries/myanmar/index.html,PRESERVED — COUNTRY EVIDENCE REQUIRED — conditional editorial draft,CONSISTENT ORGANIZATION DESCRIPTION,PRESERVED,NOT DEPLOYED
https://immigratetobrazil.com/countries/namibia/,countries/namibia/index.html,PRESERVED — COUNTRY EVIDENCE REQUIRED — conditional editorial draft,CONSISTENT ORGANIZATION DESCRIPTION,PRESERVED,NOT DEPLOYED
https://immigratetobrazil.com/countries/nauru/,countries/nauru/index.html,PRESERVED — COUNTRY EVIDENCE REQUIRED — conditional editorial draft,CONSISTENT ORGANIZATION DESCRIPTION,PRESERVED,NOT DEPLOYED
https://immigratetobrazil.com/countries/nepal/,countries/nepal/index.html,PRESERVED — COUNTRY EVIDENCE REQUIRED — conditional editorial draft,CONSISTENT ORGANIZATION DESCRIPTION,PRESERVED,NOT DEPLOYED
https://immigratetobrazil.com/countries/netherlands/,countries/netherlands/index.html,PRESERVED — COUNTRY EVIDENCE REQUIRED — conditional editorial draft,CONSISTENT ORGANIZATION DESCRIPTION,PRESERVED,NOT DEPLOYED
https://immigratetobrazil.com/countries/new-zealand/,countries/new-zealand/index.html,PRESERVED — COUNTRY EVIDENCE REQUIRED — conditional editorial draft,CONSISTENT ORGANIZATION DESCRIPTION,PRESERVED,NOT DEPLOYED
https://immigratetobrazil.com/countries/nicaragua/,countries/nicaragua/index.html,PRESERVED — COUNTRY EVIDENCE REQUIRED — conditional editorial draft,CONSISTENT ORGANIZATION DESCRIPTION,PRESERVED,NOT DEPLOYED
https://immigratetobrazil.com/countries/niger/,countries/niger/index.html,PRESERVED — COUNTRY EVIDENCE REQUIRED — conditional editorial draft,CONSISTENT ORGANIZATION DESCRIPTION,PRESERVED,NOT DEPLOYED
https://immigratetobrazil.com/countries/nigeria/,countries/nigeria/index.html,PRESERVED — COUNTRY EVIDENCE REQUIRED — conditional editorial draft,CONSISTENT ORGANIZATION DESCRIPTION,PRESERVED,NOT DEPLOYED
https://immigratetobrazil.com/countries/north-korea/,countries/north-korea/index.html,PRESERVED — COUNTRY EVIDENCE REQUIRED — conditional editorial draft,CONSISTENT ORGANIZATION DESCRIPTION,PRESERVED,NOT DEPLOYED
https://immigratetobrazil.com/countries/north-macedonia/,countries/north-macedonia/index.html,PRESERVED — COUNTRY EVIDENCE REQUIRED — conditional editorial draft,CONSISTENT ORGANIZATION DESCRIPTION,PRESERVED,NOT DEPLOYED
https://immigratetobrazil.com/countries/norway/,countries/norway/index.html,PRESERVED — COUNTRY EVIDENCE REQUIRED — conditional editorial draft,CONSISTENT ORGANIZATION DESCRIPTION,PRESERVED,NOT DEPLOYED
https://immigratetobrazil.com/countries/oman/,countries/oman/index.html,PRESERVED — COUNTRY EVIDENCE REQUIRED — conditional editorial draft,CONSISTENT ORGANIZATION DESCRIPTION,PRESERVED,NOT DEPLOYED
https://immigratetobrazil.com/countries/pakistan/,countries/pakistan/index.html,PRESERVED — COUNTRY EVIDENCE REQUIRED — conditional editorial draft,CONSISTENT ORGANIZATION DESCRIPTION,PRESERVED,NOT DEPLOYED
https://immigratetobrazil.com/countries/palau/,countries/palau/index.html,PRESERVED — COUNTRY EVIDENCE REQUIRED — conditional editorial draft,CONSISTENT ORGANIZATION DESCRIPTION,PRESERVED,NOT DEPLOYED
https://immigratetobrazil.com/countries/palestine/,countries/palestine/index.html,PRESERVED — COUNTRY EVIDENCE REQUIRED — conditional editorial draft,CONSISTENT ORGANIZATION DESCRIPTION,PRESERVED,NOT DEPLOYED
https://immigratetobrazil.com/countries/panama/,countries/panama/index.html,PRESERVED — COUNTRY EVIDENCE REQUIRED — conditional editorial draft,CONSISTENT ORGANIZATION DESCRIPTION,PRESERVED,NOT DEPLOYED
https://immigratetobrazil.com/countries/papua-new-guinea/,countries/papua-new-guinea/index.html,PRESERVED — COUNTRY EVIDENCE REQUIRED — conditional editorial draft,CONSISTENT ORGANIZATION DESCRIPTION,PRESERVED,NOT DEPLOYED
https://immigratetobrazil.com/countries/paraguay/,countries/paraguay/index.html,PRESERVED — COUNTRY EVIDENCE REQUIRED — conditional editorial draft,CONSISTENT ORGANIZATION DESCRIPTION,PRESERVED,NOT DEPLOYED
https://immigratetobrazil.com/countries/peru/,countries/peru/index.html,PRESERVED — COUNTRY EVIDENCE REQUIRED — conditional editorial draft,CONSISTENT ORGANIZATION DESCRIPTION,PRESERVED,NOT DEPLOYED
https://immigratetobrazil.com/countries/philippines/,countries/philippines/index.html,PRESERVED — COUNTRY EVIDENCE REQUIRED — conditional editorial draft,CONSISTENT ORGANIZATION DESCRIPTION,PRESERVED,NOT DEPLOYED
https://immigratetobrazil.com/countries/poland/,countries/poland/index.html,PRESERVED — COUNTRY EVIDENCE REQUIRED — conditional editorial draft,CONSISTENT ORGANIZATION DESCRIPTION,PRESERVED,NOT DEPLOYED
https://immigratetobrazil.com/countries/portugal/,countries/portugal/index.html,PRESERVED — COUNTRY EVIDENCE REQUIRED — conditional editorial draft,CONSISTENT ORGANIZATION DESCRIPTION,PRESERVED,NOT DEPLOYED
https://immigratetobrazil.com/countries/qatar/,countries/qatar/index.html,PRESERVED — COUNTRY EVIDENCE REQUIRED — conditional editorial draft,CONSISTENT ORGANIZATION DESCRIPTION,PRESERVED,NOT DEPLOYED
https://immigratetobrazil.com/countries/romania/,countries/romania/index.html,PRESERVED — COUNTRY EVIDENCE REQUIRED — conditional editorial draft,CONSISTENT ORGANIZATION DESCRIPTION,PRESERVED,NOT DEPLOYED
https://immigratetobrazil.com/countries/russia/,countries/russia/index.html,PRESERVED — COUNTRY EVIDENCE REQUIRED — conditional editorial draft,CONSISTENT ORGANIZATION DESCRIPTION,PRESERVED,NOT DEPLOYED
https://immigratetobrazil.com/countries/rwanda/,countries/rwanda/index.html,PRESERVED — COUNTRY EVIDENCE REQUIRED — conditional editorial draft,CONSISTENT ORGANIZATION DESCRIPTION,PRESERVED,NOT DEPLOYED
https://immigratetobrazil.com/countries/saint-kitts-and-nevis/,countries/saint-kitts-and-nevis/index.html,PRESERVED — COUNTRY EVIDENCE REQUIRED — conditional editorial draft,CONSISTENT ORGANIZATION DESCRIPTION,PRESERVED,NOT DEPLOYED
https://immigratetobrazil.com/countries/saint-lucia/,countries/saint-lucia/index.html,PRESERVED — COUNTRY EVIDENCE REQUIRED — conditional editorial draft,CONSISTENT ORGANIZATION DESCRIPTION,PRESERVED,NOT DEPLOYED
https://immigratetobrazil.com/countries/saint-vincent-and-the-grenadines/,countries/saint-vincent-and-the-grenadines/index.html,PRESERVED — COUNTRY EVIDENCE REQUIRED — conditional editorial draft,CONSISTENT ORGANIZATION DESCRIPTION,PRESERVED,NOT DEPLOYED
https://immigratetobrazil.com/countries/samoa/,countries/samoa/index.html,PRESERVED — COUNTRY EVIDENCE REQUIRED — conditional editorial draft,CONSISTENT ORGANIZATION DESCRIPTION,PRESERVED,NOT DEPLOYED
https://immigratetobrazil.com/countries/san-marino/,countries/san-marino/index.html,PRESERVED — COUNTRY EVIDENCE REQUIRED — conditional editorial draft,CONSISTENT ORGANIZATION DESCRIPTION,PRESERVED,NOT DEPLOYED
https://immigratetobrazil.com/countries/sao-tome-and-principe/,countries/sao-tome-and-principe/index.html,PRESERVED — COUNTRY EVIDENCE REQUIRED — conditional editorial draft,CONSISTENT ORGANIZATION DESCRIPTION,PRESERVED,NOT DEPLOYED
https://immigratetobrazil.com/countries/saudi-arabia/,countries/saudi-arabia/index.html,PRESERVED — COUNTRY EVIDENCE REQUIRED — conditional editorial draft,CONSISTENT ORGANIZATION DESCRIPTION,PRESERVED,NOT DEPLOYED
https://immigratetobrazil.com/countries/senegal/,countries/senegal/index.html,PRESERVED — COUNTRY EVIDENCE REQUIRED — conditional editorial draft,CONSISTENT ORGANIZATION DESCRIPTION,PRESERVED,NOT DEPLOYED
https://immigratetobrazil.com/countries/serbia/,countries/serbia/index.html,PRESERVED — COUNTRY EVIDENCE REQUIRED — conditional editorial draft,CONSISTENT ORGANIZATION DESCRIPTION,PRESERVED,NOT DEPLOYED
https://immigratetobrazil.com/countries/seychelles/,countries/seychelles/index.html,PRESERVED — COUNTRY EVIDENCE REQUIRED — conditional editorial draft,CONSISTENT ORGANIZATION DESCRIPTION,PRESERVED,NOT DEPLOYED
https://immigratetobrazil.com/countries/sierra-leone/,countries/sierra-leone/index.html,PRESERVED — COUNTRY EVIDENCE REQUIRED — conditional editorial draft,CONSISTENT ORGANIZATION DESCRIPTION,PRESERVED,NOT DEPLOYED
https://immigratetobrazil.com/countries/singapore/,countries/singapore/index.html,PRESERVED — COUNTRY EVIDENCE REQUIRED — conditional editorial draft,CONSISTENT ORGANIZATION DESCRIPTION,PRESERVED,NOT DEPLOYED
https://immigratetobrazil.com/countries/slovakia/,countries/slovakia/index.html,PRESERVED — COUNTRY EVIDENCE REQUIRED — conditional editorial draft,CONSISTENT ORGANIZATION DESCRIPTION,PRESERVED,NOT DEPLOYED
https://immigratetobrazil.com/countries/slovenia/,countries/slovenia/index.html,PRESERVED — COUNTRY EVIDENCE REQUIRED — conditional editorial draft,CONSISTENT ORGANIZATION DESCRIPTION,PRESERVED,NOT DEPLOYED
https://immigratetobrazil.com/countries/solomon-islands/,countries/solomon-islands/index.html,PRESERVED — COUNTRY EVIDENCE REQUIRED — conditional editorial draft,CONSISTENT ORGANIZATION DESCRIPTION,PRESERVED,NOT DEPLOYED
https://immigratetobrazil.com/countries/somalia/,countries/somalia/index.html,PRESERVED — COUNTRY EVIDENCE REQUIRED — conditional editorial draft,CONSISTENT ORGANIZATION DESCRIPTION,PRESERVED,NOT DEPLOYED
https://immigratetobrazil.com/countries/south-africa/,countries/south-africa/index.html,PRESERVED — COUNTRY EVIDENCE REQUIRED — conditional editorial draft,CONSISTENT ORGANIZATION DESCRIPTION,PRESERVED,NOT DEPLOYED
https://immigratetobrazil.com/countries/south-korea/,countries/south-korea/index.html,PRESERVED — COUNTRY EVIDENCE REQUIRED — conditional editorial draft,CONSISTENT ORGANIZATION DESCRIPTION,PRESERVED,NOT DEPLOYED
https://immigratetobrazil.com/countries/south-sudan/,countries/south-sudan/index.html,PRESERVED — COUNTRY EVIDENCE REQUIRED — conditional editorial draft,CONSISTENT ORGANIZATION DESCRIPTION,PRESERVED,NOT DEPLOYED
https://immigratetobrazil.com/countries/spain/,countries/spain/index.html,PRESERVED — COUNTRY EVIDENCE REQUIRED — conditional editorial draft,CONSISTENT ORGANIZATION DESCRIPTION,PRESERVED,NOT DEPLOYED
https://immigratetobrazil.com/countries/sri-lanka/,countries/sri-lanka/index.html,PRESERVED — COUNTRY EVIDENCE REQUIRED — conditional editorial draft,CONSISTENT ORGANIZATION DESCRIPTION,PRESERVED,NOT DEPLOYED
https://immigratetobrazil.com/countries/sudan/,countries/sudan/index.html,PRESERVED — COUNTRY EVIDENCE REQUIRED — conditional editorial draft,CONSISTENT ORGANIZATION DESCRIPTION,PRESERVED,NOT DEPLOYED
https://immigratetobrazil.com/countries/suriname/,countries/suriname/index.html,PRESERVED — COUNTRY EVIDENCE REQUIRED — conditional editorial draft,CONSISTENT ORGANIZATION DESCRIPTION,PRESERVED,NOT DEPLOYED
https://immigratetobrazil.com/countries/sweden/,countries/sweden/index.html,PRESERVED — COUNTRY EVIDENCE REQUIRED — conditional editorial draft,CONSISTENT ORGANIZATION DESCRIPTION,PRESERVED,NOT DEPLOYED
https://immigratetobrazil.com/countries/switzerland/,countries/switzerland/index.html,PRESERVED — COUNTRY EVIDENCE REQUIRED — conditional editorial draft,CONSISTENT ORGANIZATION DESCRIPTION,PRESERVED,NOT DEPLOYED
https://immigratetobrazil.com/countries/syria/,countries/syria/index.html,PRESERVED — COUNTRY EVIDENCE REQUIRED — conditional editorial draft,CONSISTENT ORGANIZATION DESCRIPTION,PRESERVED,NOT DEPLOYED
https://immigratetobrazil.com/countries/tajikistan/,countries/tajikistan/index.html,PRESERVED — COUNTRY EVIDENCE REQUIRED — conditional editorial draft,CONSISTENT ORGANIZATION DESCRIPTION,PRESERVED,NOT DEPLOYED
https://immigratetobrazil.com/countries/tanzania/,countries/tanzania/index.html,PRESERVED — COUNTRY EVIDENCE REQUIRED — conditional editorial draft,CONSISTENT ORGANIZATION DESCRIPTION,PRESERVED,NOT DEPLOYED
https://immigratetobrazil.com/countries/thailand/,countries/thailand/index.html,PRESERVED — COUNTRY EVIDENCE REQUIRED — conditional editorial draft,CONSISTENT ORGANIZATION DESCRIPTION,PRESERVED,NOT DEPLOYED
https://immigratetobrazil.com/countries/timor-leste/,countries/timor-leste/index.html,PRESERVED — COUNTRY EVIDENCE REQUIRED — conditional editorial draft,CONSISTENT ORGANIZATION DESCRIPTION,PRESERVED,NOT DEPLOYED
https://immigratetobrazil.com/countries/togo/,countries/togo/index.html,PRESERVED — COUNTRY EVIDENCE REQUIRED — conditional editorial draft,CONSISTENT ORGANIZATION DESCRIPTION,PRESERVED,NOT DEPLOYED
https://immigratetobrazil.com/countries/tonga/,countries/tonga/index.html,PRESERVED — COUNTRY EVIDENCE REQUIRED — conditional editorial draft,CONSISTENT ORGANIZATION DESCRIPTION,PRESERVED,NOT DEPLOYED
https://immigratetobrazil.com/countries/trinidad-and-tobago/,countries/trinidad-and-tobago/index.html,PRESERVED — COUNTRY EVIDENCE REQUIRED — conditional editorial draft,CONSISTENT ORGANIZATION DESCRIPTION,PRESERVED,NOT DEPLOYED
https://immigratetobrazil.com/countries/tunisia/,countries/tunisia/index.html,PRESERVED — COUNTRY EVIDENCE REQUIRED — conditional editorial draft,CONSISTENT ORGANIZATION DESCRIPTION,PRESERVED,NOT DEPLOYED
https://immigratetobrazil.com/countries/turkey/,countries/turkey/index.html,PRESERVED — COUNTRY EVIDENCE REQUIRED — conditional editorial draft,CONSISTENT ORGANIZATION DESCRIPTION,PRESERVED,NOT DEPLOYED
https://immigratetobrazil.com/countries/turkmenistan/,countries/turkmenistan/index.html,PRESERVED — COUNTRY EVIDENCE REQUIRED — conditional editorial draft,CONSISTENT ORGANIZATION DESCRIPTION,PRESERVED,NOT DEPLOYED
https://immigratetobrazil.com/countries/tuvalu/,countries/tuvalu/index.html,PRESERVED — COUNTRY EVIDENCE REQUIRED — conditional editorial draft,CONSISTENT ORGANIZATION DESCRIPTION,PRESERVED,NOT DEPLOYED
https://immigratetobrazil.com/countries/uganda/,countries/uganda/index.html,PRESERVED — COUNTRY EVIDENCE REQUIRED — conditional editorial draft,CONSISTENT ORGANIZATION DESCRIPTION,PRESERVED,NOT DEPLOYED
https://immigratetobrazil.com/countries/ukraine/,countries/ukraine/index.html,PRESERVED — COUNTRY EVIDENCE REQUIRED — conditional editorial draft,CONSISTENT ORGANIZATION DESCRIPTION,PRESERVED,NOT DEPLOYED
https://immigratetobrazil.com/countries/united-arab-emirates/,countries/united-arab-emirates/index.html,PRESERVED — COUNTRY EVIDENCE REQUIRED — conditional editorial draft,CONSISTENT ORGANIZATION DESCRIPTION,PRESERVED,NOT DEPLOYED
https://immigratetobrazil.com/countries/united-kingdom/,countries/united-kingdom/index.html,PRESERVED — COUNTRY EVIDENCE REQUIRED — conditional editorial draft,CONSISTENT ORGANIZATION DESCRIPTION,PRESERVED,NOT DEPLOYED
https://immigratetobrazil.com/countries/united-states/,countries/united-states/index.html,PRESERVED — COUNTRY EVIDENCE REQUIRED — conditional editorial draft,CONSISTENT ORGANIZATION DESCRIPTION,PRESERVED,NOT DEPLOYED
https://immigratetobrazil.com/countries/uruguay/,countries/uruguay/index.html,PRESERVED — COUNTRY EVIDENCE REQUIRED — conditional editorial draft,CONSISTENT ORGANIZATION DESCRIPTION,PRESERVED,NOT DEPLOYED
https://immigratetobrazil.com/countries/uzbekistan/,countries/uzbekistan/index.html,PRESERVED — COUNTRY EVIDENCE REQUIRED — conditional editorial draft,CONSISTENT ORGANIZATION DESCRIPTION,PRESERVED,NOT DEPLOYED
https://immigratetobrazil.com/countries/vanuatu/,countries/vanuatu/index.html,PRESERVED — COUNTRY EVIDENCE REQUIRED — conditional editorial draft,CONSISTENT ORGANIZATION DESCRIPTION,PRESERVED,NOT DEPLOYED
https://immigratetobrazil.com/countries/vatican-city/,countries/vatican-city/index.html,PRESERVED — COUNTRY EVIDENCE REQUIRED — conditional editorial draft,CONSISTENT ORGANIZATION DESCRIPTION,PRESERVED,NOT DEPLOYED
https://immigratetobrazil.com/countries/venezuela/,countries/venezuela/index.html,PRESERVED — COUNTRY EVIDENCE REQUIRED — conditional editorial draft,CONSISTENT ORGANIZATION DESCRIPTION,PRESERVED,NOT DEPLOYED
https://immigratetobrazil.com/countries/vietnam/,countries/vietnam/index.html,PRESERVED — COUNTRY EVIDENCE REQUIRED — conditional editorial draft,CONSISTENT ORGANIZATION DESCRIPTION,PRESERVED,NOT DEPLOYED
https://immigratetobrazil.com/countries/yemen/,countries/yemen/index.html,PRESERVED — COUNTRY EVIDENCE REQUIRED — conditional editorial draft,CONSISTENT ORGANIZATION DESCRIPTION,PRESERVED,NOT DEPLOYED
https://immigratetobrazil.com/countries/zambia/,countries/zambia/index.html,PRESERVED — COUNTRY EVIDENCE REQUIRED — conditional editorial draft,CONSISTENT ORGANIZATION DESCRIPTION,PRESERVED,NOT DEPLOYED
https://immigratetobrazil.com/countries/zimbabwe/,countries/zimbabwe/index.html,PRESERVED — COUNTRY EVIDENCE REQUIRED — conditional editorial draft,CONSISTENT ORGANIZATION DESCRIPTION,PRESERVED,NOT DEPLOYED
https://immigratetobrazil.com/google55d84a2211a04ae2.html,google55d84a2211a04ae2.html,PRESERVED — UTILITY — preserve verification token,NOT APPLICABLE,PRESERVED,NOT DEPLOYED
https://immigratetobrazil.com/insights/,insights/index.html,APPLIED,CONSISTENT ORGANIZATION DESCRIPTION,PRESERVED,NOT DEPLOYED
https://immigratetobrazil.com/insights/blog/,insights/blog/index.html,APPLIED,CONSISTENT ORGANIZATION DESCRIPTION,PRESERVED,NOT DEPLOYED
https://immigratetobrazil.com/insights/fyi/,insights/fyi/index.html,APPLIED,CONSISTENT ORGANIZATION DESCRIPTION,PRESERVED,NOT DEPLOYED
https://immigratetobrazil.com/insights/fyi/ant-nio-prado-rs-wins-un-tourism-seal-and-becomes-a-world-reference-the-charming/,insights/fyi/ant-nio-prado-rs-wins-un-tourism-seal-and-becomes-a-world-reference-the-charming/index.html,PRESERVED — SOURCE REVIEW REQUIRED — no publication-ready rewrite,CONSISTENT ORGANIZATION DESCRIPTION,PRESERVED,NOT DEPLOYED
https://immigratetobrazil.com/insights/fyi/ant-nio-prado-village-brazil-s-italian-heritage-gains-global-recognition-the-charming/,insights/fyi/ant-nio-prado-village-brazil-s-italian-heritage-gains-global-recognition-the-charming/index.html,PRESERVED — SOURCE REVIEW REQUIRED — no publication-ready rewrite,CONSISTENT ORGANIZATION DESCRIPTION,PRESERVED,NOT DEPLOYED
https://immigratetobrazil.com/insights/fyi/attention-what-to-avoid-in-the-airport-restricted-area-being-in-a-restricted-area-of/,insights/fyi/attention-what-to-avoid-in-the-airport-restricted-area-being-in-a-restricted-area-of/index.html,PRESERVED — SOURCE REVIEW REQUIRED — no publication-ready rewrite,CONSISTENT ORGANIZATION DESCRIPTION,PRESERVED,NOT DEPLOYED
https://immigratetobrazil.com/insights/fyi/beninese-citizenship-the-symbolic-return-of-thousands-of-afro-brazilians-to-their/,insights/fyi/beninese-citizenship-the-symbolic-return-of-thousands-of-afro-brazilians-to-their/index.html,PRESERVED — SOURCE REVIEW REQUIRED — no publication-ready rewrite,CONSISTENT ORGANIZATION DESCRIPTION,PRESERVED,NOT DEPLOYED
https://immigratetobrazil.com/insights/fyi/bomb-in-suitcase-joke-leads-passenger-to-arrest-at-bras-lia-airport-in-news-recently/,insights/fyi/bomb-in-suitcase-joke-leads-passenger-to-arrest-at-bras-lia-airport-in-news-recently/index.html,PRESERVED — SOURCE REVIEW REQUIRED — no publication-ready rewrite,CONSISTENT ORGANIZATION DESCRIPTION,PRESERVED,NOT DEPLOYED
https://immigratetobrazil.com/insights/fyi/brazil-and-india-extend-visa-validity-to-10-years-brazil-and-india-signed-a/,insights/fyi/brazil-and-india-extend-visa-validity-to-10-years-brazil-and-india-signed-a/index.html,PRESERVED — SOURCE REVIEW REQUIRED — no publication-ready rewrite,CONSISTENT ORGANIZATION DESCRIPTION,PRESERVED,NOT DEPLOYED
https://immigratetobrazil.com/insights/fyi/brazil-broadens-visitor-visa-rules-to-allow-technical-and-technology-transfer-work/,insights/fyi/brazil-broadens-visitor-visa-rules-to-allow-technical-and-technology-transfer-work/index.html,PRESERVED — SOURCE REVIEW REQUIRED — no publication-ready rewrite,CONSISTENT ORGANIZATION DESCRIPTION,PRESERVED,NOT DEPLOYED
https://immigratetobrazil.com/insights/fyi/brazil-legal-insight-from-instagram-post-2/,insights/fyi/brazil-legal-insight-from-instagram-post-2/index.html,PRESERVED — SOURCE REVIEW REQUIRED — no publication-ready rewrite,CONSISTENT ORGANIZATION DESCRIPTION,PRESERVED,NOT DEPLOYED
https://immigratetobrazil.com/insights/fyi/brazil-legal-insight-from-instagram-post-3/,insights/fyi/brazil-legal-insight-from-instagram-post-3/index.html,PRESERVED — SOURCE REVIEW REQUIRED — no publication-ready rewrite,CONSISTENT ORGANIZATION DESCRIPTION,PRESERVED,NOT DEPLOYED
https://immigratetobrazil.com/insights/fyi/brazil-legal-insight-from-instagram-post/,insights/fyi/brazil-legal-insight-from-instagram-post/index.html,PRESERVED — SOURCE REVIEW REQUIRED — no publication-ready rewrite,CONSISTENT ORGANIZATION DESCRIPTION,PRESERVED,NOT DEPLOYED
https://immigratetobrazil.com/insights/fyi/brazil-makes-the-top-10/,insights/fyi/brazil-makes-the-top-10/index.html,PRESERVED — SOURCE REVIEW REQUIRED — no publication-ready rewrite,CONSISTENT ORGANIZATION DESCRIPTION,PRESERVED,NOT DEPLOYED
https://immigratetobrazil.com/insights/fyi/brazil-s-carnival-holiday-carnival-in-brazil-is-a-vibrant-festival-that/,insights/fyi/brazil-s-carnival-holiday-carnival-in-brazil-is-a-vibrant-festival-that/index.html,PRESERVED — SOURCE REVIEW REQUIRED — no publication-ready rewrite,CONSISTENT ORGANIZATION DESCRIPTION,PRESERVED,NOT DEPLOYED
https://immigratetobrazil.com/insights/fyi/brazil-s-digital-nomad-visa-is-a-trending-choice/,insights/fyi/brazil-s-digital-nomad-visa-is-a-trending-choice/index.html,PRESERVED — SOURCE REVIEW REQUIRED — no publication-ready rewrite,CONSISTENT ORGANIZATION DESCRIPTION,PRESERVED,NOT DEPLOYED
https://immigratetobrazil.com/insights/fyi/brazil-s-paraty-city-recognised-as-one-of-the-world-s-most-beautiful-villages-paraty/,insights/fyi/brazil-s-paraty-city-recognised-as-one-of-the-world-s-most-beautiful-villages-paraty/index.html,PRESERVED — SOURCE REVIEW REQUIRED — no publication-ready rewrite,CONSISTENT ORGANIZATION DESCRIPTION,PRESERVED,NOT DEPLOYED
https://immigratetobrazil.com/insights/fyi/brazil-s-working-holiday-visa-for-young-travellers-from-select-countries/,insights/fyi/brazil-s-working-holiday-visa-for-young-travellers-from-select-countries/index.html,PRESERVED — SOURCE REVIEW REQUIRED — no publication-ready rewrite,CONSISTENT ORGANIZATION DESCRIPTION,PRESERVED,NOT DEPLOYED
https://immigratetobrazil.com/insights/fyi/brazilians-around-the-world-where-of-the-largest-communities-live/,insights/fyi/brazilians-around-the-world-where-of-the-largest-communities-live/index.html,PRESERVED — SOURCE REVIEW REQUIRED — no publication-ready rewrite,CONSISTENT ORGANIZATION DESCRIPTION,PRESERVED,NOT DEPLOYED
https://immigratetobrazil.com/insights/fyi/china-extends-visa-exemption-for-brazilians-until-the-end-of-2026-china/,insights/fyi/china-extends-visa-exemption-for-brazilians-until-the-end-of-2026-china/index.html,PRESERVED — SOURCE REVIEW REQUIRED — no publication-ready rewrite,CONSISTENT ORGANIZATION DESCRIPTION,PRESERVED,NOT DEPLOYED
https://immigratetobrazil.com/insights/fyi/did-you-know-portugal-signed-a-historic-decree-to-recognize-the-national-driving/,insights/fyi/did-you-know-portugal-signed-a-historic-decree-to-recognize-the-national-driving/index.html,PRESERVED — SOURCE REVIEW REQUIRED — no publication-ready rewrite,CONSISTENT ORGANIZATION DESCRIPTION,PRESERVED,NOT DEPLOYED
https://immigratetobrazil.com/insights/fyi/federal-government-launches-official-page-on-definitive-tax-exit-from-brazil-the/,insights/fyi/federal-government-launches-official-page-on-definitive-tax-exit-from-brazil-the/index.html,PRESERVED — SOURCE REVIEW REQUIRED — no publication-ready rewrite,CONSISTENT ORGANIZATION DESCRIPTION,PRESERVED,NOT DEPLOYED
https://immigratetobrazil.com/insights/fyi/guarulhos-airport-reinforces-liquid-inspection-attention-travelers/,insights/fyi/guarulhos-airport-reinforces-liquid-inspection-attention-travelers/index.html,PRESERVED — SOURCE REVIEW REQUIRED — no publication-ready rewrite,CONSISTENT ORGANIZATION DESCRIPTION,PRESERVED,NOT DEPLOYED
https://immigratetobrazil.com/insights/fyi/happy-new-year-happy-new-year-if-you-haven-t-started-planning-your-year-yet-this-is/,insights/fyi/happy-new-year-happy-new-year-if-you-haven-t-started-planning-your-year-yet-this-is/index.html,PRESERVED — SOURCE REVIEW REQUIRED — no publication-ready rewrite,CONSISTENT ORGANIZATION DESCRIPTION,PRESERVED,NOT DEPLOYED
https://immigratetobrazil.com/insights/fyi/immigrant-children-in-brazil-how-provisional-naturalization-works-it-is-a-form-of/,insights/fyi/immigrant-children-in-brazil-how-provisional-naturalization-works-it-is-a-form-of/index.html,PRESERVED — SOURCE REVIEW REQUIRED — no publication-ready rewrite,CONSISTENT ORGANIZATION DESCRIPTION,PRESERVED,NOT DEPLOYED
https://immigratetobrazil.com/insights/fyi/international-buyers-can-purchase-property-in-brazil-how-does-it-work/,insights/fyi/international-buyers-can-purchase-property-in-brazil-how-does-it-work/index.html,PRESERVED — SOURCE REVIEW REQUIRED — no publication-ready rewrite,CONSISTENT ORGANIZATION DESCRIPTION,PRESERVED,NOT DEPLOYED
https://immigratetobrazil.com/insights/fyi/italy-allows-large-dogs-in-the-airplane-cabin-for-the-first-time-in-the-world/,insights/fyi/italy-allows-large-dogs-in-the-airplane-cabin-for-the-first-time-in-the-world/index.html,PRESERVED — SOURCE REVIEW REQUIRED — no publication-ready rewrite,CONSISTENT ORGANIZATION DESCRIPTION,PRESERVED,NOT DEPLOYED
https://immigratetobrazil.com/insights/fyi/italy-plans-almost-500-000-work-visas-for-non-europeans-by-2028-the-government/,insights/fyi/italy-plans-almost-500-000-work-visas-for-non-europeans-by-2028-the-government/index.html,PRESERVED — SOURCE REVIEW REQUIRED — no publication-ready rewrite,CONSISTENT ORGANIZATION DESCRIPTION,PRESERVED,NOT DEPLOYED
https://immigratetobrazil.com/insights/fyi/new-criteria-on-health-could-restrict-the-granting-of-us-visas-the-government-of-the/,insights/fyi/new-criteria-on-health-could-restrict-the-granting-of-us-visas-the-government-of-the/index.html,PRESERVED — SOURCE REVIEW REQUIRED — no publication-ready rewrite,CONSISTENT ORGANIZATION DESCRIPTION,PRESERVED,NOT DEPLOYED
https://immigratetobrazil.com/insights/fyi/new-fee-on-international-connections-in-peru-could-change-the-game-for-those-stopping/,insights/fyi/new-fee-on-international-connections-in-peru-could-change-the-game-for-those-stopping/index.html,PRESERVED — SOURCE REVIEW REQUIRED — no publication-ready rewrite,CONSISTENT ORGANIZATION DESCRIPTION,PRESERVED,NOT DEPLOYED
https://immigratetobrazil.com/insights/fyi/pathways-to-brazilian-citizenship-for-parents-and-siblings-of-brazilian-children/,insights/fyi/pathways-to-brazilian-citizenship-for-parents-and-siblings-of-brazilian-children/index.html,PRESERVED — SOURCE REVIEW REQUIRED — no publication-ready rewrite,CONSISTENT ORGANIZATION DESCRIPTION,PRESERVED,NOT DEPLOYED
https://immigratetobrazil.com/insights/fyi/portugal-ends-the-old-work-search-visa-and-creates-a-new-modality-visa-to-search/,insights/fyi/portugal-ends-the-old-work-search-visa-and-creates-a-new-modality-visa-to-search/index.html,PRESERVED — SOURCE REVIEW REQUIRED — no publication-ready rewrite,CONSISTENT ORGANIZATION DESCRIPTION,PRESERVED,NOT DEPLOYED
https://immigratetobrazil.com/insights/fyi/sistema-ees-entra-em-vigor-nos-aeroportos-europa-aperta-o-cerco-a-quem-ultrapassa-o/,insights/fyi/sistema-ees-entra-em-vigor-nos-aeroportos-europa-aperta-o-cerco-a-quem-ultrapassa-o/index.html,PRESERVED — SOURCE REVIEW REQUIRED — no publication-ready rewrite,CONSISTENT ORGANIZATION DESCRIPTION,PRESERVED,NOT DEPLOYED
https://immigratetobrazil.com/insights/fyi/things-you-should-never-of-in-the-airport-s-restricted-area-being-in-an-airport-s/,insights/fyi/things-you-should-never-of-in-the-airport-s-restricted-area-being-in-an-airport-s/index.html,PRESERVED — SOURCE REVIEW REQUIRED — no publication-ready rewrite,CONSISTENT ORGANIZATION DESCRIPTION,PRESERVED,NOT DEPLOYED
https://immigratetobrazil.com/insights/fyi/tourism-in-brazil-hits-historic-record-with-nearly-8-million-international-arrivals-in/,insights/fyi/tourism-in-brazil-hits-historic-record-with-nearly-8-million-international-arrivals-in/index.html,PRESERVED — SOURCE REVIEW REQUIRED — no publication-ready rewrite,CONSISTENT ORGANIZATION DESCRIPTION,PRESERVED,NOT DEPLOYED
https://immigratetobrazil.com/insights/fyi/travelling-solo-with-your-child-important-name-mismatch-considerations-a-parent/,insights/fyi/travelling-solo-with-your-child-important-name-mismatch-considerations-a-parent/index.html,PRESERVED — SOURCE REVIEW REQUIRED — no publication-ready rewrite,CONSISTENT ORGANIZATION DESCRIPTION,PRESERVED,NOT DEPLOYED
https://immigratetobrazil.com/insights/fyi/united-kingdom-makes-changes-to-its-asylum-policy-the-united-kingdom-announced/,insights/fyi/united-kingdom-makes-changes-to-its-asylum-policy-the-united-kingdom-announced/index.html,PRESERVED — SOURCE REVIEW REQUIRED — no publication-ready rewrite,CONSISTENT ORGANIZATION DESCRIPTION,PRESERVED,NOT DEPLOYED
https://immigratetobrazil.com/insights/fyi/usa-suspends-issuing-immigrant-visas-to-brazilians-the-united-states-announced-the/,insights/fyi/usa-suspends-issuing-immigrant-visas-to-brazilians-the-united-states-announced-the/index.html,PRESERVED — SOURCE REVIEW REQUIRED — no publication-ready rewrite,CONSISTENT ORGANIZATION DESCRIPTION,PRESERVED,NOT DEPLOYED
https://immigratetobrazil.com/insights/fyi/valorizando-o-brazil-a-vila-brasileira-reconhecida-entre-as-mais-bonitas-of-mundo/,insights/fyi/valorizando-o-brazil-a-vila-brasileira-reconhecida-entre-as-mais-bonitas-of-mundo/index.html,PRESERVED — SOURCE REVIEW REQUIRED — no publication-ready rewrite,CONSISTENT ORGANIZATION DESCRIPTION,PRESERVED,NOT DEPLOYED
https://immigratetobrazil.com/insights/fyi/volunteer-visa-for-work-in-non-profit-and-international-organisations-in-brazil/,insights/fyi/volunteer-visa-for-work-in-non-profit-and-international-organisations-in-brazil/index.html,PRESERVED — SOURCE REVIEW REQUIRED — no publication-ready rewrite,CONSISTENT ORGANIZATION DESCRIPTION,PRESERVED,NOT DEPLOYED
https://immigratetobrazil.com/insights/fyi/what-are-the-steps-to-legally-move-and-live-in-brazil/,insights/fyi/what-are-the-steps-to-legally-move-and-live-in-brazil/index.html,PRESERVED — SOURCE REVIEW REQUIRED — no publication-ready rewrite,CONSISTENT ORGANIZATION DESCRIPTION,PRESERVED,NOT DEPLOYED
https://immigratetobrazil.com/insights/fyi/when-that-traveler-from-a-cold-country-comes-to-brazil-and-feels-amazed-with-the/,insights/fyi/when-that-traveler-from-a-cold-country-comes-to-brazil-and-feels-amazed-with-the/index.html,PRESERVED — SOURCE REVIEW REQUIRED — no publication-ready rewrite,CONSISTENT ORGANIZATION DESCRIPTION,PRESERVED,NOT DEPLOYED
https://immigratetobrazil.com/insights/fyi/why-brazil-s-student-visa-vitem-iv-absolutely-beats-the-us-f-1-you-land/,insights/fyi/why-brazil-s-student-visa-vitem-iv-absolutely-beats-the-us-f-1-you-land/index.html,PRESERVED — SOURCE REVIEW REQUIRED — no publication-ready rewrite,CONSISTENT ORGANIZATION DESCRIPTION,PRESERVED,NOT DEPLOYED
https://immigratetobrazil.com/insights/general/,insights/general/index.html,APPLIED,CONSISTENT ORGANIZATION DESCRIPTION,PRESERVED,NOT DEPLOYED
https://immigratetobrazil.com/insights/guides/,insights/guides/index.html,APPLIED,CONSISTENT ORGANIZATION DESCRIPTION,PRESERVED,NOT DEPLOYED
https://immigratetobrazil.com/insights/guides/are-you-a-tourist-in-brazil-and-want-to-live-here/,insights/guides/are-you-a-tourist-in-brazil-and-want-to-live-here/index.html,PRESERVED — SOURCE REVIEW REQUIRED — no publication-ready rewrite,CONSISTENT ORGANIZATION DESCRIPTION,PRESERVED,NOT DEPLOYED
https://immigratetobrazil.com/insights/guides/are-you-dreaming-of-getting-a-green-card-but-worried-about-the-sponsor/,insights/guides/are-you-dreaming-of-getting-a-green-card-but-worried-about-the-sponsor/index.html,PRESERVED — SOURCE REVIEW REQUIRED — no publication-ready rewrite,CONSISTENT ORGANIZATION DESCRIPTION,PRESERVED,NOT DEPLOYED
https://immigratetobrazil.com/insights/guides/can-football-fans-sing-homophobic-chants/,insights/guides/can-football-fans-sing-homophobic-chants/index.html,PRESERVED — SOURCE REVIEW REQUIRED — no publication-ready rewrite,CONSISTENT ORGANIZATION DESCRIPTION,PRESERVED,NOT DEPLOYED
https://immigratetobrazil.com/insights/guides/can-i-bring-my-familia-family-to-brazil-if-i-have-a-work-visa/,insights/guides/can-i-bring-my-familia-family-to-brazil-if-i-have-a-work-visa/index.html,PRESERVED — SOURCE REVIEW REQUIRED — no publication-ready rewrite,CONSISTENT ORGANIZATION DESCRIPTION,PRESERVED,NOT DEPLOYED
https://immigratetobrazil.com/insights/guides/did-the-bank-lower-your-credit-limit-or-cancel-your-account-suddenly/,insights/guides/did-the-bank-lower-your-credit-limit-or-cancel-your-account-suddenly/index.html,PRESERVED — SOURCE REVIEW REQUIRED — no publication-ready rewrite,CONSISTENT ORGANIZATION DESCRIPTION,PRESERVED,NOT DEPLOYED
https://immigratetobrazil.com/insights/guides/did-you-know-that-anyone-who-buys-their-first-residential-property-fin/,insights/guides/did-you-know-that-anyone-who-buys-their-first-residential-property-fin/index.html,PRESERVED — SOURCE REVIEW REQUIRED — no publication-ready rewrite,CONSISTENT ORGANIZATION DESCRIPTION,PRESERVED,NOT DEPLOYED
https://immigratetobrazil.com/insights/guides/did-you-know-that-brazilian-naturalization-can-open-doors-to-incredibl-2/,insights/guides/did-you-know-that-brazilian-naturalization-can-open-doors-to-incredibl-2/index.html,PRESERVED — SOURCE REVIEW REQUIRED — no publication-ready rewrite,CONSISTENT ORGANIZATION DESCRIPTION,PRESERVED,NOT DEPLOYED
https://immigratetobrazil.com/insights/guides/did-you-know-that-brazilian-naturalization-can-open-doors-to-incredibl/,insights/guides/did-you-know-that-brazilian-naturalization-can-open-doors-to-incredibl/index.html,PRESERVED — SOURCE REVIEW REQUIRED — no publication-ready rewrite,CONSISTENT ORGANIZATION DESCRIPTION,PRESERVED,NOT DEPLOYED
https://immigratetobrazil.com/insights/guides/do-i-need-to-get-my-diploma-from-my-home-country-validated-in-brazil/,insights/guides/do-i-need-to-get-my-diploma-from-my-home-country-validated-in-brazil/index.html,PRESERVED — SOURCE REVIEW REQUIRED — no publication-ready rewrite,CONSISTENT ORGANIZATION DESCRIPTION,PRESERVED,NOT DEPLOYED
https://immigratetobrazil.com/insights/guides/do-you-dream-of-getting-a-green-card-but-are-concerned-about-the-requi/,insights/guides/do-you-dream-of-getting-a-green-card-but-are-concerned-about-the-requi/index.html,PRESERVED — SOURCE REVIEW REQUIRED — no publication-ready rewrite,CONSISTENT ORGANIZATION DESCRIPTION,PRESERVED,NOT DEPLOYED
https://immigratetobrazil.com/insights/guides/do-you-want-to-live-in-brazil-and-invest-intelligently/,insights/guides/do-you-want-to-live-in-brazil-and-invest-intelligently/index.html,PRESERVED — SOURCE REVIEW REQUIRED — no publication-ready rewrite,CONSISTENT ORGANIZATION DESCRIPTION,PRESERVED,NOT DEPLOYED
https://immigratetobrazil.com/insights/guides/have-you-ever-wondered-what-happens-if-a-child-support-decision-for-a/,insights/guides/have-you-ever-wondered-what-happens-if-a-child-support-decision-for-a/index.html,PRESERVED — SOURCE REVIEW REQUIRED — no publication-ready rewrite,CONSISTENT ORGANIZATION DESCRIPTION,PRESERVED,NOT DEPLOYED
https://immigratetobrazil.com/insights/guides/have-you-paid-a-debt-at-a-discount-but-your-name-remains-subject-to-in/,insights/guides/have-you-paid-a-debt-at-a-discount-but-your-name-remains-subject-to-in/index.html,PRESERVED — SOURCE REVIEW REQUIRED — no publication-ready rewrite,CONSISTENT ORGANIZATION DESCRIPTION,PRESERVED,NOT DEPLOYED
https://immigratetobrazil.com/insights/guides/how-can-i-keep-in-touch-with-my-child-in-brazil-if-i-dont-live-there/,insights/guides/how-can-i-keep-in-touch-with-my-child-in-brazil-if-i-dont-live-there/index.html,PRESERVED — SOURCE REVIEW REQUIRED — no publication-ready rewrite,CONSISTENT ORGANIZATION DESCRIPTION,PRESERVED,NOT DEPLOYED
https://immigratetobrazil.com/insights/guides/how-can-i-keep-in-touch-with-my-child-located-in-brazil-if-i-don-t-liv/,insights/guides/how-can-i-keep-in-touch-with-my-child-located-in-brazil-if-i-don-t-liv/index.html,PRESERVED — SOURCE REVIEW REQUIRED — no publication-ready rewrite,CONSISTENT ORGANIZATION DESCRIPTION,PRESERVED,NOT DEPLOYED
https://immigratetobrazil.com/insights/guides/how-long-does-it-take-to-get-brazilian-passport/,insights/guides/how-long-does-it-take-to-get-brazilian-passport/index.html,PRESERVED — SOURCE REVIEW REQUIRED — no publication-ready rewrite,CONSISTENT ORGANIZATION DESCRIPTION,PRESERVED,NOT DEPLOYED
https://immigratetobrazil.com/insights/guides/how-long-does-it-take-to-obtain-brazilian-citizenship/,insights/guides/how-long-does-it-take-to-obtain-brazilian-citizenship/index.html,PRESERVED — SOURCE REVIEW REQUIRED — no publication-ready rewrite,CONSISTENT ORGANIZATION DESCRIPTION,PRESERVED,NOT DEPLOYED
https://immigratetobrazil.com/insights/guides/how-to-schedule-an-immigration-interview-for-residency-with-the-federa/,insights/guides/how-to-schedule-an-immigration-interview-for-residency-with-the-federa/index.html,PRESERVED — SOURCE REVIEW REQUIRED — no publication-ready rewrite,CONSISTENT ORGANIZATION DESCRIPTION,PRESERVED,NOT DEPLOYED
https://immigratetobrazil.com/insights/guides/if-a-foreigner-has-a-child-in-brazil-does-he-have-the-automatic-right/,insights/guides/if-a-foreigner-has-a-child-in-brazil-does-he-have-the-automatic-right/index.html,PRESERVED — SOURCE REVIEW REQUIRED — no publication-ready rewrite,CONSISTENT ORGANIZATION DESCRIPTION,PRESERVED,NOT DEPLOYED
https://immigratetobrazil.com/insights/guides/immigration-x-emigration-do-you-know-the-difference/,insights/guides/immigration-x-emigration-do-you-know-the-difference/index.html,PRESERVED — SOURCE REVIEW REQUIRED — no publication-ready rewrite,CONSISTENT ORGANIZATION DESCRIPTION,PRESERVED,NOT DEPLOYED
https://immigratetobrazil.com/insights/guides/is-a-marriage-celebrated-abroad-valid-in-brazil/,insights/guides/is-a-marriage-celebrated-abroad-valid-in-brazil/index.html,PRESERVED — SOURCE REVIEW REQUIRED — no publication-ready rewrite,CONSISTENT ORGANIZATION DESCRIPTION,PRESERVED,NOT DEPLOYED
https://immigratetobrazil.com/insights/guides/is-it-necessary-to-speak-portuguese-to-live-in-brazil/,insights/guides/is-it-necessary-to-speak-portuguese-to-live-in-brazil/index.html,PRESERVED — SOURCE REVIEW REQUIRED — no publication-ready rewrite,CONSISTENT ORGANIZATION DESCRIPTION,PRESERVED,NOT DEPLOYED
https://immigratetobrazil.com/insights/guides/is-it-true-that-there-were-changes-to-obtaining-an-american-visa/,insights/guides/is-it-true-that-there-were-changes-to-obtaining-an-american-visa/index.html,PRESERVED — SOURCE REVIEW REQUIRED — no publication-ready rewrite,CONSISTENT ORGANIZATION DESCRIPTION,PRESERVED,NOT DEPLOYED
https://immigratetobrazil.com/insights/guides/living-in-brazil-and-had-an-issue-with-a-product-or-service/,insights/guides/living-in-brazil-and-had-an-issue-with-a-product-or-service/index.html,PRESERVED — SOURCE REVIEW REQUIRED — no publication-ready rewrite,CONSISTENT ORGANIZATION DESCRIPTION,PRESERVED,NOT DEPLOYED
https://immigratetobrazil.com/insights/guides/the-visa-has-expired-will-i-have-to-pay-a-fine/,insights/guides/the-visa-has-expired-will-i-have-to-pay-a-fine/index.html,PRESERVED — SOURCE REVIEW REQUIRED — no publication-ready rewrite,CONSISTENT ORGANIZATION DESCRIPTION,PRESERVED,NOT DEPLOYED
https://immigratetobrazil.com/insights/guides/this-way-in-the-event-of-an-end-to-the-relationship-they-will-have-to/,insights/guides/this-way-in-the-event-of-an-end-to-the-relationship-they-will-have-to/index.html,PRESERVED — SOURCE REVIEW REQUIRED — no publication-ready rewrite,CONSISTENT ORGANIZATION DESCRIPTION,PRESERVED,NOT DEPLOYED
https://immigratetobrazil.com/insights/guides/tourists-can-usually-stay-in-brazil-for-up-to-90-days-depending-on-vis/,insights/guides/tourists-can-usually-stay-in-brazil-for-up-to-90-days-depending-on-vis/index.html,PRESERVED — SOURCE REVIEW REQUIRED — no publication-ready rewrite,CONSISTENT ORGANIZATION DESCRIPTION,PRESERVED,NOT DEPLOYED
https://immigratetobrazil.com/insights/guides/want-to-live-in-brazil-while-investing-in-the-countrys-growth/,insights/guides/want-to-live-in-brazil-while-investing-in-the-countrys-growth/index.html,PRESERVED — SOURCE REVIEW REQUIRED — no publication-ready rewrite,CONSISTENT ORGANIZATION DESCRIPTION,PRESERVED,NOT DEPLOYED
https://immigratetobrazil.com/insights/guides/want-to-turn-your-investment-into-residency-in-brazil/,insights/guides/want-to-turn-your-investment-into-residency-in-brazil/index.html,PRESERVED — SOURCE REVIEW REQUIRED — no publication-ready rewrite,CONSISTENT ORGANIZATION DESCRIPTION,PRESERVED,NOT DEPLOYED
https://immigratetobrazil.com/insights/guides/what-happens-during-an-immigration-consultation/,insights/guides/what-happens-during-an-immigration-consultation/index.html,PRESERVED — SOURCE REVIEW REQUIRED — no publication-ready rewrite,CONSISTENT ORGANIZATION DESCRIPTION,PRESERVED,NOT DEPLOYED
https://immigratetobrazil.com/insights/guides/what-rights-do-immigrants-have-in-brazil/,insights/guides/what-rights-do-immigrants-have-in-brazil/index.html,PRESERVED — SOURCE REVIEW REQUIRED — no publication-ready rewrite,CONSISTENT ORGANIZATION DESCRIPTION,PRESERVED,NOT DEPLOYED
https://immigratetobrazil.com/insights/guides/what-to-do-after-arriving-in-brazil-with-a-visa-that-allows-residency/,insights/guides/what-to-do-after-arriving-in-brazil-with-a-visa-that-allows-residency/index.html,PRESERVED — SOURCE REVIEW REQUIRED — no publication-ready rewrite,CONSISTENT ORGANIZATION DESCRIPTION,PRESERVED,NOT DEPLOYED
https://immigratetobrazil.com/insights/guides/when-a-brazilian-citizen-faces-problems-abroad-the-first-instance-of-s/,insights/guides/when-a-brazilian-citizen-faces-problems-abroad-the-first-instance-of-s/index.html,PRESERVED — SOURCE REVIEW REQUIRED — no publication-ready rewrite,CONSISTENT ORGANIZATION DESCRIPTION,PRESERVED,NOT DEPLOYED
https://immigratetobrazil.com/insights/guides/when-a-brazilian-resides-in-another-country-and-works-there-without-ea/,insights/guides/when-a-brazilian-resides-in-another-country-and-works-there-without-ea/index.html,PRESERVED — SOURCE REVIEW REQUIRED — no publication-ready rewrite,CONSISTENT ORGANIZATION DESCRIPTION,PRESERVED,NOT DEPLOYED
https://immigratetobrazil.com/insights/guides/when-a-foreign-person-is-engaged-to-a-brazilian-citizen-and-intends-to/,insights/guides/when-a-foreign-person-is-engaged-to-a-brazilian-citizen-and-intends-to/index.html,PRESERVED — SOURCE REVIEW REQUIRED — no publication-ready rewrite,CONSISTENT ORGANIZATION DESCRIPTION,PRESERVED,NOT DEPLOYED
https://immigratetobrazil.com/insights/guides/when-a-foreign-person-is-engaged-to-a-brazilian-citizen-and-plans-to-g/,insights/guides/when-a-foreign-person-is-engaged-to-a-brazilian-citizen-and-plans-to-g/index.html,PRESERVED — SOURCE REVIEW REQUIRED — no publication-ready rewrite,CONSISTENT ORGANIZATION DESCRIPTION,PRESERVED,NOT DEPLOYED
https://immigratetobrazil.com/insights/guides/when-a-person-from-abroad-arrives-in-brazil-this-person-has-the-right/,insights/guides/when-a-person-from-abroad-arrives-in-brazil-this-person-has-the-right/index.html,PRESERVED — SOURCE REVIEW REQUIRED — no publication-ready rewrite,CONSISTENT ORGANIZATION DESCRIPTION,PRESERVED,NOT DEPLOYED
https://immigratetobrazil.com/insights/guides/when-a-person-stays-in-the-united-states-beyond-the-time-allowed-as-a/,insights/guides/when-a-person-stays-in-the-united-states-beyond-the-time-allowed-as-a/index.html,PRESERVED — SOURCE REVIEW REQUIRED — no publication-ready rewrite,CONSISTENT ORGANIZATION DESCRIPTION,PRESERVED,NOT DEPLOYED
https://immigratetobrazil.com/insights/guides/when-a-temporary-brazilian-visa-is-nearing-its-expiry-it-is-necessary/,insights/guides/when-a-temporary-brazilian-visa-is-nearing-its-expiry-it-is-necessary/index.html,PRESERVED — SOURCE REVIEW REQUIRED — no publication-ready rewrite,CONSISTENT ORGANIZATION DESCRIPTION,PRESERVED,NOT DEPLOYED
https://immigratetobrazil.com/insights/guides/when-a-us-visa-is-denied-the-consulate-does-not-provide-specific-detai/,insights/guides/when-a-us-visa-is-denied-the-consulate-does-not-provide-specific-detai/index.html,PRESERVED — SOURCE REVIEW REQUIRED — no publication-ready rewrite,CONSISTENT ORGANIZATION DESCRIPTION,PRESERVED,NOT DEPLOYED
https://immigratetobrazil.com/insights/guides/when-exchanging-money-during-international-travel-it-is-essential-to-b/,insights/guides/when-exchanging-money-during-international-travel-it-is-essential-to-b/index.html,PRESERVED — SOURCE REVIEW REQUIRED — no publication-ready rewrite,CONSISTENT ORGANIZATION DESCRIPTION,PRESERVED,NOT DEPLOYED
https://immigratetobrazil.com/insights/guides/when-exchanging-money-on-international-trips-it-is-essential-to-be-car/,insights/guides/when-exchanging-money-on-international-trips-it-is-essential-to-be-car/index.html,PRESERVED — SOURCE REVIEW REQUIRED — no publication-ready rewrite,CONSISTENT ORGANIZATION DESCRIPTION,PRESERVED,NOT DEPLOYED
https://immigratetobrazil.com/insights/guides/when-one-of-the-parents-is-a-foreigner-and-a-brazilian-child-is-born-t/,insights/guides/when-one-of-the-parents-is-a-foreigner-and-a-brazilian-child-is-born-t/index.html,PRESERVED — SOURCE REVIEW REQUIRED — no publication-ready rewrite,CONSISTENT ORGANIZATION DESCRIPTION,PRESERVED,NOT DEPLOYED
https://immigratetobrazil.com/insights/guides/when-requested-the-resident-immigrant-card-may-take-60-to-90-days-to-b/,insights/guides/when-requested-the-resident-immigrant-card-may-take-60-to-90-days-to-b/index.html,PRESERVED — SOURCE REVIEW REQUIRED — no publication-ready rewrite,CONSISTENT ORGANIZATION DESCRIPTION,PRESERVED,NOT DEPLOYED
https://immigratetobrazil.com/insights/guides/when-the-temporary-visa-granted-is-close-to-expiry-it-is-necessary-to/,insights/guides/when-the-temporary-visa-granted-is-close-to-expiry-it-is-necessary-to/index.html,PRESERVED — SOURCE REVIEW REQUIRED — no publication-ready rewrite,CONSISTENT ORGANIZATION DESCRIPTION,PRESERVED,NOT DEPLOYED
https://immigratetobrazil.com/insights/naturalisation/,insights/naturalisation/index.html,APPLIED,CONSISTENT ORGANIZATION DESCRIPTION,PRESERVED,NOT DEPLOYED
https://immigratetobrazil.com/insights/naturalisation/a-child-born-in-brazil-has-in-general-the-right-to-brazilian-nationali/,insights/naturalisation/a-child-born-in-brazil-has-in-general-the-right-to-brazilian-nationali/index.html,PRESERVED — SOURCE REVIEW REQUIRED — no publication-ready rewrite,CONSISTENT ORGANIZATION DESCRIPTION,PRESERVED,NOT DEPLOYED
https://immigratetobrazil.com/insights/naturalisation/a-recent-case-in-brazil-where-a-tourist-was-fined-the-equivalent-of-ne/,insights/naturalisation/a-recent-case-in-brazil-where-a-tourist-was-fined-the-equivalent-of-ne/index.html,PRESERVED — SOURCE REVIEW REQUIRED — no publication-ready rewrite,CONSISTENT ORGANIZATION DESCRIPTION,PRESERVED,NOT DEPLOYED
https://immigratetobrazil.com/insights/naturalisation/a-very-important-public-body-that-foreigners-should-know-about-when-li/,insights/naturalisation/a-very-important-public-body-that-foreigners-should-know-about-when-li/index.html,PRESERVED — SOURCE REVIEW REQUIRED — no publication-ready rewrite,CONSISTENT ORGANIZATION DESCRIPTION,PRESERVED,NOT DEPLOYED
https://immigratetobrazil.com/insights/naturalisation/after-an-application-for-naturalization-was-denied-through-the-adminis/,insights/naturalisation/after-an-application-for-naturalization-was-denied-through-the-adminis/index.html,PRESERVED — SOURCE REVIEW REQUIRED — no publication-ready rewrite,CONSISTENT ORGANIZATION DESCRIPTION,PRESERVED,NOT DEPLOYED
https://immigratetobrazil.com/insights/naturalisation/after-the-naturalization-request-was-denied-administratively-an-action/,insights/naturalisation/after-the-naturalization-request-was-denied-administratively-an-action/index.html,PRESERVED — SOURCE REVIEW REQUIRED — no publication-ready rewrite,CONSISTENT ORGANIZATION DESCRIPTION,PRESERVED,NOT DEPLOYED
https://immigratetobrazil.com/insights/naturalisation/aire-is-a-vital-and-mandatory-registration-for-italian-citizens-living/,insights/naturalisation/aire-is-a-vital-and-mandatory-registration-for-italian-citizens-living/index.html,PRESERVED — SOURCE REVIEW REQUIRED — no publication-ready rewrite,CONSISTENT ORGANIZATION DESCRIPTION,PRESERVED,NOT DEPLOYED
https://immigratetobrazil.com/insights/naturalisation/as-of-late-july-2024-the-ministry-of-justice-and-public-security-mjsp/,insights/naturalisation/as-of-late-july-2024-the-ministry-of-justice-and-public-security-mjsp/index.html,PRESERVED — SOURCE REVIEW REQUIRED — no publication-ready rewrite,CONSISTENT ORGANIZATION DESCRIPTION,PRESERVED,NOT DEPLOYED
https://immigratetobrazil.com/insights/naturalisation/at-the-beginning-of-the-search-and-with-little-information-identifying/,insights/naturalisation/at-the-beginning-of-the-search-and-with-little-information-identifying/index.html,PRESERVED — SOURCE REVIEW REQUIRED — no publication-ready rewrite,CONSISTENT ORGANIZATION DESCRIPTION,PRESERVED,NOT DEPLOYED
https://immigratetobrazil.com/insights/naturalisation/brazil-grants-permanent-residence-to-foreigners-through-different-type/,insights/naturalisation/brazil-grants-permanent-residence-to-foreigners-through-different-type/index.html,PRESERVED — SOURCE REVIEW REQUIRED — no publication-ready rewrite,CONSISTENT ORGANIZATION DESCRIPTION,PRESERVED,NOT DEPLOYED
https://immigratetobrazil.com/insights/naturalisation/brazil-legal-guidance-eligibility-and-process-2/,insights/naturalisation/brazil-legal-guidance-eligibility-and-process-2/index.html,PRESERVED — SOURCE REVIEW REQUIRED — no publication-ready rewrite,CONSISTENT ORGANIZATION DESCRIPTION,PRESERVED,NOT DEPLOYED
https://immigratetobrazil.com/insights/naturalisation/brazil-legal-guidance-eligibility-and-process-3/,insights/naturalisation/brazil-legal-guidance-eligibility-and-process-3/index.html,PRESERVED — SOURCE REVIEW REQUIRED — no publication-ready rewrite,CONSISTENT ORGANIZATION DESCRIPTION,PRESERVED,NOT DEPLOYED
https://immigratetobrazil.com/insights/naturalisation/brazil-legal-guidance-eligibility-and-process-4/,insights/naturalisation/brazil-legal-guidance-eligibility-and-process-4/index.html,PRESERVED — SOURCE REVIEW REQUIRED — no publication-ready rewrite,CONSISTENT ORGANIZATION DESCRIPTION,PRESERVED,NOT DEPLOYED
https://immigratetobrazil.com/insights/naturalisation/brazil-legal-guidance-eligibility-and-process/,insights/naturalisation/brazil-legal-guidance-eligibility-and-process/index.html,PRESERVED — SOURCE REVIEW REQUIRED — no publication-ready rewrite,CONSISTENT ORGANIZATION DESCRIPTION,PRESERVED,NOT DEPLOYED
https://immigratetobrazil.com/insights/naturalisation/brazil-offers-a-special-form-of-naturalisation-for-foreigners-who-have/,insights/naturalisation/brazil-offers-a-special-form-of-naturalisation-for-foreigners-who-have/index.html,PRESERVED — SOURCE REVIEW REQUIRED — no publication-ready rewrite,CONSISTENT ORGANIZATION DESCRIPTION,PRESERVED,NOT DEPLOYED
https://immigratetobrazil.com/insights/naturalisation/brazil-offers-a-special-form-of-naturalization-for-those-who-have-prov/,insights/naturalisation/brazil-offers-a-special-form-of-naturalization-for-those-who-have-prov/index.html,PRESERVED — SOURCE REVIEW REQUIRED — no publication-ready rewrite,CONSISTENT ORGANIZATION DESCRIPTION,PRESERVED,NOT DEPLOYED
https://immigratetobrazil.com/insights/naturalisation/brazil-offers-a-specific-visa-and-residence-permit-for-artists-and-ath/,insights/naturalisation/brazil-offers-a-specific-visa-and-residence-permit-for-artists-and-ath/index.html,PRESERVED — SOURCE REVIEW REQUIRED — no publication-ready rewrite,CONSISTENT ORGANIZATION DESCRIPTION,PRESERVED,NOT DEPLOYED
https://immigratetobrazil.com/insights/naturalisation/brazil-offers-the-possibility-of-permanent-residence-for-foreign-famil/,insights/naturalisation/brazil-offers-the-possibility-of-permanent-residence-for-foreign-famil/index.html,PRESERVED — SOURCE REVIEW REQUIRED — no publication-ready rewrite,CONSISTENT ORGANIZATION DESCRIPTION,PRESERVED,NOT DEPLOYED
https://immigratetobrazil.com/insights/naturalisation/brazil-recognises-various-types-of-travel-documents-for-the-purposes-o/,insights/naturalisation/brazil-recognises-various-types-of-travel-documents-for-the-purposes-o/index.html,PRESERVED — SOURCE REVIEW REQUIRED — no publication-ready rewrite,CONSISTENT ORGANIZATION DESCRIPTION,PRESERVED,NOT DEPLOYED
https://immigratetobrazil.com/insights/naturalisation/brazil-recognizes-several-types-of-travel-documents-for-purposes-of-en/,insights/naturalisation/brazil-recognizes-several-types-of-travel-documents-for-purposes-of-en/index.html,PRESERVED — SOURCE REVIEW REQUIRED — no publication-ready rewrite,CONSISTENT ORGANIZATION DESCRIPTION,PRESERVED,NOT DEPLOYED
https://immigratetobrazil.com/insights/naturalisation/brazil-s-rise-in-global-mobility-rankings-and-the-usa-passport-drops-o/,insights/naturalisation/brazil-s-rise-in-global-mobility-rankings-and-the-usa-passport-drops-o/index.html,PRESERVED — SOURCE REVIEW REQUIRED — no publication-ready rewrite,CONSISTENT ORGANIZATION DESCRIPTION,PRESERVED,NOT DEPLOYED
https://immigratetobrazil.com/insights/naturalisation/brazilian-nationality-is-not-always-determined-automatically/,insights/naturalisation/brazilian-nationality-is-not-always-determined-automatically/index.html,PRESERVED — SOURCE REVIEW REQUIRED — no publication-ready rewrite,CONSISTENT ORGANIZATION DESCRIPTION,PRESERVED,NOT DEPLOYED
https://immigratetobrazil.com/insights/naturalisation/brazilian-naturalisation-legal-requirements-and-filing-steps-in-brazil-2/,insights/naturalisation/brazilian-naturalisation-legal-requirements-and-filing-steps-in-brazil-2/index.html,PRESERVED — SOURCE REVIEW REQUIRED — no publication-ready rewrite,CONSISTENT ORGANIZATION DESCRIPTION,PRESERVED,NOT DEPLOYED
https://immigratetobrazil.com/insights/naturalisation/brazilian-naturalisation-legal-requirements-and-filing-steps-in-brazil-3/,insights/naturalisation/brazilian-naturalisation-legal-requirements-and-filing-steps-in-brazil-3/index.html,PRESERVED — SOURCE REVIEW REQUIRED — no publication-ready rewrite,CONSISTENT ORGANIZATION DESCRIPTION,PRESERVED,NOT DEPLOYED
https://immigratetobrazil.com/insights/naturalisation/brazilian-naturalisation-legal-requirements-and-filing-steps-in-brazil/,insights/naturalisation/brazilian-naturalisation-legal-requirements-and-filing-steps-in-brazil/index.html,PRESERVED — SOURCE REVIEW REQUIRED — no publication-ready rewrite,CONSISTENT ORGANIZATION DESCRIPTION,PRESERVED,NOT DEPLOYED
https://immigratetobrazil.com/insights/naturalisation/brazilians-have-reported-problems-processing-expressions-of-interest-t/,insights/naturalisation/brazilians-have-reported-problems-processing-expressions-of-interest-t/index.html,PRESERVED — SOURCE REVIEW REQUIRED — no publication-ready rewrite,CONSISTENT ORGANIZATION DESCRIPTION,PRESERVED,NOT DEPLOYED
https://immigratetobrazil.com/insights/naturalisation/companies-and-individuals-in-brazil-can-hire-foreigners-through-a-form/,insights/naturalisation/companies-and-individuals-in-brazil-can-hire-foreigners-through-a-form/index.html,PRESERVED — SOURCE REVIEW REQUIRED — no publication-ready rewrite,CONSISTENT ORGANIZATION DESCRIPTION,PRESERVED,NOT DEPLOYED
https://immigratetobrazil.com/insights/naturalisation/despite-the-international-names-these-delicacies-are-very-brazilian-or/,insights/naturalisation/despite-the-international-names-these-delicacies-are-very-brazilian-or/index.html,PRESERVED — SOURCE REVIEW REQUIRED — no publication-ready rewrite,CONSISTENT ORGANIZATION DESCRIPTION,PRESERVED,NOT DEPLOYED
https://immigratetobrazil.com/insights/naturalisation/establishing-yourself-in-brazil-with-your-family-is-entirely-possible/,insights/naturalisation/establishing-yourself-in-brazil-with-your-family-is-entirely-possible/index.html,PRESERVED — SOURCE REVIEW REQUIRED — no publication-ready rewrite,CONSISTENT ORGANIZATION DESCRIPTION,PRESERVED,NOT DEPLOYED
https://immigratetobrazil.com/insights/naturalisation/etias-european-travel-information-and-authorization-system-will-be-a-r/,insights/naturalisation/etias-european-travel-information-and-authorization-system-will-be-a-r/index.html,PRESERVED — SOURCE REVIEW REQUIRED — no publication-ready rewrite,CONSISTENT ORGANIZATION DESCRIPTION,PRESERVED,NOT DEPLOYED
https://immigratetobrazil.com/insights/naturalisation/firstly-it-is-essential-to-understand-that-both-brazil-and-the-united/,insights/naturalisation/firstly-it-is-essential-to-understand-that-both-brazil-and-the-united/index.html,PRESERVED — SOURCE REVIEW REQUIRED — no publication-ready rewrite,CONSISTENT ORGANIZATION DESCRIPTION,PRESERVED,NOT DEPLOYED
https://immigratetobrazil.com/insights/naturalisation/for-those-who-have-fallen-in-love-with-brazil-and-wish-to-make-it-thei/,insights/naturalisation/for-those-who-have-fallen-in-love-with-brazil-and-wish-to-make-it-thei/index.html,PRESERVED — SOURCE REVIEW REQUIRED — no publication-ready rewrite,CONSISTENT ORGANIZATION DESCRIPTION,PRESERVED,NOT DEPLOYED
https://immigratetobrazil.com/insights/naturalisation/foreigners-may-apply-for-a-brazilian-passport-under-specific-circumsta/,insights/naturalisation/foreigners-may-apply-for-a-brazilian-passport-under-specific-circumsta/index.html,PRESERVED — SOURCE REVIEW REQUIRED — no publication-ready rewrite,CONSISTENT ORGANIZATION DESCRIPTION,PRESERVED,NOT DEPLOYED
https://immigratetobrazil.com/insights/naturalisation/foreigners-must-prove-legal-residence-in-portugal-for-at-least-five-ye/,insights/naturalisation/foreigners-must-prove-legal-residence-in-portugal-for-at-least-five-ye/index.html,PRESERVED — SOURCE REVIEW REQUIRED — no publication-ready rewrite,CONSISTENT ORGANIZATION DESCRIPTION,PRESERVED,NOT DEPLOYED
https://immigratetobrazil.com/insights/naturalisation/foreigners-who-exceed-the-permitted-time-of-stay-in-brazil-either-by-e/,insights/naturalisation/foreigners-who-exceed-the-permitted-time-of-stay-in-brazil-either-by-e/index.html,PRESERVED — SOURCE REVIEW REQUIRED — no publication-ready rewrite,CONSISTENT ORGANIZATION DESCRIPTION,PRESERVED,NOT DEPLOYED
https://immigratetobrazil.com/insights/naturalisation/having-a-valid-american-visa-does-not-automatically-guarantee-entry-in/,insights/naturalisation/having-a-valid-american-visa-does-not-automatically-guarantee-entry-in/index.html,PRESERVED — SOURCE REVIEW REQUIRED — no publication-ready rewrite,CONSISTENT ORGANIZATION DESCRIPTION,PRESERVED,NOT DEPLOYED
https://immigratetobrazil.com/insights/naturalisation/i-am-a-regular-resident-but-i-am-outside-brazil/,insights/naturalisation/i-am-a-regular-resident-but-i-am-outside-brazil/index.html,PRESERVED — SOURCE REVIEW REQUIRED — no publication-ready rewrite,CONSISTENT ORGANIZATION DESCRIPTION,PRESERVED,NOT DEPLOYED
https://immigratetobrazil.com/insights/naturalisation/if-you-fell-in-love-with-brazil-and-want-to-make-this-country-your-tru/,insights/naturalisation/if-you-fell-in-love-with-brazil-and-want-to-make-this-country-your-tru/index.html,PRESERVED — SOURCE REVIEW REQUIRED — no publication-ready rewrite,CONSISTENT ORGANIZATION DESCRIPTION,PRESERVED,NOT DEPLOYED
https://immigratetobrazil.com/insights/naturalisation/if-you-have-a-luxembourgish-parent-or-grandparent-you-also-would-not-n/,insights/naturalisation/if-you-have-a-luxembourgish-parent-or-grandparent-you-also-would-not-n/index.html,PRESERVED — SOURCE REVIEW REQUIRED — no publication-ready rewrite,CONSISTENT ORGANIZATION DESCRIPTION,PRESERVED,NOT DEPLOYED
https://immigratetobrazil.com/insights/naturalisation/if-your-baby-was-born-in-brazil-you-may-be-eligible-to-apply-for-a-bra/,insights/naturalisation/if-your-baby-was-born-in-brazil-you-may-be-eligible-to-apply-for-a-bra/index.html,PRESERVED — SOURCE REVIEW REQUIRED — no publication-ready rewrite,CONSISTENT ORGANIZATION DESCRIPTION,PRESERVED,NOT DEPLOYED
https://immigratetobrazil.com/insights/naturalisation/in-brazil-deportation-is-an-administrative-measure-applied-to-people-w/,insights/naturalisation/in-brazil-deportation-is-an-administrative-measure-applied-to-people-w/index.html,PRESERVED — SOURCE REVIEW REQUIRED — no publication-ready rewrite,CONSISTENT ORGANIZATION DESCRIPTION,PRESERVED,NOT DEPLOYED
https://immigratetobrazil.com/insights/naturalisation/in-brazil-undergraduate-and-postgraduate-diplomas-obtained-abroad-must/,insights/naturalisation/in-brazil-undergraduate-and-postgraduate-diplomas-obtained-abroad-must/index.html,PRESERVED — SOURCE REVIEW REQUIRED — no publication-ready rewrite,CONSISTENT ORGANIZATION DESCRIPTION,PRESERVED,NOT DEPLOYED
https://immigratetobrazil.com/insights/naturalisation/in-other-words-even-if-the-birth-took-place-years-ago-registration-can/,insights/naturalisation/in-other-words-even-if-the-birth-took-place-years-ago-registration-can/index.html,PRESERVED — SOURCE REVIEW REQUIRED — no publication-ready rewrite,CONSISTENT ORGANIZATION DESCRIPTION,PRESERVED,NOT DEPLOYED
https://immigratetobrazil.com/insights/naturalisation/in-principle-yes-but-it-is-not-recommended/,insights/naturalisation/in-principle-yes-but-it-is-not-recommended/index.html,PRESERVED — SOURCE REVIEW REQUIRED — no publication-ready rewrite,CONSISTENT ORGANIZATION DESCRIPTION,PRESERVED,NOT DEPLOYED
https://immigratetobrazil.com/insights/naturalisation/in-some-cases-there-is-the-possibility-for-the-great-grandchildren-of/,insights/naturalisation/in-some-cases-there-is-the-possibility-for-the-great-grandchildren-of/index.html,PRESERVED — SOURCE REVIEW REQUIRED — no publication-ready rewrite,CONSISTENT ORGANIZATION DESCRIPTION,PRESERVED,NOT DEPLOYED
https://immigratetobrazil.com/insights/naturalisation/in-the-context-of-relations-between-brazil-and-portugal-the-request-fo/,insights/naturalisation/in-the-context-of-relations-between-brazil-and-portugal-the-request-fo/index.html,PRESERVED — SOURCE REVIEW REQUIRED — no publication-ready rewrite,CONSISTENT ORGANIZATION DESCRIPTION,PRESERVED,NOT DEPLOYED
https://immigratetobrazil.com/insights/naturalisation/in-the-event-of-deportation-it-is-essential-that-the-immigrant-is-awar/,insights/naturalisation/in-the-event-of-deportation-it-is-essential-that-the-immigrant-is-awar/index.html,PRESERVED — SOURCE REVIEW REQUIRED — no publication-ready rewrite,CONSISTENT ORGANIZATION DESCRIPTION,PRESERVED,NOT DEPLOYED
https://immigratetobrazil.com/insights/naturalisation/international-child-custody-can-become-a-complex-issue-when-one-of-the/,insights/naturalisation/international-child-custody-can-become-a-complex-issue-when-one-of-the/index.html,PRESERVED — SOURCE REVIEW REQUIRED — no publication-ready rewrite,CONSISTENT ORGANIZATION DESCRIPTION,PRESERVED,NOT DEPLOYED
https://immigratetobrazil.com/insights/naturalisation/international-child-custody-can-become-a-complex-issue-when-one-parent/,insights/naturalisation/international-child-custody-can-become-a-complex-issue-when-one-parent/index.html,PRESERVED — SOURCE REVIEW REQUIRED — no publication-ready rewrite,CONSISTENT ORGANIZATION DESCRIPTION,PRESERVED,NOT DEPLOYED
https://immigratetobrazil.com/insights/naturalisation/investing-in-brazil-with-an-investor-visa-offers-a-dynamic-blend-of-ec/,insights/naturalisation/investing-in-brazil-with-an-investor-visa-offers-a-dynamic-blend-of-ec/index.html,PRESERVED — SOURCE REVIEW REQUIRED — no publication-ready rewrite,CONSISTENT ORGANIZATION DESCRIPTION,PRESERVED,NOT DEPLOYED
https://immigratetobrazil.com/insights/naturalisation/it-is-an-important-date-to-reinforce-the-fight-against-all-forms-of-ra/,insights/naturalisation/it-is-an-important-date-to-reinforce-the-fight-against-all-forms-of-ra/index.html,PRESERVED — SOURCE REVIEW REQUIRED — no publication-ready rewrite,CONSISTENT ORGANIZATION DESCRIPTION,PRESERVED,NOT DEPLOYED
https://immigratetobrazil.com/insights/naturalisation/it-is-important-to-highlight-that-the-process-of-obtaining-luxembourg/,insights/naturalisation/it-is-important-to-highlight-that-the-process-of-obtaining-luxembourg/index.html,PRESERVED — SOURCE REVIEW REQUIRED — no publication-ready rewrite,CONSISTENT ORGANIZATION DESCRIPTION,PRESERVED,NOT DEPLOYED
https://immigratetobrazil.com/insights/naturalisation/it-is-possible-for-a-brazilian-person-to-request-recognition-of-irish/,insights/naturalisation/it-is-possible-for-a-brazilian-person-to-request-recognition-of-irish/index.html,PRESERVED — SOURCE REVIEW REQUIRED — no publication-ready rewrite,CONSISTENT ORGANIZATION DESCRIPTION,PRESERVED,NOT DEPLOYED
https://immigratetobrazil.com/insights/naturalisation/it-is-possible-for-someone-to-visit-brazil-as-a-tourist-and-upon-falli-2/,insights/naturalisation/it-is-possible-for-someone-to-visit-brazil-as-a-tourist-and-upon-falli-2/index.html,PRESERVED — SOURCE REVIEW REQUIRED — no publication-ready rewrite,CONSISTENT ORGANIZATION DESCRIPTION,PRESERVED,NOT DEPLOYED
https://immigratetobrazil.com/insights/naturalisation/it-is-possible-for-someone-to-visit-brazil-as-a-tourist-and-upon-falli/,insights/naturalisation/it-is-possible-for-someone-to-visit-brazil-as-a-tourist-and-upon-falli/index.html,PRESERVED — SOURCE REVIEW REQUIRED — no publication-ready rewrite,CONSISTENT ORGANIZATION DESCRIPTION,PRESERVED,NOT DEPLOYED
https://immigratetobrazil.com/insights/naturalisation/it-should-be-noted-that-no-one-will-be-prevented-from-entering-the-cou/,insights/naturalisation/it-should-be-noted-that-no-one-will-be-prevented-from-entering-the-cou/index.html,PRESERVED — SOURCE REVIEW REQUIRED — no publication-ready rewrite,CONSISTENT ORGANIZATION DESCRIPTION,PRESERVED,NOT DEPLOYED
https://immigratetobrazil.com/insights/naturalisation/large-universities-outside-brazil-allow-admission-without-the-need-to/,insights/naturalisation/large-universities-outside-brazil-allow-admission-without-the-need-to/index.html,PRESERVED — SOURCE REVIEW REQUIRED — no publication-ready rewrite,CONSISTENT ORGANIZATION DESCRIPTION,PRESERVED,NOT DEPLOYED
https://immigratetobrazil.com/insights/naturalisation/legal-guidance-eligibility-requirements-and-filing-steps-2/,insights/naturalisation/legal-guidance-eligibility-requirements-and-filing-steps-2/index.html,PRESERVED — SOURCE REVIEW REQUIRED — no publication-ready rewrite,CONSISTENT ORGANIZATION DESCRIPTION,PRESERVED,NOT DEPLOYED
https://immigratetobrazil.com/insights/naturalisation/legal-guidance-eligibility-requirements-and-filing-steps-3/,insights/naturalisation/legal-guidance-eligibility-requirements-and-filing-steps-3/index.html,PRESERVED — SOURCE REVIEW REQUIRED — no publication-ready rewrite,CONSISTENT ORGANIZATION DESCRIPTION,PRESERVED,NOT DEPLOYED
https://immigratetobrazil.com/insights/naturalisation/legal-guidance-eligibility-requirements-and-filing-steps-4/,insights/naturalisation/legal-guidance-eligibility-requirements-and-filing-steps-4/index.html,PRESERVED — SOURCE REVIEW REQUIRED — no publication-ready rewrite,CONSISTENT ORGANIZATION DESCRIPTION,PRESERVED,NOT DEPLOYED
https://immigratetobrazil.com/insights/naturalisation/legal-guidance-eligibility-requirements-and-filing-steps-5/,insights/naturalisation/legal-guidance-eligibility-requirements-and-filing-steps-5/index.html,PRESERVED — SOURCE REVIEW REQUIRED — no publication-ready rewrite,CONSISTENT ORGANIZATION DESCRIPTION,PRESERVED,NOT DEPLOYED
https://immigratetobrazil.com/insights/naturalisation/legal-guidance-eligibility-requirements-and-filing-steps-6/,insights/naturalisation/legal-guidance-eligibility-requirements-and-filing-steps-6/index.html,PRESERVED — SOURCE REVIEW REQUIRED — no publication-ready rewrite,CONSISTENT ORGANIZATION DESCRIPTION,PRESERVED,NOT DEPLOYED
https://immigratetobrazil.com/insights/naturalisation/legal-guidance-eligibility-requirements-and-filing-steps-7/,insights/naturalisation/legal-guidance-eligibility-requirements-and-filing-steps-7/index.html,PRESERVED — SOURCE REVIEW REQUIRED — no publication-ready rewrite,CONSISTENT ORGANIZATION DESCRIPTION,PRESERVED,NOT DEPLOYED
https://immigratetobrazil.com/insights/naturalisation/legal-guidance-eligibility-requirements-and-filing-steps-8/,insights/naturalisation/legal-guidance-eligibility-requirements-and-filing-steps-8/index.html,PRESERVED — SOURCE REVIEW REQUIRED — no publication-ready rewrite,CONSISTENT ORGANIZATION DESCRIPTION,PRESERVED,NOT DEPLOYED
https://immigratetobrazil.com/insights/naturalisation/legal-guidance-eligibility-requirements-and-filing-steps/,insights/naturalisation/legal-guidance-eligibility-requirements-and-filing-steps/index.html,PRESERVED — SOURCE REVIEW REQUIRED — no publication-ready rewrite,CONSISTENT ORGANIZATION DESCRIPTION,PRESERVED,NOT DEPLOYED
https://immigratetobrazil.com/insights/naturalisation/luso-brazilian-community-day-celebrates-the-strong-ties-between-portug/,insights/naturalisation/luso-brazilian-community-day-celebrates-the-strong-ties-between-portug/index.html,PRESERVED — SOURCE REVIEW REQUIRED — no publication-ready rewrite,CONSISTENT ORGANIZATION DESCRIPTION,PRESERVED,NOT DEPLOYED
https://immigratetobrazil.com/insights/naturalisation/military-enlistment-is-mandatory-for-brazilians-even-abroad-even-livin/,insights/naturalisation/military-enlistment-is-mandatory-for-brazilians-even-abroad-even-livin/index.html,PRESERVED — SOURCE REVIEW REQUIRED — no publication-ready rewrite,CONSISTENT ORGANIZATION DESCRIPTION,PRESERVED,NOT DEPLOYED
https://immigratetobrazil.com/insights/naturalisation/my-immigrant-card-is-valid-until-2030-but-my-stable-union-is-over/,insights/naturalisation/my-immigrant-card-is-valid-until-2030-but-my-stable-union-is-over/index.html,PRESERVED — SOURCE REVIEW REQUIRED — no publication-ready rewrite,CONSISTENT ORGANIZATION DESCRIPTION,PRESERVED,NOT DEPLOYED
https://immigratetobrazil.com/insights/naturalisation/naturalized-brazilian-men-aged-between-18-and-45-must-enlist-in-the-mi/,insights/naturalisation/naturalized-brazilian-men-aged-between-18-and-45-must-enlist-in-the-mi/index.html,PRESERVED — SOURCE REVIEW REQUIRED — no publication-ready rewrite,CONSISTENT ORGANIZATION DESCRIPTION,PRESERVED,NOT DEPLOYED
https://immigratetobrazil.com/insights/naturalisation/november-20th-black-awareness-day-black-awareness-day-is-a-historical/,insights/naturalisation/november-20th-black-awareness-day-black-awareness-day-is-a-historical/index.html,PRESERVED — SOURCE REVIEW REQUIRED — no publication-ready rewrite,CONSISTENT ORGANIZATION DESCRIPTION,PRESERVED,NOT DEPLOYED
https://immigratetobrazil.com/insights/naturalisation/on-december-19-2023-the-french-senate-approved-a-controversial-immigra/,insights/naturalisation/on-december-19-2023-the-french-senate-approved-a-controversial-immigra/index.html,PRESERVED — SOURCE REVIEW REQUIRED — no publication-ready rewrite,CONSISTENT ORGANIZATION DESCRIPTION,PRESERVED,NOT DEPLOYED
https://immigratetobrazil.com/insights/naturalisation/on-teacher-s-day-celebrated-on-october-15th-we-honor-those-who-with-de/,insights/naturalisation/on-teacher-s-day-celebrated-on-october-15th-we-honor-those-who-with-de/index.html,PRESERVED — SOURCE REVIEW REQUIRED — no publication-ready rewrite,CONSISTENT ORGANIZATION DESCRIPTION,PRESERVED,NOT DEPLOYED
https://immigratetobrazil.com/insights/naturalisation/on-this-date-we-reinforce-our-commitment-to-valuing-and-protecting-eld/,insights/naturalisation/on-this-date-we-reinforce-our-commitment-to-valuing-and-protecting-eld/index.html,PRESERVED — SOURCE REVIEW REQUIRED — no publication-ready rewrite,CONSISTENT ORGANIZATION DESCRIPTION,PRESERVED,NOT DEPLOYED
https://immigratetobrazil.com/insights/naturalisation/on-this-day-we-express-gratitude-to-each-person-who-trusts-our-legal-w/,insights/naturalisation/on-this-day-we-express-gratitude-to-each-person-who-trusts-our-legal-w/index.html,PRESERVED — SOURCE REVIEW REQUIRED — no publication-ready rewrite,CONSISTENT ORGANIZATION DESCRIPTION,PRESERVED,NOT DEPLOYED
https://immigratetobrazil.com/insights/naturalisation/once-approved-this-process-grants-you-full-brazilian-citizenship-with/,insights/naturalisation/once-approved-this-process-grants-you-full-brazilian-citizenship-with/index.html,PRESERVED — SOURCE REVIEW REQUIRED — no publication-ready rewrite,CONSISTENT ORGANIZATION DESCRIPTION,PRESERVED,NOT DEPLOYED
https://immigratetobrazil.com/insights/naturalisation/parents-of-minor-children-with-dual-nationality-can-and-should-maintai/,insights/naturalisation/parents-of-minor-children-with-dual-nationality-can-and-should-maintai/index.html,PRESERVED — SOURCE REVIEW REQUIRED — no publication-ready rewrite,CONSISTENT ORGANIZATION DESCRIPTION,PRESERVED,NOT DEPLOYED
https://immigratetobrazil.com/insights/naturalisation/people-living-in-brazil-can-apply-for-naturalisation-to-become-brazili/,insights/naturalisation/people-living-in-brazil-can-apply-for-naturalisation-to-become-brazili/index.html,PRESERVED — SOURCE REVIEW REQUIRED — no publication-ready rewrite,CONSISTENT ORGANIZATION DESCRIPTION,PRESERVED,NOT DEPLOYED
https://immigratetobrazil.com/insights/naturalisation/permanent-residence-permit-and-citizenship-are-two-distinct-legal-stat-2/,insights/naturalisation/permanent-residence-permit-and-citizenship-are-two-distinct-legal-stat-2/index.html,PRESERVED — SOURCE REVIEW REQUIRED — no publication-ready rewrite,CONSISTENT ORGANIZATION DESCRIPTION,PRESERVED,NOT DEPLOYED
https://immigratetobrazil.com/insights/naturalisation/permanent-residence-permit-and-citizenship-are-two-distinct-legal-stat/,insights/naturalisation/permanent-residence-permit-and-citizenship-are-two-distinct-legal-stat/index.html,PRESERVED — SOURCE REVIEW REQUIRED — no publication-ready rewrite,CONSISTENT ORGANIZATION DESCRIPTION,PRESERVED,NOT DEPLOYED
https://immigratetobrazil.com/insights/naturalisation/pix-a-brazilian-instant-payment-system-is-expanding-internationally-th/,insights/naturalisation/pix-a-brazilian-instant-payment-system-is-expanding-internationally-th/index.html,PRESERVED — SOURCE REVIEW REQUIRED — no publication-ready rewrite,CONSISTENT ORGANIZATION DESCRIPTION,PRESERVED,NOT DEPLOYED
https://immigratetobrazil.com/insights/naturalisation/portugal-recently-approved-a-set-of-changes-to-immigration-legislation/,insights/naturalisation/portugal-recently-approved-a-set-of-changes-to-immigration-legislation/index.html,PRESERVED — SOURCE REVIEW REQUIRED — no publication-ready rewrite,CONSISTENT ORGANIZATION DESCRIPTION,PRESERVED,NOT DEPLOYED
https://immigratetobrazil.com/insights/naturalisation/pregnant-women-that-come-to-brazil-to-have-their-baby-can-apply-for-re/,insights/naturalisation/pregnant-women-that-come-to-brazil-to-have-their-baby-can-apply-for-re/index.html,PRESERVED — SOURCE REVIEW REQUIRED — no publication-ready rewrite,CONSISTENT ORGANIZATION DESCRIPTION,PRESERVED,NOT DEPLOYED
https://immigratetobrazil.com/insights/naturalisation/president-joe-biden-signed-an-executive-order-to-simplify-the-process/,insights/naturalisation/president-joe-biden-signed-an-executive-order-to-simplify-the-process/index.html,PRESERVED — SOURCE REVIEW REQUIRED — no publication-ready rewrite,CONSISTENT ORGANIZATION DESCRIPTION,PRESERVED,NOT DEPLOYED
https://immigratetobrazil.com/insights/naturalisation/recently-the-united-states-lost-its-position-in-the-top-10-of-the-most/,insights/naturalisation/recently-the-united-states-lost-its-position-in-the-top-10-of-the-most/index.html,PRESERVED — SOURCE REVIEW REQUIRED — no publication-ready rewrite,CONSISTENT ORGANIZATION DESCRIPTION,PRESERVED,NOT DEPLOYED
https://immigratetobrazil.com/insights/naturalisation/rectification-of-settlements-is-an-essential-procedure-in-citizenship/,insights/naturalisation/rectification-of-settlements-is-an-essential-procedure-in-citizenship/index.html,PRESERVED — SOURCE REVIEW REQUIRED — no publication-ready rewrite,CONSISTENT ORGANIZATION DESCRIPTION,PRESERVED,NOT DEPLOYED
https://immigratetobrazil.com/insights/naturalisation/refugees-unlike-other-immigrants-are-those-who-suffer-compulsory-displ/,insights/naturalisation/refugees-unlike-other-immigrants-are-those-who-suffer-compulsory-displ/index.html,PRESERVED — SOURCE REVIEW REQUIRED — no publication-ready rewrite,CONSISTENT ORGANIZATION DESCRIPTION,PRESERVED,NOT DEPLOYED
https://immigratetobrazil.com/insights/naturalisation/registering-a-childs-birth-at-a-brazilian-consular-office-abroad-is-no/,insights/naturalisation/registering-a-childs-birth-at-a-brazilian-consular-office-abroad-is-no/index.html,PRESERVED — SOURCE REVIEW REQUIRED — no publication-ready rewrite,CONSISTENT ORGANIZATION DESCRIPTION,PRESERVED,NOT DEPLOYED
https://immigratetobrazil.com/insights/naturalisation/relocating-to-brazil-with-your-family-is-certainly-possible-as-long-as/,insights/naturalisation/relocating-to-brazil-with-your-family-is-certainly-possible-as-long-as/index.html,PRESERVED — SOURCE REVIEW REQUIRED — no publication-ready rewrite,CONSISTENT ORGANIZATION DESCRIPTION,PRESERVED,NOT DEPLOYED
https://immigratetobrazil.com/insights/naturalisation/searching-for-certificates-is-an-essential-step-in-the-citizenship-pro/,insights/naturalisation/searching-for-certificates-is-an-essential-step-in-the-citizenship-pro/index.html,PRESERVED — SOURCE REVIEW REQUIRED — no publication-ready rewrite,CONSISTENT ORGANIZATION DESCRIPTION,PRESERVED,NOT DEPLOYED
https://immigratetobrazil.com/insights/naturalisation/seeking-legal-advice-from-an-immigration-lawyer-in-brazil-is-crucial-d/,insights/naturalisation/seeking-legal-advice-from-an-immigration-lawyer-in-brazil-is-crucial-d/index.html,PRESERVED — SOURCE REVIEW REQUIRED — no publication-ready rewrite,CONSISTENT ORGANIZATION DESCRIPTION,PRESERVED,NOT DEPLOYED
https://immigratetobrazil.com/insights/naturalisation/sporadic-trips-abroad-for-which-the-sum-of-periods-does-not-exceed-12/,insights/naturalisation/sporadic-trips-abroad-for-which-the-sum-of-periods-does-not-exceed-12/index.html,PRESERVED — SOURCE REVIEW REQUIRED — no publication-ready rewrite,CONSISTENT ORGANIZATION DESCRIPTION,PRESERVED,NOT DEPLOYED
https://immigratetobrazil.com/insights/naturalisation/sporadic-trips-abroad-the-sum-of-which-does-not-exceed-12-months-durin/,insights/naturalisation/sporadic-trips-abroad-the-sum-of-which-does-not-exceed-12-months-durin/index.html,PRESERVED — SOURCE REVIEW REQUIRED — no publication-ready rewrite,CONSISTENT ORGANIZATION DESCRIPTION,PRESERVED,NOT DEPLOYED
https://immigratetobrazil.com/insights/naturalisation/starting-september-2-2025-the-u-s-department-of-state-will-require-an/,insights/naturalisation/starting-september-2-2025-the-u-s-department-of-state-will-require-an/index.html,PRESERVED — SOURCE REVIEW REQUIRED — no publication-ready rewrite,CONSISTENT ORGANIZATION DESCRIPTION,PRESERVED,NOT DEPLOYED
https://immigratetobrazil.com/insights/naturalisation/the-certificate-of-proficiency-in-portuguese-language-for-foreigners-c/,insights/naturalisation/the-certificate-of-proficiency-in-portuguese-language-for-foreigners-c/index.html,PRESERVED — SOURCE REVIEW REQUIRED — no publication-ready rewrite,CONSISTENT ORGANIZATION DESCRIPTION,PRESERVED,NOT DEPLOYED
https://immigratetobrazil.com/insights/naturalisation/the-chamber-of-deputies-has-just-approved-a-proposed-amendment-to-the/,insights/naturalisation/the-chamber-of-deputies-has-just-approved-a-proposed-amendment-to-the/index.html,PRESERVED — SOURCE REVIEW REQUIRED — no publication-ready rewrite,CONSISTENT ORGANIZATION DESCRIPTION,PRESERVED,NOT DEPLOYED
https://immigratetobrazil.com/insights/naturalisation/the-date-invites-reflection-on-one-of-the-darkest-pages-in-human-histo/,insights/naturalisation/the-date-invites-reflection-on-one-of-the-darkest-pages-in-human-histo/index.html,PRESERVED — SOURCE REVIEW REQUIRED — no publication-ready rewrite,CONSISTENT ORGANIZATION DESCRIPTION,PRESERVED,NOT DEPLOYED
https://immigratetobrazil.com/insights/naturalisation/the-deadline-to-begin-the-process-of-recognizing-spanish-citizenship-f/,insights/naturalisation/the-deadline-to-begin-the-process-of-recognizing-spanish-citizenship-f/index.html,PRESERVED — SOURCE REVIEW REQUIRED — no publication-ready rewrite,CONSISTENT ORGANIZATION DESCRIPTION,PRESERVED,NOT DEPLOYED
https://immigratetobrazil.com/insights/naturalisation/the-humanitarian-and-institutional-crisis-that-is-plaguing-venezuela-h/,insights/naturalisation/the-humanitarian-and-institutional-crisis-that-is-plaguing-venezuela-h/index.html,PRESERVED — SOURCE REVIEW REQUIRED — no publication-ready rewrite,CONSISTENT ORGANIZATION DESCRIPTION,PRESERVED,NOT DEPLOYED
https://immigratetobrazil.com/insights/naturalisation/the-mercosur-agreement-recognized-primarily-for-its-economic-impacts-a/,insights/naturalisation/the-mercosur-agreement-recognized-primarily-for-its-economic-impacts-a/index.html,PRESERVED — SOURCE REVIEW REQUIRED — no publication-ready rewrite,CONSISTENT ORGANIZATION DESCRIPTION,PRESERVED,NOT DEPLOYED
https://immigratetobrazil.com/insights/naturalisation/the-mobility-agreement-between-cplp-member-states-communities-of-portu/,insights/naturalisation/the-mobility-agreement-between-cplp-member-states-communities-of-portu/index.html,PRESERVED — SOURCE REVIEW REQUIRED — no publication-ready rewrite,CONSISTENT ORGANIZATION DESCRIPTION,PRESERVED,NOT DEPLOYED
https://immigratetobrazil.com/insights/naturalisation/the-new-naturalization-law-in-germany-approved-by-the-bundestag-simpli/,insights/naturalisation/the-new-naturalization-law-in-germany-approved-by-the-bundestag-simpli/index.html,PRESERVED — SOURCE REVIEW REQUIRED — no publication-ready rewrite,CONSISTENT ORGANIZATION DESCRIPTION,PRESERVED,NOT DEPLOYED
https://immigratetobrazil.com/insights/naturalisation/the-new-visa-and-residence-permit-agreement-between-angola-brazil-cape/,insights/naturalisation/the-new-visa-and-residence-permit-agreement-between-angola-brazil-cape/index.html,PRESERVED — SOURCE REVIEW REQUIRED — no publication-ready rewrite,CONSISTENT ORGANIZATION DESCRIPTION,PRESERVED,NOT DEPLOYED
https://immigratetobrazil.com/insights/naturalisation/the-portuguese-language-plays-a-fundamental-role-in-brazil-s-culture-a/,insights/naturalisation/the-portuguese-language-plays-a-fundamental-role-in-brazil-s-culture-a/index.html,PRESERVED — SOURCE REVIEW REQUIRED — no publication-ready rewrite,CONSISTENT ORGANIZATION DESCRIPTION,PRESERVED,NOT DEPLOYED
https://immigratetobrazil.com/insights/naturalisation/the-recently-announced-innovation-allows-brazilian-tourists-to-pay-for/,insights/naturalisation/the-recently-announced-innovation-allows-brazilian-tourists-to-pay-for/index.html,PRESERVED — SOURCE REVIEW REQUIRED — no publication-ready rewrite,CONSISTENT ORGANIZATION DESCRIPTION,PRESERVED,NOT DEPLOYED
https://immigratetobrazil.com/insights/naturalisation/the-renewal-of-the-resident-card-in-brazil-may-be-prevented-in-some-sp/,insights/naturalisation/the-renewal-of-the-resident-card-in-brazil-may-be-prevented-in-some-sp/index.html,PRESERVED — SOURCE REVIEW REQUIRED — no publication-ready rewrite,CONSISTENT ORGANIZATION DESCRIPTION,PRESERVED,NOT DEPLOYED
https://immigratetobrazil.com/insights/naturalisation/the-voluntary-renunciation-of-brazilian-nationality-provided-for-in-th/,insights/naturalisation/the-voluntary-renunciation-of-brazilian-nationality-provided-for-in-th/index.html,PRESERVED — SOURCE REVIEW REQUIRED — no publication-ready rewrite,CONSISTENT ORGANIZATION DESCRIPTION,PRESERVED,NOT DEPLOYED
https://immigratetobrazil.com/insights/naturalisation/this-is-an-important-opportunity-for-people-with-brazilian-ancestry-to/,insights/naturalisation/this-is-an-important-opportunity-for-people-with-brazilian-ancestry-to/index.html,PRESERVED — SOURCE REVIEW REQUIRED — no publication-ready rewrite,CONSISTENT ORGANIZATION DESCRIPTION,PRESERVED,NOT DEPLOYED
https://immigratetobrazil.com/insights/naturalisation/to-do-this-it-is-possible-to-register-your-birth-at-any-time-at-a-braz/,insights/naturalisation/to-do-this-it-is-possible-to-register-your-birth-at-any-time-at-a-braz/index.html,PRESERVED — SOURCE REVIEW REQUIRED — no publication-ready rewrite,CONSISTENT ORGANIZATION DESCRIPTION,PRESERVED,NOT DEPLOYED
https://immigratetobrazil.com/insights/naturalisation/to-formalise-this-status-their-birth-can-be-registered-at-any-time-at/,insights/naturalisation/to-formalise-this-status-their-birth-can-be-registered-at-any-time-at/index.html,PRESERVED — SOURCE REVIEW REQUIRED — no publication-ready rewrite,CONSISTENT ORGANIZATION DESCRIPTION,PRESERVED,NOT DEPLOYED
https://immigratetobrazil.com/insights/naturalisation/to-obtain-brazilian-citizenship-individuals-generally-must-meet-specif/,insights/naturalisation/to-obtain-brazilian-citizenship-individuals-generally-must-meet-specif/index.html,PRESERVED — SOURCE REVIEW REQUIRED — no publication-ready rewrite,CONSISTENT ORGANIZATION DESCRIPTION,PRESERVED,NOT DEPLOYED
https://immigratetobrazil.com/insights/naturalisation/today-we-recognize-the-resilience-wisdom-and-diversity-of-indigenous-p/,insights/naturalisation/today-we-recognize-the-resilience-wisdom-and-diversity-of-indigenous-p/index.html,PRESERVED — SOURCE REVIEW REQUIRED — no publication-ready rewrite,CONSISTENT ORGANIZATION DESCRIPTION,PRESERVED,NOT DEPLOYED
https://immigratetobrazil.com/insights/naturalisation/under-the-new-spanish-law-on-obtaining-citizenship-more-people-have-th/,insights/naturalisation/under-the-new-spanish-law-on-obtaining-citizenship-more-people-have-th/index.html,PRESERVED — SOURCE REVIEW REQUIRED — no publication-ready rewrite,CONSISTENT ORGANIZATION DESCRIPTION,PRESERVED,NOT DEPLOYED
https://immigratetobrazil.com/insights/naturalisation/us-imposes-new-visa-restrictions-on-12-countries-since-june-9-2025-an/,insights/naturalisation/us-imposes-new-visa-restrictions-on-12-countries-since-june-9-2025-an/index.html,PRESERVED — SOURCE REVIEW REQUIRED — no publication-ready rewrite,CONSISTENT ORGANIZATION DESCRIPTION,PRESERVED,NOT DEPLOYED
https://immigratetobrazil.com/insights/naturalisation/we-celebrate-the-achievements-of-women-around-the-world-and-reaffirm-t/,insights/naturalisation/we-celebrate-the-achievements-of-women-around-the-world-and-reaffirm-t/index.html,PRESERVED — SOURCE REVIEW REQUIRED — no publication-ready rewrite,CONSISTENT ORGANIZATION DESCRIPTION,PRESERVED,NOT DEPLOYED
https://immigratetobrazil.com/insights/naturalisation/whether-you-re-travelling-to-brazil-for-a-short-stay-or-planning-a-lon/,insights/naturalisation/whether-you-re-travelling-to-brazil-for-a-short-stay-or-planning-a-lon/index.html,PRESERVED — SOURCE REVIEW REQUIRED — no publication-ready rewrite,CONSISTENT ORGANIZATION DESCRIPTION,PRESERVED,NOT DEPLOYED
https://immigratetobrazil.com/insights/naturalisation/why-contact-with-marine-animals-is-prohibited-in-tourist-areas-the-epi/,insights/naturalisation/why-contact-with-marine-animals-is-prohibited-in-tourist-areas-the-epi/index.html,PRESERVED — SOURCE REVIEW REQUIRED — no publication-ready rewrite,CONSISTENT ORGANIZATION DESCRIPTION,PRESERVED,NOT DEPLOYED
https://immigratetobrazil.com/insights/naturalisation/with-the-democratic-memory-law-in-force-now-the-adult-grandchildren-of/,insights/naturalisation/with-the-democratic-memory-law-in-force-now-the-adult-grandchildren-of/index.html,PRESERVED — SOURCE REVIEW REQUIRED — no publication-ready rewrite,CONSISTENT ORGANIZATION DESCRIPTION,PRESERVED,NOT DEPLOYED
https://immigratetobrazil.com/insights/naturalisation/work-in-finland-an-initiative-supported-by-the-finnish-government-netw/,insights/naturalisation/work-in-finland-an-initiative-supported-by-the-finnish-government-netw/index.html,PRESERVED — SOURCE REVIEW REQUIRED — no publication-ready rewrite,CONSISTENT ORGANIZATION DESCRIPTION,PRESERVED,NOT DEPLOYED
https://immigratetobrazil.com/insights/process/,insights/process/index.html,APPLIED,CONSISTENT ORGANIZATION DESCRIPTION,PRESERVED,NOT DEPLOYED
https://immigratetobrazil.com/insights/process/airports-are-busy-places-it-is-important-to-always-be-aware/,insights/process/airports-are-busy-places-it-is-important-to-always-be-aware/index.html,PRESERVED — SOURCE REVIEW REQUIRED — no publication-ready rewrite,CONSISTENT ORGANIZATION DESCRIPTION,PRESERVED,NOT DEPLOYED
https://immigratetobrazil.com/insights/process/all-passengers-have-the-right-to-take-their-hand-luggage-and-personal/,insights/process/all-passengers-have-the-right-to-take-their-hand-luggage-and-personal/index.html,PRESERVED — SOURCE REVIEW REQUIRED — no publication-ready rewrite,CONSISTENT ORGANIZATION DESCRIPTION,PRESERVED,NOT DEPLOYED
https://immigratetobrazil.com/insights/process/an-honorary-consulate-is-a-voluntary-diplomatic-representation-of-a-co/,insights/process/an-honorary-consulate-is-a-voluntary-diplomatic-representation-of-a-co/index.html,PRESERVED — SOURCE REVIEW REQUIRED — no publication-ready rewrite,CONSISTENT ORGANIZATION DESCRIPTION,PRESERVED,NOT DEPLOYED
https://immigratetobrazil.com/insights/process/appealing-a-traffic-fine-is-your-right/,insights/process/appealing-a-traffic-fine-is-your-right/index.html,PRESERVED — SOURCE REVIEW REQUIRED — no publication-ready rewrite,CONSISTENT ORGANIZATION DESCRIPTION,PRESERVED,NOT DEPLOYED
https://immigratetobrazil.com/insights/process/bulgaria-and-romania-will-partially-join-the-european-union-s-schengen/,insights/process/bulgaria-and-romania-will-partially-join-the-european-union-s-schengen/index.html,PRESERVED — SOURCE REVIEW REQUIRED — no publication-ready rewrite,CONSISTENT ORGANIZATION DESCRIPTION,PRESERVED,NOT DEPLOYED
https://immigratetobrazil.com/insights/process/deportation-as-defined-by-brazilian-legislation-is-an-administrative-p/,insights/process/deportation-as-defined-by-brazilian-legislation-is-an-administrative-p/index.html,PRESERVED — SOURCE REVIEW REQUIRED — no publication-ready rewrite,CONSISTENT ORGANIZATION DESCRIPTION,PRESERVED,NOT DEPLOYED
https://immigratetobrazil.com/insights/process/deportation-is-a-measure-provided-for-by-law-for-the-compulsory-remova/,insights/process/deportation-is-a-measure-provided-for-by-law-for-the-compulsory-remova/index.html,PRESERVED — SOURCE REVIEW REQUIRED — no publication-ready rewrite,CONSISTENT ORGANIZATION DESCRIPTION,PRESERVED,NOT DEPLOYED
https://immigratetobrazil.com/insights/process/each-federal-police-immigration-service-point-has-a-different-procedur/,insights/process/each-federal-police-immigration-service-point-has-a-different-procedur/index.html,PRESERVED — SOURCE REVIEW REQUIRED — no publication-ready rewrite,CONSISTENT ORGANIZATION DESCRIPTION,PRESERVED,NOT DEPLOYED
https://immigratetobrazil.com/insights/process/for-biological-children-and-minor-adopted-children-of-italian-citizens/,insights/process/for-biological-children-and-minor-adopted-children-of-italian-citizens/index.html,PRESERVED — SOURCE REVIEW REQUIRED — no publication-ready rewrite,CONSISTENT ORGANIZATION DESCRIPTION,PRESERVED,NOT DEPLOYED
https://immigratetobrazil.com/insights/process/if-you-are-getting-married-to-a-brazilian-person-and-need-a-document-s/,insights/process/if-you-are-getting-married-to-a-brazilian-person-and-need-a-document-s/index.html,PRESERVED — SOURCE REVIEW REQUIRED — no publication-ready rewrite,CONSISTENT ORGANIZATION DESCRIPTION,PRESERVED,NOT DEPLOYED
https://immigratetobrazil.com/insights/process/it-doesn-t-matter-where-the-bill-or-billing-is-from/,insights/process/it-doesn-t-matter-where-the-bill-or-billing-is-from/index.html,PRESERVED — SOURCE REVIEW REQUIRED — no publication-ready rewrite,CONSISTENT ORGANIZATION DESCRIPTION,PRESERVED,NOT DEPLOYED
https://immigratetobrazil.com/insights/process/it-was-established-by-the-un-to-promote-equality-respect-for-human-rig/,insights/process/it-was-established-by-the-un-to-promote-equality-respect-for-human-rig/index.html,PRESERVED — SOURCE REVIEW REQUIRED — no publication-ready rewrite,CONSISTENT ORGANIZATION DESCRIPTION,PRESERVED,NOT DEPLOYED
https://immigratetobrazil.com/insights/process/technically-yes-but-its-not-advisable/,insights/process/technically-yes-but-its-not-advisable/index.html,PRESERVED — SOURCE REVIEW REQUIRED — no publication-ready rewrite,CONSISTENT ORGANIZATION DESCRIPTION,PRESERVED,NOT DEPLOYED
https://immigratetobrazil.com/insights/process/the-consular-declaration-of-civil-status-is-a-document-issued-by-the-c/,insights/process/the-consular-declaration-of-civil-status-is-a-document-issued-by-the-c/index.html,PRESERVED — SOURCE REVIEW REQUIRED — no publication-ready rewrite,CONSISTENT ORGANIZATION DESCRIPTION,PRESERVED,NOT DEPLOYED
https://immigratetobrazil.com/insights/process/the-expulsion-of-a-foreigner-is-an-extreme-measure-and-can-only-occur/,insights/process/the-expulsion-of-a-foreigner-is-an-extreme-measure-and-can-only-occur/index.html,PRESERVED — SOURCE REVIEW REQUIRED — no publication-ready rewrite,CONSISTENT ORGANIZATION DESCRIPTION,PRESERVED,NOT DEPLOYED
https://immigratetobrazil.com/insights/process/the-right-to-come-and-go-is-provided-for-in-the-federal-constitution-f/,insights/process/the-right-to-come-and-go-is-provided-for-in-the-federal-constitution-f/index.html,PRESERVED — SOURCE REVIEW REQUIRED — no publication-ready rewrite,CONSISTENT ORGANIZATION DESCRIPTION,PRESERVED,NOT DEPLOYED
https://immigratetobrazil.com/insights/process/the-text-of-the-brazil-uruguay-convention-for-the-elimination-of-doubl/,insights/process/the-text-of-the-brazil-uruguay-convention-for-the-elimination-of-doubl/index.html,PRESERVED — SOURCE REVIEW REQUIRED — no publication-ready rewrite,CONSISTENT ORGANIZATION DESCRIPTION,PRESERVED,NOT DEPLOYED
https://immigratetobrazil.com/insights/process/the-transformation-of-the-italian-consulate-in-belo-horizonte-to-consu/,insights/process/the-transformation-of-the-italian-consulate-in-belo-horizonte-to-consu/index.html,PRESERVED — SOURCE REVIEW REQUIRED — no publication-ready rewrite,CONSISTENT ORGANIZATION DESCRIPTION,PRESERVED,NOT DEPLOYED
https://immigratetobrazil.com/insights/process/this-is-an-illegal-extremely-dangerous-practice-that-can-have-serious/,insights/process/this-is-an-illegal-extremely-dangerous-practice-that-can-have-serious/index.html,PRESERVED — SOURCE REVIEW REQUIRED — no publication-ready rewrite,CONSISTENT ORGANIZATION DESCRIPTION,PRESERVED,NOT DEPLOYED
https://immigratetobrazil.com/insights/process/yes-brazilian-law-protects-passengers-much-more-than-other-countries/,insights/process/yes-brazilian-law-protects-passengers-much-more-than-other-countries/index.html,PRESERVED — SOURCE REVIEW REQUIRED — no publication-ready rewrite,CONSISTENT ORGANIZATION DESCRIPTION,PRESERVED,NOT DEPLOYED
https://immigratetobrazil.com/insights/process/you-should-request-for-your-brazilian-id-to-be-renewed-at-least-90-day/,insights/process/you-should-request-for-your-brazilian-id-to-be-renewed-at-least-90-day/index.html,PRESERVED — SOURCE REVIEW REQUIRED — no publication-ready rewrite,CONSISTENT ORGANIZATION DESCRIPTION,PRESERVED,NOT DEPLOYED
https://immigratetobrazil.com/insights/residency/,insights/residency/index.html,APPLIED,CONSISTENT ORGANIZATION DESCRIPTION,PRESERVED,NOT DEPLOYED
https://immigratetobrazil.com/insights/residency/a-stable-union-formed-abroad-can-be-recognized-in-brazil-through-regis/,insights/residency/a-stable-union-formed-abroad-can-be-recognized-in-brazil-through-regis/index.html,PRESERVED — SOURCE REVIEW REQUIRED — no publication-ready rewrite,CONSISTENT ORGANIZATION DESCRIPTION,PRESERVED,NOT DEPLOYED
https://immigratetobrazil.com/insights/residency/brazilian-immigration-legislation-reflects-the-country-s-commitment-to/,insights/residency/brazilian-immigration-legislation-reflects-the-country-s-commitment-to/index.html,PRESERVED — SOURCE REVIEW REQUIRED — no publication-ready rewrite,CONSISTENT ORGANIZATION DESCRIPTION,PRESERVED,NOT DEPLOYED
https://immigratetobrazil.com/insights/residency/firstly-you-will-need-to-register-at-the-brazilian-consulate-or-embass/,insights/residency/firstly-you-will-need-to-register-at-the-brazilian-consulate-or-embass/index.html,PRESERVED — SOURCE REVIEW REQUIRED — no publication-ready rewrite,CONSISTENT ORGANIZATION DESCRIPTION,PRESERVED,NOT DEPLOYED
https://immigratetobrazil.com/insights/residency/for-those-who-still-cannot-marry-in-their-home-countries-because-of-di/,insights/residency/for-those-who-still-cannot-marry-in-their-home-countries-because-of-di/index.html,PRESERVED — SOURCE REVIEW REQUIRED — no publication-ready rewrite,CONSISTENT ORGANIZATION DESCRIPTION,PRESERVED,NOT DEPLOYED
https://immigratetobrazil.com/insights/residency/i-have-a-brazilian-residence-permit-and-i-want-to-move-to-another-regi/,insights/residency/i-have-a-brazilian-residence-permit-and-i-want-to-move-to-another-regi/index.html,PRESERVED — SOURCE REVIEW REQUIRED — no publication-ready rewrite,CONSISTENT ORGANIZATION DESCRIPTION,PRESERVED,NOT DEPLOYED
https://immigratetobrazil.com/insights/residency/if-the-person-has-a-residence-permit-in-brazil-it-is-important-to-obse/,insights/residency/if-the-person-has-a-residence-permit-in-brazil-it-is-important-to-obse/index.html,PRESERVED — SOURCE REVIEW REQUIRED — no publication-ready rewrite,CONSISTENT ORGANIZATION DESCRIPTION,PRESERVED,NOT DEPLOYED
https://immigratetobrazil.com/insights/residency/if-the-person-holds-a-brazilian-residence-permit-it-s-important-to-obs/,insights/residency/if-the-person-holds-a-brazilian-residence-permit-it-s-important-to-obs/index.html,PRESERVED — SOURCE REVIEW REQUIRED — no publication-ready rewrite,CONSISTENT ORGANIZATION DESCRIPTION,PRESERVED,NOT DEPLOYED
https://immigratetobrazil.com/insights/residency/if-you-have-chosen-brazil-as-your-new-place-of-residency-and-are-inqui/,insights/residency/if-you-have-chosen-brazil-as-your-new-place-of-residency-and-are-inqui/index.html,PRESERVED — SOURCE REVIEW REQUIRED — no publication-ready rewrite,CONSISTENT ORGANIZATION DESCRIPTION,PRESERVED,NOT DEPLOYED
https://immigratetobrazil.com/insights/residency/if-you-need-to-stay-outside-of-portugal-for-a-longer-period-than-requi/,insights/residency/if-you-need-to-stay-outside-of-portugal-for-a-longer-period-than-requi/index.html,PRESERVED — SOURCE REVIEW REQUIRED — no publication-ready rewrite,CONSISTENT ORGANIZATION DESCRIPTION,PRESERVED,NOT DEPLOYED
https://immigratetobrazil.com/insights/residency/in-brazil-the-national-migration-registry-rnm-is-the-registry-of-immig/,insights/residency/in-brazil-the-national-migration-registry-rnm-is-the-registry-of-immig/index.html,PRESERVED — SOURCE REVIEW REQUIRED — no publication-ready rewrite,CONSISTENT ORGANIZATION DESCRIPTION,PRESERVED,NOT DEPLOYED
https://immigratetobrazil.com/insights/residency/in-brazil-the-registro-nacional-de-migrante-rnm-is-the-registration-of/,insights/residency/in-brazil-the-registro-nacional-de-migrante-rnm-is-the-registration-of/index.html,PRESERVED — SOURCE REVIEW REQUIRED — no publication-ready rewrite,CONSISTENT ORGANIZATION DESCRIPTION,PRESERVED,NOT DEPLOYED
https://immigratetobrazil.com/insights/residency/in-temporary-residence-you-can-only-be-absent-for-less-than-6-consecut/,insights/residency/in-temporary-residence-you-can-only-be-absent-for-less-than-6-consecut/index.html,PRESERVED — SOURCE REVIEW REQUIRED — no publication-ready rewrite,CONSISTENT ORGANIZATION DESCRIPTION,PRESERVED,NOT DEPLOYED
https://immigratetobrazil.com/insights/residency/in-the-context-of-a-profound-political-economic-and-institutional-cris/,insights/residency/in-the-context-of-a-profound-political-economic-and-institutional-cris/index.html,PRESERVED — SOURCE REVIEW REQUIRED — no publication-ready rewrite,CONSISTENT ORGANIZATION DESCRIPTION,PRESERVED,NOT DEPLOYED
https://immigratetobrazil.com/insights/residency/it-is-important-to-note-that-one-of-the-legal-prerequisites-for-obtain/,insights/residency/it-is-important-to-note-that-one-of-the-legal-prerequisites-for-obtain/index.html,PRESERVED — SOURCE REVIEW REQUIRED — no publication-ready rewrite,CONSISTENT ORGANIZATION DESCRIPTION,PRESERVED,NOT DEPLOYED
https://immigratetobrazil.com/insights/residency/it-s-crucial-to-note-that-one-of-the-legal-prerequisites-for-obtaining/,insights/residency/it-s-crucial-to-note-that-one-of-the-legal-prerequisites-for-obtaining/index.html,PRESERVED — SOURCE REVIEW REQUIRED — no publication-ready rewrite,CONSISTENT ORGANIZATION DESCRIPTION,PRESERVED,NOT DEPLOYED
https://immigratetobrazil.com/insights/residency/loss-of-residence-permit-may-occur-due-to-prolonged-absence-or-failure/,insights/residency/loss-of-residence-permit-may-occur-due-to-prolonged-absence-or-failure/index.html,PRESERVED — SOURCE REVIEW REQUIRED — no publication-ready rewrite,CONSISTENT ORGANIZATION DESCRIPTION,PRESERVED,NOT DEPLOYED
https://immigratetobrazil.com/insights/residency/not-right-away-the-law-determines-the-exact-time-a-resident-can-stay-o/,insights/residency/not-right-away-the-law-determines-the-exact-time-a-resident-can-stay-o/index.html,PRESERVED — SOURCE REVIEW REQUIRED — no publication-ready rewrite,CONSISTENT ORGANIZATION DESCRIPTION,PRESERVED,NOT DEPLOYED
https://immigratetobrazil.com/insights/residency/popularly-it-is-understood-that-an-immigrant-is-a-person-who-migrates/,insights/residency/popularly-it-is-understood-that-an-immigrant-is-a-person-who-migrates/index.html,PRESERVED — SOURCE REVIEW REQUIRED — no publication-ready rewrite,CONSISTENT ORGANIZATION DESCRIPTION,PRESERVED,NOT DEPLOYED
https://immigratetobrazil.com/insights/residency/renewal-of-the-brazilian-residence-permit-applies-to-those-who-have-a/,insights/residency/renewal-of-the-brazilian-residence-permit-applies-to-those-who-have-a/index.html,PRESERVED — SOURCE REVIEW REQUIRED — no publication-ready rewrite,CONSISTENT ORGANIZATION DESCRIPTION,PRESERVED,NOT DEPLOYED
https://immigratetobrazil.com/insights/residency/residence-permit-in-brazil-due-to-the-mercosur-agreement-this-residenc/,insights/residency/residence-permit-in-brazil-due-to-the-mercosur-agreement-this-residenc/index.html,PRESERVED — SOURCE REVIEW REQUIRED — no publication-ready rewrite,CONSISTENT ORGANIZATION DESCRIPTION,PRESERVED,NOT DEPLOYED
https://immigratetobrazil.com/insights/residency/strict-entry-requirements-the-legislation-introduced-specific-entry-re/,insights/residency/strict-entry-requirements-the-legislation-introduced-specific-entry-re/index.html,PRESERVED — SOURCE REVIEW REQUIRED — no publication-ready rewrite,CONSISTENT ORGANIZATION DESCRIPTION,PRESERVED,NOT DEPLOYED
https://immigratetobrazil.com/insights/residency/the-agreement-between-brazil-and-uruguay-deals-with-permanent-residenc/,insights/residency/the-agreement-between-brazil-and-uruguay-deals-with-permanent-residenc/index.html,PRESERVED — SOURCE REVIEW REQUIRED — no publication-ready rewrite,CONSISTENT ORGANIZATION DESCRIPTION,PRESERVED,NOT DEPLOYED
https://immigratetobrazil.com/insights/residency/the-loss-of-a-residence-permit-can-occur-due-to-prolonged-absence-or-f/,insights/residency/the-loss-of-a-residence-permit-can-occur-due-to-prolonged-absence-or-f/index.html,PRESERVED — SOURCE REVIEW REQUIRED — no publication-ready rewrite,CONSISTENT ORGANIZATION DESCRIPTION,PRESERVED,NOT DEPLOYED
https://immigratetobrazil.com/insights/residency/the-person-applying-for-a-residence-permit-to-live-in-brazil-will-also/,insights/residency/the-person-applying-for-a-residence-permit-to-live-in-brazil-will-also/index.html,PRESERVED — SOURCE REVIEW REQUIRED — no publication-ready rewrite,CONSISTENT ORGANIZATION DESCRIPTION,PRESERVED,NOT DEPLOYED
https://immigratetobrazil.com/insights/residency/the-person-who-will-apply-for-a-residence-permit-to-live-in-brazil-wil/,insights/residency/the-person-who-will-apply-for-a-residence-permit-to-live-in-brazil-wil/index.html,PRESERVED — SOURCE REVIEW REQUIRED — no publication-ready rewrite,CONSISTENT ORGANIZATION DESCRIPTION,PRESERVED,NOT DEPLOYED
https://immigratetobrazil.com/insights/residency/the-renewal-of-brazilian-residency-permit-applies-to-those-holding-a-t/,insights/residency/the-renewal-of-brazilian-residency-permit-applies-to-those-holding-a-t/index.html,PRESERVED — SOURCE REVIEW REQUIRED — no publication-ready rewrite,CONSISTENT ORGANIZATION DESCRIPTION,PRESERVED,NOT DEPLOYED
https://immigratetobrazil.com/insights/residency/the-request-for-reconsideration-when-a-request-for-a-residence-permit/,insights/residency/the-request-for-reconsideration-when-a-request-for-a-residence-permit/index.html,PRESERVED — SOURCE REVIEW REQUIRED — no publication-ready rewrite,CONSISTENT ORGANIZATION DESCRIPTION,PRESERVED,NOT DEPLOYED
https://immigratetobrazil.com/insights/residency/upon-your-return-to-brazil-the-legal-process-for-revoking-your-residen/,insights/residency/upon-your-return-to-brazil-the-legal-process-for-revoking-your-residen/index.html,PRESERVED — SOURCE REVIEW REQUIRED — no publication-ready rewrite,CONSISTENT ORGANIZATION DESCRIPTION,PRESERVED,NOT DEPLOYED
https://immigratetobrazil.com/insights/updates/,insights/updates/index.html,APPLIED,CONSISTENT ORGANIZATION DESCRIPTION,PRESERVED,NOT DEPLOYED
https://immigratetobrazil.com/insights/updates/2026-03-09-as-of-the-end-of-july-2024-the-ministry-of-justice-and-public-security/,insights/updates/2026-03-09-as-of-the-end-of-july-2024-the-ministry-of-justice-and-public-security/index.html,PRESERVED — SOURCE REVIEW REQUIRED — no publication-ready rewrite,CONSISTENT ORGANIZATION DESCRIPTION,PRESERVED,NOT DEPLOYED
https://immigratetobrazil.com/insights/updates/2026-03-09-at-the-beginning-of-the-week-fake-prints-of-a-conversation-between-jes/,insights/updates/2026-03-09-at-the-beginning-of-the-week-fake-prints-of-a-conversation-between-jes/index.html,PRESERVED — SOURCE REVIEW REQUIRED — no publication-ready rewrite,CONSISTENT ORGANIZATION DESCRIPTION,PRESERVED,NOT DEPLOYED
https://immigratetobrazil.com/insights/updates/2026-03-09-autism-awareness-month-5-rights-of-autistic-people-people-with-autism/,insights/updates/2026-03-09-autism-awareness-month-5-rights-of-autistic-people-people-with-autism/index.html,PRESERVED — SOURCE REVIEW REQUIRED — no publication-ready rewrite,CONSISTENT ORGANIZATION DESCRIPTION,PRESERVED,NOT DEPLOYED
https://immigratetobrazil.com/insights/updates/2026-03-09-brazil-is-adjusting-its-rules-for-the-entry-of-transit-passengers-with/,insights/updates/2026-03-09-brazil-is-adjusting-its-rules-for-the-entry-of-transit-passengers-with/index.html,PRESERVED — SOURCE REVIEW REQUIRED — no publication-ready rewrite,CONSISTENT ORGANIZATION DESCRIPTION,PRESERVED,NOT DEPLOYED
https://immigratetobrazil.com/insights/updates/2026-03-09-brazilian-legislation-regarding-the-air-transport-of-animals-is-still/,insights/updates/2026-03-09-brazilian-legislation-regarding-the-air-transport-of-animals-is-still/index.html,PRESERVED — SOURCE REVIEW REQUIRED — no publication-ready rewrite,CONSISTENT ORGANIZATION DESCRIPTION,PRESERVED,NOT DEPLOYED
https://immigratetobrazil.com/insights/updates/2026-03-09-changes-to-latam-and-gol-baggage-rules-have-a-direct-impact-on-the-way/,insights/updates/2026-03-09-changes-to-latam-and-gol-baggage-rules-have-a-direct-impact-on-the-way/index.html,PRESERVED — SOURCE REVIEW REQUIRED — no publication-ready rewrite,CONSISTENT ORGANIZATION DESCRIPTION,PRESERVED,NOT DEPLOYED
https://immigratetobrazil.com/insights/updates/2026-03-09-china-announced-the-launch-of-the-k-visa-aimed-especially-at-young-pro/,insights/updates/2026-03-09-china-announced-the-launch-of-the-k-visa-aimed-especially-at-young-pro/index.html,PRESERVED — SOURCE REVIEW REQUIRED — no publication-ready rewrite,CONSISTENT ORGANIZATION DESCRIPTION,PRESERVED,NOT DEPLOYED
https://immigratetobrazil.com/insights/updates/2026-03-09-during-the-naturalization-process-the-applicant-will-be-called-for-a-p/,insights/updates/2026-03-09-during-the-naturalization-process-the-applicant-will-be-called-for-a-p/index.html,PRESERVED — SOURCE REVIEW REQUIRED — no publication-ready rewrite,CONSISTENT ORGANIZATION DESCRIPTION,PRESERVED,NOT DEPLOYED
https://immigratetobrazil.com/insights/updates/2026-03-09-end-of-the-stamp-in-the-passport-when-traveling-to-europe-from-october/,insights/updates/2026-03-09-end-of-the-stamp-in-the-passport-when-traveling-to-europe-from-october/index.html,PRESERVED — SOURCE REVIEW REQUIRED — no publication-ready rewrite,CONSISTENT ORGANIZATION DESCRIPTION,PRESERVED,NOT DEPLOYED
https://immigratetobrazil.com/insights/updates/2026-03-09-etias-an-electronic-authorization-similar-to-a-visa-will-be-required-f/,insights/updates/2026-03-09-etias-an-electronic-authorization-similar-to-a-visa-will-be-required-f/index.html,PRESERVED — SOURCE REVIEW REQUIRED — no publication-ready rewrite,CONSISTENT ORGANIZATION DESCRIPTION,PRESERVED,NOT DEPLOYED
https://immigratetobrazil.com/insights/updates/2026-03-09-foreigners-may-apply-for-a-brazilian-passport-under-specific-circumsta/,insights/updates/2026-03-09-foreigners-may-apply-for-a-brazilian-passport-under-specific-circumsta/index.html,PRESERVED — SOURCE REVIEW REQUIRED — no publication-ready rewrite,CONSISTENT ORGANIZATION DESCRIPTION,PRESERVED,NOT DEPLOYED
https://immigratetobrazil.com/insights/updates/2026-03-09-from-june-1-2025-brazilian-citizens-will-be-able-to-enter-china-withou/,insights/updates/2026-03-09-from-june-1-2025-brazilian-citizens-will-be-able-to-enter-china-withou/index.html,PRESERVED — SOURCE REVIEW REQUIRED — no publication-ready rewrite,CONSISTENT ORGANIZATION DESCRIPTION,PRESERVED,NOT DEPLOYED
https://immigratetobrazil.com/insights/updates/2026-03-09-if-a-brazilian-citizen-dies-abroad-the-brazilian-government-does-not-c/,insights/updates/2026-03-09-if-a-brazilian-citizen-dies-abroad-the-brazilian-government-does-not-c/index.html,PRESERVED — SOURCE REVIEW REQUIRED — no publication-ready rewrite,CONSISTENT ORGANIZATION DESCRIPTION,PRESERVED,NOT DEPLOYED
https://immigratetobrazil.com/insights/updates/2026-03-09-immigrants-when-attended-in-brazilian-public-services-should-be-treate/,insights/updates/2026-03-09-immigrants-when-attended-in-brazilian-public-services-should-be-treate/index.html,PRESERVED — SOURCE REVIEW REQUIRED — no publication-ready rewrite,CONSISTENT ORGANIZATION DESCRIPTION,PRESERVED,NOT DEPLOYED
https://immigratetobrazil.com/insights/updates/2026-03-09-immigrants-when-receiving-care-in-brazilian-public-services-must-be-tr/,insights/updates/2026-03-09-immigrants-when-receiving-care-in-brazilian-public-services-must-be-tr/index.html,PRESERVED — SOURCE REVIEW REQUIRED — no publication-ready rewrite,CONSISTENT ORGANIZATION DESCRIPTION,PRESERVED,NOT DEPLOYED
https://immigratetobrazil.com/insights/updates/2026-03-09-in-2011-the-date-was-officially-established-through-law-no-12-519-with/,insights/updates/2026-03-09-in-2011-the-date-was-officially-established-through-law-no-12-519-with/index.html,PRESERVED — SOURCE REVIEW REQUIRED — no publication-ready rewrite,CONSISTENT ORGANIZATION DESCRIPTION,PRESERVED,NOT DEPLOYED
https://immigratetobrazil.com/insights/updates/2026-03-09-mexico-confirms-resumption-of-the-electronic-visa-for-brazilians-from/,insights/updates/2026-03-09-mexico-confirms-resumption-of-the-electronic-visa-for-brazilians-from/index.html,PRESERVED — SOURCE REVIEW REQUIRED — no publication-ready rewrite,CONSISTENT ORGANIZATION DESCRIPTION,PRESERVED,NOT DEPLOYED
https://immigratetobrazil.com/insights/updates/2026-03-09-since-october-22-2023-due-to-changes-in-mexican-migration-regulations/,insights/updates/2026-03-09-since-october-22-2023-due-to-changes-in-mexican-migration-regulations/index.html,PRESERVED — SOURCE REVIEW REQUIRED — no publication-ready rewrite,CONSISTENT ORGANIZATION DESCRIPTION,PRESERVED,NOT DEPLOYED
https://immigratetobrazil.com/insights/updates/2026-03-09-starting-august-20-2025-the-united-states-will-begin-a-12-month-pilot/,insights/updates/2026-03-09-starting-august-20-2025-the-united-states-will-begin-a-12-month-pilot/index.html,PRESERVED — SOURCE REVIEW REQUIRED — no publication-ready rewrite,CONSISTENT ORGANIZATION DESCRIPTION,PRESERVED,NOT DEPLOYED
https://immigratetobrazil.com/insights/updates/2026-03-09-the-brazilian-government-presented-new-guidelines-for-the-transport-of/,insights/updates/2026-03-09-the-brazilian-government-presented-new-guidelines-for-the-transport-of/index.html,PRESERVED — SOURCE REVIEW REQUIRED — no publication-ready rewrite,CONSISTENT ORGANIZATION DESCRIPTION,PRESERVED,NOT DEPLOYED
https://immigratetobrazil.com/insights/updates/2026-03-09-the-british-government-has-announced-a-significant-change-to-visa-rule/,insights/updates/2026-03-09-the-british-government-has-announced-a-significant-change-to-visa-rule/index.html,PRESERVED — SOURCE REVIEW REQUIRED — no publication-ready rewrite,CONSISTENT ORGANIZATION DESCRIPTION,PRESERVED,NOT DEPLOYED
https://immigratetobrazil.com/insights/updates/2026-03-09-the-discussion-about-greater-rigidity-in-import-rules-began-during-the/,insights/updates/2026-03-09-the-discussion-about-greater-rigidity-in-import-rules-began-during-the/index.html,PRESERVED — SOURCE REVIEW REQUIRED — no publication-ready rewrite,CONSISTENT ORGANIZATION DESCRIPTION,PRESERVED,NOT DEPLOYED
https://immigratetobrazil.com/insights/updates/2026-03-09-the-federal-police-once-again-warned-of-a-serious-budgetary-risk-accor/,insights/updates/2026-03-09-the-federal-police-once-again-warned-of-a-serious-budgetary-risk-accor/index.html,PRESERVED — SOURCE REVIEW REQUIRED — no publication-ready rewrite,CONSISTENT ORGANIZATION DESCRIPTION,PRESERVED,NOT DEPLOYED
https://immigratetobrazil.com/insights/updates/2026-03-09-the-president-of-the-republic-signed-a-new-decree-that-amends-article/,insights/updates/2026-03-09-the-president-of-the-republic-signed-a-new-decree-that-amends-article/index.html,PRESERVED — SOURCE REVIEW REQUIRED — no publication-ready rewrite,CONSISTENT ORGANIZATION DESCRIPTION,PRESERVED,NOT DEPLOYED
https://immigratetobrazil.com/insights/updates/2026-03-09-the-united-kingdom-has-begun-implementing-a-new-deportation-program-fo/,insights/updates/2026-03-09-the-united-kingdom-has-begun-implementing-a-new-deportation-program-fo/index.html,PRESERVED — SOURCE REVIEW REQUIRED — no publication-ready rewrite,CONSISTENT ORGANIZATION DESCRIPTION,PRESERVED,NOT DEPLOYED
https://immigratetobrazil.com/insights/updates/2026-03-09-the-united-states-government-announced-a-new-guideline-from-the-citize/,insights/updates/2026-03-09-the-united-states-government-announced-a-new-guideline-from-the-citize/index.html,PRESERVED — SOURCE REVIEW REQUIRED — no publication-ready rewrite,CONSISTENT ORGANIZATION DESCRIPTION,PRESERVED,NOT DEPLOYED
https://immigratetobrazil.com/insights/updates/2026-03-09-the-united-states-government-announced-on-june-18-2025-that-it-will-re/,insights/updates/2026-03-09-the-united-states-government-announced-on-june-18-2025-that-it-will-re/index.html,PRESERVED — SOURCE REVIEW REQUIRED — no publication-ready rewrite,CONSISTENT ORGANIZATION DESCRIPTION,PRESERVED,NOT DEPLOYED
https://immigratetobrazil.com/insights/updates/2026-03-09-the-united-states-government-has-implemented-a-new-fee-of-us-250-calle/,insights/updates/2026-03-09-the-united-states-government-has-implemented-a-new-fee-of-us-250-calle/index.html,PRESERVED — SOURCE REVIEW REQUIRED — no publication-ready rewrite,CONSISTENT ORGANIZATION DESCRIPTION,PRESERVED,NOT DEPLOYED
https://immigratetobrazil.com/insights/updates/2026-03-09-there-will-no-longer-be-any-import-tax-charged-on-online-purchases-of/,insights/updates/2026-03-09-there-will-no-longer-be-any-import-tax-charged-on-online-purchases-of/index.html,PRESERVED — SOURCE REVIEW REQUIRED — no publication-ready rewrite,CONSISTENT ORGANIZATION DESCRIPTION,PRESERVED,NOT DEPLOYED
https://immigratetobrazil.com/insights/updates/2026-03-09-thus-the-company-stops-making-some-mandatory-payments-and-the-worker-l/,insights/updates/2026-03-09-thus-the-company-stops-making-some-mandatory-payments-and-the-worker-l/index.html,PRESERVED — SOURCE REVIEW REQUIRED — no publication-ready rewrite,CONSISTENT ORGANIZATION DESCRIPTION,PRESERVED,NOT DEPLOYED
https://immigratetobrazil.com/insights/updates/2026-03-09-with-an-aging-population-and-growing-dependence-on-immigrants-to-meet/,insights/updates/2026-03-09-with-an-aging-population-and-growing-dependence-on-immigrants-to-meet/index.html,PRESERVED — SOURCE REVIEW REQUIRED — no publication-ready rewrite,CONSISTENT ORGANIZATION DESCRIPTION,PRESERVED,NOT DEPLOYED
https://immigratetobrazil.com/insights/updates/2026-03-09-world-refugee-day-celebrated-on-june-20-is-a-date-established-by-the-u/,insights/updates/2026-03-09-world-refugee-day-celebrated-on-june-20-is-a-date-established-by-the-u/index.html,PRESERVED — SOURCE REVIEW REQUIRED — no publication-ready rewrite,CONSISTENT ORGANIZATION DESCRIPTION,PRESERVED,NOT DEPLOYED
https://immigratetobrazil.com/insights/updates/2026-03-10-as-of-the-end-of-july-2024-the-ministry-of-justice-and-public-security/,insights/updates/2026-03-10-as-of-the-end-of-july-2024-the-ministry-of-justice-and-public-security/index.html,PRESERVED — SOURCE REVIEW REQUIRED — no publication-ready rewrite,CONSISTENT ORGANIZATION DESCRIPTION,PRESERVED,NOT DEPLOYED
https://immigratetobrazil.com/insights/updates/2026-03-10-at-the-beginning-of-the-week-fake-prints-of-a-conversation-between-jes/,insights/updates/2026-03-10-at-the-beginning-of-the-week-fake-prints-of-a-conversation-between-jes/index.html,PRESERVED — SOURCE REVIEW REQUIRED — no publication-ready rewrite,CONSISTENT ORGANIZATION DESCRIPTION,PRESERVED,NOT DEPLOYED
https://immigratetobrazil.com/insights/updates/2026-03-10-autism-awareness-month-5-rights-of-autistic-people-people-with-autism/,insights/updates/2026-03-10-autism-awareness-month-5-rights-of-autistic-people-people-with-autism/index.html,PRESERVED — SOURCE REVIEW REQUIRED — no publication-ready rewrite,CONSISTENT ORGANIZATION DESCRIPTION,PRESERVED,NOT DEPLOYED
https://immigratetobrazil.com/insights/updates/2026-03-10-brazil-is-adjusting-its-rules-for-the-entry-of-transit-passengers-with/,insights/updates/2026-03-10-brazil-is-adjusting-its-rules-for-the-entry-of-transit-passengers-with/index.html,PRESERVED — SOURCE REVIEW REQUIRED — no publication-ready rewrite,CONSISTENT ORGANIZATION DESCRIPTION,PRESERVED,NOT DEPLOYED
https://immigratetobrazil.com/insights/updates/2026-03-10-brazilian-legislation-regarding-the-air-transport-of-animals-is-still/,insights/updates/2026-03-10-brazilian-legislation-regarding-the-air-transport-of-animals-is-still/index.html,PRESERVED — SOURCE REVIEW REQUIRED — no publication-ready rewrite,CONSISTENT ORGANIZATION DESCRIPTION,PRESERVED,NOT DEPLOYED
https://immigratetobrazil.com/insights/updates/2026-03-10-changes-to-latam-and-gol-baggage-rules-have-a-direct-impact-on-the-way/,insights/updates/2026-03-10-changes-to-latam-and-gol-baggage-rules-have-a-direct-impact-on-the-way/index.html,PRESERVED — SOURCE REVIEW REQUIRED — no publication-ready rewrite,CONSISTENT ORGANIZATION DESCRIPTION,PRESERVED,NOT DEPLOYED
https://immigratetobrazil.com/insights/updates/2026-03-10-china-announced-the-launch-of-the-k-visa-aimed-especially-at-young-pro/,insights/updates/2026-03-10-china-announced-the-launch-of-the-k-visa-aimed-especially-at-young-pro/index.html,PRESERVED — SOURCE REVIEW REQUIRED — no publication-ready rewrite,CONSISTENT ORGANIZATION DESCRIPTION,PRESERVED,NOT DEPLOYED
https://immigratetobrazil.com/insights/updates/2026-03-10-during-the-naturalization-process-the-applicant-will-be-called-for-a-p/,insights/updates/2026-03-10-during-the-naturalization-process-the-applicant-will-be-called-for-a-p/index.html,PRESERVED — SOURCE REVIEW REQUIRED — no publication-ready rewrite,CONSISTENT ORGANIZATION DESCRIPTION,PRESERVED,NOT DEPLOYED
https://immigratetobrazil.com/insights/updates/2026-03-10-end-of-the-stamp-in-the-passport-when-traveling-to-europe-from-october/,insights/updates/2026-03-10-end-of-the-stamp-in-the-passport-when-traveling-to-europe-from-october/index.html,PRESERVED — SOURCE REVIEW REQUIRED — no publication-ready rewrite,CONSISTENT ORGANIZATION DESCRIPTION,PRESERVED,NOT DEPLOYED
https://immigratetobrazil.com/insights/updates/2026-03-10-etias-an-electronic-authorization-similar-to-a-visa-will-be-required-f/,insights/updates/2026-03-10-etias-an-electronic-authorization-similar-to-a-visa-will-be-required-f/index.html,PRESERVED — SOURCE REVIEW REQUIRED — no publication-ready rewrite,CONSISTENT ORGANIZATION DESCRIPTION,PRESERVED,NOT DEPLOYED
https://immigratetobrazil.com/insights/updates/2026-03-10-foreigners-may-apply-for-a-brazilian-passport-under-specific-circumsta/,insights/updates/2026-03-10-foreigners-may-apply-for-a-brazilian-passport-under-specific-circumsta/index.html,PRESERVED — SOURCE REVIEW REQUIRED — no publication-ready rewrite,CONSISTENT ORGANIZATION DESCRIPTION,PRESERVED,NOT DEPLOYED
https://immigratetobrazil.com/insights/updates/2026-03-10-from-june-1-2025-brazilian-citizens-will-be-able-to-enter-china-withou/,insights/updates/2026-03-10-from-june-1-2025-brazilian-citizens-will-be-able-to-enter-china-withou/index.html,PRESERVED — SOURCE REVIEW REQUIRED — no publication-ready rewrite,CONSISTENT ORGANIZATION DESCRIPTION,PRESERVED,NOT DEPLOYED
https://immigratetobrazil.com/insights/updates/2026-03-10-if-a-brazilian-citizen-dies-abroad-the-brazilian-government-does-not-c/,insights/updates/2026-03-10-if-a-brazilian-citizen-dies-abroad-the-brazilian-government-does-not-c/index.html,PRESERVED — SOURCE REVIEW REQUIRED — no publication-ready rewrite,CONSISTENT ORGANIZATION DESCRIPTION,PRESERVED,NOT DEPLOYED
https://immigratetobrazil.com/insights/updates/2026-03-10-immigrants-when-attended-in-brazilian-public-services-should-be-treate/,insights/updates/2026-03-10-immigrants-when-attended-in-brazilian-public-services-should-be-treate/index.html,PRESERVED — SOURCE REVIEW REQUIRED — no publication-ready rewrite,CONSISTENT ORGANIZATION DESCRIPTION,PRESERVED,NOT DEPLOYED
https://immigratetobrazil.com/insights/updates/2026-03-10-immigrants-when-receiving-care-in-brazilian-public-services-must-be-tr/,insights/updates/2026-03-10-immigrants-when-receiving-care-in-brazilian-public-services-must-be-tr/index.html,PRESERVED — SOURCE REVIEW REQUIRED — no publication-ready rewrite,CONSISTENT ORGANIZATION DESCRIPTION,PRESERVED,NOT DEPLOYED
https://immigratetobrazil.com/insights/updates/2026-03-10-in-2011-the-date-was-officially-established-through-law-no-12-519-with/,insights/updates/2026-03-10-in-2011-the-date-was-officially-established-through-law-no-12-519-with/index.html,PRESERVED — SOURCE REVIEW REQUIRED — no publication-ready rewrite,CONSISTENT ORGANIZATION DESCRIPTION,PRESERVED,NOT DEPLOYED
https://immigratetobrazil.com/insights/updates/2026-03-10-mexico-confirms-resumption-of-the-electronic-visa-for-brazilians-from/,insights/updates/2026-03-10-mexico-confirms-resumption-of-the-electronic-visa-for-brazilians-from/index.html,PRESERVED — SOURCE REVIEW REQUIRED — no publication-ready rewrite,CONSISTENT ORGANIZATION DESCRIPTION,PRESERVED,NOT DEPLOYED
https://immigratetobrazil.com/insights/updates/2026-03-10-since-october-22-2023-due-to-changes-in-mexican-migration-regulations/,insights/updates/2026-03-10-since-october-22-2023-due-to-changes-in-mexican-migration-regulations/index.html,PRESERVED — SOURCE REVIEW REQUIRED — no publication-ready rewrite,CONSISTENT ORGANIZATION DESCRIPTION,PRESERVED,NOT DEPLOYED
https://immigratetobrazil.com/insights/updates/2026-03-10-starting-august-20-2025-the-united-states-will-begin-a-12-month-pilot/,insights/updates/2026-03-10-starting-august-20-2025-the-united-states-will-begin-a-12-month-pilot/index.html,PRESERVED — SOURCE REVIEW REQUIRED — no publication-ready rewrite,CONSISTENT ORGANIZATION DESCRIPTION,PRESERVED,NOT DEPLOYED
https://immigratetobrazil.com/insights/updates/2026-03-10-the-brazilian-government-presented-new-guidelines-for-the-transport-of/,insights/updates/2026-03-10-the-brazilian-government-presented-new-guidelines-for-the-transport-of/index.html,PRESERVED — SOURCE REVIEW REQUIRED — no publication-ready rewrite,CONSISTENT ORGANIZATION DESCRIPTION,PRESERVED,NOT DEPLOYED
https://immigratetobrazil.com/insights/updates/2026-03-10-the-british-government-has-announced-a-significant-change-to-visa-rule/,insights/updates/2026-03-10-the-british-government-has-announced-a-significant-change-to-visa-rule/index.html,PRESERVED — SOURCE REVIEW REQUIRED — no publication-ready rewrite,CONSISTENT ORGANIZATION DESCRIPTION,PRESERVED,NOT DEPLOYED
https://immigratetobrazil.com/insights/updates/2026-03-10-the-discussion-about-greater-rigidity-in-import-rules-began-during-the/,insights/updates/2026-03-10-the-discussion-about-greater-rigidity-in-import-rules-began-during-the/index.html,PRESERVED — SOURCE REVIEW REQUIRED — no publication-ready rewrite,CONSISTENT ORGANIZATION DESCRIPTION,PRESERVED,NOT DEPLOYED
https://immigratetobrazil.com/insights/updates/2026-03-10-the-federal-police-once-again-warned-of-a-serious-budgetary-risk-accor/,insights/updates/2026-03-10-the-federal-police-once-again-warned-of-a-serious-budgetary-risk-accor/index.html,PRESERVED — SOURCE REVIEW REQUIRED — no publication-ready rewrite,CONSISTENT ORGANIZATION DESCRIPTION,PRESERVED,NOT DEPLOYED
https://immigratetobrazil.com/insights/updates/2026-03-10-the-president-of-the-republic-signed-a-new-decree-that-amends-article/,insights/updates/2026-03-10-the-president-of-the-republic-signed-a-new-decree-that-amends-article/index.html,PRESERVED — SOURCE REVIEW REQUIRED — no publication-ready rewrite,CONSISTENT ORGANIZATION DESCRIPTION,PRESERVED,NOT DEPLOYED
https://immigratetobrazil.com/insights/updates/2026-03-10-the-united-kingdom-has-begun-implementing-a-new-deportation-program-fo/,insights/updates/2026-03-10-the-united-kingdom-has-begun-implementing-a-new-deportation-program-fo/index.html,PRESERVED — SOURCE REVIEW REQUIRED — no publication-ready rewrite,CONSISTENT ORGANIZATION DESCRIPTION,PRESERVED,NOT DEPLOYED
https://immigratetobrazil.com/insights/updates/2026-03-10-the-united-states-government-announced-a-new-guideline-from-the-citize/,insights/updates/2026-03-10-the-united-states-government-announced-a-new-guideline-from-the-citize/index.html,PRESERVED — SOURCE REVIEW REQUIRED — no publication-ready rewrite,CONSISTENT ORGANIZATION DESCRIPTION,PRESERVED,NOT DEPLOYED
https://immigratetobrazil.com/insights/updates/2026-03-10-the-united-states-government-announced-on-june-18-2025-that-it-will-re/,insights/updates/2026-03-10-the-united-states-government-announced-on-june-18-2025-that-it-will-re/index.html,PRESERVED — SOURCE REVIEW REQUIRED — no publication-ready rewrite,CONSISTENT ORGANIZATION DESCRIPTION,PRESERVED,NOT DEPLOYED
https://immigratetobrazil.com/insights/updates/2026-03-10-the-united-states-government-has-implemented-a-new-fee-of-us-250-calle/,insights/updates/2026-03-10-the-united-states-government-has-implemented-a-new-fee-of-us-250-calle/index.html,PRESERVED — SOURCE REVIEW REQUIRED — no publication-ready rewrite,CONSISTENT ORGANIZATION DESCRIPTION,PRESERVED,NOT DEPLOYED
https://immigratetobrazil.com/insights/updates/2026-03-10-there-will-no-longer-be-any-import-tax-charged-on-online-purchases-of/,insights/updates/2026-03-10-there-will-no-longer-be-any-import-tax-charged-on-online-purchases-of/index.html,PRESERVED — SOURCE REVIEW REQUIRED — no publication-ready rewrite,CONSISTENT ORGANIZATION DESCRIPTION,PRESERVED,NOT DEPLOYED
https://immigratetobrazil.com/insights/updates/2026-03-10-thus-the-company-stops-making-some-mandatory-payments-and-the-worker-l/,insights/updates/2026-03-10-thus-the-company-stops-making-some-mandatory-payments-and-the-worker-l/index.html,PRESERVED — SOURCE REVIEW REQUIRED — no publication-ready rewrite,CONSISTENT ORGANIZATION DESCRIPTION,PRESERVED,NOT DEPLOYED
https://immigratetobrazil.com/insights/updates/2026-03-10-with-an-aging-population-and-growing-dependence-on-immigrants-to-meet/,insights/updates/2026-03-10-with-an-aging-population-and-growing-dependence-on-immigrants-to-meet/index.html,PRESERVED — SOURCE REVIEW REQUIRED — no publication-ready rewrite,CONSISTENT ORGANIZATION DESCRIPTION,PRESERVED,NOT DEPLOYED
https://immigratetobrazil.com/insights/updates/2026-03-10-world-refugee-day-celebrated-on-june-20-is-a-date-established-by-the-u/,insights/updates/2026-03-10-world-refugee-day-celebrated-on-june-20-is-a-date-established-by-the-u/index.html,PRESERVED — SOURCE REVIEW REQUIRED — no publication-ready rewrite,CONSISTENT ORGANIZATION DESCRIPTION,PRESERVED,NOT DEPLOYED
https://immigratetobrazil.com/insights/visa/,insights/visa/index.html,APPLIED,CONSISTENT ORGANIZATION DESCRIPTION,PRESERVED,NOT DEPLOYED
https://immigratetobrazil.com/insights/visa/a-brazilian-visa-is-valid-for-a-set-period-during-which-youre-allowed/,insights/visa/a-brazilian-visa-is-valid-for-a-set-period-during-which-youre-allowed/index.html,PRESERVED — SOURCE REVIEW REQUIRED — no publication-ready rewrite,CONSISTENT ORGANIZATION DESCRIPTION,PRESERVED,NOT DEPLOYED
https://immigratetobrazil.com/insights/visa/a-recent-study-conducted-by-embratur-in-partnership-with-visa-and-ipso/,insights/visa/a-recent-study-conducted-by-embratur-in-partnership-with-visa-and-ipso/index.html,PRESERVED — SOURCE REVIEW REQUIRED — no publication-ready rewrite,CONSISTENT ORGANIZATION DESCRIPTION,PRESERVED,NOT DEPLOYED
https://immigratetobrazil.com/insights/visa/according-to-brazilian-regulations-all-visa-applications-for-minors-mu/,insights/visa/according-to-brazilian-regulations-all-visa-applications-for-minors-mu/index.html,PRESERVED — SOURCE REVIEW REQUIRED — no publication-ready rewrite,CONSISTENT ORGANIZATION DESCRIPTION,PRESERVED,NOT DEPLOYED
https://immigratetobrazil.com/insights/visa/according-to-recent-news-as-an-indigenous-immigrant-in-the-united-stat/,insights/visa/according-to-recent-news-as-an-indigenous-immigrant-in-the-united-stat/index.html,PRESERVED — SOURCE REVIEW REQUIRED — no publication-ready rewrite,CONSISTENT ORGANIZATION DESCRIPTION,PRESERVED,NOT DEPLOYED
https://immigratetobrazil.com/insights/visa/according-to-this-news-as-an-indigenous-immigrant-in-the-united-states/,insights/visa/according-to-this-news-as-an-indigenous-immigrant-in-the-united-states/index.html,PRESERVED — SOURCE REVIEW REQUIRED — no publication-ready rewrite,CONSISTENT ORGANIZATION DESCRIPTION,PRESERVED,NOT DEPLOYED
https://immigratetobrazil.com/insights/visa/acquiring-a-student-visa-to-become-an-exchange-student-in-brazil-prese/,insights/visa/acquiring-a-student-visa-to-become-an-exchange-student-in-brazil-prese/index.html,PRESERVED — SOURCE REVIEW REQUIRED — no publication-ready rewrite,CONSISTENT ORGANIZATION DESCRIPTION,PRESERVED,NOT DEPLOYED
https://immigratetobrazil.com/insights/visa/although-brazilian-migration-legislation-does-not-mention-the-right-to/,insights/visa/although-brazilian-migration-legislation-does-not-mention-the-right-to/index.html,PRESERVED — SOURCE REVIEW REQUIRED — no publication-ready rewrite,CONSISTENT ORGANIZATION DESCRIPTION,PRESERVED,NOT DEPLOYED
https://immigratetobrazil.com/insights/visa/always-consult-an-immigration-lawyer-for-instructions-based-on-your-ca/,insights/visa/always-consult-an-immigration-lawyer-for-instructions-based-on-your-ca/index.html,PRESERVED — SOURCE REVIEW REQUIRED — no publication-ready rewrite,CONSISTENT ORGANIZATION DESCRIPTION,PRESERVED,NOT DEPLOYED
https://immigratetobrazil.com/insights/visa/anyone-purchasing-their-first-residential-property-through-financing-u/,insights/visa/anyone-purchasing-their-first-residential-property-through-financing-u/index.html,PRESERVED — SOURCE REVIEW REQUIRED — no publication-ready rewrite,CONSISTENT ORGANIZATION DESCRIPTION,PRESERVED,NOT DEPLOYED
https://immigratetobrazil.com/insights/visa/arriving-in-brazil-as-a-tourist-and-subsequently-obtaining-a-residence/,insights/visa/arriving-in-brazil-as-a-tourist-and-subsequently-obtaining-a-residence/index.html,PRESERVED — SOURCE REVIEW REQUIRED — no publication-ready rewrite,CONSISTENT ORGANIZATION DESCRIPTION,PRESERVED,NOT DEPLOYED
https://immigratetobrazil.com/insights/visa/arriving-in-brazil-as-a-tourist-and-subsequently-obtaining-a-residency/,insights/visa/arriving-in-brazil-as-a-tourist-and-subsequently-obtaining-a-residency/index.html,PRESERVED — SOURCE REVIEW REQUIRED — no publication-ready rewrite,CONSISTENT ORGANIZATION DESCRIPTION,PRESERVED,NOT DEPLOYED
https://immigratetobrazil.com/insights/visa/assai-located-in-the-state-of-parana-brazil-was-established-in-the-ear/,insights/visa/assai-located-in-the-state-of-parana-brazil-was-established-in-the-ear/index.html,PRESERVED — SOURCE REVIEW REQUIRED — no publication-ready rewrite,CONSISTENT ORGANIZATION DESCRIPTION,PRESERVED,NOT DEPLOYED
https://immigratetobrazil.com/insights/visa/before-submitting-your-visa-application-it-is-essential-to-first-prepa/,insights/visa/before-submitting-your-visa-application-it-is-essential-to-first-prepa/index.html,PRESERVED — SOURCE REVIEW REQUIRED — no publication-ready rewrite,CONSISTENT ORGANIZATION DESCRIPTION,PRESERVED,NOT DEPLOYED
https://immigratetobrazil.com/insights/visa/before-submitting-your-visa-application-it-s-essential-to-first-beggin/,insights/visa/before-submitting-your-visa-application-it-s-essential-to-first-beggin/index.html,PRESERVED — SOURCE REVIEW REQUIRED — no publication-ready rewrite,CONSISTENT ORGANIZATION DESCRIPTION,PRESERVED,NOT DEPLOYED
https://immigratetobrazil.com/insights/visa/before-you-travel-or-live-in-another-country-you-need-to-carry-out-leg/,insights/visa/before-you-travel-or-live-in-another-country-you-need-to-carry-out-leg/index.html,PRESERVED — SOURCE REVIEW REQUIRED — no publication-ready rewrite,CONSISTENT ORGANIZATION DESCRIPTION,PRESERVED,NOT DEPLOYED
https://immigratetobrazil.com/insights/visa/behind-each-visa-there-is-a-lifetime-of-expectations-memories-and-drea/,insights/visa/behind-each-visa-there-is-a-lifetime-of-expectations-memories-and-drea/index.html,PRESERVED — SOURCE REVIEW REQUIRED — no publication-ready rewrite,CONSISTENT ORGANIZATION DESCRIPTION,PRESERVED,NOT DEPLOYED
https://immigratetobrazil.com/insights/visa/brazil-does-not-offer-specific-fiance-or-spouse-visas-but-has-provisio/,insights/visa/brazil-does-not-offer-specific-fiance-or-spouse-visas-but-has-provisio/index.html,PRESERVED — SOURCE REVIEW REQUIRED — no publication-ready rewrite,CONSISTENT ORGANIZATION DESCRIPTION,PRESERVED,NOT DEPLOYED
https://immigratetobrazil.com/insights/visa/brazil-doesn-t-offer-specific-fiance-or-spouse-visas-it-does-have-prov/,insights/visa/brazil-doesn-t-offer-specific-fiance-or-spouse-visas-it-does-have-prov/index.html,PRESERVED — SOURCE REVIEW REQUIRED — no publication-ready rewrite,CONSISTENT ORGANIZATION DESCRIPTION,PRESERVED,NOT DEPLOYED
https://immigratetobrazil.com/insights/visa/brazil-grants-a-temporary-visa-to-foreigners-who-come-to-the-country-w/,insights/visa/brazil-grants-a-temporary-visa-to-foreigners-who-come-to-the-country-w/index.html,PRESERVED — SOURCE REVIEW REQUIRED — no publication-ready rewrite,CONSISTENT ORGANIZATION DESCRIPTION,PRESERVED,NOT DEPLOYED
https://immigratetobrazil.com/insights/visa/brazil-grants-permanent-residency-to-foreign-nationals-through-various/,insights/visa/brazil-grants-permanent-residency-to-foreign-nationals-through-various/index.html,PRESERVED — SOURCE REVIEW REQUIRED — no publication-ready rewrite,CONSISTENT ORGANIZATION DESCRIPTION,PRESERVED,NOT DEPLOYED
https://immigratetobrazil.com/insights/visa/brazil-issues-the-cplp-temporary-visa-only-in-some-specific-cities/,insights/visa/brazil-issues-the-cplp-temporary-visa-only-in-some-specific-cities/index.html,PRESERVED — SOURCE REVIEW REQUIRED — no publication-ready rewrite,CONSISTENT ORGANIZATION DESCRIPTION,PRESERVED,NOT DEPLOYED
https://immigratetobrazil.com/insights/visa/brazil-legal-guidance-eligibility-and-process-2/,insights/visa/brazil-legal-guidance-eligibility-and-process-2/index.html,PRESERVED — SOURCE REVIEW REQUIRED — no publication-ready rewrite,CONSISTENT ORGANIZATION DESCRIPTION,PRESERVED,NOT DEPLOYED
https://immigratetobrazil.com/insights/visa/brazil-legal-guidance-eligibility-and-process-3/,insights/visa/brazil-legal-guidance-eligibility-and-process-3/index.html,PRESERVED — SOURCE REVIEW REQUIRED — no publication-ready rewrite,CONSISTENT ORGANIZATION DESCRIPTION,PRESERVED,NOT DEPLOYED
https://immigratetobrazil.com/insights/visa/brazil-legal-guidance-eligibility-and-process/,insights/visa/brazil-legal-guidance-eligibility-and-process/index.html,PRESERVED — SOURCE REVIEW REQUIRED — no publication-ready rewrite,CONSISTENT ORGANIZATION DESCRIPTION,PRESERVED,NOT DEPLOYED
https://immigratetobrazil.com/insights/visa/brazil-offers-a-digital-nomad-visa-for-foreign-nationals-who-wish-to-l/,insights/visa/brazil-offers-a-digital-nomad-visa-for-foreign-nationals-who-wish-to-l/index.html,PRESERVED — SOURCE REVIEW REQUIRED — no publication-ready rewrite,CONSISTENT ORGANIZATION DESCRIPTION,PRESERVED,NOT DEPLOYED
https://immigratetobrazil.com/insights/visa/brazil-offers-a-specific-visa-and-residency-for-artists-and-athletes-c/,insights/visa/brazil-offers-a-specific-visa-and-residency-for-artists-and-athletes-c/index.html,PRESERVED — SOURCE REVIEW REQUIRED — no publication-ready rewrite,CONSISTENT ORGANIZATION DESCRIPTION,PRESERVED,NOT DEPLOYED
https://immigratetobrazil.com/insights/visa/brazil-offers-humanitarian-visa-to-individuals-in-situations-of-extrem/,insights/visa/brazil-offers-humanitarian-visa-to-individuals-in-situations-of-extrem/index.html,PRESERVED — SOURCE REVIEW REQUIRED — no publication-ready rewrite,CONSISTENT ORGANIZATION DESCRIPTION,PRESERVED,NOT DEPLOYED
https://immigratetobrazil.com/insights/visa/brazil-offers-student-visa-for-foreign-medical-residents-who-wish-to-p/,insights/visa/brazil-offers-student-visa-for-foreign-medical-residents-who-wish-to-p/index.html,PRESERVED — SOURCE REVIEW REQUIRED — no publication-ready rewrite,CONSISTENT ORGANIZATION DESCRIPTION,PRESERVED,NOT DEPLOYED
https://immigratetobrazil.com/insights/visa/brazil-offers-the-possibility-of-permanent-residency-for-families-wish/,insights/visa/brazil-offers-the-possibility-of-permanent-residency-for-families-wish/index.html,PRESERVED — SOURCE REVIEW REQUIRED — no publication-ready rewrite,CONSISTENT ORGANIZATION DESCRIPTION,PRESERVED,NOT DEPLOYED
https://immigratetobrazil.com/insights/visa/brazil-s-digital-nomad-visa-is-your-ticket-to-an-incredible-experience/,insights/visa/brazil-s-digital-nomad-visa-is-your-ticket-to-an-incredible-experience/index.html,PRESERVED — SOURCE REVIEW REQUIRED — no publication-ready rewrite,CONSISTENT ORGANIZATION DESCRIPTION,PRESERVED,NOT DEPLOYED
https://immigratetobrazil.com/insights/visa/brazil-s-real-estate-market-is-booming-offering-incredible-potential-f/,insights/visa/brazil-s-real-estate-market-is-booming-offering-incredible-potential-f/index.html,PRESERVED — SOURCE REVIEW REQUIRED — no publication-ready rewrite,CONSISTENT ORGANIZATION DESCRIPTION,PRESERVED,NOT DEPLOYED
https://immigratetobrazil.com/insights/visa/brazilian-law-permits-students-on-a-student-visa-to-work-while-studyin/,insights/visa/brazilian-law-permits-students-on-a-student-visa-to-work-while-studyin/index.html,PRESERVED — SOURCE REVIEW REQUIRED — no publication-ready rewrite,CONSISTENT ORGANIZATION DESCRIPTION,PRESERVED,NOT DEPLOYED
https://immigratetobrazil.com/insights/visa/brazilian-student-visa-for-medical-studies-the-brazilian-student-visa/,insights/visa/brazilian-student-visa-for-medical-studies-the-brazilian-student-visa/index.html,PRESERVED — SOURCE REVIEW REQUIRED — no publication-ready rewrite,CONSISTENT ORGANIZATION DESCRIPTION,PRESERVED,NOT DEPLOYED
https://immigratetobrazil.com/insights/visa/brazilian-temporary-residency-permit-for-work-consulting-with-an-immig/,insights/visa/brazilian-temporary-residency-permit-for-work-consulting-with-an-immig/index.html,PRESERVED — SOURCE REVIEW REQUIRED — no publication-ready rewrite,CONSISTENT ORGANIZATION DESCRIPTION,PRESERVED,NOT DEPLOYED
https://immigratetobrazil.com/insights/visa/consulting-with-an-immigration-lawyer-ensures-that-you-have-a-knowledg-2/,insights/visa/consulting-with-an-immigration-lawyer-ensures-that-you-have-a-knowledg-2/index.html,PRESERVED — SOURCE REVIEW REQUIRED — no publication-ready rewrite,CONSISTENT ORGANIZATION DESCRIPTION,PRESERVED,NOT DEPLOYED
https://immigratetobrazil.com/insights/visa/consulting-with-an-immigration-lawyer-ensures-that-you-have-a-knowledg-3/,insights/visa/consulting-with-an-immigration-lawyer-ensures-that-you-have-a-knowledg-3/index.html,PRESERVED — SOURCE REVIEW REQUIRED — no publication-ready rewrite,CONSISTENT ORGANIZATION DESCRIPTION,PRESERVED,NOT DEPLOYED
https://immigratetobrazil.com/insights/visa/consulting-with-an-immigration-lawyer-ensures-that-you-have-a-knowledg/,insights/visa/consulting-with-an-immigration-lawyer-ensures-that-you-have-a-knowledg/index.html,PRESERVED — SOURCE REVIEW REQUIRED — no publication-ready rewrite,CONSISTENT ORGANIZATION DESCRIPTION,PRESERVED,NOT DEPLOYED
https://immigratetobrazil.com/insights/visa/due-to-the-political-crises-in-syria-the-brazilian-embassy-in-syria-ha/,insights/visa/due-to-the-political-crises-in-syria-the-brazilian-embassy-in-syria-ha/index.html,PRESERVED — SOURCE REVIEW REQUIRED — no publication-ready rewrite,CONSISTENT ORGANIZATION DESCRIPTION,PRESERVED,NOT DEPLOYED
https://immigratetobrazil.com/insights/visa/entering-brazil-as-a-tourist-can-be-a-valid-starting-point-for-anyone/,insights/visa/entering-brazil-as-a-tourist-can-be-a-valid-starting-point-for-anyone/index.html,PRESERVED — SOURCE REVIEW REQUIRED — no publication-ready rewrite,CONSISTENT ORGANIZATION DESCRIPTION,PRESERVED,NOT DEPLOYED
https://immigratetobrazil.com/insights/visa/entering-brazil-as-a-tourist-can-serve-as-a-valid-starting-point-for-t/,insights/visa/entering-brazil-as-a-tourist-can-serve-as-a-valid-starting-point-for-t/index.html,PRESERVED — SOURCE REVIEW REQUIRED — no publication-ready rewrite,CONSISTENT ORGANIZATION DESCRIPTION,PRESERVED,NOT DEPLOYED
https://immigratetobrazil.com/insights/visa/even-though-this-visa-offers-permanent-residency-it-comes-with-conditi/,insights/visa/even-though-this-visa-offers-permanent-residency-it-comes-with-conditi/index.html,PRESERVED — SOURCE REVIEW REQUIRED — no publication-ready rewrite,CONSISTENT ORGANIZATION DESCRIPTION,PRESERVED,NOT DEPLOYED
https://immigratetobrazil.com/insights/visa/every-visa-applicant-has-the-right-to-receive-a-justification/,insights/visa/every-visa-applicant-has-the-right-to-receive-a-justification/index.html,PRESERVED — SOURCE REVIEW REQUIRED — no publication-ready rewrite,CONSISTENT ORGANIZATION DESCRIPTION,PRESERVED,NOT DEPLOYED
https://immigratetobrazil.com/insights/visa/expanding-a-business-into-brazil-requires-careful-planning-and-complia/,insights/visa/expanding-a-business-into-brazil-requires-careful-planning-and-complia/index.html,PRESERVED — SOURCE REVIEW REQUIRED — no publication-ready rewrite,CONSISTENT ORGANIZATION DESCRIPTION,PRESERVED,NOT DEPLOYED
https://immigratetobrazil.com/insights/visa/explore-tax-friendly-destinations-and-optimize-your-tax-situation-whil/,insights/visa/explore-tax-friendly-destinations-and-optimize-your-tax-situation-whil/index.html,PRESERVED — SOURCE REVIEW REQUIRED — no publication-ready rewrite,CONSISTENT ORGANIZATION DESCRIPTION,PRESERVED,NOT DEPLOYED
https://immigratetobrazil.com/insights/visa/for-brazilians-wishing-to-go-to-new-zealand-the-brazil-new-zealand-wor/,insights/visa/for-brazilians-wishing-to-go-to-new-zealand-the-brazil-new-zealand-wor/index.html,PRESERVED — SOURCE REVIEW REQUIRED — no publication-ready rewrite,CONSISTENT ORGANIZATION DESCRIPTION,PRESERVED,NOT DEPLOYED
https://immigratetobrazil.com/insights/visa/for-certain-nationalities-a-visa-for-this-is-not-required/,insights/visa/for-certain-nationalities-a-visa-for-this-is-not-required/index.html,PRESERVED — SOURCE REVIEW REQUIRED — no publication-ready rewrite,CONSISTENT ORGANIZATION DESCRIPTION,PRESERVED,NOT DEPLOYED
https://immigratetobrazil.com/insights/visa/for-those-planning-to-travel-to-the-united-states-to-watch-the-2026-wo/,insights/visa/for-those-planning-to-travel-to-the-united-states-to-watch-the-2026-wo/index.html,PRESERVED — SOURCE REVIEW REQUIRED — no publication-ready rewrite,CONSISTENT ORGANIZATION DESCRIPTION,PRESERVED,NOT DEPLOYED
https://immigratetobrazil.com/insights/visa/foreign-nationals-who-come-to-brazil-for-research-teaching-or-academic/,insights/visa/foreign-nationals-who-come-to-brazil-for-research-teaching-or-academic/index.html,PRESERVED — SOURCE REVIEW REQUIRED — no publication-ready rewrite,CONSISTENT ORGANIZATION DESCRIPTION,PRESERVED,NOT DEPLOYED
https://immigratetobrazil.com/insights/visa/hiring-foreign-workers-has-become-an-increasingly-common-practice-amon/,insights/visa/hiring-foreign-workers-has-become-an-increasingly-common-practice-amon/index.html,PRESERVED — SOURCE REVIEW REQUIRED — no publication-ready rewrite,CONSISTENT ORGANIZATION DESCRIPTION,PRESERVED,NOT DEPLOYED
https://immigratetobrazil.com/insights/visa/i-will-be-working-remotely-in-brazil/,insights/visa/i-will-be-working-remotely-in-brazil/index.html,PRESERVED — SOURCE REVIEW REQUIRED — no publication-ready rewrite,CONSISTENT ORGANIZATION DESCRIPTION,PRESERVED,NOT DEPLOYED
https://immigratetobrazil.com/insights/visa/if-a-person-received-a-portuguese-residence-visa-without-making-an-app/,insights/visa/if-a-person-received-a-portuguese-residence-visa-without-making-an-app/index.html,PRESERVED — SOURCE REVIEW REQUIRED — no publication-ready rewrite,CONSISTENT ORGANIZATION DESCRIPTION,PRESERVED,NOT DEPLOYED
https://immigratetobrazil.com/insights/visa/if-an-artist-charges-a-fee-for-their-performance-a-work-visa-is-requir/,insights/visa/if-an-artist-charges-a-fee-for-their-performance-a-work-visa-is-requir/index.html,PRESERVED — SOURCE REVIEW REQUIRED — no publication-ready rewrite,CONSISTENT ORGANIZATION DESCRIPTION,PRESERVED,NOT DEPLOYED
https://immigratetobrazil.com/insights/visa/if-an-investor-an-individual-is-looking-for-opportunities-and-to-be-ab/,insights/visa/if-an-investor-an-individual-is-looking-for-opportunities-and-to-be-ab/index.html,PRESERVED — SOURCE REVIEW REQUIRED — no publication-ready rewrite,CONSISTENT ORGANIZATION DESCRIPTION,PRESERVED,NOT DEPLOYED
https://immigratetobrazil.com/insights/visa/if-the-brazilian-consulate-does-not-provide-a-justification-for-the-vi/,insights/visa/if-the-brazilian-consulate-does-not-provide-a-justification-for-the-vi/index.html,PRESERVED — SOURCE REVIEW REQUIRED — no publication-ready rewrite,CONSISTENT ORGANIZATION DESCRIPTION,PRESERVED,NOT DEPLOYED
https://immigratetobrazil.com/insights/visa/if-the-couple-wishes-to-live-in-brazil-after-marriage-the-foreigner-wi/,insights/visa/if-the-couple-wishes-to-live-in-brazil-after-marriage-the-foreigner-wi/index.html,PRESERVED — SOURCE REVIEW REQUIRED — no publication-ready rewrite,CONSISTENT ORGANIZATION DESCRIPTION,PRESERVED,NOT DEPLOYED
https://immigratetobrazil.com/insights/visa/if-you-are-an-investor-looking-to-reside-in-brazil-with-foreign-resour/,insights/visa/if-you-are-an-investor-looking-to-reside-in-brazil-with-foreign-resour/index.html,PRESERVED — SOURCE REVIEW REQUIRED — no publication-ready rewrite,CONSISTENT ORGANIZATION DESCRIPTION,PRESERVED,NOT DEPLOYED
https://immigratetobrazil.com/insights/visa/if-you-arrived-in-brazil-as-a-tourist-and-want-to-stay-longer-than-ini/,insights/visa/if-you-arrived-in-brazil-as-a-tourist-and-want-to-stay-longer-than-ini/index.html,PRESERVED — SOURCE REVIEW REQUIRED — no publication-ready rewrite,CONSISTENT ORGANIZATION DESCRIPTION,PRESERVED,NOT DEPLOYED
https://immigratetobrazil.com/insights/visa/if-you-arrived-in-brazil-as-a-tourist-and-wish-to-stay-longer-than-ori/,insights/visa/if-you-arrived-in-brazil-as-a-tourist-and-wish-to-stay-longer-than-ori/index.html,PRESERVED — SOURCE REVIEW REQUIRED — no publication-ready rewrite,CONSISTENT ORGANIZATION DESCRIPTION,PRESERVED,NOT DEPLOYED
https://immigratetobrazil.com/insights/visa/if-you-currently-hold-a-temporary-residence-permit-in-brazil-and-are-w/,insights/visa/if-you-currently-hold-a-temporary-residence-permit-in-brazil-and-are-w/index.html,PRESERVED — SOURCE REVIEW REQUIRED — no publication-ready rewrite,CONSISTENT ORGANIZATION DESCRIPTION,PRESERVED,NOT DEPLOYED
https://immigratetobrazil.com/insights/visa/if-you-hold-a-temporary-visa-or-residence-permit-it-s-imperative-to-co/,insights/visa/if-you-hold-a-temporary-visa-or-residence-permit-it-s-imperative-to-co/index.html,PRESERVED — SOURCE REVIEW REQUIRED — no publication-ready rewrite,CONSISTENT ORGANIZATION DESCRIPTION,PRESERVED,NOT DEPLOYED
https://immigratetobrazil.com/insights/visa/if-you-hold-a-temporary-visa-or-residency-permit-it-s-imperative-to-co/,insights/visa/if-you-hold-a-temporary-visa-or-residency-permit-it-s-imperative-to-co/index.html,PRESERVED — SOURCE REVIEW REQUIRED — no publication-ready rewrite,CONSISTENT ORGANIZATION DESCRIPTION,PRESERVED,NOT DEPLOYED
https://immigratetobrazil.com/insights/visa/if-you-re-from-one-of-the-eligible-countries-you-can-request-a-90-day-2/,insights/visa/if-you-re-from-one-of-the-eligible-countries-you-can-request-a-90-day-2/index.html,PRESERVED — SOURCE REVIEW REQUIRED — no publication-ready rewrite,CONSISTENT ORGANIZATION DESCRIPTION,PRESERVED,NOT DEPLOYED
https://immigratetobrazil.com/insights/visa/if-you-re-from-one-of-the-eligible-countries-you-can-request-a-90-day/,insights/visa/if-you-re-from-one-of-the-eligible-countries-you-can-request-a-90-day/index.html,PRESERVED — SOURCE REVIEW REQUIRED — no publication-ready rewrite,CONSISTENT ORGANIZATION DESCRIPTION,PRESERVED,NOT DEPLOYED
https://immigratetobrazil.com/insights/visa/if-your-american-visa-is-denied-the-first-recommended-action-is-to-loo/,insights/visa/if-your-american-visa-is-denied-the-first-recommended-action-is-to-loo/index.html,PRESERVED — SOURCE REVIEW REQUIRED — no publication-ready rewrite,CONSISTENT ORGANIZATION DESCRIPTION,PRESERVED,NOT DEPLOYED
https://immigratetobrazil.com/insights/visa/if-youve-studied-in-brazil-and-are-thinking-about-staying-to-work-ther/,insights/visa/if-youve-studied-in-brazil-and-are-thinking-about-staying-to-work-ther/index.html,PRESERVED — SOURCE REVIEW REQUIRED — no publication-ready rewrite,CONSISTENT ORGANIZATION DESCRIPTION,PRESERVED,NOT DEPLOYED
https://immigratetobrazil.com/insights/visa/immigrating-to-a-new-country-is-a-life-altering-decision-and-seeking-p/,insights/visa/immigrating-to-a-new-country-is-a-life-altering-decision-and-seeking-p/index.html,PRESERVED — SOURCE REVIEW REQUIRED — no publication-ready rewrite,CONSISTENT ORGANIZATION DESCRIPTION,PRESERVED,NOT DEPLOYED
https://immigratetobrazil.com/insights/visa/immigration-planning-involves-strategic-and-thoughtful-consideration-o/,insights/visa/immigration-planning-involves-strategic-and-thoughtful-consideration-o/index.html,PRESERVED — SOURCE REVIEW REQUIRED — no publication-ready rewrite,CONSISTENT ORGANIZATION DESCRIPTION,PRESERVED,NOT DEPLOYED
https://immigratetobrazil.com/insights/visa/in-a-prestigious-international-ranking-organized-by-the-1000-libraries/,insights/visa/in-a-prestigious-international-ranking-organized-by-the-1000-libraries/index.html,PRESERVED — SOURCE REVIEW REQUIRED — no publication-ready rewrite,CONSISTENT ORGANIZATION DESCRIPTION,PRESERVED,NOT DEPLOYED
https://immigratetobrazil.com/insights/visa/in-brazil-deportation-is-an-administrative-measure-applied-to-individu/,insights/visa/in-brazil-deportation-is-an-administrative-measure-applied-to-individu/index.html,PRESERVED — SOURCE REVIEW REQUIRED — no publication-ready rewrite,CONSISTENT ORGANIZATION DESCRIPTION,PRESERVED,NOT DEPLOYED
https://immigratetobrazil.com/insights/visa/in-brazil-eligible-people-holding-a-temporary-visa-have-the-opportunit/,insights/visa/in-brazil-eligible-people-holding-a-temporary-visa-have-the-opportunit/index.html,PRESERVED — SOURCE REVIEW REQUIRED — no publication-ready rewrite,CONSISTENT ORGANIZATION DESCRIPTION,PRESERVED,NOT DEPLOYED
https://immigratetobrazil.com/insights/visa/in-brazil-homeschooling-is-prohibited-and-the-parents-must-go-to-the-n/,insights/visa/in-brazil-homeschooling-is-prohibited-and-the-parents-must-go-to-the-n/index.html,PRESERVED — SOURCE REVIEW REQUIRED — no publication-ready rewrite,CONSISTENT ORGANIZATION DESCRIPTION,PRESERVED,NOT DEPLOYED
https://immigratetobrazil.com/insights/visa/in-brazil-priests-must-go-to-the-nearest-public-school-and-request-the/,insights/visa/in-brazil-priests-must-go-to-the-nearest-public-school-and-request-the/index.html,PRESERVED — SOURCE REVIEW REQUIRED — no publication-ready rewrite,CONSISTENT ORGANIZATION DESCRIPTION,PRESERVED,NOT DEPLOYED
https://immigratetobrazil.com/insights/visa/in-brazil-there-are-several-types-of-work-visas-available-depending-on-2/,insights/visa/in-brazil-there-are-several-types-of-work-visas-available-depending-on-2/index.html,PRESERVED — SOURCE REVIEW REQUIRED — no publication-ready rewrite,CONSISTENT ORGANIZATION DESCRIPTION,PRESERVED,NOT DEPLOYED
https://immigratetobrazil.com/insights/visa/in-brazil-there-are-several-types-of-work-visas-available-depending-on/,insights/visa/in-brazil-there-are-several-types-of-work-visas-available-depending-on/index.html,PRESERVED — SOURCE REVIEW REQUIRED — no publication-ready rewrite,CONSISTENT ORGANIZATION DESCRIPTION,PRESERVED,NOT DEPLOYED
https://immigratetobrazil.com/insights/visa/in-brazilian-immigration-matters-foreign-nationals-could-apply-for-a-f/,insights/visa/in-brazilian-immigration-matters-foreign-nationals-could-apply-for-a-f/index.html,PRESERVED — SOURCE REVIEW REQUIRED — no publication-ready rewrite,CONSISTENT ORGANIZATION DESCRIPTION,PRESERVED,NOT DEPLOYED
https://immigratetobrazil.com/insights/visa/in-exceptional-cases-a-brazilian-visa-application-may-be-denied-under/,insights/visa/in-exceptional-cases-a-brazilian-visa-application-may-be-denied-under/index.html,PRESERVED — SOURCE REVIEW REQUIRED — no publication-ready rewrite,CONSISTENT ORGANIZATION DESCRIPTION,PRESERVED,NOT DEPLOYED
https://immigratetobrazil.com/insights/visa/in-general-many-countries-do-not-have-a-specific-dating-visa-but-offer/,insights/visa/in-general-many-countries-do-not-have-a-specific-dating-visa-but-offer/index.html,PRESERVED — SOURCE REVIEW REQUIRED — no publication-ready rewrite,CONSISTENT ORGANIZATION DESCRIPTION,PRESERVED,NOT DEPLOYED
https://immigratetobrazil.com/insights/visa/in-situations-where-a-brazilian-needs-emergency-consular-assistance-ou/,insights/visa/in-situations-where-a-brazilian-needs-emergency-consular-assistance-ou/index.html,PRESERVED — SOURCE REVIEW REQUIRED — no publication-ready rewrite,CONSISTENT ORGANIZATION DESCRIPTION,PRESERVED,NOT DEPLOYED
https://immigratetobrazil.com/insights/visa/in-some-cases-of-vulnerable-situations-brazilian-migration-law-waives/,insights/visa/in-some-cases-of-vulnerable-situations-brazilian-migration-law-waives/index.html,PRESERVED — SOURCE REVIEW REQUIRED — no publication-ready rewrite,CONSISTENT ORGANIZATION DESCRIPTION,PRESERVED,NOT DEPLOYED
https://immigratetobrazil.com/insights/visa/individuals-seeking-to-work-in-brazil-through-a-formal-employment-rela/,insights/visa/individuals-seeking-to-work-in-brazil-through-a-formal-employment-rela/index.html,PRESERVED — SOURCE REVIEW REQUIRED — no publication-ready rewrite,CONSISTENT ORGANIZATION DESCRIPTION,PRESERVED,NOT DEPLOYED
https://immigratetobrazil.com/insights/visa/it-can-be-possible-to-bring-a-companion-to-brazil-on-a-health-treatmen/,insights/visa/it-can-be-possible-to-bring-a-companion-to-brazil-on-a-health-treatmen/index.html,PRESERVED — SOURCE REVIEW REQUIRED — no publication-ready rewrite,CONSISTENT ORGANIZATION DESCRIPTION,PRESERVED,NOT DEPLOYED
https://immigratetobrazil.com/insights/visa/it-is-not-necessary-in-cases-of-a-stopover-or-connecting-flight-in-bra/,insights/visa/it-is-not-necessary-in-cases-of-a-stopover-or-connecting-flight-in-bra/index.html,PRESERVED — SOURCE REVIEW REQUIRED — no publication-ready rewrite,CONSISTENT ORGANIZATION DESCRIPTION,PRESERVED,NOT DEPLOYED
https://immigratetobrazil.com/insights/visa/it-is-now-possible-to-apply-for-a-digital-nomad-visa-for-italy/,insights/visa/it-is-now-possible-to-apply-for-a-digital-nomad-visa-for-italy/index.html,PRESERVED — SOURCE REVIEW REQUIRED — no publication-ready rewrite,CONSISTENT ORGANIZATION DESCRIPTION,PRESERVED,NOT DEPLOYED
https://immigratetobrazil.com/insights/visa/it-is-possible-for-a-foreign-person-to-purchase-property-in-brazil-but/,insights/visa/it-is-possible-for-a-foreign-person-to-purchase-property-in-brazil-but/index.html,PRESERVED — SOURCE REVIEW REQUIRED — no publication-ready rewrite,CONSISTENT ORGANIZATION DESCRIPTION,PRESERVED,NOT DEPLOYED
https://immigratetobrazil.com/insights/visa/it-is-possible-to-bring-a-companion-to-brazil-with-a-health-treatment/,insights/visa/it-is-possible-to-bring-a-companion-to-brazil-with-a-health-treatment/index.html,PRESERVED — SOURCE REVIEW REQUIRED — no publication-ready rewrite,CONSISTENT ORGANIZATION DESCRIPTION,PRESERVED,NOT DEPLOYED
https://immigratetobrazil.com/insights/visa/it-is-possible-to-go-to-brazil-as-a-tourist-and-get-married-or-recogni/,insights/visa/it-is-possible-to-go-to-brazil-as-a-tourist-and-get-married-or-recogni/index.html,PRESERVED — SOURCE REVIEW REQUIRED — no publication-ready rewrite,CONSISTENT ORGANIZATION DESCRIPTION,PRESERVED,NOT DEPLOYED
https://immigratetobrazil.com/insights/visa/japan-has-announced-measures-to-attract-digital-nomads-aligning-with-a/,insights/visa/japan-has-announced-measures-to-attract-digital-nomads-aligning-with-a/index.html,PRESERVED — SOURCE REVIEW REQUIRED — no publication-ready rewrite,CONSISTENT ORGANIZATION DESCRIPTION,PRESERVED,NOT DEPLOYED
https://immigratetobrazil.com/insights/visa/legal-guidance-eligibility-requirements-and-filing-steps/,insights/visa/legal-guidance-eligibility-requirements-and-filing-steps/index.html,PRESERVED — SOURCE REVIEW REQUIRED — no publication-ready rewrite,CONSISTENT ORGANIZATION DESCRIPTION,PRESERVED,NOT DEPLOYED
https://immigratetobrazil.com/insights/visa/many-people-risk-staying-in-portugal-with-just-a-tourist-visa-and-then/,insights/visa/many-people-risk-staying-in-portugal-with-just-a-tourist-visa-and-then/index.html,PRESERVED — SOURCE REVIEW REQUIRED — no publication-ready rewrite,CONSISTENT ORGANIZATION DESCRIPTION,PRESERVED,NOT DEPLOYED
https://immigratetobrazil.com/insights/visa/may-5th-is-celebrated-as-portuguese-language-and-lusophone-culture-day/,insights/visa/may-5th-is-celebrated-as-portuguese-language-and-lusophone-culture-day/index.html,PRESERVED — SOURCE REVIEW REQUIRED — no publication-ready rewrite,CONSISTENT ORGANIZATION DESCRIPTION,PRESERVED,NOT DEPLOYED
https://immigratetobrazil.com/insights/visa/my-immigrant-id-card-is-valid-until-2030-but-my-civil-partnership-has/,insights/visa/my-immigrant-id-card-is-valid-until-2030-but-my-civil-partnership-has/index.html,PRESERVED — SOURCE REVIEW REQUIRED — no publication-ready rewrite,CONSISTENT ORGANIZATION DESCRIPTION,PRESERVED,NOT DEPLOYED
https://immigratetobrazil.com/insights/visa/news-visa-fees-for-the-usa-will-become-more-expensive-from-may-30th-to/,insights/visa/news-visa-fees-for-the-usa-will-become-more-expensive-from-may-30th-to/index.html,PRESERVED — SOURCE REVIEW REQUIRED — no publication-ready rewrite,CONSISTENT ORGANIZATION DESCRIPTION,PRESERVED,NOT DEPLOYED
https://immigratetobrazil.com/insights/visa/no-a-work-visa-requires-prior-approval-from-the-brazilian-ministry-of/,insights/visa/no-a-work-visa-requires-prior-approval-from-the-brazilian-ministry-of/index.html,PRESERVED — SOURCE REVIEW REQUIRED — no publication-ready rewrite,CONSISTENT ORGANIZATION DESCRIPTION,PRESERVED,NOT DEPLOYED
https://immigratetobrazil.com/insights/visa/no-dependents-can-arrive-with-or-after-the-main-visa-holder-in-the-usa/,insights/visa/no-dependents-can-arrive-with-or-after-the-main-visa-holder-in-the-usa/index.html,PRESERVED — SOURCE REVIEW REQUIRED — no publication-ready rewrite,CONSISTENT ORGANIZATION DESCRIPTION,PRESERVED,NOT DEPLOYED
https://immigratetobrazil.com/insights/visa/not-everything-is-what-it-seems-especially-in-brazilian-cuisine/,insights/visa/not-everything-is-what-it-seems-especially-in-brazilian-cuisine/index.html,PRESERVED — SOURCE REVIEW REQUIRED — no publication-ready rewrite,CONSISTENT ORGANIZATION DESCRIPTION,PRESERVED,NOT DEPLOYED
https://immigratetobrazil.com/insights/visa/nowadays-technology-allows-us-to-work-from-anywhere-in-the-world/,insights/visa/nowadays-technology-allows-us-to-work-from-anywhere-in-the-world/index.html,PRESERVED — SOURCE REVIEW REQUIRED — no publication-ready rewrite,CONSISTENT ORGANIZATION DESCRIPTION,PRESERVED,NOT DEPLOYED
https://immigratetobrazil.com/insights/visa/obtaining-a-permanent-residence-permit-indefinite-period-in-brazil-is/,insights/visa/obtaining-a-permanent-residence-permit-indefinite-period-in-brazil-is/index.html,PRESERVED — SOURCE REVIEW REQUIRED — no publication-ready rewrite,CONSISTENT ORGANIZATION DESCRIPTION,PRESERVED,NOT DEPLOYED
https://immigratetobrazil.com/insights/visa/obtaining-a-residency-permit-as-a-retiree-or-pensioner-in-brazil-provi/,insights/visa/obtaining-a-residency-permit-as-a-retiree-or-pensioner-in-brazil-provi/index.html,PRESERVED — SOURCE REVIEW REQUIRED — no publication-ready rewrite,CONSISTENT ORGANIZATION DESCRIPTION,PRESERVED,NOT DEPLOYED
https://immigratetobrazil.com/insights/visa/obtaining-a-student-visa-to-be-an-exchange-student-in-brazil-offers-a/,insights/visa/obtaining-a-student-visa-to-be-an-exchange-student-in-brazil-offers-a/index.html,PRESERVED — SOURCE REVIEW REQUIRED — no publication-ready rewrite,CONSISTENT ORGANIZATION DESCRIPTION,PRESERVED,NOT DEPLOYED
https://immigratetobrazil.com/insights/visa/obtaining-an-immigrant-identity-card-rnm-is-extremely-important-for-im/,insights/visa/obtaining-an-immigrant-identity-card-rnm-is-extremely-important-for-im/index.html,PRESERVED — SOURCE REVIEW REQUIRED — no publication-ready rewrite,CONSISTENT ORGANIZATION DESCRIPTION,PRESERVED,NOT DEPLOYED
https://immigratetobrazil.com/insights/visa/people-who-exceed-the-legal-period-of-stay-in-brazil-either-by-oversta/,insights/visa/people-who-exceed-the-legal-period-of-stay-in-brazil-either-by-oversta/index.html,PRESERVED — SOURCE REVIEW REQUIRED — no publication-ready rewrite,CONSISTENT ORGANIZATION DESCRIPTION,PRESERVED,NOT DEPLOYED
https://immigratetobrazil.com/insights/visa/permanent-residency-through-the-investor-visa-individual-investment-in/,insights/visa/permanent-residency-through-the-investor-visa-individual-investment-in/index.html,PRESERVED — SOURCE REVIEW REQUIRED — no publication-ready rewrite,CONSISTENT ORGANIZATION DESCRIPTION,PRESERVED,NOT DEPLOYED
https://immigratetobrazil.com/insights/visa/premium-processing-is-a-service-offered-by-the-us-immigration-agency-t/,insights/visa/premium-processing-is-a-service-offered-by-the-us-immigration-agency-t/index.html,PRESERVED — SOURCE REVIEW REQUIRED — no publication-ready rewrite,CONSISTENT ORGANIZATION DESCRIPTION,PRESERVED,NOT DEPLOYED
https://immigratetobrazil.com/insights/visa/professionals-can-have-the-eb2-niw-visa-as-a-gateway-to-continue-their/,insights/visa/professionals-can-have-the-eb2-niw-visa-as-a-gateway-to-continue-their/index.html,PRESERVED — SOURCE REVIEW REQUIRED — no publication-ready rewrite,CONSISTENT ORGANIZATION DESCRIPTION,PRESERVED,NOT DEPLOYED
https://immigratetobrazil.com/insights/visa/qualified-professionals-can-use-the-eb2-niw-visa-as-a-gateway-to-conti/,insights/visa/qualified-professionals-can-use-the-eb2-niw-visa-as-a-gateway-to-conti/index.html,PRESERVED — SOURCE REVIEW REQUIRED — no publication-ready rewrite,CONSISTENT ORGANIZATION DESCRIPTION,PRESERVED,NOT DEPLOYED
https://immigratetobrazil.com/insights/visa/repatriation-also-known-as-national-recovery-operation-represents-the/,insights/visa/repatriation-also-known-as-national-recovery-operation-represents-the/index.html,PRESERVED — SOURCE REVIEW REQUIRED — no publication-ready rewrite,CONSISTENT ORGANIZATION DESCRIPTION,PRESERVED,NOT DEPLOYED
https://immigratetobrazil.com/insights/visa/retirees-and-pensioners-who-want-to-live-in-brazil-can-request-a-tempo/,insights/visa/retirees-and-pensioners-who-want-to-live-in-brazil-can-request-a-tempo/index.html,PRESERVED — SOURCE REVIEW REQUIRED — no publication-ready rewrite,CONSISTENT ORGANIZATION DESCRIPTION,PRESERVED,NOT DEPLOYED
https://immigratetobrazil.com/insights/visa/rio-de-janeiro-has-recently-been-named-the-world-s-top-destination-for/,insights/visa/rio-de-janeiro-has-recently-been-named-the-world-s-top-destination-for/index.html,PRESERVED — SOURCE REVIEW REQUIRED — no publication-ready rewrite,CONSISTENT ORGANIZATION DESCRIPTION,PRESERVED,NOT DEPLOYED
https://immigratetobrazil.com/insights/visa/since-april-10-2025-tourists-from-the-united-states-canada-and-austral/,insights/visa/since-april-10-2025-tourists-from-the-united-states-canada-and-austral/index.html,PRESERVED — SOURCE REVIEW REQUIRED — no publication-ready rewrite,CONSISTENT ORGANIZATION DESCRIPTION,PRESERVED,NOT DEPLOYED
https://immigratetobrazil.com/insights/visa/technical-completion-involves-legal-analysis-of-the-rules-and-circumst/,insights/visa/technical-completion-involves-legal-analysis-of-the-rules-and-circumst/index.html,PRESERVED — SOURCE REVIEW REQUIRED — no publication-ready rewrite,CONSISTENT ORGANIZATION DESCRIPTION,PRESERVED,NOT DEPLOYED
https://immigratetobrazil.com/insights/visa/the-american-visa-interview-aims-to-assess-whether-you-are-a-qualified/,insights/visa/the-american-visa-interview-aims-to-assess-whether-you-are-a-qualified/index.html,PRESERVED — SOURCE REVIEW REQUIRED — no publication-ready rewrite,CONSISTENT ORGANIZATION DESCRIPTION,PRESERVED,NOT DEPLOYED
https://immigratetobrazil.com/insights/visa/the-authorization-of-indefinite-term-residence-in-brazil-can-be-obtain/,insights/visa/the-authorization-of-indefinite-term-residence-in-brazil-can-be-obtain/index.html,PRESERVED — SOURCE REVIEW REQUIRED — no publication-ready rewrite,CONSISTENT ORGANIZATION DESCRIPTION,PRESERVED,NOT DEPLOYED
https://immigratetobrazil.com/insights/visa/the-biggest-cause-of-losing-an-irish-student-visa-is-when-the-immigran/,insights/visa/the-biggest-cause-of-losing-an-irish-student-visa-is-when-the-immigran/index.html,PRESERVED — SOURCE REVIEW REQUIRED — no publication-ready rewrite,CONSISTENT ORGANIZATION DESCRIPTION,PRESERVED,NOT DEPLOYED
https://immigratetobrazil.com/insights/visa/the-brazilian-retirement-visa-is-an-excellent-choice-for-retirees-and/,insights/visa/the-brazilian-retirement-visa-is-an-excellent-choice-for-retirees-and/index.html,PRESERVED — SOURCE REVIEW REQUIRED — no publication-ready rewrite,CONSISTENT ORGANIZATION DESCRIPTION,PRESERVED,NOT DEPLOYED
https://immigratetobrazil.com/insights/visa/the-brazilian-visa-for-digital-nomads-allows-you-to-stay-for-up-to-one/,insights/visa/the-brazilian-visa-for-digital-nomads-allows-you-to-stay-for-up-to-one/index.html,PRESERVED — SOURCE REVIEW REQUIRED — no publication-ready rewrite,CONSISTENT ORGANIZATION DESCRIPTION,PRESERVED,NOT DEPLOYED
https://immigratetobrazil.com/insights/visa/the-brazilian-work-visa-for-employment-is-granted-to-foreign-nationals/,insights/visa/the-brazilian-work-visa-for-employment-is-granted-to-foreign-nationals/index.html,PRESERVED — SOURCE REVIEW REQUIRED — no publication-ready rewrite,CONSISTENT ORGANIZATION DESCRIPTION,PRESERVED,NOT DEPLOYED
https://immigratetobrazil.com/insights/visa/the-cplp-community-of-portuguese-speaking-countries-visa-is-an-option/,insights/visa/the-cplp-community-of-portuguese-speaking-countries-visa-is-an-option/index.html,PRESERVED — SOURCE REVIEW REQUIRED — no publication-ready rewrite,CONSISTENT ORGANIZATION DESCRIPTION,PRESERVED,NOT DEPLOYED
https://immigratetobrazil.com/insights/visa/the-cplp-temporary-residence-visa-is-intended-for-citizens-of-the-coun/,insights/visa/the-cplp-temporary-residence-visa-is-intended-for-citizens-of-the-coun/index.html,PRESERVED — SOURCE REVIEW REQUIRED — no publication-ready rewrite,CONSISTENT ORGANIZATION DESCRIPTION,PRESERVED,NOT DEPLOYED
https://immigratetobrazil.com/insights/visa/the-deadline-for-visa-requirements-for-citizens-of-australia-canada-an/,insights/visa/the-deadline-for-visa-requirements-for-citizens-of-australia-canada-an/index.html,PRESERVED — SOURCE REVIEW REQUIRED — no publication-ready rewrite,CONSISTENT ORGANIZATION DESCRIPTION,PRESERVED,NOT DEPLOYED
https://immigratetobrazil.com/insights/visa/the-duration-for-which-a-foreigner-can-be-absent-from-the-country-with/,insights/visa/the-duration-for-which-a-foreigner-can-be-absent-from-the-country-with/index.html,PRESERVED — SOURCE REVIEW REQUIRED — no publication-ready rewrite,CONSISTENT ORGANIZATION DESCRIPTION,PRESERVED,NOT DEPLOYED
https://immigratetobrazil.com/insights/visa/the-eb-2-niw-national-interest-waiver-visa-is-not-limited-exclusively/,insights/visa/the-eb-2-niw-national-interest-waiver-visa-is-not-limited-exclusively/index.html,PRESERVED — SOURCE REVIEW REQUIRED — no publication-ready rewrite,CONSISTENT ORGANIZATION DESCRIPTION,PRESERVED,NOT DEPLOYED
https://immigratetobrazil.com/insights/visa/the-eb2-niw-visa-is-a-great-opportunity-to-internationalize-your-caree/,insights/visa/the-eb2-niw-visa-is-a-great-opportunity-to-internationalize-your-caree/index.html,PRESERVED — SOURCE REVIEW REQUIRED — no publication-ready rewrite,CONSISTENT ORGANIZATION DESCRIPTION,PRESERVED,NOT DEPLOYED
https://immigratetobrazil.com/insights/visa/the-end-of-the-expression-of-interest-for-immigrants-in-portugal-marks/,insights/visa/the-end-of-the-expression-of-interest-for-immigrants-in-portugal-marks/index.html,PRESERVED — SOURCE REVIEW REQUIRED — no publication-ready rewrite,CONSISTENT ORGANIZATION DESCRIPTION,PRESERVED,NOT DEPLOYED
https://immigratetobrazil.com/insights/visa/the-future-fee-for-travelers-entering-europe-known-as-etias-had-its-la/,insights/visa/the-future-fee-for-travelers-entering-europe-known-as-etias-had-its-la/index.html,PRESERVED — SOURCE REVIEW REQUIRED — no publication-ready rewrite,CONSISTENT ORGANIZATION DESCRIPTION,PRESERVED,NOT DEPLOYED
https://immigratetobrazil.com/insights/visa/the-granting-of-a-religious-visa-can-be-issued-to-a-foreign-national-e/,insights/visa/the-granting-of-a-religious-visa-can-be-issued-to-a-foreign-national-e/index.html,PRESERVED — SOURCE REVIEW REQUIRED — no publication-ready rewrite,CONSISTENT ORGANIZATION DESCRIPTION,PRESERVED,NOT DEPLOYED
https://immigratetobrazil.com/insights/visa/the-holiday-work-visa-program-between-brazil-and-new-zealand-offers-ne/,insights/visa/the-holiday-work-visa-program-between-brazil-and-new-zealand-offers-ne/index.html,PRESERVED — SOURCE REVIEW REQUIRED — no publication-ready rewrite,CONSISTENT ORGANIZATION DESCRIPTION,PRESERVED,NOT DEPLOYED
https://immigratetobrazil.com/insights/visa/the-importance-of-getting-legal-guidance-from-a-lawyer-in-travel-and-i/,insights/visa/the-importance-of-getting-legal-guidance-from-a-lawyer-in-travel-and-i/index.html,PRESERVED — SOURCE REVIEW REQUIRED — no publication-ready rewrite,CONSISTENT ORGANIZATION DESCRIPTION,PRESERVED,NOT DEPLOYED
https://immigratetobrazil.com/insights/visa/the-initial-projection-indicated-that-visa-requirements-for-citizens-o-2/,insights/visa/the-initial-projection-indicated-that-visa-requirements-for-citizens-o-2/index.html,PRESERVED — SOURCE REVIEW REQUIRED — no publication-ready rewrite,CONSISTENT ORGANIZATION DESCRIPTION,PRESERVED,NOT DEPLOYED
https://immigratetobrazil.com/insights/visa/the-initial-projection-indicated-that-visa-requirements-for-citizens-o/,insights/visa/the-initial-projection-indicated-that-visa-requirements-for-citizens-o/index.html,PRESERVED — SOURCE REVIEW REQUIRED — no publication-ready rewrite,CONSISTENT ORGANIZATION DESCRIPTION,PRESERVED,NOT DEPLOYED
https://immigratetobrazil.com/insights/visa/the-international-immunisation-certificate-is-necessary-for-individual/,insights/visa/the-international-immunisation-certificate-is-necessary-for-individual/index.html,PRESERVED — SOURCE REVIEW REQUIRED — no publication-ready rewrite,CONSISTENT ORGANIZATION DESCRIPTION,PRESERVED,NOT DEPLOYED
https://immigratetobrazil.com/insights/visa/the-interview-for-the-american-visa-in-brazil-is-carried-out-in-portug/,insights/visa/the-interview-for-the-american-visa-in-brazil-is-carried-out-in-portug/index.html,PRESERVED — SOURCE REVIEW REQUIRED — no publication-ready rewrite,CONSISTENT ORGANIZATION DESCRIPTION,PRESERVED,NOT DEPLOYED
https://immigratetobrazil.com/insights/visa/the-japanese-immigration-service-has-announced-a-new-visa-the-digital/,insights/visa/the-japanese-immigration-service-has-announced-a-new-visa-the-digital/index.html,PRESERVED — SOURCE REVIEW REQUIRED — no publication-ready rewrite,CONSISTENT ORGANIZATION DESCRIPTION,PRESERVED,NOT DEPLOYED
https://immigratetobrazil.com/insights/visa/the-joint-family-visa-for-spouses-and-partners-in-a-recognized-stable/,insights/visa/the-joint-family-visa-for-spouses-and-partners-in-a-recognized-stable/index.html,PRESERVED — SOURCE REVIEW REQUIRED — no publication-ready rewrite,CONSISTENT ORGANIZATION DESCRIPTION,PRESERVED,NOT DEPLOYED
https://immigratetobrazil.com/insights/visa/the-k-1-visa-is-intended-for-foreign-fiances-of-united-states-citizens/,insights/visa/the-k-1-visa-is-intended-for-foreign-fiances-of-united-states-citizens/index.html,PRESERVED — SOURCE REVIEW REQUIRED — no publication-ready rewrite,CONSISTENT ORGANIZATION DESCRIPTION,PRESERVED,NOT DEPLOYED
https://immigratetobrazil.com/insights/visa/the-legislation-outlines-the-specific-functions-and-sets-forth-several/,insights/visa/the-legislation-outlines-the-specific-functions-and-sets-forth-several/index.html,PRESERVED — SOURCE REVIEW REQUIRED — no publication-ready rewrite,CONSISTENT ORGANIZATION DESCRIPTION,PRESERVED,NOT DEPLOYED
https://immigratetobrazil.com/insights/visa/the-main-hypotheses-are-travel-document-that-is-not-valid-for-brazil-t/,insights/visa/the-main-hypotheses-are-travel-document-that-is-not-valid-for-brazil-t/index.html,PRESERVED — SOURCE REVIEW REQUIRED — no publication-ready rewrite,CONSISTENT ORGANIZATION DESCRIPTION,PRESERVED,NOT DEPLOYED
https://immigratetobrazil.com/insights/visa/the-recent-interministerial-ordinance-represents-a-significant-advance/,insights/visa/the-recent-interministerial-ordinance-represents-a-significant-advance/index.html,PRESERVED — SOURCE REVIEW REQUIRED — no publication-ready rewrite,CONSISTENT ORGANIZATION DESCRIPTION,PRESERVED,NOT DEPLOYED
https://immigratetobrazil.com/insights/visa/the-residence-permit-for-an-indefinite-period-in-brazil-can-be-obtaine/,insights/visa/the-residence-permit-for-an-indefinite-period-in-brazil-can-be-obtaine/index.html,PRESERVED — SOURCE REVIEW REQUIRED — no publication-ready rewrite,CONSISTENT ORGANIZATION DESCRIPTION,PRESERVED,NOT DEPLOYED
https://immigratetobrazil.com/insights/visa/the-retirement-visa-for-brazil-is-designed-for-individuals-who-wish-to/,insights/visa/the-retirement-visa-for-brazil-is-designed-for-individuals-who-wish-to/index.html,PRESERVED — SOURCE REVIEW REQUIRED — no publication-ready rewrite,CONSISTENT ORGANIZATION DESCRIPTION,PRESERVED,NOT DEPLOYED
https://immigratetobrazil.com/insights/visa/the-retirement-visa-for-brazil-is-intended-for-individuals-who-wish-to/,insights/visa/the-retirement-visa-for-brazil-is-intended-for-individuals-who-wish-to/index.html,PRESERVED — SOURCE REVIEW REQUIRED — no publication-ready rewrite,CONSISTENT ORGANIZATION DESCRIPTION,PRESERVED,NOT DEPLOYED
https://immigratetobrazil.com/insights/visa/the-rules-for-work-immigration-allow-individuals-to-obtain-a-visa-or-r/,insights/visa/the-rules-for-work-immigration-allow-individuals-to-obtain-a-visa-or-r/index.html,PRESERVED — SOURCE REVIEW REQUIRED — no publication-ready rewrite,CONSISTENT ORGANIZATION DESCRIPTION,PRESERVED,NOT DEPLOYED
https://immigratetobrazil.com/insights/visa/the-time-a-foreigner-can-be-absent-from-the-country-without-losing-the/,insights/visa/the-time-a-foreigner-can-be-absent-from-the-country-without-losing-the/index.html,PRESERVED — SOURCE REVIEW REQUIRED — no publication-ready rewrite,CONSISTENT ORGANIZATION DESCRIPTION,PRESERVED,NOT DEPLOYED
https://immigratetobrazil.com/insights/visa/the-undergraduate-student-agreement-program-pec-g-is-a-brazilian-gover/,insights/visa/the-undergraduate-student-agreement-program-pec-g-is-a-brazilian-gover/index.html,PRESERVED — SOURCE REVIEW REQUIRED — no publication-ready rewrite,CONSISTENT ORGANIZATION DESCRIPTION,PRESERVED,NOT DEPLOYED
https://immigratetobrazil.com/insights/visa/the-visa-and-residence-for-the-purpose-of-working-without-employment-i/,insights/visa/the-visa-and-residence-for-the-purpose-of-working-without-employment-i/index.html,PRESERVED — SOURCE REVIEW REQUIRED — no publication-ready rewrite,CONSISTENT ORGANIZATION DESCRIPTION,PRESERVED,NOT DEPLOYED
https://immigratetobrazil.com/insights/visa/the-work-holiday-visa-agreement-between-brazil-and-france-allows-young/,insights/visa/the-work-holiday-visa-agreement-between-brazil-and-france-allows-young/index.html,PRESERVED — SOURCE REVIEW REQUIRED — no publication-ready rewrite,CONSISTENT ORGANIZATION DESCRIPTION,PRESERVED,NOT DEPLOYED
https://immigratetobrazil.com/insights/visa/the-working-and-holiday-visa-agreement-between-brazil-and-france-allow/,insights/visa/the-working-and-holiday-visa-agreement-between-brazil-and-france-allow/index.html,PRESERVED — SOURCE REVIEW REQUIRED — no publication-ready rewrite,CONSISTENT ORGANIZATION DESCRIPTION,PRESERVED,NOT DEPLOYED
https://immigratetobrazil.com/insights/visa/this-brazilian-visa-is-intended-for-those-who-wish-to-carry-out-academ/,insights/visa/this-brazilian-visa-is-intended-for-those-who-wish-to-carry-out-academ/index.html,PRESERVED — SOURCE REVIEW REQUIRED — no publication-ready rewrite,CONSISTENT ORGANIZATION DESCRIPTION,PRESERVED,NOT DEPLOYED
https://immigratetobrazil.com/insights/visa/this-can-be-done-at-the-consulate-or-embassy-of-the-country-that-issue/,insights/visa/this-can-be-done-at-the-consulate-or-embassy-of-the-country-that-issue/index.html,PRESERVED — SOURCE REVIEW REQUIRED — no publication-ready rewrite,CONSISTENT ORGANIZATION DESCRIPTION,PRESERVED,NOT DEPLOYED
https://immigratetobrazil.com/insights/visa/this-day-established-by-the-un-reinforces-the-importance-of-joining-fo/,insights/visa/this-day-established-by-the-un-reinforces-the-importance-of-joining-fo/index.html,PRESERVED — SOURCE REVIEW REQUIRED — no publication-ready rewrite,CONSISTENT ORGANIZATION DESCRIPTION,PRESERVED,NOT DEPLOYED
https://immigratetobrazil.com/insights/visa/this-is-an-illegal-and-extremely-risky-practice-that-can-lead-to-sever/,insights/visa/this-is-an-illegal-and-extremely-risky-practice-that-can-lead-to-sever/index.html,PRESERVED — SOURCE REVIEW REQUIRED — no publication-ready rewrite,CONSISTENT ORGANIZATION DESCRIPTION,PRESERVED,NOT DEPLOYED
https://immigratetobrazil.com/insights/visa/to-obtain-a-brazilian-study-visa-you-must-be-enrolled-in-an-educationa/,insights/visa/to-obtain-a-brazilian-study-visa-you-must-be-enrolled-in-an-educationa/index.html,PRESERVED — SOURCE REVIEW REQUIRED — no publication-ready rewrite,CONSISTENT ORGANIZATION DESCRIPTION,PRESERVED,NOT DEPLOYED
https://immigratetobrazil.com/insights/visa/to-prove-your-civil-union-status-with-a-foreign-person-a-certificate-i/,insights/visa/to-prove-your-civil-union-status-with-a-foreign-person-a-certificate-i/index.html,PRESERVED — SOURCE REVIEW REQUIRED — no publication-ready rewrite,CONSISTENT ORGANIZATION DESCRIPTION,PRESERVED,NOT DEPLOYED
https://immigratetobrazil.com/insights/visa/travellers-in-brazil-can-access-a-variety-of-basic-healthcare-services/,insights/visa/travellers-in-brazil-can-access-a-variety-of-basic-healthcare-services/index.html,PRESERVED — SOURCE REVIEW REQUIRED — no publication-ready rewrite,CONSISTENT ORGANIZATION DESCRIPTION,PRESERVED,NOT DEPLOYED
https://immigratetobrazil.com/insights/visa/upon-arriving-in-brazil-with-a-visa-you-will-have-90-days-to-register/,insights/visa/upon-arriving-in-brazil-with-a-visa-you-will-have-90-days-to-register/index.html,PRESERVED — SOURCE REVIEW REQUIRED — no publication-ready rewrite,CONSISTENT ORGANIZATION DESCRIPTION,PRESERVED,NOT DEPLOYED
https://immigratetobrazil.com/insights/visa/visa-guidance-legal-requirements-and-filing-steps-in-brazil-2/,insights/visa/visa-guidance-legal-requirements-and-filing-steps-in-brazil-2/index.html,PRESERVED — SOURCE REVIEW REQUIRED — no publication-ready rewrite,CONSISTENT ORGANIZATION DESCRIPTION,PRESERVED,NOT DEPLOYED
https://immigratetobrazil.com/insights/visa/visa-guidance-legal-requirements-and-filing-steps-in-brazil-3/,insights/visa/visa-guidance-legal-requirements-and-filing-steps-in-brazil-3/index.html,PRESERVED — SOURCE REVIEW REQUIRED — no publication-ready rewrite,CONSISTENT ORGANIZATION DESCRIPTION,PRESERVED,NOT DEPLOYED
https://immigratetobrazil.com/insights/visa/visa-guidance-legal-requirements-and-filing-steps-in-brazil/,insights/visa/visa-guidance-legal-requirements-and-filing-steps-in-brazil/index.html,PRESERVED — SOURCE REVIEW REQUIRED — no publication-ready rewrite,CONSISTENT ORGANIZATION DESCRIPTION,PRESERVED,NOT DEPLOYED
https://immigratetobrazil.com/legal/,legal/index.html,APPLIED,CONSISTENT ORGANIZATION DESCRIPTION,PRESERVED,NOT DEPLOYED
https://immigratetobrazil.com/legal/404/,legal/404/index.html,PRESERVED — UTILITY — preserve noindex,CONSISTENT ORGANIZATION DESCRIPTION,PRESERVED,NOT DEPLOYED
https://immigratetobrazil.com/legal/accessibility/,legal/accessibility/index.html,APPLIED,CONSISTENT ORGANIZATION DESCRIPTION,PRESERVED,NOT DEPLOYED
https://immigratetobrazil.com/legal/cookies/,legal/cookies/index.html,APPLIED,CONSISTENT ORGANIZATION DESCRIPTION,PRESERVED,NOT DEPLOYED
https://immigratetobrazil.com/legal/disclaimer/,legal/disclaimer/index.html,APPLIED,CONSISTENT ORGANIZATION DESCRIPTION,PRESERVED,NOT DEPLOYED
https://immigratetobrazil.com/legal/emergency/,legal/emergency/index.html,APPLIED,CONSISTENT ORGANIZATION DESCRIPTION,PRESERVED,NOT DEPLOYED
https://immigratetobrazil.com/legal/form/,legal/form/index.html,APPLIED,CONSISTENT ORGANIZATION DESCRIPTION,PRESERVED,NOT DEPLOYED
https://immigratetobrazil.com/legal/gdpr/,legal/gdpr/index.html,APPLIED,CONSISTENT ORGANIZATION DESCRIPTION,PRESERVED,NOT DEPLOYED
https://immigratetobrazil.com/legal/lgpd/,legal/lgpd/index.html,APPLIED,CONSISTENT ORGANIZATION DESCRIPTION,PRESERVED,NOT DEPLOYED
https://immigratetobrazil.com/legal/payment/,legal/payment/index.html,APPLIED,CONSISTENT ORGANIZATION DESCRIPTION,PRESERVED,NOT DEPLOYED
https://immigratetobrazil.com/legal/privacy/,legal/privacy/index.html,APPLIED,CONSISTENT ORGANIZATION DESCRIPTION,PRESERVED,NOT DEPLOYED
https://immigratetobrazil.com/legal/refund/,legal/refund/index.html,APPLIED,CONSISTENT ORGANIZATION DESCRIPTION,PRESERVED,NOT DEPLOYED
https://immigratetobrazil.com/legal/search/,legal/search/index.html,PRESERVED — UTILITY — preserve noindex,CONSISTENT ORGANIZATION DESCRIPTION,PRESERVED,NOT DEPLOYED
https://immigratetobrazil.com/legal/terms/,legal/terms/index.html,APPLIED,CONSISTENT ORGANIZATION DESCRIPTION,PRESERVED,NOT DEPLOYED
https://immigratetobrazil.com/process/,process/index.html,APPLIED,CONSISTENT ORGANIZATION DESCRIPTION,PRESERVED,NOT DEPLOYED
https://immigratetobrazil.com/process/aftercare/,process/aftercare/index.html,APPLIED,CONSISTENT ORGANIZATION DESCRIPTION,PRESERVED,NOT DEPLOYED
https://immigratetobrazil.com/process/alone/,process/alone/index.html,APPLIED,CONSISTENT ORGANIZATION DESCRIPTION,PRESERVED,NOT DEPLOYED
https://immigratetobrazil.com/process/approval/,process/approval/index.html,APPLIED,CONSISTENT ORGANIZATION DESCRIPTION,PRESERVED,NOT DEPLOYED
https://immigratetobrazil.com/process/assessment/,process/assessment/index.html,APPLIED,CONSISTENT ORGANIZATION DESCRIPTION,PRESERVED,NOT DEPLOYED
https://immigratetobrazil.com/process/compliance/,process/compliance/index.html,APPLIED,CONSISTENT ORGANIZATION DESCRIPTION,PRESERVED,NOT DEPLOYED
https://immigratetobrazil.com/process/consultation/,process/consultation/index.html,APPLIED,CONSISTENT ORGANIZATION DESCRIPTION,PRESERVED,NOT DEPLOYED
https://immigratetobrazil.com/process/conversion/,process/conversion/index.html,APPLIED,CONSISTENT ORGANIZATION DESCRIPTION,PRESERVED,NOT DEPLOYED
https://immigratetobrazil.com/process/deadlines/,process/deadlines/index.html,APPLIED,CONSISTENT ORGANIZATION DESCRIPTION,PRESERVED,NOT DEPLOYED
https://immigratetobrazil.com/process/failures/,process/failures/index.html,APPLIED,CONSISTENT ORGANIZATION DESCRIPTION,PRESERVED,NOT DEPLOYED
https://immigratetobrazil.com/process/fees/,process/fees/index.html,APPLIED,CONSISTENT ORGANIZATION DESCRIPTION,PRESERVED,NOT DEPLOYED
https://immigratetobrazil.com/process/filing/,process/filing/index.html,APPLIED,CONSISTENT ORGANIZATION DESCRIPTION,PRESERVED,NOT DEPLOYED
https://immigratetobrazil.com/process/mistakes/,process/mistakes/index.html,APPLIED,CONSISTENT ORGANIZATION DESCRIPTION,PRESERVED,NOT DEPLOYED
https://immigratetobrazil.com/process/naturalisation/,process/naturalisation/index.html,APPLIED,CONSISTENT ORGANIZATION DESCRIPTION,PRESERVED,NOT DEPLOYED
https://immigratetobrazil.com/process/obligations/,process/obligations/index.html,APPLIED,CONSISTENT ORGANIZATION DESCRIPTION,PRESERVED,NOT DEPLOYED
https://immigratetobrazil.com/process/permanent/,process/permanent/index.html,APPLIED,CONSISTENT ORGANIZATION DESCRIPTION,PRESERVED,NOT DEPLOYED
https://immigratetobrazil.com/process/planning/,process/planning/index.html,APPLIED,CONSISTENT ORGANIZATION DESCRIPTION,PRESERVED,NOT DEPLOYED
https://immigratetobrazil.com/process/refund/,process/refund/index.html,APPLIED,CONSISTENT ORGANIZATION DESCRIPTION,PRESERVED,NOT DEPLOYED
https://immigratetobrazil.com/process/regularization/,process/regularization/index.html,APPLIED,CONSISTENT ORGANIZATION DESCRIPTION,PRESERVED,NOT DEPLOYED
https://immigratetobrazil.com/process/renewal/,process/renewal/index.html,APPLIED,CONSISTENT ORGANIZATION DESCRIPTION,PRESERVED,NOT DEPLOYED
https://immigratetobrazil.com/process/responsibilities/,process/responsibilities/index.html,APPLIED,CONSISTENT ORGANIZATION DESCRIPTION,PRESERVED,NOT DEPLOYED
https://immigratetobrazil.com/process/rights/,process/rights/index.html,APPLIED,CONSISTENT ORGANIZATION DESCRIPTION,PRESERVED,NOT DEPLOYED
https://immigratetobrazil.com/process/strategy/,process/strategy/index.html,APPLIED,CONSISTENT ORGANIZATION DESCRIPTION,PRESERVED,NOT DEPLOYED
https://immigratetobrazil.com/process/timeline/,process/timeline/index.html,APPLIED,CONSISTENT ORGANIZATION DESCRIPTION,PRESERVED,NOT DEPLOYED
https://immigratetobrazil.com/process/transparency/,process/transparency/index.html,APPLIED,CONSISTENT ORGANIZATION DESCRIPTION,PRESERVED,NOT DEPLOYED
https://immigratetobrazil.com/pt-br/,pt-br/index.html,APPLIED,CONSISTENT ORGANIZATION DESCRIPTION,APPLIED — clearer opening / contextual guidance; see actual diff,NOT DEPLOYED
https://immigratetobrazil.com/pt-br/404.html,pt-br/404.html,PRESERVED — UTILITY — preserve noindex,CONSISTENT ORGANIZATION DESCRIPTION,PRESERVED,NOT DEPLOYED
https://immigratetobrazil.com/pt-br/about/,pt-br/about/index.html,APPLIED,CONSISTENT ORGANIZATION DESCRIPTION,PRESERVED,NOT DEPLOYED
https://immigratetobrazil.com/pt-br/about/about/,pt-br/about/about/index.html,APPLIED,CONSISTENT ORGANIZATION DESCRIPTION,PRESERVED,NOT DEPLOYED
https://immigratetobrazil.com/pt-br/about/atlas/,pt-br/about/atlas/index.html,APPLIED,CONSISTENT ORGANIZATION DESCRIPTION,PRESERVED,NOT DEPLOYED
https://immigratetobrazil.com/pt-br/about/clients/,pt-br/about/clients/index.html,APPLIED,CONSISTENT ORGANIZATION DESCRIPTION,PRESERVED,NOT DEPLOYED
https://immigratetobrazil.com/pt-br/about/ethics/,pt-br/about/ethics/index.html,APPLIED,CONSISTENT ORGANIZATION DESCRIPTION,PRESERVED,NOT DEPLOYED
https://immigratetobrazil.com/pt-br/about/lawyer/,pt-br/about/lawyer/index.html,APPLIED,CONSISTENT ORGANIZATION DESCRIPTION,PRESERVED,NOT DEPLOYED
https://immigratetobrazil.com/pt-br/about/mission/,pt-br/about/mission/index.html,APPLIED,CONSISTENT ORGANIZATION DESCRIPTION,PRESERVED,NOT DEPLOYED
https://immigratetobrazil.com/pt-br/about/philosophy/,pt-br/about/philosophy/index.html,APPLIED,CONSISTENT ORGANIZATION DESCRIPTION,PRESERVED,NOT DEPLOYED
https://immigratetobrazil.com/pt-br/about/profile/,pt-br/about/profile/index.html,APPLIED,CONSISTENT ORGANIZATION DESCRIPTION,APPLIED — clearer opening / contextual guidance; see actual diff,NOT DEPLOYED
https://immigratetobrazil.com/pt-br/about/results/,pt-br/about/results/index.html,APPLIED,CONSISTENT ORGANIZATION DESCRIPTION,PRESERVED,NOT DEPLOYED
https://immigratetobrazil.com/pt-br/about/stories/,pt-br/about/stories/index.html,APPLIED,CONSISTENT ORGANIZATION DESCRIPTION,PRESERVED,NOT DEPLOYED
https://immigratetobrazil.com/pt-br/about/story/,pt-br/about/story/index.html,APPLIED,CONSISTENT ORGANIZATION DESCRIPTION,PRESERVED,NOT DEPLOYED
https://immigratetobrazil.com/pt-br/about/testimonials/,pt-br/about/testimonials/index.html,APPLIED,CONSISTENT ORGANIZATION DESCRIPTION,PRESERVED,NOT DEPLOYED
https://immigratetobrazil.com/pt-br/about/values/,pt-br/about/values/index.html,APPLIED,CONSISTENT ORGANIZATION DESCRIPTION,PRESERVED,NOT DEPLOYED
https://immigratetobrazil.com/pt-br/about/whyus/,pt-br/about/whyus/index.html,APPLIED,CONSISTENT ORGANIZATION DESCRIPTION,PRESERVED,NOT DEPLOYED
https://immigratetobrazil.com/pt-br/brazil/,pt-br/brazil/index.html,APPLIED,CONSISTENT ORGANIZATION DESCRIPTION,PRESERVED,NOT DEPLOYED
https://immigratetobrazil.com/pt-br/brazil/brazil/,pt-br/brazil/brazil/index.html,APPLIED,CONSISTENT ORGANIZATION DESCRIPTION,PRESERVED,NOT DEPLOYED
https://immigratetobrazil.com/pt-br/brazil/central-west/,pt-br/brazil/central-west/index.html,APPLIED,CONSISTENT ORGANIZATION DESCRIPTION,PRESERVED,NOT DEPLOYED
https://immigratetobrazil.com/pt-br/brazil/cities/,pt-br/brazil/cities/index.html,APPLIED,CONSISTENT ORGANIZATION DESCRIPTION,PRESERVED,NOT DEPLOYED
https://immigratetobrazil.com/pt-br/brazil/cost/,pt-br/brazil/cost/index.html,APPLIED,CONSISTENT ORGANIZATION DESCRIPTION,PRESERVED,NOT DEPLOYED
https://immigratetobrazil.com/pt-br/brazil/cuisine/,pt-br/brazil/cuisine/index.html,APPLIED,CONSISTENT ORGANIZATION DESCRIPTION,PRESERVED,NOT DEPLOYED
https://immigratetobrazil.com/pt-br/brazil/culture/,pt-br/brazil/culture/index.html,APPLIED,CONSISTENT ORGANIZATION DESCRIPTION,PRESERVED,NOT DEPLOYED
https://immigratetobrazil.com/pt-br/brazil/directory/,pt-br/brazil/directory/index.html,APPLIED,CONSISTENT ORGANIZATION DESCRIPTION,PRESERVED,NOT DEPLOYED
https://immigratetobrazil.com/pt-br/brazil/economy/,pt-br/brazil/economy/index.html,APPLIED,CONSISTENT ORGANIZATION DESCRIPTION,PRESERVED,NOT DEPLOYED
https://immigratetobrazil.com/pt-br/brazil/education/,pt-br/brazil/education/index.html,APPLIED,CONSISTENT ORGANIZATION DESCRIPTION,PRESERVED,NOT DEPLOYED
https://immigratetobrazil.com/pt-br/brazil/events/,pt-br/brazil/events/index.html,APPLIED,CONSISTENT ORGANIZATION DESCRIPTION,PRESERVED,NOT DEPLOYED
https://immigratetobrazil.com/pt-br/brazil/faqs/,pt-br/brazil/faqs/index.html,APPLIED,CONSISTENT ORGANIZATION DESCRIPTION,PRESERVED,NOT DEPLOYED
https://immigratetobrazil.com/pt-br/brazil/festivals/,pt-br/brazil/festivals/index.html,APPLIED,CONSISTENT ORGANIZATION DESCRIPTION,PRESERVED,NOT DEPLOYED
https://immigratetobrazil.com/pt-br/brazil/guides/,pt-br/brazil/guides/index.html,APPLIED,CONSISTENT ORGANIZATION DESCRIPTION,PRESERVED,NOT DEPLOYED
https://immigratetobrazil.com/pt-br/brazil/healthcare/,pt-br/brazil/healthcare/index.html,APPLIED,CONSISTENT ORGANIZATION DESCRIPTION,PRESERVED,NOT DEPLOYED
https://immigratetobrazil.com/pt-br/brazil/housing/,pt-br/brazil/housing/index.html,APPLIED,CONSISTENT ORGANIZATION DESCRIPTION,PRESERVED,NOT DEPLOYED
https://immigratetobrazil.com/pt-br/brazil/investment/,pt-br/brazil/investment/index.html,APPLIED,CONSISTENT ORGANIZATION DESCRIPTION,PRESERVED,NOT DEPLOYED
https://immigratetobrazil.com/pt-br/brazil/living/,pt-br/brazil/living/index.html,APPLIED,CONSISTENT ORGANIZATION DESCRIPTION,PRESERVED,NOT DEPLOYED
https://immigratetobrazil.com/pt-br/brazil/municipalities/,pt-br/brazil/municipalities/index.html,APPLIED,CONSISTENT ORGANIZATION DESCRIPTION,PRESERVED,NOT DEPLOYED
https://immigratetobrazil.com/pt-br/brazil/north/,pt-br/brazil/north/index.html,APPLIED,CONSISTENT ORGANIZATION DESCRIPTION,PRESERVED,NOT DEPLOYED
https://immigratetobrazil.com/pt-br/brazil/northeast/,pt-br/brazil/northeast/index.html,APPLIED,CONSISTENT ORGANIZATION DESCRIPTION,PRESERVED,NOT DEPLOYED
https://immigratetobrazil.com/pt-br/brazil/places/,pt-br/brazil/places/index.html,APPLIED,CONSISTENT ORGANIZATION DESCRIPTION,PRESERVED,NOT DEPLOYED
https://immigratetobrazil.com/pt-br/brazil/quality/,pt-br/brazil/quality/index.html,APPLIED,CONSISTENT ORGANIZATION DESCRIPTION,PRESERVED,NOT DEPLOYED
https://immigratetobrazil.com/pt-br/brazil/safety/,pt-br/brazil/safety/index.html,APPLIED,CONSISTENT ORGANIZATION DESCRIPTION,PRESERVED,NOT DEPLOYED
https://immigratetobrazil.com/pt-br/brazil/search/,pt-br/brazil/search/index.html,PRESERVED — UTILITY — preserve noindex,CONSISTENT ORGANIZATION DESCRIPTION,PRESERVED,NOT DEPLOYED
https://immigratetobrazil.com/pt-br/brazil/south/,pt-br/brazil/south/index.html,APPLIED,CONSISTENT ORGANIZATION DESCRIPTION,PRESERVED,NOT DEPLOYED
https://immigratetobrazil.com/pt-br/brazil/southeast/,pt-br/brazil/southeast/index.html,APPLIED,CONSISTENT ORGANIZATION DESCRIPTION,PRESERVED,NOT DEPLOYED
https://immigratetobrazil.com/pt-br/brazil/states/,pt-br/brazil/states/index.html,APPLIED,CONSISTENT ORGANIZATION DESCRIPTION,PRESERVED,NOT DEPLOYED
https://immigratetobrazil.com/pt-br/client-feedback/,pt-br/client-feedback/index.html,PRESERVED — UTILITY — preserve noindex,CONSISTENT ORGANIZATION DESCRIPTION,PRESERVED,NOT DEPLOYED
https://immigratetobrazil.com/pt-br/contact/,pt-br/contact/index.html,APPLIED,CONSISTENT ORGANIZATION DESCRIPTION,PRESERVED,NOT DEPLOYED
https://immigratetobrazil.com/pt-br/countries/,pt-br/countries/index.html,APPLIED,CONSISTENT ORGANIZATION DESCRIPTION,PRESERVED,NOT DEPLOYED
https://immigratetobrazil.com/pt-br/countries/afghanistan/,pt-br/countries/afghanistan/index.html,PRESERVED — COUNTRY EVIDENCE REQUIRED — conditional editorial draft,CONSISTENT ORGANIZATION DESCRIPTION,PRESERVED,NOT DEPLOYED
https://immigratetobrazil.com/pt-br/countries/albania/,pt-br/countries/albania/index.html,PRESERVED — COUNTRY EVIDENCE REQUIRED — conditional editorial draft,CONSISTENT ORGANIZATION DESCRIPTION,PRESERVED,NOT DEPLOYED
https://immigratetobrazil.com/pt-br/countries/algeria/,pt-br/countries/algeria/index.html,PRESERVED — COUNTRY EVIDENCE REQUIRED — conditional editorial draft,CONSISTENT ORGANIZATION DESCRIPTION,PRESERVED,NOT DEPLOYED
https://immigratetobrazil.com/pt-br/countries/andorra/,pt-br/countries/andorra/index.html,PRESERVED — COUNTRY EVIDENCE REQUIRED — conditional editorial draft,CONSISTENT ORGANIZATION DESCRIPTION,PRESERVED,NOT DEPLOYED
https://immigratetobrazil.com/pt-br/countries/angola/,pt-br/countries/angola/index.html,PRESERVED — COUNTRY EVIDENCE REQUIRED — conditional editorial draft,CONSISTENT ORGANIZATION DESCRIPTION,PRESERVED,NOT DEPLOYED
https://immigratetobrazil.com/pt-br/countries/antigua-and-barbuda/,pt-br/countries/antigua-and-barbuda/index.html,PRESERVED — COUNTRY EVIDENCE REQUIRED — conditional editorial draft,CONSISTENT ORGANIZATION DESCRIPTION,PRESERVED,NOT DEPLOYED
https://immigratetobrazil.com/pt-br/countries/argentina/,pt-br/countries/argentina/index.html,PRESERVED — COUNTRY EVIDENCE REQUIRED — conditional editorial draft,CONSISTENT ORGANIZATION DESCRIPTION,PRESERVED,NOT DEPLOYED
https://immigratetobrazil.com/pt-br/countries/armenia/,pt-br/countries/armenia/index.html,PRESERVED — COUNTRY EVIDENCE REQUIRED — conditional editorial draft,CONSISTENT ORGANIZATION DESCRIPTION,PRESERVED,NOT DEPLOYED
https://immigratetobrazil.com/pt-br/countries/australia/,pt-br/countries/australia/index.html,PRESERVED — COUNTRY EVIDENCE REQUIRED — conditional editorial draft,CONSISTENT ORGANIZATION DESCRIPTION,PRESERVED,NOT DEPLOYED
https://immigratetobrazil.com/pt-br/countries/austria/,pt-br/countries/austria/index.html,PRESERVED — COUNTRY EVIDENCE REQUIRED — conditional editorial draft,CONSISTENT ORGANIZATION DESCRIPTION,PRESERVED,NOT DEPLOYED
https://immigratetobrazil.com/pt-br/countries/azerbaijan/,pt-br/countries/azerbaijan/index.html,PRESERVED — COUNTRY EVIDENCE REQUIRED — conditional editorial draft,CONSISTENT ORGANIZATION DESCRIPTION,PRESERVED,NOT DEPLOYED
https://immigratetobrazil.com/pt-br/countries/bahamas/,pt-br/countries/bahamas/index.html,PRESERVED — COUNTRY EVIDENCE REQUIRED — conditional editorial draft,CONSISTENT ORGANIZATION DESCRIPTION,PRESERVED,NOT DEPLOYED
https://immigratetobrazil.com/pt-br/countries/bahrain/,pt-br/countries/bahrain/index.html,PRESERVED — COUNTRY EVIDENCE REQUIRED — conditional editorial draft,CONSISTENT ORGANIZATION DESCRIPTION,PRESERVED,NOT DEPLOYED
https://immigratetobrazil.com/pt-br/countries/bangladesh/,pt-br/countries/bangladesh/index.html,PRESERVED — COUNTRY EVIDENCE REQUIRED — conditional editorial draft,CONSISTENT ORGANIZATION DESCRIPTION,PRESERVED,NOT DEPLOYED
https://immigratetobrazil.com/pt-br/countries/barbados/,pt-br/countries/barbados/index.html,PRESERVED — COUNTRY EVIDENCE REQUIRED — conditional editorial draft,CONSISTENT ORGANIZATION DESCRIPTION,PRESERVED,NOT DEPLOYED
https://immigratetobrazil.com/pt-br/countries/belarus/,pt-br/countries/belarus/index.html,PRESERVED — COUNTRY EVIDENCE REQUIRED — conditional editorial draft,CONSISTENT ORGANIZATION DESCRIPTION,PRESERVED,NOT DEPLOYED
https://immigratetobrazil.com/pt-br/countries/belgium/,pt-br/countries/belgium/index.html,PRESERVED — COUNTRY EVIDENCE REQUIRED — conditional editorial draft,CONSISTENT ORGANIZATION DESCRIPTION,PRESERVED,NOT DEPLOYED
https://immigratetobrazil.com/pt-br/countries/belize/,pt-br/countries/belize/index.html,PRESERVED — COUNTRY EVIDENCE REQUIRED — conditional editorial draft,CONSISTENT ORGANIZATION DESCRIPTION,PRESERVED,NOT DEPLOYED
https://immigratetobrazil.com/pt-br/countries/benin/,pt-br/countries/benin/index.html,PRESERVED — COUNTRY EVIDENCE REQUIRED — conditional editorial draft,CONSISTENT ORGANIZATION DESCRIPTION,PRESERVED,NOT DEPLOYED
https://immigratetobrazil.com/pt-br/countries/bhutan/,pt-br/countries/bhutan/index.html,PRESERVED — COUNTRY EVIDENCE REQUIRED — conditional editorial draft,CONSISTENT ORGANIZATION DESCRIPTION,PRESERVED,NOT DEPLOYED
https://immigratetobrazil.com/pt-br/countries/bolivia/,pt-br/countries/bolivia/index.html,PRESERVED — COUNTRY EVIDENCE REQUIRED — conditional editorial draft,CONSISTENT ORGANIZATION DESCRIPTION,PRESERVED,NOT DEPLOYED
https://immigratetobrazil.com/pt-br/countries/bosnia-and-herzegovina/,pt-br/countries/bosnia-and-herzegovina/index.html,PRESERVED — COUNTRY EVIDENCE REQUIRED — conditional editorial draft,CONSISTENT ORGANIZATION DESCRIPTION,PRESERVED,NOT DEPLOYED
https://immigratetobrazil.com/pt-br/countries/botswana/,pt-br/countries/botswana/index.html,PRESERVED — COUNTRY EVIDENCE REQUIRED — conditional editorial draft,CONSISTENT ORGANIZATION DESCRIPTION,PRESERVED,NOT DEPLOYED
https://immigratetobrazil.com/pt-br/countries/brazil/,pt-br/countries/brazil/index.html,PRESERVED — CONSOLIDATION REVIEW REQUIRED,CONSISTENT ORGANIZATION DESCRIPTION,PRESERVED,NOT DEPLOYED
https://immigratetobrazil.com/pt-br/countries/brunei/,pt-br/countries/brunei/index.html,PRESERVED — COUNTRY EVIDENCE REQUIRED — conditional editorial draft,CONSISTENT ORGANIZATION DESCRIPTION,PRESERVED,NOT DEPLOYED
https://immigratetobrazil.com/pt-br/countries/bulgaria/,pt-br/countries/bulgaria/index.html,PRESERVED — COUNTRY EVIDENCE REQUIRED — conditional editorial draft,CONSISTENT ORGANIZATION DESCRIPTION,PRESERVED,NOT DEPLOYED
https://immigratetobrazil.com/pt-br/countries/burkina-faso/,pt-br/countries/burkina-faso/index.html,PRESERVED — COUNTRY EVIDENCE REQUIRED — conditional editorial draft,CONSISTENT ORGANIZATION DESCRIPTION,PRESERVED,NOT DEPLOYED
https://immigratetobrazil.com/pt-br/countries/burundi/,pt-br/countries/burundi/index.html,PRESERVED — COUNTRY EVIDENCE REQUIRED — conditional editorial draft,CONSISTENT ORGANIZATION DESCRIPTION,PRESERVED,NOT DEPLOYED
https://immigratetobrazil.com/pt-br/countries/cabo-verde/,pt-br/countries/cabo-verde/index.html,PRESERVED — COUNTRY EVIDENCE REQUIRED — conditional editorial draft,CONSISTENT ORGANIZATION DESCRIPTION,PRESERVED,NOT DEPLOYED
https://immigratetobrazil.com/pt-br/countries/cambodia/,pt-br/countries/cambodia/index.html,PRESERVED — COUNTRY EVIDENCE REQUIRED — conditional editorial draft,CONSISTENT ORGANIZATION DESCRIPTION,PRESERVED,NOT DEPLOYED
https://immigratetobrazil.com/pt-br/countries/cameroon/,pt-br/countries/cameroon/index.html,PRESERVED — COUNTRY EVIDENCE REQUIRED — conditional editorial draft,CONSISTENT ORGANIZATION DESCRIPTION,PRESERVED,NOT DEPLOYED
https://immigratetobrazil.com/pt-br/countries/canada/,pt-br/countries/canada/index.html,PRESERVED — COUNTRY EVIDENCE REQUIRED — conditional editorial draft,CONSISTENT ORGANIZATION DESCRIPTION,PRESERVED,NOT DEPLOYED
https://immigratetobrazil.com/pt-br/countries/central-african-republic/,pt-br/countries/central-african-republic/index.html,PRESERVED — COUNTRY EVIDENCE REQUIRED — conditional editorial draft,CONSISTENT ORGANIZATION DESCRIPTION,PRESERVED,NOT DEPLOYED
https://immigratetobrazil.com/pt-br/countries/chad/,pt-br/countries/chad/index.html,PRESERVED — COUNTRY EVIDENCE REQUIRED — conditional editorial draft,CONSISTENT ORGANIZATION DESCRIPTION,PRESERVED,NOT DEPLOYED
https://immigratetobrazil.com/pt-br/countries/chile/,pt-br/countries/chile/index.html,PRESERVED — COUNTRY EVIDENCE REQUIRED — conditional editorial draft,CONSISTENT ORGANIZATION DESCRIPTION,PRESERVED,NOT DEPLOYED
https://immigratetobrazil.com/pt-br/countries/china/,pt-br/countries/china/index.html,PRESERVED — COUNTRY EVIDENCE REQUIRED — conditional editorial draft,CONSISTENT ORGANIZATION DESCRIPTION,PRESERVED,NOT DEPLOYED
https://immigratetobrazil.com/pt-br/countries/colombia/,pt-br/countries/colombia/index.html,PRESERVED — COUNTRY EVIDENCE REQUIRED — conditional editorial draft,CONSISTENT ORGANIZATION DESCRIPTION,PRESERVED,NOT DEPLOYED
https://immigratetobrazil.com/pt-br/countries/comoros/,pt-br/countries/comoros/index.html,PRESERVED — COUNTRY EVIDENCE REQUIRED — conditional editorial draft,CONSISTENT ORGANIZATION DESCRIPTION,PRESERVED,NOT DEPLOYED
https://immigratetobrazil.com/pt-br/countries/congo-democratic-republic-of-the-congo/,pt-br/countries/congo-democratic-republic-of-the-congo/index.html,PRESERVED — COUNTRY EVIDENCE REQUIRED — conditional editorial draft,CONSISTENT ORGANIZATION DESCRIPTION,PRESERVED,NOT DEPLOYED
https://immigratetobrazil.com/pt-br/countries/congo-republic-of-the-congo/,pt-br/countries/congo-republic-of-the-congo/index.html,PRESERVED — COUNTRY EVIDENCE REQUIRED — conditional editorial draft,CONSISTENT ORGANIZATION DESCRIPTION,PRESERVED,NOT DEPLOYED
https://immigratetobrazil.com/pt-br/countries/costa-rica/,pt-br/countries/costa-rica/index.html,PRESERVED — COUNTRY EVIDENCE REQUIRED — conditional editorial draft,CONSISTENT ORGANIZATION DESCRIPTION,PRESERVED,NOT DEPLOYED
https://immigratetobrazil.com/pt-br/countries/croatia/,pt-br/countries/croatia/index.html,PRESERVED — COUNTRY EVIDENCE REQUIRED — conditional editorial draft,CONSISTENT ORGANIZATION DESCRIPTION,PRESERVED,NOT DEPLOYED
https://immigratetobrazil.com/pt-br/countries/cuba/,pt-br/countries/cuba/index.html,PRESERVED — COUNTRY EVIDENCE REQUIRED — conditional editorial draft,CONSISTENT ORGANIZATION DESCRIPTION,PRESERVED,NOT DEPLOYED
https://immigratetobrazil.com/pt-br/countries/cyprus/,pt-br/countries/cyprus/index.html,PRESERVED — COUNTRY EVIDENCE REQUIRED — conditional editorial draft,CONSISTENT ORGANIZATION DESCRIPTION,PRESERVED,NOT DEPLOYED
https://immigratetobrazil.com/pt-br/countries/czechia/,pt-br/countries/czechia/index.html,PRESERVED — COUNTRY EVIDENCE REQUIRED — conditional editorial draft,CONSISTENT ORGANIZATION DESCRIPTION,PRESERVED,NOT DEPLOYED
https://immigratetobrazil.com/pt-br/countries/denmark/,pt-br/countries/denmark/index.html,PRESERVED — COUNTRY EVIDENCE REQUIRED — conditional editorial draft,CONSISTENT ORGANIZATION DESCRIPTION,PRESERVED,NOT DEPLOYED
https://immigratetobrazil.com/pt-br/countries/djibouti/,pt-br/countries/djibouti/index.html,PRESERVED — COUNTRY EVIDENCE REQUIRED — conditional editorial draft,CONSISTENT ORGANIZATION DESCRIPTION,PRESERVED,NOT DEPLOYED
https://immigratetobrazil.com/pt-br/countries/dominica/,pt-br/countries/dominica/index.html,PRESERVED — COUNTRY EVIDENCE REQUIRED — conditional editorial draft,CONSISTENT ORGANIZATION DESCRIPTION,PRESERVED,NOT DEPLOYED
https://immigratetobrazil.com/pt-br/countries/dominican-republic/,pt-br/countries/dominican-republic/index.html,PRESERVED — COUNTRY EVIDENCE REQUIRED — conditional editorial draft,CONSISTENT ORGANIZATION DESCRIPTION,PRESERVED,NOT DEPLOYED
https://immigratetobrazil.com/pt-br/countries/ecuador/,pt-br/countries/ecuador/index.html,PRESERVED — COUNTRY EVIDENCE REQUIRED — conditional editorial draft,CONSISTENT ORGANIZATION DESCRIPTION,PRESERVED,NOT DEPLOYED
https://immigratetobrazil.com/pt-br/countries/egypt/,pt-br/countries/egypt/index.html,PRESERVED — COUNTRY EVIDENCE REQUIRED — conditional editorial draft,CONSISTENT ORGANIZATION DESCRIPTION,PRESERVED,NOT DEPLOYED
https://immigratetobrazil.com/pt-br/countries/el-salvador/,pt-br/countries/el-salvador/index.html,PRESERVED — COUNTRY EVIDENCE REQUIRED — conditional editorial draft,CONSISTENT ORGANIZATION DESCRIPTION,PRESERVED,NOT DEPLOYED
https://immigratetobrazil.com/pt-br/countries/equatorial-guinea/,pt-br/countries/equatorial-guinea/index.html,PRESERVED — COUNTRY EVIDENCE REQUIRED — conditional editorial draft,CONSISTENT ORGANIZATION DESCRIPTION,PRESERVED,NOT DEPLOYED
https://immigratetobrazil.com/pt-br/countries/eritrea/,pt-br/countries/eritrea/index.html,PRESERVED — COUNTRY EVIDENCE REQUIRED — conditional editorial draft,CONSISTENT ORGANIZATION DESCRIPTION,PRESERVED,NOT DEPLOYED
https://immigratetobrazil.com/pt-br/countries/estonia/,pt-br/countries/estonia/index.html,PRESERVED — COUNTRY EVIDENCE REQUIRED — conditional editorial draft,CONSISTENT ORGANIZATION DESCRIPTION,PRESERVED,NOT DEPLOYED
https://immigratetobrazil.com/pt-br/countries/eswatini/,pt-br/countries/eswatini/index.html,PRESERVED — COUNTRY EVIDENCE REQUIRED — conditional editorial draft,CONSISTENT ORGANIZATION DESCRIPTION,PRESERVED,NOT DEPLOYED
https://immigratetobrazil.com/pt-br/countries/ethiopia/,pt-br/countries/ethiopia/index.html,PRESERVED — COUNTRY EVIDENCE REQUIRED — conditional editorial draft,CONSISTENT ORGANIZATION DESCRIPTION,PRESERVED,NOT DEPLOYED
https://immigratetobrazil.com/pt-br/countries/fiji/,pt-br/countries/fiji/index.html,PRESERVED — COUNTRY EVIDENCE REQUIRED — conditional editorial draft,CONSISTENT ORGANIZATION DESCRIPTION,PRESERVED,NOT DEPLOYED
https://immigratetobrazil.com/pt-br/countries/finland/,pt-br/countries/finland/index.html,PRESERVED — COUNTRY EVIDENCE REQUIRED — conditional editorial draft,CONSISTENT ORGANIZATION DESCRIPTION,PRESERVED,NOT DEPLOYED
https://immigratetobrazil.com/pt-br/countries/france/,pt-br/countries/france/index.html,PRESERVED — COUNTRY EVIDENCE REQUIRED — conditional editorial draft,CONSISTENT ORGANIZATION DESCRIPTION,PRESERVED,NOT DEPLOYED
https://immigratetobrazil.com/pt-br/countries/gabon/,pt-br/countries/gabon/index.html,PRESERVED — COUNTRY EVIDENCE REQUIRED — conditional editorial draft,CONSISTENT ORGANIZATION DESCRIPTION,PRESERVED,NOT DEPLOYED
https://immigratetobrazil.com/pt-br/countries/gambia/,pt-br/countries/gambia/index.html,PRESERVED — COUNTRY EVIDENCE REQUIRED — conditional editorial draft,CONSISTENT ORGANIZATION DESCRIPTION,PRESERVED,NOT DEPLOYED
https://immigratetobrazil.com/pt-br/countries/georgia/,pt-br/countries/georgia/index.html,PRESERVED — COUNTRY EVIDENCE REQUIRED — conditional editorial draft,CONSISTENT ORGANIZATION DESCRIPTION,PRESERVED,NOT DEPLOYED
https://immigratetobrazil.com/pt-br/countries/germany/,pt-br/countries/germany/index.html,PRESERVED — COUNTRY EVIDENCE REQUIRED — conditional editorial draft,CONSISTENT ORGANIZATION DESCRIPTION,PRESERVED,NOT DEPLOYED
https://immigratetobrazil.com/pt-br/countries/ghana/,pt-br/countries/ghana/index.html,PRESERVED — COUNTRY EVIDENCE REQUIRED — conditional editorial draft,CONSISTENT ORGANIZATION DESCRIPTION,PRESERVED,NOT DEPLOYED
https://immigratetobrazil.com/pt-br/countries/greece/,pt-br/countries/greece/index.html,PRESERVED — COUNTRY EVIDENCE REQUIRED — conditional editorial draft,CONSISTENT ORGANIZATION DESCRIPTION,PRESERVED,NOT DEPLOYED
https://immigratetobrazil.com/pt-br/countries/grenada/,pt-br/countries/grenada/index.html,PRESERVED — COUNTRY EVIDENCE REQUIRED — conditional editorial draft,CONSISTENT ORGANIZATION DESCRIPTION,PRESERVED,NOT DEPLOYED
https://immigratetobrazil.com/pt-br/countries/guatemala/,pt-br/countries/guatemala/index.html,PRESERVED — COUNTRY EVIDENCE REQUIRED — conditional editorial draft,CONSISTENT ORGANIZATION DESCRIPTION,PRESERVED,NOT DEPLOYED
https://immigratetobrazil.com/pt-br/countries/guinea-bissau/,pt-br/countries/guinea-bissau/index.html,PRESERVED — COUNTRY EVIDENCE REQUIRED — conditional editorial draft,CONSISTENT ORGANIZATION DESCRIPTION,PRESERVED,NOT DEPLOYED
https://immigratetobrazil.com/pt-br/countries/guinea/,pt-br/countries/guinea/index.html,PRESERVED — COUNTRY EVIDENCE REQUIRED — conditional editorial draft,CONSISTENT ORGANIZATION DESCRIPTION,PRESERVED,NOT DEPLOYED
https://immigratetobrazil.com/pt-br/countries/guyana/,pt-br/countries/guyana/index.html,PRESERVED — COUNTRY EVIDENCE REQUIRED — conditional editorial draft,CONSISTENT ORGANIZATION DESCRIPTION,PRESERVED,NOT DEPLOYED
https://immigratetobrazil.com/pt-br/countries/haiti/,pt-br/countries/haiti/index.html,PRESERVED — COUNTRY EVIDENCE REQUIRED — conditional editorial draft,CONSISTENT ORGANIZATION DESCRIPTION,PRESERVED,NOT DEPLOYED
https://immigratetobrazil.com/pt-br/countries/honduras/,pt-br/countries/honduras/index.html,PRESERVED — COUNTRY EVIDENCE REQUIRED — conditional editorial draft,CONSISTENT ORGANIZATION DESCRIPTION,PRESERVED,NOT DEPLOYED
https://immigratetobrazil.com/pt-br/countries/hungary/,pt-br/countries/hungary/index.html,PRESERVED — COUNTRY EVIDENCE REQUIRED — conditional editorial draft,CONSISTENT ORGANIZATION DESCRIPTION,PRESERVED,NOT DEPLOYED
https://immigratetobrazil.com/pt-br/countries/iceland/,pt-br/countries/iceland/index.html,PRESERVED — COUNTRY EVIDENCE REQUIRED — conditional editorial draft,CONSISTENT ORGANIZATION DESCRIPTION,PRESERVED,NOT DEPLOYED
https://immigratetobrazil.com/pt-br/countries/india/,pt-br/countries/india/index.html,PRESERVED — COUNTRY EVIDENCE REQUIRED — conditional editorial draft,CONSISTENT ORGANIZATION DESCRIPTION,PRESERVED,NOT DEPLOYED
https://immigratetobrazil.com/pt-br/countries/indonesia/,pt-br/countries/indonesia/index.html,PRESERVED — COUNTRY EVIDENCE REQUIRED — conditional editorial draft,CONSISTENT ORGANIZATION DESCRIPTION,PRESERVED,NOT DEPLOYED
https://immigratetobrazil.com/pt-br/countries/iran/,pt-br/countries/iran/index.html,PRESERVED — COUNTRY EVIDENCE REQUIRED — conditional editorial draft,CONSISTENT ORGANIZATION DESCRIPTION,PRESERVED,NOT DEPLOYED
https://immigratetobrazil.com/pt-br/countries/iraq/,pt-br/countries/iraq/index.html,PRESERVED — COUNTRY EVIDENCE REQUIRED — conditional editorial draft,CONSISTENT ORGANIZATION DESCRIPTION,PRESERVED,NOT DEPLOYED
https://immigratetobrazil.com/pt-br/countries/ireland/,pt-br/countries/ireland/index.html,PRESERVED — COUNTRY EVIDENCE REQUIRED — conditional editorial draft,CONSISTENT ORGANIZATION DESCRIPTION,PRESERVED,NOT DEPLOYED
https://immigratetobrazil.com/pt-br/countries/israel/,pt-br/countries/israel/index.html,PRESERVED — COUNTRY EVIDENCE REQUIRED — conditional editorial draft,CONSISTENT ORGANIZATION DESCRIPTION,PRESERVED,NOT DEPLOYED
https://immigratetobrazil.com/pt-br/countries/italy/,pt-br/countries/italy/index.html,PRESERVED — COUNTRY EVIDENCE REQUIRED — conditional editorial draft,CONSISTENT ORGANIZATION DESCRIPTION,PRESERVED,NOT DEPLOYED
https://immigratetobrazil.com/pt-br/countries/jamaica/,pt-br/countries/jamaica/index.html,PRESERVED — COUNTRY EVIDENCE REQUIRED — conditional editorial draft,CONSISTENT ORGANIZATION DESCRIPTION,PRESERVED,NOT DEPLOYED
https://immigratetobrazil.com/pt-br/countries/japan/,pt-br/countries/japan/index.html,PRESERVED — COUNTRY EVIDENCE REQUIRED — conditional editorial draft,CONSISTENT ORGANIZATION DESCRIPTION,PRESERVED,NOT DEPLOYED
https://immigratetobrazil.com/pt-br/countries/jordan/,pt-br/countries/jordan/index.html,PRESERVED — COUNTRY EVIDENCE REQUIRED — conditional editorial draft,CONSISTENT ORGANIZATION DESCRIPTION,PRESERVED,NOT DEPLOYED
https://immigratetobrazil.com/pt-br/countries/kazakhstan/,pt-br/countries/kazakhstan/index.html,PRESERVED — COUNTRY EVIDENCE REQUIRED — conditional editorial draft,CONSISTENT ORGANIZATION DESCRIPTION,PRESERVED,NOT DEPLOYED
https://immigratetobrazil.com/pt-br/countries/kenya/,pt-br/countries/kenya/index.html,PRESERVED — COUNTRY EVIDENCE REQUIRED — conditional editorial draft,CONSISTENT ORGANIZATION DESCRIPTION,PRESERVED,NOT DEPLOYED
https://immigratetobrazil.com/pt-br/countries/kiribati/,pt-br/countries/kiribati/index.html,PRESERVED — COUNTRY EVIDENCE REQUIRED — conditional editorial draft,CONSISTENT ORGANIZATION DESCRIPTION,PRESERVED,NOT DEPLOYED
https://immigratetobrazil.com/pt-br/countries/kuwait/,pt-br/countries/kuwait/index.html,PRESERVED — COUNTRY EVIDENCE REQUIRED — conditional editorial draft,CONSISTENT ORGANIZATION DESCRIPTION,PRESERVED,NOT DEPLOYED
https://immigratetobrazil.com/pt-br/countries/kyrgyzstan/,pt-br/countries/kyrgyzstan/index.html,PRESERVED — COUNTRY EVIDENCE REQUIRED — conditional editorial draft,CONSISTENT ORGANIZATION DESCRIPTION,PRESERVED,NOT DEPLOYED
https://immigratetobrazil.com/pt-br/countries/laos/,pt-br/countries/laos/index.html,PRESERVED — COUNTRY EVIDENCE REQUIRED — conditional editorial draft,CONSISTENT ORGANIZATION DESCRIPTION,PRESERVED,NOT DEPLOYED
https://immigratetobrazil.com/pt-br/countries/latvia/,pt-br/countries/latvia/index.html,PRESERVED — COUNTRY EVIDENCE REQUIRED — conditional editorial draft,CONSISTENT ORGANIZATION DESCRIPTION,PRESERVED,NOT DEPLOYED
https://immigratetobrazil.com/pt-br/countries/lebanon/,pt-br/countries/lebanon/index.html,PRESERVED — COUNTRY EVIDENCE REQUIRED — conditional editorial draft,CONSISTENT ORGANIZATION DESCRIPTION,PRESERVED,NOT DEPLOYED
https://immigratetobrazil.com/pt-br/countries/lesotho/,pt-br/countries/lesotho/index.html,PRESERVED — COUNTRY EVIDENCE REQUIRED — conditional editorial draft,CONSISTENT ORGANIZATION DESCRIPTION,PRESERVED,NOT DEPLOYED
https://immigratetobrazil.com/pt-br/countries/liberia/,pt-br/countries/liberia/index.html,PRESERVED — COUNTRY EVIDENCE REQUIRED — conditional editorial draft,CONSISTENT ORGANIZATION DESCRIPTION,PRESERVED,NOT DEPLOYED
https://immigratetobrazil.com/pt-br/countries/libya/,pt-br/countries/libya/index.html,PRESERVED — COUNTRY EVIDENCE REQUIRED — conditional editorial draft,CONSISTENT ORGANIZATION DESCRIPTION,PRESERVED,NOT DEPLOYED
https://immigratetobrazil.com/pt-br/countries/liechtenstein/,pt-br/countries/liechtenstein/index.html,PRESERVED — COUNTRY EVIDENCE REQUIRED — conditional editorial draft,CONSISTENT ORGANIZATION DESCRIPTION,PRESERVED,NOT DEPLOYED
https://immigratetobrazil.com/pt-br/countries/lithuania/,pt-br/countries/lithuania/index.html,PRESERVED — COUNTRY EVIDENCE REQUIRED — conditional editorial draft,CONSISTENT ORGANIZATION DESCRIPTION,PRESERVED,NOT DEPLOYED
https://immigratetobrazil.com/pt-br/countries/luxembourg/,pt-br/countries/luxembourg/index.html,PRESERVED — COUNTRY EVIDENCE REQUIRED — conditional editorial draft,CONSISTENT ORGANIZATION DESCRIPTION,PRESERVED,NOT DEPLOYED
https://immigratetobrazil.com/pt-br/countries/madagascar/,pt-br/countries/madagascar/index.html,PRESERVED — COUNTRY EVIDENCE REQUIRED — conditional editorial draft,CONSISTENT ORGANIZATION DESCRIPTION,PRESERVED,NOT DEPLOYED
https://immigratetobrazil.com/pt-br/countries/malawi/,pt-br/countries/malawi/index.html,PRESERVED — COUNTRY EVIDENCE REQUIRED — conditional editorial draft,CONSISTENT ORGANIZATION DESCRIPTION,PRESERVED,NOT DEPLOYED
https://immigratetobrazil.com/pt-br/countries/malaysia/,pt-br/countries/malaysia/index.html,PRESERVED — COUNTRY EVIDENCE REQUIRED — conditional editorial draft,CONSISTENT ORGANIZATION DESCRIPTION,PRESERVED,NOT DEPLOYED
https://immigratetobrazil.com/pt-br/countries/maldives/,pt-br/countries/maldives/index.html,PRESERVED — COUNTRY EVIDENCE REQUIRED — conditional editorial draft,CONSISTENT ORGANIZATION DESCRIPTION,PRESERVED,NOT DEPLOYED
https://immigratetobrazil.com/pt-br/countries/mali/,pt-br/countries/mali/index.html,PRESERVED — COUNTRY EVIDENCE REQUIRED — conditional editorial draft,CONSISTENT ORGANIZATION DESCRIPTION,PRESERVED,NOT DEPLOYED
https://immigratetobrazil.com/pt-br/countries/malta/,pt-br/countries/malta/index.html,PRESERVED — COUNTRY EVIDENCE REQUIRED — conditional editorial draft,CONSISTENT ORGANIZATION DESCRIPTION,PRESERVED,NOT DEPLOYED
https://immigratetobrazil.com/pt-br/countries/marshall-islands/,pt-br/countries/marshall-islands/index.html,PRESERVED — COUNTRY EVIDENCE REQUIRED — conditional editorial draft,CONSISTENT ORGANIZATION DESCRIPTION,PRESERVED,NOT DEPLOYED
https://immigratetobrazil.com/pt-br/countries/mauritania/,pt-br/countries/mauritania/index.html,PRESERVED — COUNTRY EVIDENCE REQUIRED — conditional editorial draft,CONSISTENT ORGANIZATION DESCRIPTION,PRESERVED,NOT DEPLOYED
https://immigratetobrazil.com/pt-br/countries/mauritius/,pt-br/countries/mauritius/index.html,PRESERVED — COUNTRY EVIDENCE REQUIRED — conditional editorial draft,CONSISTENT ORGANIZATION DESCRIPTION,PRESERVED,NOT DEPLOYED
https://immigratetobrazil.com/pt-br/countries/mexico/,pt-br/countries/mexico/index.html,PRESERVED — COUNTRY EVIDENCE REQUIRED — conditional editorial draft,CONSISTENT ORGANIZATION DESCRIPTION,PRESERVED,NOT DEPLOYED
https://immigratetobrazil.com/pt-br/countries/micronesia/,pt-br/countries/micronesia/index.html,PRESERVED — COUNTRY EVIDENCE REQUIRED — conditional editorial draft,CONSISTENT ORGANIZATION DESCRIPTION,PRESERVED,NOT DEPLOYED
https://immigratetobrazil.com/pt-br/countries/moldova/,pt-br/countries/moldova/index.html,PRESERVED — COUNTRY EVIDENCE REQUIRED — conditional editorial draft,CONSISTENT ORGANIZATION DESCRIPTION,PRESERVED,NOT DEPLOYED
https://immigratetobrazil.com/pt-br/countries/monaco/,pt-br/countries/monaco/index.html,PRESERVED — COUNTRY EVIDENCE REQUIRED — conditional editorial draft,CONSISTENT ORGANIZATION DESCRIPTION,PRESERVED,NOT DEPLOYED
https://immigratetobrazil.com/pt-br/countries/mongolia/,pt-br/countries/mongolia/index.html,PRESERVED — COUNTRY EVIDENCE REQUIRED — conditional editorial draft,CONSISTENT ORGANIZATION DESCRIPTION,PRESERVED,NOT DEPLOYED
https://immigratetobrazil.com/pt-br/countries/montenegro/,pt-br/countries/montenegro/index.html,PRESERVED — COUNTRY EVIDENCE REQUIRED — conditional editorial draft,CONSISTENT ORGANIZATION DESCRIPTION,PRESERVED,NOT DEPLOYED
https://immigratetobrazil.com/pt-br/countries/morocco/,pt-br/countries/morocco/index.html,PRESERVED — COUNTRY EVIDENCE REQUIRED — conditional editorial draft,CONSISTENT ORGANIZATION DESCRIPTION,PRESERVED,NOT DEPLOYED
https://immigratetobrazil.com/pt-br/countries/mozambique/,pt-br/countries/mozambique/index.html,PRESERVED — COUNTRY EVIDENCE REQUIRED — conditional editorial draft,CONSISTENT ORGANIZATION DESCRIPTION,PRESERVED,NOT DEPLOYED
https://immigratetobrazil.com/pt-br/countries/myanmar/,pt-br/countries/myanmar/index.html,PRESERVED — COUNTRY EVIDENCE REQUIRED — conditional editorial draft,CONSISTENT ORGANIZATION DESCRIPTION,PRESERVED,NOT DEPLOYED
https://immigratetobrazil.com/pt-br/countries/namibia/,pt-br/countries/namibia/index.html,PRESERVED — COUNTRY EVIDENCE REQUIRED — conditional editorial draft,CONSISTENT ORGANIZATION DESCRIPTION,PRESERVED,NOT DEPLOYED
https://immigratetobrazil.com/pt-br/countries/nauru/,pt-br/countries/nauru/index.html,PRESERVED — COUNTRY EVIDENCE REQUIRED — conditional editorial draft,CONSISTENT ORGANIZATION DESCRIPTION,PRESERVED,NOT DEPLOYED
https://immigratetobrazil.com/pt-br/countries/nepal/,pt-br/countries/nepal/index.html,PRESERVED — COUNTRY EVIDENCE REQUIRED — conditional editorial draft,CONSISTENT ORGANIZATION DESCRIPTION,PRESERVED,NOT DEPLOYED
https://immigratetobrazil.com/pt-br/countries/netherlands/,pt-br/countries/netherlands/index.html,PRESERVED — COUNTRY EVIDENCE REQUIRED — conditional editorial draft,CONSISTENT ORGANIZATION DESCRIPTION,PRESERVED,NOT DEPLOYED
https://immigratetobrazil.com/pt-br/countries/new-zealand/,pt-br/countries/new-zealand/index.html,PRESERVED — COUNTRY EVIDENCE REQUIRED — conditional editorial draft,CONSISTENT ORGANIZATION DESCRIPTION,PRESERVED,NOT DEPLOYED
https://immigratetobrazil.com/pt-br/countries/nicaragua/,pt-br/countries/nicaragua/index.html,PRESERVED — COUNTRY EVIDENCE REQUIRED — conditional editorial draft,CONSISTENT ORGANIZATION DESCRIPTION,PRESERVED,NOT DEPLOYED
https://immigratetobrazil.com/pt-br/countries/niger/,pt-br/countries/niger/index.html,PRESERVED — COUNTRY EVIDENCE REQUIRED — conditional editorial draft,CONSISTENT ORGANIZATION DESCRIPTION,PRESERVED,NOT DEPLOYED
https://immigratetobrazil.com/pt-br/countries/nigeria/,pt-br/countries/nigeria/index.html,PRESERVED — COUNTRY EVIDENCE REQUIRED — conditional editorial draft,CONSISTENT ORGANIZATION DESCRIPTION,PRESERVED,NOT DEPLOYED
https://immigratetobrazil.com/pt-br/countries/north-korea/,pt-br/countries/north-korea/index.html,PRESERVED — COUNTRY EVIDENCE REQUIRED — conditional editorial draft,CONSISTENT ORGANIZATION DESCRIPTION,PRESERVED,NOT DEPLOYED
https://immigratetobrazil.com/pt-br/countries/north-macedonia/,pt-br/countries/north-macedonia/index.html,PRESERVED — COUNTRY EVIDENCE REQUIRED — conditional editorial draft,CONSISTENT ORGANIZATION DESCRIPTION,PRESERVED,NOT DEPLOYED
https://immigratetobrazil.com/pt-br/countries/norway/,pt-br/countries/norway/index.html,PRESERVED — COUNTRY EVIDENCE REQUIRED — conditional editorial draft,CONSISTENT ORGANIZATION DESCRIPTION,PRESERVED,NOT DEPLOYED
https://immigratetobrazil.com/pt-br/countries/oman/,pt-br/countries/oman/index.html,PRESERVED — COUNTRY EVIDENCE REQUIRED — conditional editorial draft,CONSISTENT ORGANIZATION DESCRIPTION,PRESERVED,NOT DEPLOYED
https://immigratetobrazil.com/pt-br/countries/pakistan/,pt-br/countries/pakistan/index.html,PRESERVED — COUNTRY EVIDENCE REQUIRED — conditional editorial draft,CONSISTENT ORGANIZATION DESCRIPTION,PRESERVED,NOT DEPLOYED
https://immigratetobrazil.com/pt-br/countries/palau/,pt-br/countries/palau/index.html,PRESERVED — COUNTRY EVIDENCE REQUIRED — conditional editorial draft,CONSISTENT ORGANIZATION DESCRIPTION,PRESERVED,NOT DEPLOYED
https://immigratetobrazil.com/pt-br/countries/palestine/,pt-br/countries/palestine/index.html,PRESERVED — COUNTRY EVIDENCE REQUIRED — conditional editorial draft,CONSISTENT ORGANIZATION DESCRIPTION,PRESERVED,NOT DEPLOYED
https://immigratetobrazil.com/pt-br/countries/panama/,pt-br/countries/panama/index.html,PRESERVED — COUNTRY EVIDENCE REQUIRED — conditional editorial draft,CONSISTENT ORGANIZATION DESCRIPTION,PRESERVED,NOT DEPLOYED
https://immigratetobrazil.com/pt-br/countries/papua-new-guinea/,pt-br/countries/papua-new-guinea/index.html,PRESERVED — COUNTRY EVIDENCE REQUIRED — conditional editorial draft,CONSISTENT ORGANIZATION DESCRIPTION,PRESERVED,NOT DEPLOYED
https://immigratetobrazil.com/pt-br/countries/paraguay/,pt-br/countries/paraguay/index.html,PRESERVED — COUNTRY EVIDENCE REQUIRED — conditional editorial draft,CONSISTENT ORGANIZATION DESCRIPTION,PRESERVED,NOT DEPLOYED
https://immigratetobrazil.com/pt-br/countries/peru/,pt-br/countries/peru/index.html,PRESERVED — COUNTRY EVIDENCE REQUIRED — conditional editorial draft,CONSISTENT ORGANIZATION DESCRIPTION,PRESERVED,NOT DEPLOYED
https://immigratetobrazil.com/pt-br/countries/philippines/,pt-br/countries/philippines/index.html,PRESERVED — COUNTRY EVIDENCE REQUIRED — conditional editorial draft,CONSISTENT ORGANIZATION DESCRIPTION,PRESERVED,NOT DEPLOYED
https://immigratetobrazil.com/pt-br/countries/poland/,pt-br/countries/poland/index.html,PRESERVED — COUNTRY EVIDENCE REQUIRED — conditional editorial draft,CONSISTENT ORGANIZATION DESCRIPTION,PRESERVED,NOT DEPLOYED
https://immigratetobrazil.com/pt-br/countries/portugal/,pt-br/countries/portugal/index.html,PRESERVED — COUNTRY EVIDENCE REQUIRED — conditional editorial draft,CONSISTENT ORGANIZATION DESCRIPTION,PRESERVED,NOT DEPLOYED
https://immigratetobrazil.com/pt-br/countries/qatar/,pt-br/countries/qatar/index.html,PRESERVED — COUNTRY EVIDENCE REQUIRED — conditional editorial draft,CONSISTENT ORGANIZATION DESCRIPTION,PRESERVED,NOT DEPLOYED
https://immigratetobrazil.com/pt-br/countries/romania/,pt-br/countries/romania/index.html,PRESERVED — COUNTRY EVIDENCE REQUIRED — conditional editorial draft,CONSISTENT ORGANIZATION DESCRIPTION,PRESERVED,NOT DEPLOYED
https://immigratetobrazil.com/pt-br/countries/russia/,pt-br/countries/russia/index.html,PRESERVED — COUNTRY EVIDENCE REQUIRED — conditional editorial draft,CONSISTENT ORGANIZATION DESCRIPTION,PRESERVED,NOT DEPLOYED
https://immigratetobrazil.com/pt-br/countries/rwanda/,pt-br/countries/rwanda/index.html,PRESERVED — COUNTRY EVIDENCE REQUIRED — conditional editorial draft,CONSISTENT ORGANIZATION DESCRIPTION,PRESERVED,NOT DEPLOYED
https://immigratetobrazil.com/pt-br/countries/saint-kitts-and-nevis/,pt-br/countries/saint-kitts-and-nevis/index.html,PRESERVED — COUNTRY EVIDENCE REQUIRED — conditional editorial draft,CONSISTENT ORGANIZATION DESCRIPTION,PRESERVED,NOT DEPLOYED
https://immigratetobrazil.com/pt-br/countries/saint-lucia/,pt-br/countries/saint-lucia/index.html,PRESERVED — COUNTRY EVIDENCE REQUIRED — conditional editorial draft,CONSISTENT ORGANIZATION DESCRIPTION,PRESERVED,NOT DEPLOYED
https://immigratetobrazil.com/pt-br/countries/saint-vincent-and-the-grenadines/,pt-br/countries/saint-vincent-and-the-grenadines/index.html,PRESERVED — COUNTRY EVIDENCE REQUIRED — conditional editorial draft,CONSISTENT ORGANIZATION DESCRIPTION,PRESERVED,NOT DEPLOYED
https://immigratetobrazil.com/pt-br/countries/samoa/,pt-br/countries/samoa/index.html,PRESERVED — COUNTRY EVIDENCE REQUIRED — conditional editorial draft,CONSISTENT ORGANIZATION DESCRIPTION,PRESERVED,NOT DEPLOYED
https://immigratetobrazil.com/pt-br/countries/san-marino/,pt-br/countries/san-marino/index.html,PRESERVED — COUNTRY EVIDENCE REQUIRED — conditional editorial draft,CONSISTENT ORGANIZATION DESCRIPTION,PRESERVED,NOT DEPLOYED
https://immigratetobrazil.com/pt-br/countries/sao-tome-and-principe/,pt-br/countries/sao-tome-and-principe/index.html,PRESERVED — COUNTRY EVIDENCE REQUIRED — conditional editorial draft,CONSISTENT ORGANIZATION DESCRIPTION,PRESERVED,NOT DEPLOYED
https://immigratetobrazil.com/pt-br/countries/saudi-arabia/,pt-br/countries/saudi-arabia/index.html,PRESERVED — COUNTRY EVIDENCE REQUIRED — conditional editorial draft,CONSISTENT ORGANIZATION DESCRIPTION,PRESERVED,NOT DEPLOYED
https://immigratetobrazil.com/pt-br/countries/senegal/,pt-br/countries/senegal/index.html,PRESERVED — COUNTRY EVIDENCE REQUIRED — conditional editorial draft,CONSISTENT ORGANIZATION DESCRIPTION,PRESERVED,NOT DEPLOYED
https://immigratetobrazil.com/pt-br/countries/serbia/,pt-br/countries/serbia/index.html,PRESERVED — COUNTRY EVIDENCE REQUIRED — conditional editorial draft,CONSISTENT ORGANIZATION DESCRIPTION,PRESERVED,NOT DEPLOYED
https://immigratetobrazil.com/pt-br/countries/seychelles/,pt-br/countries/seychelles/index.html,PRESERVED — COUNTRY EVIDENCE REQUIRED — conditional editorial draft,CONSISTENT ORGANIZATION DESCRIPTION,PRESERVED,NOT DEPLOYED
https://immigratetobrazil.com/pt-br/countries/sierra-leone/,pt-br/countries/sierra-leone/index.html,PRESERVED — COUNTRY EVIDENCE REQUIRED — conditional editorial draft,CONSISTENT ORGANIZATION DESCRIPTION,PRESERVED,NOT DEPLOYED
https://immigratetobrazil.com/pt-br/countries/singapore/,pt-br/countries/singapore/index.html,PRESERVED — COUNTRY EVIDENCE REQUIRED — conditional editorial draft,CONSISTENT ORGANIZATION DESCRIPTION,PRESERVED,NOT DEPLOYED
https://immigratetobrazil.com/pt-br/countries/slovakia/,pt-br/countries/slovakia/index.html,PRESERVED — COUNTRY EVIDENCE REQUIRED — conditional editorial draft,CONSISTENT ORGANIZATION DESCRIPTION,PRESERVED,NOT DEPLOYED
https://immigratetobrazil.com/pt-br/countries/slovenia/,pt-br/countries/slovenia/index.html,PRESERVED — COUNTRY EVIDENCE REQUIRED — conditional editorial draft,CONSISTENT ORGANIZATION DESCRIPTION,PRESERVED,NOT DEPLOYED
https://immigratetobrazil.com/pt-br/countries/solomon-islands/,pt-br/countries/solomon-islands/index.html,PRESERVED — COUNTRY EVIDENCE REQUIRED — conditional editorial draft,CONSISTENT ORGANIZATION DESCRIPTION,PRESERVED,NOT DEPLOYED
https://immigratetobrazil.com/pt-br/countries/somalia/,pt-br/countries/somalia/index.html,PRESERVED — COUNTRY EVIDENCE REQUIRED — conditional editorial draft,CONSISTENT ORGANIZATION DESCRIPTION,PRESERVED,NOT DEPLOYED
https://immigratetobrazil.com/pt-br/countries/south-africa/,pt-br/countries/south-africa/index.html,PRESERVED — COUNTRY EVIDENCE REQUIRED — conditional editorial draft,CONSISTENT ORGANIZATION DESCRIPTION,PRESERVED,NOT DEPLOYED
https://immigratetobrazil.com/pt-br/countries/south-korea/,pt-br/countries/south-korea/index.html,PRESERVED — COUNTRY EVIDENCE REQUIRED — conditional editorial draft,CONSISTENT ORGANIZATION DESCRIPTION,PRESERVED,NOT DEPLOYED
https://immigratetobrazil.com/pt-br/countries/south-sudan/,pt-br/countries/south-sudan/index.html,PRESERVED — COUNTRY EVIDENCE REQUIRED — conditional editorial draft,CONSISTENT ORGANIZATION DESCRIPTION,PRESERVED,NOT DEPLOYED
https://immigratetobrazil.com/pt-br/countries/spain/,pt-br/countries/spain/index.html,PRESERVED — COUNTRY EVIDENCE REQUIRED — conditional editorial draft,CONSISTENT ORGANIZATION DESCRIPTION,PRESERVED,NOT DEPLOYED
https://immigratetobrazil.com/pt-br/countries/sri-lanka/,pt-br/countries/sri-lanka/index.html,PRESERVED — COUNTRY EVIDENCE REQUIRED — conditional editorial draft,CONSISTENT ORGANIZATION DESCRIPTION,PRESERVED,NOT DEPLOYED
https://immigratetobrazil.com/pt-br/countries/sudan/,pt-br/countries/sudan/index.html,PRESERVED — COUNTRY EVIDENCE REQUIRED — conditional editorial draft,CONSISTENT ORGANIZATION DESCRIPTION,PRESERVED,NOT DEPLOYED
https://immigratetobrazil.com/pt-br/countries/suriname/,pt-br/countries/suriname/index.html,PRESERVED — COUNTRY EVIDENCE REQUIRED — conditional editorial draft,CONSISTENT ORGANIZATION DESCRIPTION,PRESERVED,NOT DEPLOYED
https://immigratetobrazil.com/pt-br/countries/sweden/,pt-br/countries/sweden/index.html,PRESERVED — COUNTRY EVIDENCE REQUIRED — conditional editorial draft,CONSISTENT ORGANIZATION DESCRIPTION,PRESERVED,NOT DEPLOYED
https://immigratetobrazil.com/pt-br/countries/switzerland/,pt-br/countries/switzerland/index.html,PRESERVED — COUNTRY EVIDENCE REQUIRED — conditional editorial draft,CONSISTENT ORGANIZATION DESCRIPTION,PRESERVED,NOT DEPLOYED
https://immigratetobrazil.com/pt-br/countries/syria/,pt-br/countries/syria/index.html,PRESERVED — COUNTRY EVIDENCE REQUIRED — conditional editorial draft,CONSISTENT ORGANIZATION DESCRIPTION,PRESERVED,NOT DEPLOYED
https://immigratetobrazil.com/pt-br/countries/tajikistan/,pt-br/countries/tajikistan/index.html,PRESERVED — COUNTRY EVIDENCE REQUIRED — conditional editorial draft,CONSISTENT ORGANIZATION DESCRIPTION,PRESERVED,NOT DEPLOYED
https://immigratetobrazil.com/pt-br/countries/tanzania/,pt-br/countries/tanzania/index.html,PRESERVED — COUNTRY EVIDENCE REQUIRED — conditional editorial draft,CONSISTENT ORGANIZATION DESCRIPTION,PRESERVED,NOT DEPLOYED
https://immigratetobrazil.com/pt-br/countries/thailand/,pt-br/countries/thailand/index.html,PRESERVED — COUNTRY EVIDENCE REQUIRED — conditional editorial draft,CONSISTENT ORGANIZATION DESCRIPTION,PRESERVED,NOT DEPLOYED
https://immigratetobrazil.com/pt-br/countries/timor-leste/,pt-br/countries/timor-leste/index.html,PRESERVED — COUNTRY EVIDENCE REQUIRED — conditional editorial draft,CONSISTENT ORGANIZATION DESCRIPTION,PRESERVED,NOT DEPLOYED
https://immigratetobrazil.com/pt-br/countries/togo/,pt-br/countries/togo/index.html,PRESERVED — COUNTRY EVIDENCE REQUIRED — conditional editorial draft,CONSISTENT ORGANIZATION DESCRIPTION,PRESERVED,NOT DEPLOYED
https://immigratetobrazil.com/pt-br/countries/tonga/,pt-br/countries/tonga/index.html,PRESERVED — COUNTRY EVIDENCE REQUIRED — conditional editorial draft,CONSISTENT ORGANIZATION DESCRIPTION,PRESERVED,NOT DEPLOYED
https://immigratetobrazil.com/pt-br/countries/trinidad-and-tobago/,pt-br/countries/trinidad-and-tobago/index.html,PRESERVED — COUNTRY EVIDENCE REQUIRED — conditional editorial draft,CONSISTENT ORGANIZATION DESCRIPTION,PRESERVED,NOT DEPLOYED
https://immigratetobrazil.com/pt-br/countries/tunisia/,pt-br/countries/tunisia/index.html,PRESERVED — COUNTRY EVIDENCE REQUIRED — conditional editorial draft,CONSISTENT ORGANIZATION DESCRIPTION,PRESERVED,NOT DEPLOYED
https://immigratetobrazil.com/pt-br/countries/turkey/,pt-br/countries/turkey/index.html,PRESERVED — COUNTRY EVIDENCE REQUIRED — conditional editorial draft,CONSISTENT ORGANIZATION DESCRIPTION,PRESERVED,NOT DEPLOYED
https://immigratetobrazil.com/pt-br/countries/turkmenistan/,pt-br/countries/turkmenistan/index.html,PRESERVED — COUNTRY EVIDENCE REQUIRED — conditional editorial draft,CONSISTENT ORGANIZATION DESCRIPTION,PRESERVED,NOT DEPLOYED
https://immigratetobrazil.com/pt-br/countries/tuvalu/,pt-br/countries/tuvalu/index.html,PRESERVED — COUNTRY EVIDENCE REQUIRED — conditional editorial draft,CONSISTENT ORGANIZATION DESCRIPTION,PRESERVED,NOT DEPLOYED
https://immigratetobrazil.com/pt-br/countries/uganda/,pt-br/countries/uganda/index.html,PRESERVED — COUNTRY EVIDENCE REQUIRED — conditional editorial draft,CONSISTENT ORGANIZATION DESCRIPTION,PRESERVED,NOT DEPLOYED
https://immigratetobrazil.com/pt-br/countries/ukraine/,pt-br/countries/ukraine/index.html,PRESERVED — COUNTRY EVIDENCE REQUIRED — conditional editorial draft,CONSISTENT ORGANIZATION DESCRIPTION,PRESERVED,NOT DEPLOYED
https://immigratetobrazil.com/pt-br/countries/united-arab-emirates/,pt-br/countries/united-arab-emirates/index.html,PRESERVED — COUNTRY EVIDENCE REQUIRED — conditional editorial draft,CONSISTENT ORGANIZATION DESCRIPTION,PRESERVED,NOT DEPLOYED
https://immigratetobrazil.com/pt-br/countries/united-kingdom/,pt-br/countries/united-kingdom/index.html,PRESERVED — COUNTRY EVIDENCE REQUIRED — conditional editorial draft,CONSISTENT ORGANIZATION DESCRIPTION,PRESERVED,NOT DEPLOYED
https://immigratetobrazil.com/pt-br/countries/united-states/,pt-br/countries/united-states/index.html,PRESERVED — COUNTRY EVIDENCE REQUIRED — conditional editorial draft,CONSISTENT ORGANIZATION DESCRIPTION,PRESERVED,NOT DEPLOYED
https://immigratetobrazil.com/pt-br/countries/uruguay/,pt-br/countries/uruguay/index.html,PRESERVED — COUNTRY EVIDENCE REQUIRED — conditional editorial draft,CONSISTENT ORGANIZATION DESCRIPTION,PRESERVED,NOT DEPLOYED
https://immigratetobrazil.com/pt-br/countries/uzbekistan/,pt-br/countries/uzbekistan/index.html,PRESERVED — COUNTRY EVIDENCE REQUIRED — conditional editorial draft,CONSISTENT ORGANIZATION DESCRIPTION,PRESERVED,NOT DEPLOYED
https://immigratetobrazil.com/pt-br/countries/vanuatu/,pt-br/countries/vanuatu/index.html,PRESERVED — COUNTRY EVIDENCE REQUIRED — conditional editorial draft,CONSISTENT ORGANIZATION DESCRIPTION,PRESERVED,NOT DEPLOYED
https://immigratetobrazil.com/pt-br/countries/vatican-city/,pt-br/countries/vatican-city/index.html,PRESERVED — COUNTRY EVIDENCE REQUIRED — conditional editorial draft,CONSISTENT ORGANIZATION DESCRIPTION,PRESERVED,NOT DEPLOYED
https://immigratetobrazil.com/pt-br/countries/venezuela/,pt-br/countries/venezuela/index.html,PRESERVED — COUNTRY EVIDENCE REQUIRED — conditional editorial draft,CONSISTENT ORGANIZATION DESCRIPTION,PRESERVED,NOT DEPLOYED
https://immigratetobrazil.com/pt-br/countries/vietnam/,pt-br/countries/vietnam/index.html,PRESERVED — COUNTRY EVIDENCE REQUIRED — conditional editorial draft,CONSISTENT ORGANIZATION DESCRIPTION,PRESERVED,NOT DEPLOYED
https://immigratetobrazil.com/pt-br/countries/yemen/,pt-br/countries/yemen/index.html,PRESERVED — COUNTRY EVIDENCE REQUIRED — conditional editorial draft,CONSISTENT ORGANIZATION DESCRIPTION,PRESERVED,NOT DEPLOYED
https://immigratetobrazil.com/pt-br/countries/zambia/,pt-br/countries/zambia/index.html,PRESERVED — COUNTRY EVIDENCE REQUIRED — conditional editorial draft,CONSISTENT ORGANIZATION DESCRIPTION,PRESERVED,NOT DEPLOYED
https://immigratetobrazil.com/pt-br/countries/zimbabwe/,pt-br/countries/zimbabwe/index.html,PRESERVED — COUNTRY EVIDENCE REQUIRED — conditional editorial draft,CONSISTENT ORGANIZATION DESCRIPTION,PRESERVED,NOT DEPLOYED
https://immigratetobrazil.com/pt-br/insights/,pt-br/insights/index.html,APPLIED,CONSISTENT ORGANIZATION DESCRIPTION,PRESERVED,NOT DEPLOYED
https://immigratetobrazil.com/pt-br/insights/blog/,pt-br/insights/blog/index.html,APPLIED,CONSISTENT ORGANIZATION DESCRIPTION,PRESERVED,NOT DEPLOYED
https://immigratetobrazil.com/pt-br/insights/fyi/,pt-br/insights/fyi/index.html,APPLIED,CONSISTENT ORGANIZATION DESCRIPTION,PRESERVED,NOT DEPLOYED
https://immigratetobrazil.com/pt-br/insights/fyi/ant-nio-prado-rs-wins-un-tourism-seal-and-becomes-a-world-reference-the-charming/,pt-br/insights/fyi/ant-nio-prado-rs-wins-un-tourism-seal-and-becomes-a-world-reference-the-charming/index.html,PRESERVED — SOURCE REVIEW REQUIRED — no publication-ready rewrite,CONSISTENT ORGANIZATION DESCRIPTION,PRESERVED,NOT DEPLOYED
https://immigratetobrazil.com/pt-br/insights/fyi/ant-nio-prado-village-brazil-s-italian-heritage-gains-global-recognition-the-charming/,pt-br/insights/fyi/ant-nio-prado-village-brazil-s-italian-heritage-gains-global-recognition-the-charming/index.html,PRESERVED — SOURCE REVIEW REQUIRED — no publication-ready rewrite,CONSISTENT ORGANIZATION DESCRIPTION,PRESERVED,NOT DEPLOYED
https://immigratetobrazil.com/pt-br/insights/fyi/attention-what-to-avoid-in-the-airport-restricted-area-being-in-a-restricted-area-of/,pt-br/insights/fyi/attention-what-to-avoid-in-the-airport-restricted-area-being-in-a-restricted-area-of/index.html,PRESERVED — SOURCE REVIEW REQUIRED — no publication-ready rewrite,CONSISTENT ORGANIZATION DESCRIPTION,PRESERVED,NOT DEPLOYED
https://immigratetobrazil.com/pt-br/insights/fyi/beninese-citizenship-the-symbolic-return-of-thousands-of-afro-brazilians-to-their/,pt-br/insights/fyi/beninese-citizenship-the-symbolic-return-of-thousands-of-afro-brazilians-to-their/index.html,PRESERVED — SOURCE REVIEW REQUIRED — no publication-ready rewrite,CONSISTENT ORGANIZATION DESCRIPTION,PRESERVED,NOT DEPLOYED
https://immigratetobrazil.com/pt-br/insights/fyi/bomb-in-suitcase-joke-leads-passenger-to-arrest-at-bras-lia-airport-in-news-recently/,pt-br/insights/fyi/bomb-in-suitcase-joke-leads-passenger-to-arrest-at-bras-lia-airport-in-news-recently/index.html,PRESERVED — SOURCE REVIEW REQUIRED — no publication-ready rewrite,CONSISTENT ORGANIZATION DESCRIPTION,PRESERVED,NOT DEPLOYED
https://immigratetobrazil.com/pt-br/insights/fyi/brazil-and-india-extend-visa-validity-to-10-years-brazil-and-india-signed-a/,pt-br/insights/fyi/brazil-and-india-extend-visa-validity-to-10-years-brazil-and-india-signed-a/index.html,PRESERVED — SOURCE REVIEW REQUIRED — no publication-ready rewrite,CONSISTENT ORGANIZATION DESCRIPTION,PRESERVED,NOT DEPLOYED
https://immigratetobrazil.com/pt-br/insights/fyi/brazil-broadens-visitor-visa-rules-to-allow-technical-and-technology-transfer-work/,pt-br/insights/fyi/brazil-broadens-visitor-visa-rules-to-allow-technical-and-technology-transfer-work/index.html,PRESERVED — SOURCE REVIEW REQUIRED — no publication-ready rewrite,CONSISTENT ORGANIZATION DESCRIPTION,PRESERVED,NOT DEPLOYED
https://immigratetobrazil.com/pt-br/insights/fyi/brazil-legal-insight-from-instagram-post-2/,pt-br/insights/fyi/brazil-legal-insight-from-instagram-post-2/index.html,PRESERVED — SOURCE REVIEW REQUIRED — no publication-ready rewrite,CONSISTENT ORGANIZATION DESCRIPTION,PRESERVED,NOT DEPLOYED
https://immigratetobrazil.com/pt-br/insights/fyi/brazil-legal-insight-from-instagram-post-3/,pt-br/insights/fyi/brazil-legal-insight-from-instagram-post-3/index.html,PRESERVED — SOURCE REVIEW REQUIRED — no publication-ready rewrite,CONSISTENT ORGANIZATION DESCRIPTION,PRESERVED,NOT DEPLOYED
https://immigratetobrazil.com/pt-br/insights/fyi/brazil-legal-insight-from-instagram-post/,pt-br/insights/fyi/brazil-legal-insight-from-instagram-post/index.html,PRESERVED — SOURCE REVIEW REQUIRED — no publication-ready rewrite,CONSISTENT ORGANIZATION DESCRIPTION,PRESERVED,NOT DEPLOYED
https://immigratetobrazil.com/pt-br/insights/fyi/brazil-makes-the-top-10/,pt-br/insights/fyi/brazil-makes-the-top-10/index.html,PRESERVED — SOURCE REVIEW REQUIRED — no publication-ready rewrite,CONSISTENT ORGANIZATION DESCRIPTION,PRESERVED,NOT DEPLOYED
https://immigratetobrazil.com/pt-br/insights/fyi/brazil-s-carnival-holiday-carnival-in-brazil-is-a-vibrant-festival-that/,pt-br/insights/fyi/brazil-s-carnival-holiday-carnival-in-brazil-is-a-vibrant-festival-that/index.html,PRESERVED — SOURCE REVIEW REQUIRED — no publication-ready rewrite,CONSISTENT ORGANIZATION DESCRIPTION,PRESERVED,NOT DEPLOYED
https://immigratetobrazil.com/pt-br/insights/fyi/brazil-s-digital-nomad-visa-is-a-trending-choice/,pt-br/insights/fyi/brazil-s-digital-nomad-visa-is-a-trending-choice/index.html,PRESERVED — SOURCE REVIEW REQUIRED — no publication-ready rewrite,CONSISTENT ORGANIZATION DESCRIPTION,PRESERVED,NOT DEPLOYED
https://immigratetobrazil.com/pt-br/insights/fyi/brazil-s-paraty-city-recognised-as-one-of-the-world-s-most-beautiful-villages-paraty/,pt-br/insights/fyi/brazil-s-paraty-city-recognised-as-one-of-the-world-s-most-beautiful-villages-paraty/index.html,PRESERVED — SOURCE REVIEW REQUIRED — no publication-ready rewrite,CONSISTENT ORGANIZATION DESCRIPTION,PRESERVED,NOT DEPLOYED
https://immigratetobrazil.com/pt-br/insights/fyi/brazil-s-working-holiday-visa-for-young-travellers-from-select-countries/,pt-br/insights/fyi/brazil-s-working-holiday-visa-for-young-travellers-from-select-countries/index.html,PRESERVED — SOURCE REVIEW REQUIRED — no publication-ready rewrite,CONSISTENT ORGANIZATION DESCRIPTION,PRESERVED,NOT DEPLOYED
https://immigratetobrazil.com/pt-br/insights/fyi/brazilians-around-the-world-where-of-the-largest-communities-live/,pt-br/insights/fyi/brazilians-around-the-world-where-of-the-largest-communities-live/index.html,PRESERVED — SOURCE REVIEW REQUIRED — no publication-ready rewrite,CONSISTENT ORGANIZATION DESCRIPTION,PRESERVED,NOT DEPLOYED
https://immigratetobrazil.com/pt-br/insights/fyi/china-extends-visa-exemption-for-brazilians-until-the-end-of-2026-china/,pt-br/insights/fyi/china-extends-visa-exemption-for-brazilians-until-the-end-of-2026-china/index.html,PRESERVED — SOURCE REVIEW REQUIRED — no publication-ready rewrite,CONSISTENT ORGANIZATION DESCRIPTION,PRESERVED,NOT DEPLOYED
https://immigratetobrazil.com/pt-br/insights/fyi/did-you-know-portugal-signed-a-historic-decree-to-recognize-the-national-driving/,pt-br/insights/fyi/did-you-know-portugal-signed-a-historic-decree-to-recognize-the-national-driving/index.html,PRESERVED — SOURCE REVIEW REQUIRED — no publication-ready rewrite,CONSISTENT ORGANIZATION DESCRIPTION,PRESERVED,NOT DEPLOYED
https://immigratetobrazil.com/pt-br/insights/fyi/federal-government-launches-official-page-on-definitive-tax-exit-from-brazil-the/,pt-br/insights/fyi/federal-government-launches-official-page-on-definitive-tax-exit-from-brazil-the/index.html,PRESERVED — SOURCE REVIEW REQUIRED — no publication-ready rewrite,CONSISTENT ORGANIZATION DESCRIPTION,PRESERVED,NOT DEPLOYED
https://immigratetobrazil.com/pt-br/insights/fyi/guarulhos-airport-reinforces-liquid-inspection-attention-travelers/,pt-br/insights/fyi/guarulhos-airport-reinforces-liquid-inspection-attention-travelers/index.html,PRESERVED — SOURCE REVIEW REQUIRED — no publication-ready rewrite,CONSISTENT ORGANIZATION DESCRIPTION,PRESERVED,NOT DEPLOYED
https://immigratetobrazil.com/pt-br/insights/fyi/happy-new-year-happy-new-year-if-you-haven-t-started-planning-your-year-yet-this-is/,pt-br/insights/fyi/happy-new-year-happy-new-year-if-you-haven-t-started-planning-your-year-yet-this-is/index.html,PRESERVED — SOURCE REVIEW REQUIRED — no publication-ready rewrite,CONSISTENT ORGANIZATION DESCRIPTION,PRESERVED,NOT DEPLOYED
https://immigratetobrazil.com/pt-br/insights/fyi/immigrant-children-in-brazil-how-provisional-naturalization-works-it-is-a-form-of/,pt-br/insights/fyi/immigrant-children-in-brazil-how-provisional-naturalization-works-it-is-a-form-of/index.html,PRESERVED — SOURCE REVIEW REQUIRED — no publication-ready rewrite,CONSISTENT ORGANIZATION DESCRIPTION,PRESERVED,NOT DEPLOYED
https://immigratetobrazil.com/pt-br/insights/fyi/international-buyers-can-purchase-property-in-brazil-how-does-it-work/,pt-br/insights/fyi/international-buyers-can-purchase-property-in-brazil-how-does-it-work/index.html,PRESERVED — SOURCE REVIEW REQUIRED — no publication-ready rewrite,CONSISTENT ORGANIZATION DESCRIPTION,PRESERVED,NOT DEPLOYED
https://immigratetobrazil.com/pt-br/insights/fyi/italy-allows-large-dogs-in-the-airplane-cabin-for-the-first-time-in-the-world/,pt-br/insights/fyi/italy-allows-large-dogs-in-the-airplane-cabin-for-the-first-time-in-the-world/index.html,PRESERVED — SOURCE REVIEW REQUIRED — no publication-ready rewrite,CONSISTENT ORGANIZATION DESCRIPTION,PRESERVED,NOT DEPLOYED
https://immigratetobrazil.com/pt-br/insights/fyi/italy-plans-almost-500-000-work-visas-for-non-europeans-by-2028-the-government/,pt-br/insights/fyi/italy-plans-almost-500-000-work-visas-for-non-europeans-by-2028-the-government/index.html,PRESERVED — SOURCE REVIEW REQUIRED — no publication-ready rewrite,CONSISTENT ORGANIZATION DESCRIPTION,PRESERVED,NOT DEPLOYED
https://immigratetobrazil.com/pt-br/insights/fyi/new-criteria-on-health-could-restrict-the-granting-of-us-visas-the-government-of-the/,pt-br/insights/fyi/new-criteria-on-health-could-restrict-the-granting-of-us-visas-the-government-of-the/index.html,PRESERVED — SOURCE REVIEW REQUIRED — no publication-ready rewrite,CONSISTENT ORGANIZATION DESCRIPTION,PRESERVED,NOT DEPLOYED
https://immigratetobrazil.com/pt-br/insights/fyi/new-fee-on-international-connections-in-peru-could-change-the-game-for-those-stopping/,pt-br/insights/fyi/new-fee-on-international-connections-in-peru-could-change-the-game-for-those-stopping/index.html,PRESERVED — SOURCE REVIEW REQUIRED — no publication-ready rewrite,CONSISTENT ORGANIZATION DESCRIPTION,PRESERVED,NOT DEPLOYED
https://immigratetobrazil.com/pt-br/insights/fyi/pathways-to-brazilian-citizenship-for-parents-and-siblings-of-brazilian-children/,pt-br/insights/fyi/pathways-to-brazilian-citizenship-for-parents-and-siblings-of-brazilian-children/index.html,PRESERVED — SOURCE REVIEW REQUIRED — no publication-ready rewrite,CONSISTENT ORGANIZATION DESCRIPTION,PRESERVED,NOT DEPLOYED
https://immigratetobrazil.com/pt-br/insights/fyi/portugal-ends-the-old-work-search-visa-and-creates-a-new-modality-visa-to-search/,pt-br/insights/fyi/portugal-ends-the-old-work-search-visa-and-creates-a-new-modality-visa-to-search/index.html,PRESERVED — SOURCE REVIEW REQUIRED — no publication-ready rewrite,CONSISTENT ORGANIZATION DESCRIPTION,PRESERVED,NOT DEPLOYED
https://immigratetobrazil.com/pt-br/insights/fyi/sistema-ees-entra-em-vigor-nos-aeroportos-europa-aperta-o-cerco-a-quem-ultrapassa-o/,pt-br/insights/fyi/sistema-ees-entra-em-vigor-nos-aeroportos-europa-aperta-o-cerco-a-quem-ultrapassa-o/index.html,PRESERVED — SOURCE REVIEW REQUIRED — no publication-ready rewrite,CONSISTENT ORGANIZATION DESCRIPTION,PRESERVED,NOT DEPLOYED
https://immigratetobrazil.com/pt-br/insights/fyi/things-you-should-never-of-in-the-airport-s-restricted-area-being-in-an-airport-s/,pt-br/insights/fyi/things-you-should-never-of-in-the-airport-s-restricted-area-being-in-an-airport-s/index.html,PRESERVED — SOURCE REVIEW REQUIRED — no publication-ready rewrite,CONSISTENT ORGANIZATION DESCRIPTION,PRESERVED,NOT DEPLOYED
https://immigratetobrazil.com/pt-br/insights/fyi/tourism-in-brazil-hits-historic-record-with-nearly-8-million-international-arrivals-in/,pt-br/insights/fyi/tourism-in-brazil-hits-historic-record-with-nearly-8-million-international-arrivals-in/index.html,PRESERVED — SOURCE REVIEW REQUIRED — no publication-ready rewrite,CONSISTENT ORGANIZATION DESCRIPTION,PRESERVED,NOT DEPLOYED
https://immigratetobrazil.com/pt-br/insights/fyi/travelling-solo-with-your-child-important-name-mismatch-considerations-a-parent/,pt-br/insights/fyi/travelling-solo-with-your-child-important-name-mismatch-considerations-a-parent/index.html,PRESERVED — SOURCE REVIEW REQUIRED — no publication-ready rewrite,CONSISTENT ORGANIZATION DESCRIPTION,PRESERVED,NOT DEPLOYED
https://immigratetobrazil.com/pt-br/insights/fyi/united-kingdom-makes-changes-to-its-asylum-policy-the-united-kingdom-announced/,pt-br/insights/fyi/united-kingdom-makes-changes-to-its-asylum-policy-the-united-kingdom-announced/index.html,PRESERVED — SOURCE REVIEW REQUIRED — no publication-ready rewrite,CONSISTENT ORGANIZATION DESCRIPTION,PRESERVED,NOT DEPLOYED
https://immigratetobrazil.com/pt-br/insights/fyi/usa-suspends-issuing-immigrant-visas-to-brazilians-the-united-states-announced-the/,pt-br/insights/fyi/usa-suspends-issuing-immigrant-visas-to-brazilians-the-united-states-announced-the/index.html,PRESERVED — SOURCE REVIEW REQUIRED — no publication-ready rewrite,CONSISTENT ORGANIZATION DESCRIPTION,PRESERVED,NOT DEPLOYED
https://immigratetobrazil.com/pt-br/insights/fyi/valorizando-o-brazil-a-vila-brasileira-reconhecida-entre-as-mais-bonitas-of-mundo/,pt-br/insights/fyi/valorizando-o-brazil-a-vila-brasileira-reconhecida-entre-as-mais-bonitas-of-mundo/index.html,PRESERVED — SOURCE REVIEW REQUIRED — no publication-ready rewrite,CONSISTENT ORGANIZATION DESCRIPTION,PRESERVED,NOT DEPLOYED
https://immigratetobrazil.com/pt-br/insights/fyi/volunteer-visa-for-work-in-non-profit-and-international-organisations-in-brazil/,pt-br/insights/fyi/volunteer-visa-for-work-in-non-profit-and-international-organisations-in-brazil/index.html,PRESERVED — SOURCE REVIEW REQUIRED — no publication-ready rewrite,CONSISTENT ORGANIZATION DESCRIPTION,PRESERVED,NOT DEPLOYED
https://immigratetobrazil.com/pt-br/insights/fyi/what-are-the-steps-to-legally-move-and-live-in-brazil/,pt-br/insights/fyi/what-are-the-steps-to-legally-move-and-live-in-brazil/index.html,PRESERVED — SOURCE REVIEW REQUIRED — no publication-ready rewrite,CONSISTENT ORGANIZATION DESCRIPTION,PRESERVED,NOT DEPLOYED
https://immigratetobrazil.com/pt-br/insights/fyi/when-that-traveler-from-a-cold-country-comes-to-brazil-and-feels-amazed-with-the/,pt-br/insights/fyi/when-that-traveler-from-a-cold-country-comes-to-brazil-and-feels-amazed-with-the/index.html,PRESERVED — SOURCE REVIEW REQUIRED — no publication-ready rewrite,CONSISTENT ORGANIZATION DESCRIPTION,PRESERVED,NOT DEPLOYED
https://immigratetobrazil.com/pt-br/insights/fyi/why-brazil-s-student-visa-vitem-iv-absolutely-beats-the-us-f-1-you-land/,pt-br/insights/fyi/why-brazil-s-student-visa-vitem-iv-absolutely-beats-the-us-f-1-you-land/index.html,PRESERVED — SOURCE REVIEW REQUIRED — no publication-ready rewrite,CONSISTENT ORGANIZATION DESCRIPTION,PRESERVED,NOT DEPLOYED
https://immigratetobrazil.com/pt-br/insights/general/,pt-br/insights/general/index.html,APPLIED,CONSISTENT ORGANIZATION DESCRIPTION,PRESERVED,NOT DEPLOYED
https://immigratetobrazil.com/pt-br/insights/guides/,pt-br/insights/guides/index.html,APPLIED,CONSISTENT ORGANIZATION DESCRIPTION,PRESERVED,NOT DEPLOYED
https://immigratetobrazil.com/pt-br/insights/guides/are-you-a-tourist-in-brazil-and-want-to-live-here/,pt-br/insights/guides/are-you-a-tourist-in-brazil-and-want-to-live-here/index.html,PRESERVED — SOURCE REVIEW REQUIRED — no publication-ready rewrite,CONSISTENT ORGANIZATION DESCRIPTION,PRESERVED,NOT DEPLOYED
https://immigratetobrazil.com/pt-br/insights/guides/are-you-dreaming-of-getting-a-green-card-but-worried-about-the-sponsor/,pt-br/insights/guides/are-you-dreaming-of-getting-a-green-card-but-worried-about-the-sponsor/index.html,PRESERVED — SOURCE REVIEW REQUIRED — no publication-ready rewrite,CONSISTENT ORGANIZATION DESCRIPTION,PRESERVED,NOT DEPLOYED
https://immigratetobrazil.com/pt-br/insights/guides/can-football-fans-sing-homophobic-chants/,pt-br/insights/guides/can-football-fans-sing-homophobic-chants/index.html,PRESERVED — SOURCE REVIEW REQUIRED — no publication-ready rewrite,CONSISTENT ORGANIZATION DESCRIPTION,PRESERVED,NOT DEPLOYED
https://immigratetobrazil.com/pt-br/insights/guides/can-i-bring-my-familia-family-to-brazil-if-i-have-a-work-visa/,pt-br/insights/guides/can-i-bring-my-familia-family-to-brazil-if-i-have-a-work-visa/index.html,PRESERVED — SOURCE REVIEW REQUIRED — no publication-ready rewrite,CONSISTENT ORGANIZATION DESCRIPTION,PRESERVED,NOT DEPLOYED
https://immigratetobrazil.com/pt-br/insights/guides/did-the-bank-lower-your-credit-limit-or-cancel-your-account-suddenly/,pt-br/insights/guides/did-the-bank-lower-your-credit-limit-or-cancel-your-account-suddenly/index.html,PRESERVED — SOURCE REVIEW REQUIRED — no publication-ready rewrite,CONSISTENT ORGANIZATION DESCRIPTION,PRESERVED,NOT DEPLOYED
https://immigratetobrazil.com/pt-br/insights/guides/did-you-know-that-anyone-who-buys-their-first-residential-property-fin/,pt-br/insights/guides/did-you-know-that-anyone-who-buys-their-first-residential-property-fin/index.html,PRESERVED — SOURCE REVIEW REQUIRED — no publication-ready rewrite,CONSISTENT ORGANIZATION DESCRIPTION,PRESERVED,NOT DEPLOYED
https://immigratetobrazil.com/pt-br/insights/guides/did-you-know-that-brazilian-naturalization-can-open-doors-to-incredibl-2/,pt-br/insights/guides/did-you-know-that-brazilian-naturalization-can-open-doors-to-incredibl-2/index.html,PRESERVED — SOURCE REVIEW REQUIRED — no publication-ready rewrite,CONSISTENT ORGANIZATION DESCRIPTION,PRESERVED,NOT DEPLOYED
https://immigratetobrazil.com/pt-br/insights/guides/did-you-know-that-brazilian-naturalization-can-open-doors-to-incredibl/,pt-br/insights/guides/did-you-know-that-brazilian-naturalization-can-open-doors-to-incredibl/index.html,PRESERVED — SOURCE REVIEW REQUIRED — no publication-ready rewrite,CONSISTENT ORGANIZATION DESCRIPTION,PRESERVED,NOT DEPLOYED
https://immigratetobrazil.com/pt-br/insights/guides/do-i-need-to-get-my-diploma-from-my-home-country-validated-in-brazil/,pt-br/insights/guides/do-i-need-to-get-my-diploma-from-my-home-country-validated-in-brazil/index.html,PRESERVED — SOURCE REVIEW REQUIRED — no publication-ready rewrite,CONSISTENT ORGANIZATION DESCRIPTION,PRESERVED,NOT DEPLOYED
https://immigratetobrazil.com/pt-br/insights/guides/do-you-dream-of-getting-a-green-card-but-are-concerned-about-the-requi/,pt-br/insights/guides/do-you-dream-of-getting-a-green-card-but-are-concerned-about-the-requi/index.html,PRESERVED — SOURCE REVIEW REQUIRED — no publication-ready rewrite,CONSISTENT ORGANIZATION DESCRIPTION,PRESERVED,NOT DEPLOYED
https://immigratetobrazil.com/pt-br/insights/guides/do-you-want-to-live-in-brazil-and-invest-intelligently/,pt-br/insights/guides/do-you-want-to-live-in-brazil-and-invest-intelligently/index.html,PRESERVED — SOURCE REVIEW REQUIRED — no publication-ready rewrite,CONSISTENT ORGANIZATION DESCRIPTION,PRESERVED,NOT DEPLOYED
https://immigratetobrazil.com/pt-br/insights/guides/have-you-ever-wondered-what-happens-if-a-child-support-decision-for-a/,pt-br/insights/guides/have-you-ever-wondered-what-happens-if-a-child-support-decision-for-a/index.html,PRESERVED — SOURCE REVIEW REQUIRED — no publication-ready rewrite,CONSISTENT ORGANIZATION DESCRIPTION,PRESERVED,NOT DEPLOYED
https://immigratetobrazil.com/pt-br/insights/guides/have-you-paid-a-debt-at-a-discount-but-your-name-remains-subject-to-in/,pt-br/insights/guides/have-you-paid-a-debt-at-a-discount-but-your-name-remains-subject-to-in/index.html,PRESERVED — SOURCE REVIEW REQUIRED — no publication-ready rewrite,CONSISTENT ORGANIZATION DESCRIPTION,PRESERVED,NOT DEPLOYED
https://immigratetobrazil.com/pt-br/insights/guides/how-can-i-keep-in-touch-with-my-child-in-brazil-if-i-dont-live-there/,pt-br/insights/guides/how-can-i-keep-in-touch-with-my-child-in-brazil-if-i-dont-live-there/index.html,PRESERVED — SOURCE REVIEW REQUIRED — no publication-ready rewrite,CONSISTENT ORGANIZATION DESCRIPTION,PRESERVED,NOT DEPLOYED
https://immigratetobrazil.com/pt-br/insights/guides/how-can-i-keep-in-touch-with-my-child-located-in-brazil-if-i-don-t-liv/,pt-br/insights/guides/how-can-i-keep-in-touch-with-my-child-located-in-brazil-if-i-don-t-liv/index.html,PRESERVED — SOURCE REVIEW REQUIRED — no publication-ready rewrite,CONSISTENT ORGANIZATION DESCRIPTION,PRESERVED,NOT DEPLOYED
https://immigratetobrazil.com/pt-br/insights/guides/how-long-does-it-take-to-get-brazilian-passport/,pt-br/insights/guides/how-long-does-it-take-to-get-brazilian-passport/index.html,PRESERVED — SOURCE REVIEW REQUIRED — no publication-ready rewrite,CONSISTENT ORGANIZATION DESCRIPTION,PRESERVED,NOT DEPLOYED
https://immigratetobrazil.com/pt-br/insights/guides/how-long-does-it-take-to-obtain-brazilian-citizenship/,pt-br/insights/guides/how-long-does-it-take-to-obtain-brazilian-citizenship/index.html,PRESERVED — SOURCE REVIEW REQUIRED — no publication-ready rewrite,CONSISTENT ORGANIZATION DESCRIPTION,PRESERVED,NOT DEPLOYED
https://immigratetobrazil.com/pt-br/insights/guides/how-to-schedule-an-immigration-interview-for-residency-with-the-federa/,pt-br/insights/guides/how-to-schedule-an-immigration-interview-for-residency-with-the-federa/index.html,PRESERVED — SOURCE REVIEW REQUIRED — no publication-ready rewrite,CONSISTENT ORGANIZATION DESCRIPTION,PRESERVED,NOT DEPLOYED
https://immigratetobrazil.com/pt-br/insights/guides/if-a-foreigner-has-a-child-in-brazil-does-he-have-the-automatic-right/,pt-br/insights/guides/if-a-foreigner-has-a-child-in-brazil-does-he-have-the-automatic-right/index.html,PRESERVED — SOURCE REVIEW REQUIRED — no publication-ready rewrite,CONSISTENT ORGANIZATION DESCRIPTION,PRESERVED,NOT DEPLOYED
https://immigratetobrazil.com/pt-br/insights/guides/immigration-x-emigration-do-you-know-the-difference/,pt-br/insights/guides/immigration-x-emigration-do-you-know-the-difference/index.html,PRESERVED — SOURCE REVIEW REQUIRED — no publication-ready rewrite,CONSISTENT ORGANIZATION DESCRIPTION,PRESERVED,NOT DEPLOYED
https://immigratetobrazil.com/pt-br/insights/guides/is-a-marriage-celebrated-abroad-valid-in-brazil/,pt-br/insights/guides/is-a-marriage-celebrated-abroad-valid-in-brazil/index.html,PRESERVED — SOURCE REVIEW REQUIRED — no publication-ready rewrite,CONSISTENT ORGANIZATION DESCRIPTION,PRESERVED,NOT DEPLOYED
https://immigratetobrazil.com/pt-br/insights/guides/is-it-necessary-to-speak-portuguese-to-live-in-brazil/,pt-br/insights/guides/is-it-necessary-to-speak-portuguese-to-live-in-brazil/index.html,PRESERVED — SOURCE REVIEW REQUIRED — no publication-ready rewrite,CONSISTENT ORGANIZATION DESCRIPTION,PRESERVED,NOT DEPLOYED
https://immigratetobrazil.com/pt-br/insights/guides/is-it-true-that-there-were-changes-to-obtaining-an-american-visa/,pt-br/insights/guides/is-it-true-that-there-were-changes-to-obtaining-an-american-visa/index.html,PRESERVED — SOURCE REVIEW REQUIRED — no publication-ready rewrite,CONSISTENT ORGANIZATION DESCRIPTION,PRESERVED,NOT DEPLOYED
https://immigratetobrazil.com/pt-br/insights/guides/living-in-brazil-and-had-an-issue-with-a-product-or-service/,pt-br/insights/guides/living-in-brazil-and-had-an-issue-with-a-product-or-service/index.html,PRESERVED — SOURCE REVIEW REQUIRED — no publication-ready rewrite,CONSISTENT ORGANIZATION DESCRIPTION,PRESERVED,NOT DEPLOYED
https://immigratetobrazil.com/pt-br/insights/guides/the-visa-has-expired-will-i-have-to-pay-a-fine/,pt-br/insights/guides/the-visa-has-expired-will-i-have-to-pay-a-fine/index.html,PRESERVED — SOURCE REVIEW REQUIRED — no publication-ready rewrite,CONSISTENT ORGANIZATION DESCRIPTION,PRESERVED,NOT DEPLOYED
https://immigratetobrazil.com/pt-br/insights/guides/this-way-in-the-event-of-an-end-to-the-relationship-they-will-have-to/,pt-br/insights/guides/this-way-in-the-event-of-an-end-to-the-relationship-they-will-have-to/index.html,PRESERVED — SOURCE REVIEW REQUIRED — no publication-ready rewrite,CONSISTENT ORGANIZATION DESCRIPTION,PRESERVED,NOT DEPLOYED
https://immigratetobrazil.com/pt-br/insights/guides/tourists-can-usually-stay-in-brazil-for-up-to-90-days-depending-on-vis/,pt-br/insights/guides/tourists-can-usually-stay-in-brazil-for-up-to-90-days-depending-on-vis/index.html,PRESERVED — SOURCE REVIEW REQUIRED — no publication-ready rewrite,CONSISTENT ORGANIZATION DESCRIPTION,PRESERVED,NOT DEPLOYED
https://immigratetobrazil.com/pt-br/insights/guides/want-to-live-in-brazil-while-investing-in-the-countrys-growth/,pt-br/insights/guides/want-to-live-in-brazil-while-investing-in-the-countrys-growth/index.html,PRESERVED — SOURCE REVIEW REQUIRED — no publication-ready rewrite,CONSISTENT ORGANIZATION DESCRIPTION,PRESERVED,NOT DEPLOYED
https://immigratetobrazil.com/pt-br/insights/guides/want-to-turn-your-investment-into-residency-in-brazil/,pt-br/insights/guides/want-to-turn-your-investment-into-residency-in-brazil/index.html,PRESERVED — SOURCE REVIEW REQUIRED — no publication-ready rewrite,CONSISTENT ORGANIZATION DESCRIPTION,PRESERVED,NOT DEPLOYED
https://immigratetobrazil.com/pt-br/insights/guides/what-happens-during-an-immigration-consultation/,pt-br/insights/guides/what-happens-during-an-immigration-consultation/index.html,PRESERVED — SOURCE REVIEW REQUIRED — no publication-ready rewrite,CONSISTENT ORGANIZATION DESCRIPTION,PRESERVED,NOT DEPLOYED
https://immigratetobrazil.com/pt-br/insights/guides/what-rights-do-immigrants-have-in-brazil/,pt-br/insights/guides/what-rights-do-immigrants-have-in-brazil/index.html,PRESERVED — SOURCE REVIEW REQUIRED — no publication-ready rewrite,CONSISTENT ORGANIZATION DESCRIPTION,PRESERVED,NOT DEPLOYED
https://immigratetobrazil.com/pt-br/insights/guides/what-to-do-after-arriving-in-brazil-with-a-visa-that-allows-residency/,pt-br/insights/guides/what-to-do-after-arriving-in-brazil-with-a-visa-that-allows-residency/index.html,PRESERVED — SOURCE REVIEW REQUIRED — no publication-ready rewrite,CONSISTENT ORGANIZATION DESCRIPTION,PRESERVED,NOT DEPLOYED
https://immigratetobrazil.com/pt-br/insights/guides/when-a-brazilian-citizen-faces-problems-abroad-the-first-instance-of-s/,pt-br/insights/guides/when-a-brazilian-citizen-faces-problems-abroad-the-first-instance-of-s/index.html,PRESERVED — SOURCE REVIEW REQUIRED — no publication-ready rewrite,CONSISTENT ORGANIZATION DESCRIPTION,PRESERVED,NOT DEPLOYED
https://immigratetobrazil.com/pt-br/insights/guides/when-a-brazilian-resides-in-another-country-and-works-there-without-ea/,pt-br/insights/guides/when-a-brazilian-resides-in-another-country-and-works-there-without-ea/index.html,PRESERVED — SOURCE REVIEW REQUIRED — no publication-ready rewrite,CONSISTENT ORGANIZATION DESCRIPTION,PRESERVED,NOT DEPLOYED
https://immigratetobrazil.com/pt-br/insights/guides/when-a-foreign-person-is-engaged-to-a-brazilian-citizen-and-intends-to/,pt-br/insights/guides/when-a-foreign-person-is-engaged-to-a-brazilian-citizen-and-intends-to/index.html,PRESERVED — SOURCE REVIEW REQUIRED — no publication-ready rewrite,CONSISTENT ORGANIZATION DESCRIPTION,PRESERVED,NOT DEPLOYED
https://immigratetobrazil.com/pt-br/insights/guides/when-a-foreign-person-is-engaged-to-a-brazilian-citizen-and-plans-to-g/,pt-br/insights/guides/when-a-foreign-person-is-engaged-to-a-brazilian-citizen-and-plans-to-g/index.html,PRESERVED — SOURCE REVIEW REQUIRED — no publication-ready rewrite,CONSISTENT ORGANIZATION DESCRIPTION,PRESERVED,NOT DEPLOYED
https://immigratetobrazil.com/pt-br/insights/guides/when-a-person-from-abroad-arrives-in-brazil-this-person-has-the-right/,pt-br/insights/guides/when-a-person-from-abroad-arrives-in-brazil-this-person-has-the-right/index.html,PRESERVED — SOURCE REVIEW REQUIRED — no publication-ready rewrite,CONSISTENT ORGANIZATION DESCRIPTION,PRESERVED,NOT DEPLOYED
https://immigratetobrazil.com/pt-br/insights/guides/when-a-person-stays-in-the-united-states-beyond-the-time-allowed-as-a/,pt-br/insights/guides/when-a-person-stays-in-the-united-states-beyond-the-time-allowed-as-a/index.html,PRESERVED — SOURCE REVIEW REQUIRED — no publication-ready rewrite,CONSISTENT ORGANIZATION DESCRIPTION,PRESERVED,NOT DEPLOYED
https://immigratetobrazil.com/pt-br/insights/guides/when-a-temporary-brazilian-visa-is-nearing-its-expiry-it-is-necessary/,pt-br/insights/guides/when-a-temporary-brazilian-visa-is-nearing-its-expiry-it-is-necessary/index.html,PRESERVED — SOURCE REVIEW REQUIRED — no publication-ready rewrite,CONSISTENT ORGANIZATION DESCRIPTION,PRESERVED,NOT DEPLOYED
https://immigratetobrazil.com/pt-br/insights/guides/when-a-us-visa-is-denied-the-consulate-does-not-provide-specific-detai/,pt-br/insights/guides/when-a-us-visa-is-denied-the-consulate-does-not-provide-specific-detai/index.html,PRESERVED — SOURCE REVIEW REQUIRED — no publication-ready rewrite,CONSISTENT ORGANIZATION DESCRIPTION,PRESERVED,NOT DEPLOYED
https://immigratetobrazil.com/pt-br/insights/guides/when-exchanging-money-during-international-travel-it-is-essential-to-b/,pt-br/insights/guides/when-exchanging-money-during-international-travel-it-is-essential-to-b/index.html,PRESERVED — SOURCE REVIEW REQUIRED — no publication-ready rewrite,CONSISTENT ORGANIZATION DESCRIPTION,PRESERVED,NOT DEPLOYED
https://immigratetobrazil.com/pt-br/insights/guides/when-exchanging-money-on-international-trips-it-is-essential-to-be-car/,pt-br/insights/guides/when-exchanging-money-on-international-trips-it-is-essential-to-be-car/index.html,PRESERVED — SOURCE REVIEW REQUIRED — no publication-ready rewrite,CONSISTENT ORGANIZATION DESCRIPTION,PRESERVED,NOT DEPLOYED
https://immigratetobrazil.com/pt-br/insights/guides/when-one-of-the-parents-is-a-foreigner-and-a-brazilian-child-is-born-t/,pt-br/insights/guides/when-one-of-the-parents-is-a-foreigner-and-a-brazilian-child-is-born-t/index.html,PRESERVED — SOURCE REVIEW REQUIRED — no publication-ready rewrite,CONSISTENT ORGANIZATION DESCRIPTION,PRESERVED,NOT DEPLOYED
https://immigratetobrazil.com/pt-br/insights/guides/when-requested-the-resident-immigrant-card-may-take-60-to-90-days-to-b/,pt-br/insights/guides/when-requested-the-resident-immigrant-card-may-take-60-to-90-days-to-b/index.html,PRESERVED — SOURCE REVIEW REQUIRED — no publication-ready rewrite,CONSISTENT ORGANIZATION DESCRIPTION,PRESERVED,NOT DEPLOYED
https://immigratetobrazil.com/pt-br/insights/guides/when-the-temporary-visa-granted-is-close-to-expiry-it-is-necessary-to/,pt-br/insights/guides/when-the-temporary-visa-granted-is-close-to-expiry-it-is-necessary-to/index.html,PRESERVED — SOURCE REVIEW REQUIRED — no publication-ready rewrite,CONSISTENT ORGANIZATION DESCRIPTION,PRESERVED,NOT DEPLOYED
https://immigratetobrazil.com/pt-br/insights/naturalisation/,pt-br/insights/naturalisation/index.html,APPLIED,CONSISTENT ORGANIZATION DESCRIPTION,PRESERVED,NOT DEPLOYED
https://immigratetobrazil.com/pt-br/insights/naturalisation/a-child-born-in-brazil-has-in-general-the-right-to-brazilian-nationali/,pt-br/insights/naturalisation/a-child-born-in-brazil-has-in-general-the-right-to-brazilian-nationali/index.html,PRESERVED — SOURCE REVIEW REQUIRED — no publication-ready rewrite,CONSISTENT ORGANIZATION DESCRIPTION,PRESERVED,NOT DEPLOYED
https://immigratetobrazil.com/pt-br/insights/naturalisation/a-recent-case-in-brazil-where-a-tourist-was-fined-the-equivalent-of-ne/,pt-br/insights/naturalisation/a-recent-case-in-brazil-where-a-tourist-was-fined-the-equivalent-of-ne/index.html,PRESERVED — SOURCE REVIEW REQUIRED — no publication-ready rewrite,CONSISTENT ORGANIZATION DESCRIPTION,PRESERVED,NOT DEPLOYED
https://immigratetobrazil.com/pt-br/insights/naturalisation/a-very-important-public-body-that-foreigners-should-know-about-when-li/,pt-br/insights/naturalisation/a-very-important-public-body-that-foreigners-should-know-about-when-li/index.html,PRESERVED — SOURCE REVIEW REQUIRED — no publication-ready rewrite,CONSISTENT ORGANIZATION DESCRIPTION,PRESERVED,NOT DEPLOYED
https://immigratetobrazil.com/pt-br/insights/naturalisation/after-an-application-for-naturalization-was-denied-through-the-adminis/,pt-br/insights/naturalisation/after-an-application-for-naturalization-was-denied-through-the-adminis/index.html,PRESERVED — SOURCE REVIEW REQUIRED — no publication-ready rewrite,CONSISTENT ORGANIZATION DESCRIPTION,PRESERVED,NOT DEPLOYED
https://immigratetobrazil.com/pt-br/insights/naturalisation/after-the-naturalization-request-was-denied-administratively-an-action/,pt-br/insights/naturalisation/after-the-naturalization-request-was-denied-administratively-an-action/index.html,PRESERVED — SOURCE REVIEW REQUIRED — no publication-ready rewrite,CONSISTENT ORGANIZATION DESCRIPTION,PRESERVED,NOT DEPLOYED
https://immigratetobrazil.com/pt-br/insights/naturalisation/aire-is-a-vital-and-mandatory-registration-for-italian-citizens-living/,pt-br/insights/naturalisation/aire-is-a-vital-and-mandatory-registration-for-italian-citizens-living/index.html,PRESERVED — SOURCE REVIEW REQUIRED — no publication-ready rewrite,CONSISTENT ORGANIZATION DESCRIPTION,PRESERVED,NOT DEPLOYED
https://immigratetobrazil.com/pt-br/insights/naturalisation/as-of-late-july-2024-the-ministry-of-justice-and-public-security-mjsp/,pt-br/insights/naturalisation/as-of-late-july-2024-the-ministry-of-justice-and-public-security-mjsp/index.html,PRESERVED — SOURCE REVIEW REQUIRED — no publication-ready rewrite,CONSISTENT ORGANIZATION DESCRIPTION,PRESERVED,NOT DEPLOYED
https://immigratetobrazil.com/pt-br/insights/naturalisation/at-the-beginning-of-the-search-and-with-little-information-identifying/,pt-br/insights/naturalisation/at-the-beginning-of-the-search-and-with-little-information-identifying/index.html,PRESERVED — SOURCE REVIEW REQUIRED — no publication-ready rewrite,CONSISTENT ORGANIZATION DESCRIPTION,PRESERVED,NOT DEPLOYED
https://immigratetobrazil.com/pt-br/insights/naturalisation/brazil-grants-permanent-residence-to-foreigners-through-different-type/,pt-br/insights/naturalisation/brazil-grants-permanent-residence-to-foreigners-through-different-type/index.html,PRESERVED — SOURCE REVIEW REQUIRED — no publication-ready rewrite,CONSISTENT ORGANIZATION DESCRIPTION,PRESERVED,NOT DEPLOYED
https://immigratetobrazil.com/pt-br/insights/naturalisation/brazil-legal-guidance-eligibility-and-process-2/,pt-br/insights/naturalisation/brazil-legal-guidance-eligibility-and-process-2/index.html,PRESERVED — SOURCE REVIEW REQUIRED — no publication-ready rewrite,CONSISTENT ORGANIZATION DESCRIPTION,PRESERVED,NOT DEPLOYED
https://immigratetobrazil.com/pt-br/insights/naturalisation/brazil-legal-guidance-eligibility-and-process-3/,pt-br/insights/naturalisation/brazil-legal-guidance-eligibility-and-process-3/index.html,PRESERVED — SOURCE REVIEW REQUIRED — no publication-ready rewrite,CONSISTENT ORGANIZATION DESCRIPTION,PRESERVED,NOT DEPLOYED
https://immigratetobrazil.com/pt-br/insights/naturalisation/brazil-legal-guidance-eligibility-and-process-4/,pt-br/insights/naturalisation/brazil-legal-guidance-eligibility-and-process-4/index.html,PRESERVED — SOURCE REVIEW REQUIRED — no publication-ready rewrite,CONSISTENT ORGANIZATION DESCRIPTION,PRESERVED,NOT DEPLOYED
https://immigratetobrazil.com/pt-br/insights/naturalisation/brazil-legal-guidance-eligibility-and-process/,pt-br/insights/naturalisation/brazil-legal-guidance-eligibility-and-process/index.html,PRESERVED — SOURCE REVIEW REQUIRED — no publication-ready rewrite,CONSISTENT ORGANIZATION DESCRIPTION,PRESERVED,NOT DEPLOYED
https://immigratetobrazil.com/pt-br/insights/naturalisation/brazil-offers-a-special-form-of-naturalisation-for-foreigners-who-have/,pt-br/insights/naturalisation/brazil-offers-a-special-form-of-naturalisation-for-foreigners-who-have/index.html,PRESERVED — SOURCE REVIEW REQUIRED — no publication-ready rewrite,CONSISTENT ORGANIZATION DESCRIPTION,PRESERVED,NOT DEPLOYED
https://immigratetobrazil.com/pt-br/insights/naturalisation/brazil-offers-a-special-form-of-naturalization-for-those-who-have-prov/,pt-br/insights/naturalisation/brazil-offers-a-special-form-of-naturalization-for-those-who-have-prov/index.html,PRESERVED — SOURCE REVIEW REQUIRED — no publication-ready rewrite,CONSISTENT ORGANIZATION DESCRIPTION,PRESERVED,NOT DEPLOYED
https://immigratetobrazil.com/pt-br/insights/naturalisation/brazil-offers-a-specific-visa-and-residence-permit-for-artists-and-ath/,pt-br/insights/naturalisation/brazil-offers-a-specific-visa-and-residence-permit-for-artists-and-ath/index.html,PRESERVED — SOURCE REVIEW REQUIRED — no publication-ready rewrite,CONSISTENT ORGANIZATION DESCRIPTION,PRESERVED,NOT DEPLOYED
https://immigratetobrazil.com/pt-br/insights/naturalisation/brazil-offers-the-possibility-of-permanent-residence-for-foreign-famil/,pt-br/insights/naturalisation/brazil-offers-the-possibility-of-permanent-residence-for-foreign-famil/index.html,PRESERVED — SOURCE REVIEW REQUIRED — no publication-ready rewrite,CONSISTENT ORGANIZATION DESCRIPTION,PRESERVED,NOT DEPLOYED
https://immigratetobrazil.com/pt-br/insights/naturalisation/brazil-recognises-various-types-of-travel-documents-for-the-purposes-o/,pt-br/insights/naturalisation/brazil-recognises-various-types-of-travel-documents-for-the-purposes-o/index.html,PRESERVED — SOURCE REVIEW REQUIRED — no publication-ready rewrite,CONSISTENT ORGANIZATION DESCRIPTION,PRESERVED,NOT DEPLOYED
https://immigratetobrazil.com/pt-br/insights/naturalisation/brazil-recognizes-several-types-of-travel-documents-for-purposes-of-en/,pt-br/insights/naturalisation/brazil-recognizes-several-types-of-travel-documents-for-purposes-of-en/index.html,PRESERVED — SOURCE REVIEW REQUIRED — no publication-ready rewrite,CONSISTENT ORGANIZATION DESCRIPTION,PRESERVED,NOT DEPLOYED
https://immigratetobrazil.com/pt-br/insights/naturalisation/brazil-s-rise-in-global-mobility-rankings-and-the-usa-passport-drops-o/,pt-br/insights/naturalisation/brazil-s-rise-in-global-mobility-rankings-and-the-usa-passport-drops-o/index.html,PRESERVED — SOURCE REVIEW REQUIRED — no publication-ready rewrite,CONSISTENT ORGANIZATION DESCRIPTION,PRESERVED,NOT DEPLOYED
https://immigratetobrazil.com/pt-br/insights/naturalisation/brazilian-nationality-is-not-always-determined-automatically/,pt-br/insights/naturalisation/brazilian-nationality-is-not-always-determined-automatically/index.html,PRESERVED — SOURCE REVIEW REQUIRED — no publication-ready rewrite,CONSISTENT ORGANIZATION DESCRIPTION,PRESERVED,NOT DEPLOYED
https://immigratetobrazil.com/pt-br/insights/naturalisation/brazilian-naturalisation-legal-requirements-and-filing-steps-in-brazil-2/,pt-br/insights/naturalisation/brazilian-naturalisation-legal-requirements-and-filing-steps-in-brazil-2/index.html,PRESERVED — SOURCE REVIEW REQUIRED — no publication-ready rewrite,CONSISTENT ORGANIZATION DESCRIPTION,PRESERVED,NOT DEPLOYED
https://immigratetobrazil.com/pt-br/insights/naturalisation/brazilian-naturalisation-legal-requirements-and-filing-steps-in-brazil-3/,pt-br/insights/naturalisation/brazilian-naturalisation-legal-requirements-and-filing-steps-in-brazil-3/index.html,PRESERVED — SOURCE REVIEW REQUIRED — no publication-ready rewrite,CONSISTENT ORGANIZATION DESCRIPTION,PRESERVED,NOT DEPLOYED
https://immigratetobrazil.com/pt-br/insights/naturalisation/brazilian-naturalisation-legal-requirements-and-filing-steps-in-brazil/,pt-br/insights/naturalisation/brazilian-naturalisation-legal-requirements-and-filing-steps-in-brazil/index.html,PRESERVED — SOURCE REVIEW REQUIRED — no publication-ready rewrite,CONSISTENT ORGANIZATION DESCRIPTION,PRESERVED,NOT DEPLOYED
https://immigratetobrazil.com/pt-br/insights/naturalisation/brazilians-have-reported-problems-processing-expressions-of-interest-t/,pt-br/insights/naturalisation/brazilians-have-reported-problems-processing-expressions-of-interest-t/index.html,PRESERVED — SOURCE REVIEW REQUIRED — no publication-ready rewrite,CONSISTENT ORGANIZATION DESCRIPTION,PRESERVED,NOT DEPLOYED
https://immigratetobrazil.com/pt-br/insights/naturalisation/companies-and-individuals-in-brazil-can-hire-foreigners-through-a-form/,pt-br/insights/naturalisation/companies-and-individuals-in-brazil-can-hire-foreigners-through-a-form/index.html,PRESERVED — SOURCE REVIEW REQUIRED — no publication-ready rewrite,CONSISTENT ORGANIZATION DESCRIPTION,PRESERVED,NOT DEPLOYED
https://immigratetobrazil.com/pt-br/insights/naturalisation/despite-the-international-names-these-delicacies-are-very-brazilian-or/,pt-br/insights/naturalisation/despite-the-international-names-these-delicacies-are-very-brazilian-or/index.html,PRESERVED — SOURCE REVIEW REQUIRED — no publication-ready rewrite,CONSISTENT ORGANIZATION DESCRIPTION,PRESERVED,NOT DEPLOYED
https://immigratetobrazil.com/pt-br/insights/naturalisation/establishing-yourself-in-brazil-with-your-family-is-entirely-possible/,pt-br/insights/naturalisation/establishing-yourself-in-brazil-with-your-family-is-entirely-possible/index.html,PRESERVED — SOURCE REVIEW REQUIRED — no publication-ready rewrite,CONSISTENT ORGANIZATION DESCRIPTION,PRESERVED,NOT DEPLOYED
https://immigratetobrazil.com/pt-br/insights/naturalisation/etias-european-travel-information-and-authorization-system-will-be-a-r/,pt-br/insights/naturalisation/etias-european-travel-information-and-authorization-system-will-be-a-r/index.html,PRESERVED — SOURCE REVIEW REQUIRED — no publication-ready rewrite,CONSISTENT ORGANIZATION DESCRIPTION,PRESERVED,NOT DEPLOYED
https://immigratetobrazil.com/pt-br/insights/naturalisation/firstly-it-is-essential-to-understand-that-both-brazil-and-the-united/,pt-br/insights/naturalisation/firstly-it-is-essential-to-understand-that-both-brazil-and-the-united/index.html,PRESERVED — SOURCE REVIEW REQUIRED — no publication-ready rewrite,CONSISTENT ORGANIZATION DESCRIPTION,PRESERVED,NOT DEPLOYED
https://immigratetobrazil.com/pt-br/insights/naturalisation/for-those-who-have-fallen-in-love-with-brazil-and-wish-to-make-it-thei/,pt-br/insights/naturalisation/for-those-who-have-fallen-in-love-with-brazil-and-wish-to-make-it-thei/index.html,PRESERVED — SOURCE REVIEW REQUIRED — no publication-ready rewrite,CONSISTENT ORGANIZATION DESCRIPTION,PRESERVED,NOT DEPLOYED
https://immigratetobrazil.com/pt-br/insights/naturalisation/foreigners-may-apply-for-a-brazilian-passport-under-specific-circumsta/,pt-br/insights/naturalisation/foreigners-may-apply-for-a-brazilian-passport-under-specific-circumsta/index.html,PRESERVED — SOURCE REVIEW REQUIRED — no publication-ready rewrite,CONSISTENT ORGANIZATION DESCRIPTION,PRESERVED,NOT DEPLOYED
https://immigratetobrazil.com/pt-br/insights/naturalisation/foreigners-must-prove-legal-residence-in-portugal-for-at-least-five-ye/,pt-br/insights/naturalisation/foreigners-must-prove-legal-residence-in-portugal-for-at-least-five-ye/index.html,PRESERVED — SOURCE REVIEW REQUIRED — no publication-ready rewrite,CONSISTENT ORGANIZATION DESCRIPTION,PRESERVED,NOT DEPLOYED
https://immigratetobrazil.com/pt-br/insights/naturalisation/foreigners-who-exceed-the-permitted-time-of-stay-in-brazil-either-by-e/,pt-br/insights/naturalisation/foreigners-who-exceed-the-permitted-time-of-stay-in-brazil-either-by-e/index.html,PRESERVED — SOURCE REVIEW REQUIRED — no publication-ready rewrite,CONSISTENT ORGANIZATION DESCRIPTION,PRESERVED,NOT DEPLOYED
https://immigratetobrazil.com/pt-br/insights/naturalisation/having-a-valid-american-visa-does-not-automatically-guarantee-entry-in/,pt-br/insights/naturalisation/having-a-valid-american-visa-does-not-automatically-guarantee-entry-in/index.html,PRESERVED — SOURCE REVIEW REQUIRED — no publication-ready rewrite,CONSISTENT ORGANIZATION DESCRIPTION,PRESERVED,NOT DEPLOYED
https://immigratetobrazil.com/pt-br/insights/naturalisation/i-am-a-regular-resident-but-i-am-outside-brazil/,pt-br/insights/naturalisation/i-am-a-regular-resident-but-i-am-outside-brazil/index.html,PRESERVED — SOURCE REVIEW REQUIRED — no publication-ready rewrite,CONSISTENT ORGANIZATION DESCRIPTION,PRESERVED,NOT DEPLOYED
https://immigratetobrazil.com/pt-br/insights/naturalisation/if-you-fell-in-love-with-brazil-and-want-to-make-this-country-your-tru/,pt-br/insights/naturalisation/if-you-fell-in-love-with-brazil-and-want-to-make-this-country-your-tru/index.html,PRESERVED — SOURCE REVIEW REQUIRED — no publication-ready rewrite,CONSISTENT ORGANIZATION DESCRIPTION,PRESERVED,NOT DEPLOYED
https://immigratetobrazil.com/pt-br/insights/naturalisation/if-you-have-a-luxembourgish-parent-or-grandparent-you-also-would-not-n/,pt-br/insights/naturalisation/if-you-have-a-luxembourgish-parent-or-grandparent-you-also-would-not-n/index.html,PRESERVED — SOURCE REVIEW REQUIRED — no publication-ready rewrite,CONSISTENT ORGANIZATION DESCRIPTION,PRESERVED,NOT DEPLOYED
https://immigratetobrazil.com/pt-br/insights/naturalisation/if-your-baby-was-born-in-brazil-you-may-be-eligible-to-apply-for-a-bra/,pt-br/insights/naturalisation/if-your-baby-was-born-in-brazil-you-may-be-eligible-to-apply-for-a-bra/index.html,PRESERVED — SOURCE REVIEW REQUIRED — no publication-ready rewrite,CONSISTENT ORGANIZATION DESCRIPTION,PRESERVED,NOT DEPLOYED
https://immigratetobrazil.com/pt-br/insights/naturalisation/in-brazil-deportation-is-an-administrative-measure-applied-to-people-w/,pt-br/insights/naturalisation/in-brazil-deportation-is-an-administrative-measure-applied-to-people-w/index.html,PRESERVED — SOURCE REVIEW REQUIRED — no publication-ready rewrite,CONSISTENT ORGANIZATION DESCRIPTION,PRESERVED,NOT DEPLOYED
https://immigratetobrazil.com/pt-br/insights/naturalisation/in-brazil-undergraduate-and-postgraduate-diplomas-obtained-abroad-must/,pt-br/insights/naturalisation/in-brazil-undergraduate-and-postgraduate-diplomas-obtained-abroad-must/index.html,PRESERVED — SOURCE REVIEW REQUIRED — no publication-ready rewrite,CONSISTENT ORGANIZATION DESCRIPTION,PRESERVED,NOT DEPLOYED
https://immigratetobrazil.com/pt-br/insights/naturalisation/in-other-words-even-if-the-birth-took-place-years-ago-registration-can/,pt-br/insights/naturalisation/in-other-words-even-if-the-birth-took-place-years-ago-registration-can/index.html,PRESERVED — SOURCE REVIEW REQUIRED — no publication-ready rewrite,CONSISTENT ORGANIZATION DESCRIPTION,PRESERVED,NOT DEPLOYED
https://immigratetobrazil.com/pt-br/insights/naturalisation/in-principle-yes-but-it-is-not-recommended/,pt-br/insights/naturalisation/in-principle-yes-but-it-is-not-recommended/index.html,PRESERVED — SOURCE REVIEW REQUIRED — no publication-ready rewrite,CONSISTENT ORGANIZATION DESCRIPTION,PRESERVED,NOT DEPLOYED
https://immigratetobrazil.com/pt-br/insights/naturalisation/in-some-cases-there-is-the-possibility-for-the-great-grandchildren-of/,pt-br/insights/naturalisation/in-some-cases-there-is-the-possibility-for-the-great-grandchildren-of/index.html,PRESERVED — SOURCE REVIEW REQUIRED — no publication-ready rewrite,CONSISTENT ORGANIZATION DESCRIPTION,PRESERVED,NOT DEPLOYED
https://immigratetobrazil.com/pt-br/insights/naturalisation/in-the-context-of-relations-between-brazil-and-portugal-the-request-fo/,pt-br/insights/naturalisation/in-the-context-of-relations-between-brazil-and-portugal-the-request-fo/index.html,PRESERVED — SOURCE REVIEW REQUIRED — no publication-ready rewrite,CONSISTENT ORGANIZATION DESCRIPTION,PRESERVED,NOT DEPLOYED
https://immigratetobrazil.com/pt-br/insights/naturalisation/in-the-event-of-deportation-it-is-essential-that-the-immigrant-is-awar/,pt-br/insights/naturalisation/in-the-event-of-deportation-it-is-essential-that-the-immigrant-is-awar/index.html,PRESERVED — SOURCE REVIEW REQUIRED — no publication-ready rewrite,CONSISTENT ORGANIZATION DESCRIPTION,PRESERVED,NOT DEPLOYED
https://immigratetobrazil.com/pt-br/insights/naturalisation/international-child-custody-can-become-a-complex-issue-when-one-of-the/,pt-br/insights/naturalisation/international-child-custody-can-become-a-complex-issue-when-one-of-the/index.html,PRESERVED — SOURCE REVIEW REQUIRED — no publication-ready rewrite,CONSISTENT ORGANIZATION DESCRIPTION,PRESERVED,NOT DEPLOYED
https://immigratetobrazil.com/pt-br/insights/naturalisation/international-child-custody-can-become-a-complex-issue-when-one-parent/,pt-br/insights/naturalisation/international-child-custody-can-become-a-complex-issue-when-one-parent/index.html,PRESERVED — SOURCE REVIEW REQUIRED — no publication-ready rewrite,CONSISTENT ORGANIZATION DESCRIPTION,PRESERVED,NOT DEPLOYED
https://immigratetobrazil.com/pt-br/insights/naturalisation/investing-in-brazil-with-an-investor-visa-offers-a-dynamic-blend-of-ec/,pt-br/insights/naturalisation/investing-in-brazil-with-an-investor-visa-offers-a-dynamic-blend-of-ec/index.html,PRESERVED — SOURCE REVIEW REQUIRED — no publication-ready rewrite,CONSISTENT ORGANIZATION DESCRIPTION,PRESERVED,NOT DEPLOYED
https://immigratetobrazil.com/pt-br/insights/naturalisation/it-is-an-important-date-to-reinforce-the-fight-against-all-forms-of-ra/,pt-br/insights/naturalisation/it-is-an-important-date-to-reinforce-the-fight-against-all-forms-of-ra/index.html,PRESERVED — SOURCE REVIEW REQUIRED — no publication-ready rewrite,CONSISTENT ORGANIZATION DESCRIPTION,PRESERVED,NOT DEPLOYED
https://immigratetobrazil.com/pt-br/insights/naturalisation/it-is-important-to-highlight-that-the-process-of-obtaining-luxembourg/,pt-br/insights/naturalisation/it-is-important-to-highlight-that-the-process-of-obtaining-luxembourg/index.html,PRESERVED — SOURCE REVIEW REQUIRED — no publication-ready rewrite,CONSISTENT ORGANIZATION DESCRIPTION,PRESERVED,NOT DEPLOYED
https://immigratetobrazil.com/pt-br/insights/naturalisation/it-is-possible-for-a-brazilian-person-to-request-recognition-of-irish/,pt-br/insights/naturalisation/it-is-possible-for-a-brazilian-person-to-request-recognition-of-irish/index.html,PRESERVED — SOURCE REVIEW REQUIRED — no publication-ready rewrite,CONSISTENT ORGANIZATION DESCRIPTION,PRESERVED,NOT DEPLOYED
https://immigratetobrazil.com/pt-br/insights/naturalisation/it-is-possible-for-someone-to-visit-brazil-as-a-tourist-and-upon-falli-2/,pt-br/insights/naturalisation/it-is-possible-for-someone-to-visit-brazil-as-a-tourist-and-upon-falli-2/index.html,PRESERVED — SOURCE REVIEW REQUIRED — no publication-ready rewrite,CONSISTENT ORGANIZATION DESCRIPTION,PRESERVED,NOT DEPLOYED
https://immigratetobrazil.com/pt-br/insights/naturalisation/it-is-possible-for-someone-to-visit-brazil-as-a-tourist-and-upon-falli/,pt-br/insights/naturalisation/it-is-possible-for-someone-to-visit-brazil-as-a-tourist-and-upon-falli/index.html,PRESERVED — SOURCE REVIEW REQUIRED — no publication-ready rewrite,CONSISTENT ORGANIZATION DESCRIPTION,PRESERVED,NOT DEPLOYED
https://immigratetobrazil.com/pt-br/insights/naturalisation/it-should-be-noted-that-no-one-will-be-prevented-from-entering-the-cou/,pt-br/insights/naturalisation/it-should-be-noted-that-no-one-will-be-prevented-from-entering-the-cou/index.html,PRESERVED — SOURCE REVIEW REQUIRED — no publication-ready rewrite,CONSISTENT ORGANIZATION DESCRIPTION,PRESERVED,NOT DEPLOYED
https://immigratetobrazil.com/pt-br/insights/naturalisation/large-universities-outside-brazil-allow-admission-without-the-need-to/,pt-br/insights/naturalisation/large-universities-outside-brazil-allow-admission-without-the-need-to/index.html,PRESERVED — SOURCE REVIEW REQUIRED — no publication-ready rewrite,CONSISTENT ORGANIZATION DESCRIPTION,PRESERVED,NOT DEPLOYED
https://immigratetobrazil.com/pt-br/insights/naturalisation/legal-guidance-eligibility-requirements-and-filing-steps-2/,pt-br/insights/naturalisation/legal-guidance-eligibility-requirements-and-filing-steps-2/index.html,PRESERVED — SOURCE REVIEW REQUIRED — no publication-ready rewrite,CONSISTENT ORGANIZATION DESCRIPTION,PRESERVED,NOT DEPLOYED
https://immigratetobrazil.com/pt-br/insights/naturalisation/legal-guidance-eligibility-requirements-and-filing-steps-3/,pt-br/insights/naturalisation/legal-guidance-eligibility-requirements-and-filing-steps-3/index.html,PRESERVED — SOURCE REVIEW REQUIRED — no publication-ready rewrite,CONSISTENT ORGANIZATION DESCRIPTION,PRESERVED,NOT DEPLOYED
https://immigratetobrazil.com/pt-br/insights/naturalisation/legal-guidance-eligibility-requirements-and-filing-steps-4/,pt-br/insights/naturalisation/legal-guidance-eligibility-requirements-and-filing-steps-4/index.html,PRESERVED — SOURCE REVIEW REQUIRED — no publication-ready rewrite,CONSISTENT ORGANIZATION DESCRIPTION,PRESERVED,NOT DEPLOYED
https://immigratetobrazil.com/pt-br/insights/naturalisation/legal-guidance-eligibility-requirements-and-filing-steps-5/,pt-br/insights/naturalisation/legal-guidance-eligibility-requirements-and-filing-steps-5/index.html,PRESERVED — SOURCE REVIEW REQUIRED — no publication-ready rewrite,CONSISTENT ORGANIZATION DESCRIPTION,PRESERVED,NOT DEPLOYED
https://immigratetobrazil.com/pt-br/insights/naturalisation/legal-guidance-eligibility-requirements-and-filing-steps-6/,pt-br/insights/naturalisation/legal-guidance-eligibility-requirements-and-filing-steps-6/index.html,PRESERVED — SOURCE REVIEW REQUIRED — no publication-ready rewrite,CONSISTENT ORGANIZATION DESCRIPTION,PRESERVED,NOT DEPLOYED
https://immigratetobrazil.com/pt-br/insights/naturalisation/legal-guidance-eligibility-requirements-and-filing-steps-7/,pt-br/insights/naturalisation/legal-guidance-eligibility-requirements-and-filing-steps-7/index.html,PRESERVED — SOURCE REVIEW REQUIRED — no publication-ready rewrite,CONSISTENT ORGANIZATION DESCRIPTION,PRESERVED,NOT DEPLOYED
https://immigratetobrazil.com/pt-br/insights/naturalisation/legal-guidance-eligibility-requirements-and-filing-steps-8/,pt-br/insights/naturalisation/legal-guidance-eligibility-requirements-and-filing-steps-8/index.html,PRESERVED — SOURCE REVIEW REQUIRED — no publication-ready rewrite,CONSISTENT ORGANIZATION DESCRIPTION,PRESERVED,NOT DEPLOYED
https://immigratetobrazil.com/pt-br/insights/naturalisation/legal-guidance-eligibility-requirements-and-filing-steps/,pt-br/insights/naturalisation/legal-guidance-eligibility-requirements-and-filing-steps/index.html,PRESERVED — SOURCE REVIEW REQUIRED — no publication-ready rewrite,CONSISTENT ORGANIZATION DESCRIPTION,PRESERVED,NOT DEPLOYED
https://immigratetobrazil.com/pt-br/insights/naturalisation/luso-brazilian-community-day-celebrates-the-strong-ties-between-portug/,pt-br/insights/naturalisation/luso-brazilian-community-day-celebrates-the-strong-ties-between-portug/index.html,PRESERVED — SOURCE REVIEW REQUIRED — no publication-ready rewrite,CONSISTENT ORGANIZATION DESCRIPTION,PRESERVED,NOT DEPLOYED
https://immigratetobrazil.com/pt-br/insights/naturalisation/military-enlistment-is-mandatory-for-brazilians-even-abroad-even-livin/,pt-br/insights/naturalisation/military-enlistment-is-mandatory-for-brazilians-even-abroad-even-livin/index.html,PRESERVED — SOURCE REVIEW REQUIRED — no publication-ready rewrite,CONSISTENT ORGANIZATION DESCRIPTION,PRESERVED,NOT DEPLOYED
https://immigratetobrazil.com/pt-br/insights/naturalisation/my-immigrant-card-is-valid-until-2030-but-my-stable-union-is-over/,pt-br/insights/naturalisation/my-immigrant-card-is-valid-until-2030-but-my-stable-union-is-over/index.html,PRESERVED — SOURCE REVIEW REQUIRED — no publication-ready rewrite,CONSISTENT ORGANIZATION DESCRIPTION,PRESERVED,NOT DEPLOYED
https://immigratetobrazil.com/pt-br/insights/naturalisation/naturalized-brazilian-men-aged-between-18-and-45-must-enlist-in-the-mi/,pt-br/insights/naturalisation/naturalized-brazilian-men-aged-between-18-and-45-must-enlist-in-the-mi/index.html,PRESERVED — SOURCE REVIEW REQUIRED — no publication-ready rewrite,CONSISTENT ORGANIZATION DESCRIPTION,PRESERVED,NOT DEPLOYED
https://immigratetobrazil.com/pt-br/insights/naturalisation/november-20th-black-awareness-day-black-awareness-day-is-a-historical/,pt-br/insights/naturalisation/november-20th-black-awareness-day-black-awareness-day-is-a-historical/index.html,PRESERVED — SOURCE REVIEW REQUIRED — no publication-ready rewrite,CONSISTENT ORGANIZATION DESCRIPTION,PRESERVED,NOT DEPLOYED
https://immigratetobrazil.com/pt-br/insights/naturalisation/on-december-19-2023-the-french-senate-approved-a-controversial-immigra/,pt-br/insights/naturalisation/on-december-19-2023-the-french-senate-approved-a-controversial-immigra/index.html,PRESERVED — SOURCE REVIEW REQUIRED — no publication-ready rewrite,CONSISTENT ORGANIZATION DESCRIPTION,PRESERVED,NOT DEPLOYED
https://immigratetobrazil.com/pt-br/insights/naturalisation/on-teacher-s-day-celebrated-on-october-15th-we-honor-those-who-with-de/,pt-br/insights/naturalisation/on-teacher-s-day-celebrated-on-october-15th-we-honor-those-who-with-de/index.html,PRESERVED — SOURCE REVIEW REQUIRED — no publication-ready rewrite,CONSISTENT ORGANIZATION DESCRIPTION,PRESERVED,NOT DEPLOYED
https://immigratetobrazil.com/pt-br/insights/naturalisation/on-this-date-we-reinforce-our-commitment-to-valuing-and-protecting-eld/,pt-br/insights/naturalisation/on-this-date-we-reinforce-our-commitment-to-valuing-and-protecting-eld/index.html,PRESERVED — SOURCE REVIEW REQUIRED — no publication-ready rewrite,CONSISTENT ORGANIZATION DESCRIPTION,PRESERVED,NOT DEPLOYED
https://immigratetobrazil.com/pt-br/insights/naturalisation/on-this-day-we-express-gratitude-to-each-person-who-trusts-our-legal-w/,pt-br/insights/naturalisation/on-this-day-we-express-gratitude-to-each-person-who-trusts-our-legal-w/index.html,PRESERVED — SOURCE REVIEW REQUIRED — no publication-ready rewrite,CONSISTENT ORGANIZATION DESCRIPTION,PRESERVED,NOT DEPLOYED
https://immigratetobrazil.com/pt-br/insights/naturalisation/once-approved-this-process-grants-you-full-brazilian-citizenship-with/,pt-br/insights/naturalisation/once-approved-this-process-grants-you-full-brazilian-citizenship-with/index.html,PRESERVED — SOURCE REVIEW REQUIRED — no publication-ready rewrite,CONSISTENT ORGANIZATION DESCRIPTION,PRESERVED,NOT DEPLOYED
https://immigratetobrazil.com/pt-br/insights/naturalisation/parents-of-minor-children-with-dual-nationality-can-and-should-maintai/,pt-br/insights/naturalisation/parents-of-minor-children-with-dual-nationality-can-and-should-maintai/index.html,PRESERVED — SOURCE REVIEW REQUIRED — no publication-ready rewrite,CONSISTENT ORGANIZATION DESCRIPTION,PRESERVED,NOT DEPLOYED
https://immigratetobrazil.com/pt-br/insights/naturalisation/people-living-in-brazil-can-apply-for-naturalisation-to-become-brazili/,pt-br/insights/naturalisation/people-living-in-brazil-can-apply-for-naturalisation-to-become-brazili/index.html,PRESERVED — SOURCE REVIEW REQUIRED — no publication-ready rewrite,CONSISTENT ORGANIZATION DESCRIPTION,PRESERVED,NOT DEPLOYED
https://immigratetobrazil.com/pt-br/insights/naturalisation/permanent-residence-permit-and-citizenship-are-two-distinct-legal-stat-2/,pt-br/insights/naturalisation/permanent-residence-permit-and-citizenship-are-two-distinct-legal-stat-2/index.html,PRESERVED — SOURCE REVIEW REQUIRED — no publication-ready rewrite,CONSISTENT ORGANIZATION DESCRIPTION,PRESERVED,NOT DEPLOYED
https://immigratetobrazil.com/pt-br/insights/naturalisation/permanent-residence-permit-and-citizenship-are-two-distinct-legal-stat/,pt-br/insights/naturalisation/permanent-residence-permit-and-citizenship-are-two-distinct-legal-stat/index.html,PRESERVED — SOURCE REVIEW REQUIRED — no publication-ready rewrite,CONSISTENT ORGANIZATION DESCRIPTION,PRESERVED,NOT DEPLOYED
https://immigratetobrazil.com/pt-br/insights/naturalisation/pix-a-brazilian-instant-payment-system-is-expanding-internationally-th/,pt-br/insights/naturalisation/pix-a-brazilian-instant-payment-system-is-expanding-internationally-th/index.html,PRESERVED — SOURCE REVIEW REQUIRED — no publication-ready rewrite,CONSISTENT ORGANIZATION DESCRIPTION,PRESERVED,NOT DEPLOYED
https://immigratetobrazil.com/pt-br/insights/naturalisation/portugal-recently-approved-a-set-of-changes-to-immigration-legislation/,pt-br/insights/naturalisation/portugal-recently-approved-a-set-of-changes-to-immigration-legislation/index.html,PRESERVED — SOURCE REVIEW REQUIRED — no publication-ready rewrite,CONSISTENT ORGANIZATION DESCRIPTION,PRESERVED,NOT DEPLOYED
https://immigratetobrazil.com/pt-br/insights/naturalisation/pregnant-women-that-come-to-brazil-to-have-their-baby-can-apply-for-re/,pt-br/insights/naturalisation/pregnant-women-that-come-to-brazil-to-have-their-baby-can-apply-for-re/index.html,PRESERVED — SOURCE REVIEW REQUIRED — no publication-ready rewrite,CONSISTENT ORGANIZATION DESCRIPTION,PRESERVED,NOT DEPLOYED
https://immigratetobrazil.com/pt-br/insights/naturalisation/president-joe-biden-signed-an-executive-order-to-simplify-the-process/,pt-br/insights/naturalisation/president-joe-biden-signed-an-executive-order-to-simplify-the-process/index.html,PRESERVED — SOURCE REVIEW REQUIRED — no publication-ready rewrite,CONSISTENT ORGANIZATION DESCRIPTION,PRESERVED,NOT DEPLOYED
https://immigratetobrazil.com/pt-br/insights/naturalisation/recently-the-united-states-lost-its-position-in-the-top-10-of-the-most/,pt-br/insights/naturalisation/recently-the-united-states-lost-its-position-in-the-top-10-of-the-most/index.html,PRESERVED — SOURCE REVIEW REQUIRED — no publication-ready rewrite,CONSISTENT ORGANIZATION DESCRIPTION,PRESERVED,NOT DEPLOYED
https://immigratetobrazil.com/pt-br/insights/naturalisation/rectification-of-settlements-is-an-essential-procedure-in-citizenship/,pt-br/insights/naturalisation/rectification-of-settlements-is-an-essential-procedure-in-citizenship/index.html,PRESERVED — SOURCE REVIEW REQUIRED — no publication-ready rewrite,CONSISTENT ORGANIZATION DESCRIPTION,PRESERVED,NOT DEPLOYED
https://immigratetobrazil.com/pt-br/insights/naturalisation/refugees-unlike-other-immigrants-are-those-who-suffer-compulsory-displ/,pt-br/insights/naturalisation/refugees-unlike-other-immigrants-are-those-who-suffer-compulsory-displ/index.html,PRESERVED — SOURCE REVIEW REQUIRED — no publication-ready rewrite,CONSISTENT ORGANIZATION DESCRIPTION,PRESERVED,NOT DEPLOYED
https://immigratetobrazil.com/pt-br/insights/naturalisation/registering-a-childs-birth-at-a-brazilian-consular-office-abroad-is-no/,pt-br/insights/naturalisation/registering-a-childs-birth-at-a-brazilian-consular-office-abroad-is-no/index.html,PRESERVED — SOURCE REVIEW REQUIRED — no publication-ready rewrite,CONSISTENT ORGANIZATION DESCRIPTION,PRESERVED,NOT DEPLOYED
https://immigratetobrazil.com/pt-br/insights/naturalisation/relocating-to-brazil-with-your-family-is-certainly-possible-as-long-as/,pt-br/insights/naturalisation/relocating-to-brazil-with-your-family-is-certainly-possible-as-long-as/index.html,PRESERVED — SOURCE REVIEW REQUIRED — no publication-ready rewrite,CONSISTENT ORGANIZATION DESCRIPTION,PRESERVED,NOT DEPLOYED
https://immigratetobrazil.com/pt-br/insights/naturalisation/searching-for-certificates-is-an-essential-step-in-the-citizenship-pro/,pt-br/insights/naturalisation/searching-for-certificates-is-an-essential-step-in-the-citizenship-pro/index.html,PRESERVED — SOURCE REVIEW REQUIRED — no publication-ready rewrite,CONSISTENT ORGANIZATION DESCRIPTION,PRESERVED,NOT DEPLOYED
https://immigratetobrazil.com/pt-br/insights/naturalisation/seeking-legal-advice-from-an-immigration-lawyer-in-brazil-is-crucial-d/,pt-br/insights/naturalisation/seeking-legal-advice-from-an-immigration-lawyer-in-brazil-is-crucial-d/index.html,PRESERVED — SOURCE REVIEW REQUIRED — no publication-ready rewrite,CONSISTENT ORGANIZATION DESCRIPTION,PRESERVED,NOT DEPLOYED
https://immigratetobrazil.com/pt-br/insights/naturalisation/sporadic-trips-abroad-for-which-the-sum-of-periods-does-not-exceed-12/,pt-br/insights/naturalisation/sporadic-trips-abroad-for-which-the-sum-of-periods-does-not-exceed-12/index.html,PRESERVED — SOURCE REVIEW REQUIRED — no publication-ready rewrite,CONSISTENT ORGANIZATION DESCRIPTION,PRESERVED,NOT DEPLOYED
https://immigratetobrazil.com/pt-br/insights/naturalisation/sporadic-trips-abroad-the-sum-of-which-does-not-exceed-12-months-durin/,pt-br/insights/naturalisation/sporadic-trips-abroad-the-sum-of-which-does-not-exceed-12-months-durin/index.html,PRESERVED — SOURCE REVIEW REQUIRED — no publication-ready rewrite,CONSISTENT ORGANIZATION DESCRIPTION,PRESERVED,NOT DEPLOYED
https://immigratetobrazil.com/pt-br/insights/naturalisation/starting-september-2-2025-the-u-s-department-of-state-will-require-an/,pt-br/insights/naturalisation/starting-september-2-2025-the-u-s-department-of-state-will-require-an/index.html,PRESERVED — SOURCE REVIEW REQUIRED — no publication-ready rewrite,CONSISTENT ORGANIZATION DESCRIPTION,PRESERVED,NOT DEPLOYED
https://immigratetobrazil.com/pt-br/insights/naturalisation/the-certificate-of-proficiency-in-portuguese-language-for-foreigners-c/,pt-br/insights/naturalisation/the-certificate-of-proficiency-in-portuguese-language-for-foreigners-c/index.html,PRESERVED — SOURCE REVIEW REQUIRED — no publication-ready rewrite,CONSISTENT ORGANIZATION DESCRIPTION,PRESERVED,NOT DEPLOYED
https://immigratetobrazil.com/pt-br/insights/naturalisation/the-chamber-of-deputies-has-just-approved-a-proposed-amendment-to-the/,pt-br/insights/naturalisation/the-chamber-of-deputies-has-just-approved-a-proposed-amendment-to-the/index.html,PRESERVED — SOURCE REVIEW REQUIRED — no publication-ready rewrite,CONSISTENT ORGANIZATION DESCRIPTION,PRESERVED,NOT DEPLOYED
https://immigratetobrazil.com/pt-br/insights/naturalisation/the-date-invites-reflection-on-one-of-the-darkest-pages-in-human-histo/,pt-br/insights/naturalisation/the-date-invites-reflection-on-one-of-the-darkest-pages-in-human-histo/index.html,PRESERVED — SOURCE REVIEW REQUIRED — no publication-ready rewrite,CONSISTENT ORGANIZATION DESCRIPTION,PRESERVED,NOT DEPLOYED
https://immigratetobrazil.com/pt-br/insights/naturalisation/the-deadline-to-begin-the-process-of-recognizing-spanish-citizenship-f/,pt-br/insights/naturalisation/the-deadline-to-begin-the-process-of-recognizing-spanish-citizenship-f/index.html,PRESERVED — SOURCE REVIEW REQUIRED — no publication-ready rewrite,CONSISTENT ORGANIZATION DESCRIPTION,PRESERVED,NOT DEPLOYED
https://immigratetobrazil.com/pt-br/insights/naturalisation/the-humanitarian-and-institutional-crisis-that-is-plaguing-venezuela-h/,pt-br/insights/naturalisation/the-humanitarian-and-institutional-crisis-that-is-plaguing-venezuela-h/index.html,PRESERVED — SOURCE REVIEW REQUIRED — no publication-ready rewrite,CONSISTENT ORGANIZATION DESCRIPTION,PRESERVED,NOT DEPLOYED
https://immigratetobrazil.com/pt-br/insights/naturalisation/the-mercosur-agreement-recognized-primarily-for-its-economic-impacts-a/,pt-br/insights/naturalisation/the-mercosur-agreement-recognized-primarily-for-its-economic-impacts-a/index.html,PRESERVED — SOURCE REVIEW REQUIRED — no publication-ready rewrite,CONSISTENT ORGANIZATION DESCRIPTION,PRESERVED,NOT DEPLOYED
https://immigratetobrazil.com/pt-br/insights/naturalisation/the-mobility-agreement-between-cplp-member-states-communities-of-portu/,pt-br/insights/naturalisation/the-mobility-agreement-between-cplp-member-states-communities-of-portu/index.html,PRESERVED — SOURCE REVIEW REQUIRED — no publication-ready rewrite,CONSISTENT ORGANIZATION DESCRIPTION,PRESERVED,NOT DEPLOYED
https://immigratetobrazil.com/pt-br/insights/naturalisation/the-new-naturalization-law-in-germany-approved-by-the-bundestag-simpli/,pt-br/insights/naturalisation/the-new-naturalization-law-in-germany-approved-by-the-bundestag-simpli/index.html,PRESERVED — SOURCE REVIEW REQUIRED — no publication-ready rewrite,CONSISTENT ORGANIZATION DESCRIPTION,PRESERVED,NOT DEPLOYED
https://immigratetobrazil.com/pt-br/insights/naturalisation/the-new-visa-and-residence-permit-agreement-between-angola-brazil-cape/,pt-br/insights/naturalisation/the-new-visa-and-residence-permit-agreement-between-angola-brazil-cape/index.html,PRESERVED — SOURCE REVIEW REQUIRED — no publication-ready rewrite,CONSISTENT ORGANIZATION DESCRIPTION,PRESERVED,NOT DEPLOYED
https://immigratetobrazil.com/pt-br/insights/naturalisation/the-portuguese-language-plays-a-fundamental-role-in-brazil-s-culture-a/,pt-br/insights/naturalisation/the-portuguese-language-plays-a-fundamental-role-in-brazil-s-culture-a/index.html,PRESERVED — SOURCE REVIEW REQUIRED — no publication-ready rewrite,CONSISTENT ORGANIZATION DESCRIPTION,PRESERVED,NOT DEPLOYED
https://immigratetobrazil.com/pt-br/insights/naturalisation/the-recently-announced-innovation-allows-brazilian-tourists-to-pay-for/,pt-br/insights/naturalisation/the-recently-announced-innovation-allows-brazilian-tourists-to-pay-for/index.html,PRESERVED — SOURCE REVIEW REQUIRED — no publication-ready rewrite,CONSISTENT ORGANIZATION DESCRIPTION,PRESERVED,NOT DEPLOYED
https://immigratetobrazil.com/pt-br/insights/naturalisation/the-renewal-of-the-resident-card-in-brazil-may-be-prevented-in-some-sp/,pt-br/insights/naturalisation/the-renewal-of-the-resident-card-in-brazil-may-be-prevented-in-some-sp/index.html,PRESERVED — SOURCE REVIEW REQUIRED — no publication-ready rewrite,CONSISTENT ORGANIZATION DESCRIPTION,PRESERVED,NOT DEPLOYED
https://immigratetobrazil.com/pt-br/insights/naturalisation/the-voluntary-renunciation-of-brazilian-nationality-provided-for-in-th/,pt-br/insights/naturalisation/the-voluntary-renunciation-of-brazilian-nationality-provided-for-in-th/index.html,PRESERVED — SOURCE REVIEW REQUIRED — no publication-ready rewrite,CONSISTENT ORGANIZATION DESCRIPTION,PRESERVED,NOT DEPLOYED
https://immigratetobrazil.com/pt-br/insights/naturalisation/this-is-an-important-opportunity-for-people-with-brazilian-ancestry-to/,pt-br/insights/naturalisation/this-is-an-important-opportunity-for-people-with-brazilian-ancestry-to/index.html,PRESERVED — SOURCE REVIEW REQUIRED — no publication-ready rewrite,CONSISTENT ORGANIZATION DESCRIPTION,PRESERVED,NOT DEPLOYED
https://immigratetobrazil.com/pt-br/insights/naturalisation/to-do-this-it-is-possible-to-register-your-birth-at-any-time-at-a-braz/,pt-br/insights/naturalisation/to-do-this-it-is-possible-to-register-your-birth-at-any-time-at-a-braz/index.html,PRESERVED — SOURCE REVIEW REQUIRED — no publication-ready rewrite,CONSISTENT ORGANIZATION DESCRIPTION,PRESERVED,NOT DEPLOYED
https://immigratetobrazil.com/pt-br/insights/naturalisation/to-formalise-this-status-their-birth-can-be-registered-at-any-time-at/,pt-br/insights/naturalisation/to-formalise-this-status-their-birth-can-be-registered-at-any-time-at/index.html,PRESERVED — SOURCE REVIEW REQUIRED — no publication-ready rewrite,CONSISTENT ORGANIZATION DESCRIPTION,PRESERVED,NOT DEPLOYED
https://immigratetobrazil.com/pt-br/insights/naturalisation/to-obtain-brazilian-citizenship-individuals-generally-must-meet-specif/,pt-br/insights/naturalisation/to-obtain-brazilian-citizenship-individuals-generally-must-meet-specif/index.html,PRESERVED — SOURCE REVIEW REQUIRED — no publication-ready rewrite,CONSISTENT ORGANIZATION DESCRIPTION,PRESERVED,NOT DEPLOYED
https://immigratetobrazil.com/pt-br/insights/naturalisation/today-we-recognize-the-resilience-wisdom-and-diversity-of-indigenous-p/,pt-br/insights/naturalisation/today-we-recognize-the-resilience-wisdom-and-diversity-of-indigenous-p/index.html,PRESERVED — SOURCE REVIEW REQUIRED — no publication-ready rewrite,CONSISTENT ORGANIZATION DESCRIPTION,PRESERVED,NOT DEPLOYED
https://immigratetobrazil.com/pt-br/insights/naturalisation/under-the-new-spanish-law-on-obtaining-citizenship-more-people-have-th/,pt-br/insights/naturalisation/under-the-new-spanish-law-on-obtaining-citizenship-more-people-have-th/index.html,PRESERVED — SOURCE REVIEW REQUIRED — no publication-ready rewrite,CONSISTENT ORGANIZATION DESCRIPTION,PRESERVED,NOT DEPLOYED
https://immigratetobrazil.com/pt-br/insights/naturalisation/us-imposes-new-visa-restrictions-on-12-countries-since-june-9-2025-an/,pt-br/insights/naturalisation/us-imposes-new-visa-restrictions-on-12-countries-since-june-9-2025-an/index.html,PRESERVED — SOURCE REVIEW REQUIRED — no publication-ready rewrite,CONSISTENT ORGANIZATION DESCRIPTION,PRESERVED,NOT DEPLOYED
https://immigratetobrazil.com/pt-br/insights/naturalisation/we-celebrate-the-achievements-of-women-around-the-world-and-reaffirm-t/,pt-br/insights/naturalisation/we-celebrate-the-achievements-of-women-around-the-world-and-reaffirm-t/index.html,PRESERVED — SOURCE REVIEW REQUIRED — no publication-ready rewrite,CONSISTENT ORGANIZATION DESCRIPTION,PRESERVED,NOT DEPLOYED
https://immigratetobrazil.com/pt-br/insights/naturalisation/whether-you-re-travelling-to-brazil-for-a-short-stay-or-planning-a-lon/,pt-br/insights/naturalisation/whether-you-re-travelling-to-brazil-for-a-short-stay-or-planning-a-lon/index.html,PRESERVED — SOURCE REVIEW REQUIRED — no publication-ready rewrite,CONSISTENT ORGANIZATION DESCRIPTION,PRESERVED,NOT DEPLOYED
https://immigratetobrazil.com/pt-br/insights/naturalisation/why-contact-with-marine-animals-is-prohibited-in-tourist-areas-the-epi/,pt-br/insights/naturalisation/why-contact-with-marine-animals-is-prohibited-in-tourist-areas-the-epi/index.html,PRESERVED — SOURCE REVIEW REQUIRED — no publication-ready rewrite,CONSISTENT ORGANIZATION DESCRIPTION,PRESERVED,NOT DEPLOYED
https://immigratetobrazil.com/pt-br/insights/naturalisation/with-the-democratic-memory-law-in-force-now-the-adult-grandchildren-of/,pt-br/insights/naturalisation/with-the-democratic-memory-law-in-force-now-the-adult-grandchildren-of/index.html,PRESERVED — SOURCE REVIEW REQUIRED — no publication-ready rewrite,CONSISTENT ORGANIZATION DESCRIPTION,PRESERVED,NOT DEPLOYED
https://immigratetobrazil.com/pt-br/insights/naturalisation/work-in-finland-an-initiative-supported-by-the-finnish-government-netw/,pt-br/insights/naturalisation/work-in-finland-an-initiative-supported-by-the-finnish-government-netw/index.html,PRESERVED — SOURCE REVIEW REQUIRED — no publication-ready rewrite,CONSISTENT ORGANIZATION DESCRIPTION,PRESERVED,NOT DEPLOYED
https://immigratetobrazil.com/pt-br/insights/process/,pt-br/insights/process/index.html,APPLIED,CONSISTENT ORGANIZATION DESCRIPTION,PRESERVED,NOT DEPLOYED
https://immigratetobrazil.com/pt-br/insights/process/airports-are-busy-places-it-is-important-to-always-be-aware/,pt-br/insights/process/airports-are-busy-places-it-is-important-to-always-be-aware/index.html,PRESERVED — SOURCE REVIEW REQUIRED — no publication-ready rewrite,CONSISTENT ORGANIZATION DESCRIPTION,PRESERVED,NOT DEPLOYED
https://immigratetobrazil.com/pt-br/insights/process/all-passengers-have-the-right-to-take-their-hand-luggage-and-personal/,pt-br/insights/process/all-passengers-have-the-right-to-take-their-hand-luggage-and-personal/index.html,PRESERVED — SOURCE REVIEW REQUIRED — no publication-ready rewrite,CONSISTENT ORGANIZATION DESCRIPTION,PRESERVED,NOT DEPLOYED
https://immigratetobrazil.com/pt-br/insights/process/an-honorary-consulate-is-a-voluntary-diplomatic-representation-of-a-co/,pt-br/insights/process/an-honorary-consulate-is-a-voluntary-diplomatic-representation-of-a-co/index.html,PRESERVED — SOURCE REVIEW REQUIRED — no publication-ready rewrite,CONSISTENT ORGANIZATION DESCRIPTION,PRESERVED,NOT DEPLOYED
https://immigratetobrazil.com/pt-br/insights/process/appealing-a-traffic-fine-is-your-right/,pt-br/insights/process/appealing-a-traffic-fine-is-your-right/index.html,PRESERVED — SOURCE REVIEW REQUIRED — no publication-ready rewrite,CONSISTENT ORGANIZATION DESCRIPTION,PRESERVED,NOT DEPLOYED
https://immigratetobrazil.com/pt-br/insights/process/bulgaria-and-romania-will-partially-join-the-european-union-s-schengen/,pt-br/insights/process/bulgaria-and-romania-will-partially-join-the-european-union-s-schengen/index.html,PRESERVED — SOURCE REVIEW REQUIRED — no publication-ready rewrite,CONSISTENT ORGANIZATION DESCRIPTION,PRESERVED,NOT DEPLOYED
https://immigratetobrazil.com/pt-br/insights/process/deportation-as-defined-by-brazilian-legislation-is-an-administrative-p/,pt-br/insights/process/deportation-as-defined-by-brazilian-legislation-is-an-administrative-p/index.html,PRESERVED — SOURCE REVIEW REQUIRED — no publication-ready rewrite,CONSISTENT ORGANIZATION DESCRIPTION,PRESERVED,NOT DEPLOYED
https://immigratetobrazil.com/pt-br/insights/process/deportation-is-a-measure-provided-for-by-law-for-the-compulsory-remova/,pt-br/insights/process/deportation-is-a-measure-provided-for-by-law-for-the-compulsory-remova/index.html,PRESERVED — SOURCE REVIEW REQUIRED — no publication-ready rewrite,CONSISTENT ORGANIZATION DESCRIPTION,PRESERVED,NOT DEPLOYED
https://immigratetobrazil.com/pt-br/insights/process/each-federal-police-immigration-service-point-has-a-different-procedur/,pt-br/insights/process/each-federal-police-immigration-service-point-has-a-different-procedur/index.html,PRESERVED — SOURCE REVIEW REQUIRED — no publication-ready rewrite,CONSISTENT ORGANIZATION DESCRIPTION,PRESERVED,NOT DEPLOYED
https://immigratetobrazil.com/pt-br/insights/process/for-biological-children-and-minor-adopted-children-of-italian-citizens/,pt-br/insights/process/for-biological-children-and-minor-adopted-children-of-italian-citizens/index.html,PRESERVED — SOURCE REVIEW REQUIRED — no publication-ready rewrite,CONSISTENT ORGANIZATION DESCRIPTION,PRESERVED,NOT DEPLOYED
https://immigratetobrazil.com/pt-br/insights/process/if-you-are-getting-married-to-a-brazilian-person-and-need-a-document-s/,pt-br/insights/process/if-you-are-getting-married-to-a-brazilian-person-and-need-a-document-s/index.html,PRESERVED — SOURCE REVIEW REQUIRED — no publication-ready rewrite,CONSISTENT ORGANIZATION DESCRIPTION,PRESERVED,NOT DEPLOYED
https://immigratetobrazil.com/pt-br/insights/process/it-doesn-t-matter-where-the-bill-or-billing-is-from/,pt-br/insights/process/it-doesn-t-matter-where-the-bill-or-billing-is-from/index.html,PRESERVED — SOURCE REVIEW REQUIRED — no publication-ready rewrite,CONSISTENT ORGANIZATION DESCRIPTION,PRESERVED,NOT DEPLOYED
https://immigratetobrazil.com/pt-br/insights/process/it-was-established-by-the-un-to-promote-equality-respect-for-human-rig/,pt-br/insights/process/it-was-established-by-the-un-to-promote-equality-respect-for-human-rig/index.html,PRESERVED — SOURCE REVIEW REQUIRED — no publication-ready rewrite,CONSISTENT ORGANIZATION DESCRIPTION,PRESERVED,NOT DEPLOYED
https://immigratetobrazil.com/pt-br/insights/process/technically-yes-but-its-not-advisable/,pt-br/insights/process/technically-yes-but-its-not-advisable/index.html,PRESERVED — SOURCE REVIEW REQUIRED — no publication-ready rewrite,CONSISTENT ORGANIZATION DESCRIPTION,PRESERVED,NOT DEPLOYED
https://immigratetobrazil.com/pt-br/insights/process/the-consular-declaration-of-civil-status-is-a-document-issued-by-the-c/,pt-br/insights/process/the-consular-declaration-of-civil-status-is-a-document-issued-by-the-c/index.html,PRESERVED — SOURCE REVIEW REQUIRED — no publication-ready rewrite,CONSISTENT ORGANIZATION DESCRIPTION,PRESERVED,NOT DEPLOYED
https://immigratetobrazil.com/pt-br/insights/process/the-expulsion-of-a-foreigner-is-an-extreme-measure-and-can-only-occur/,pt-br/insights/process/the-expulsion-of-a-foreigner-is-an-extreme-measure-and-can-only-occur/index.html,PRESERVED — SOURCE REVIEW REQUIRED — no publication-ready rewrite,CONSISTENT ORGANIZATION DESCRIPTION,PRESERVED,NOT DEPLOYED
https://immigratetobrazil.com/pt-br/insights/process/the-right-to-come-and-go-is-provided-for-in-the-federal-constitution-f/,pt-br/insights/process/the-right-to-come-and-go-is-provided-for-in-the-federal-constitution-f/index.html,PRESERVED — SOURCE REVIEW REQUIRED — no publication-ready rewrite,CONSISTENT ORGANIZATION DESCRIPTION,PRESERVED,NOT DEPLOYED
https://immigratetobrazil.com/pt-br/insights/process/the-text-of-the-brazil-uruguay-convention-for-the-elimination-of-doubl/,pt-br/insights/process/the-text-of-the-brazil-uruguay-convention-for-the-elimination-of-doubl/index.html,PRESERVED — SOURCE REVIEW REQUIRED — no publication-ready rewrite,CONSISTENT ORGANIZATION DESCRIPTION,PRESERVED,NOT DEPLOYED
https://immigratetobrazil.com/pt-br/insights/process/the-transformation-of-the-italian-consulate-in-belo-horizonte-to-consu/,pt-br/insights/process/the-transformation-of-the-italian-consulate-in-belo-horizonte-to-consu/index.html,PRESERVED — SOURCE REVIEW REQUIRED — no publication-ready rewrite,CONSISTENT ORGANIZATION DESCRIPTION,PRESERVED,NOT DEPLOYED
https://immigratetobrazil.com/pt-br/insights/process/this-is-an-illegal-extremely-dangerous-practice-that-can-have-serious/,pt-br/insights/process/this-is-an-illegal-extremely-dangerous-practice-that-can-have-serious/index.html,PRESERVED — SOURCE REVIEW REQUIRED — no publication-ready rewrite,CONSISTENT ORGANIZATION DESCRIPTION,PRESERVED,NOT DEPLOYED
https://immigratetobrazil.com/pt-br/insights/process/yes-brazilian-law-protects-passengers-much-more-than-other-countries/,pt-br/insights/process/yes-brazilian-law-protects-passengers-much-more-than-other-countries/index.html,PRESERVED — SOURCE REVIEW REQUIRED — no publication-ready rewrite,CONSISTENT ORGANIZATION DESCRIPTION,PRESERVED,NOT DEPLOYED
https://immigratetobrazil.com/pt-br/insights/process/you-should-request-for-your-brazilian-id-to-be-renewed-at-least-90-day/,pt-br/insights/process/you-should-request-for-your-brazilian-id-to-be-renewed-at-least-90-day/index.html,PRESERVED — SOURCE REVIEW REQUIRED — no publication-ready rewrite,CONSISTENT ORGANIZATION DESCRIPTION,PRESERVED,NOT DEPLOYED
https://immigratetobrazil.com/pt-br/insights/residency/,pt-br/insights/residency/index.html,APPLIED,CONSISTENT ORGANIZATION DESCRIPTION,PRESERVED,NOT DEPLOYED
https://immigratetobrazil.com/pt-br/insights/residency/a-stable-union-formed-abroad-can-be-recognized-in-brazil-through-regis/,pt-br/insights/residency/a-stable-union-formed-abroad-can-be-recognized-in-brazil-through-regis/index.html,PRESERVED — SOURCE REVIEW REQUIRED — no publication-ready rewrite,CONSISTENT ORGANIZATION DESCRIPTION,PRESERVED,NOT DEPLOYED
https://immigratetobrazil.com/pt-br/insights/residency/brazilian-immigration-legislation-reflects-the-country-s-commitment-to/,pt-br/insights/residency/brazilian-immigration-legislation-reflects-the-country-s-commitment-to/index.html,PRESERVED — SOURCE REVIEW REQUIRED — no publication-ready rewrite,CONSISTENT ORGANIZATION DESCRIPTION,PRESERVED,NOT DEPLOYED
https://immigratetobrazil.com/pt-br/insights/residency/firstly-you-will-need-to-register-at-the-brazilian-consulate-or-embass/,pt-br/insights/residency/firstly-you-will-need-to-register-at-the-brazilian-consulate-or-embass/index.html,PRESERVED — SOURCE REVIEW REQUIRED — no publication-ready rewrite,CONSISTENT ORGANIZATION DESCRIPTION,PRESERVED,NOT DEPLOYED
https://immigratetobrazil.com/pt-br/insights/residency/for-those-who-still-cannot-marry-in-their-home-countries-because-of-di/,pt-br/insights/residency/for-those-who-still-cannot-marry-in-their-home-countries-because-of-di/index.html,PRESERVED — SOURCE REVIEW REQUIRED — no publication-ready rewrite,CONSISTENT ORGANIZATION DESCRIPTION,PRESERVED,NOT DEPLOYED
https://immigratetobrazil.com/pt-br/insights/residency/i-have-a-brazilian-residence-permit-and-i-want-to-move-to-another-regi/,pt-br/insights/residency/i-have-a-brazilian-residence-permit-and-i-want-to-move-to-another-regi/index.html,PRESERVED — SOURCE REVIEW REQUIRED — no publication-ready rewrite,CONSISTENT ORGANIZATION DESCRIPTION,PRESERVED,NOT DEPLOYED
https://immigratetobrazil.com/pt-br/insights/residency/if-the-person-has-a-residence-permit-in-brazil-it-is-important-to-obse/,pt-br/insights/residency/if-the-person-has-a-residence-permit-in-brazil-it-is-important-to-obse/index.html,PRESERVED — SOURCE REVIEW REQUIRED — no publication-ready rewrite,CONSISTENT ORGANIZATION DESCRIPTION,PRESERVED,NOT DEPLOYED
https://immigratetobrazil.com/pt-br/insights/residency/if-the-person-holds-a-brazilian-residence-permit-it-s-important-to-obs/,pt-br/insights/residency/if-the-person-holds-a-brazilian-residence-permit-it-s-important-to-obs/index.html,PRESERVED — SOURCE REVIEW REQUIRED — no publication-ready rewrite,CONSISTENT ORGANIZATION DESCRIPTION,PRESERVED,NOT DEPLOYED
https://immigratetobrazil.com/pt-br/insights/residency/if-you-have-chosen-brazil-as-your-new-place-of-residency-and-are-inqui/,pt-br/insights/residency/if-you-have-chosen-brazil-as-your-new-place-of-residency-and-are-inqui/index.html,PRESERVED — SOURCE REVIEW REQUIRED — no publication-ready rewrite,CONSISTENT ORGANIZATION DESCRIPTION,PRESERVED,NOT DEPLOYED
https://immigratetobrazil.com/pt-br/insights/residency/if-you-need-to-stay-outside-of-portugal-for-a-longer-period-than-requi/,pt-br/insights/residency/if-you-need-to-stay-outside-of-portugal-for-a-longer-period-than-requi/index.html,PRESERVED — SOURCE REVIEW REQUIRED — no publication-ready rewrite,CONSISTENT ORGANIZATION DESCRIPTION,PRESERVED,NOT DEPLOYED
https://immigratetobrazil.com/pt-br/insights/residency/in-brazil-the-national-migration-registry-rnm-is-the-registry-of-immig/,pt-br/insights/residency/in-brazil-the-national-migration-registry-rnm-is-the-registry-of-immig/index.html,PRESERVED — SOURCE REVIEW REQUIRED — no publication-ready rewrite,CONSISTENT ORGANIZATION DESCRIPTION,PRESERVED,NOT DEPLOYED
https://immigratetobrazil.com/pt-br/insights/residency/in-brazil-the-registro-nacional-de-migrante-rnm-is-the-registration-of/,pt-br/insights/residency/in-brazil-the-registro-nacional-de-migrante-rnm-is-the-registration-of/index.html,PRESERVED — SOURCE REVIEW REQUIRED — no publication-ready rewrite,CONSISTENT ORGANIZATION DESCRIPTION,PRESERVED,NOT DEPLOYED
https://immigratetobrazil.com/pt-br/insights/residency/in-temporary-residence-you-can-only-be-absent-for-less-than-6-consecut/,pt-br/insights/residency/in-temporary-residence-you-can-only-be-absent-for-less-than-6-consecut/index.html,PRESERVED — SOURCE REVIEW REQUIRED — no publication-ready rewrite,CONSISTENT ORGANIZATION DESCRIPTION,PRESERVED,NOT DEPLOYED
https://immigratetobrazil.com/pt-br/insights/residency/in-the-context-of-a-profound-political-economic-and-institutional-cris/,pt-br/insights/residency/in-the-context-of-a-profound-political-economic-and-institutional-cris/index.html,PRESERVED — SOURCE REVIEW REQUIRED — no publication-ready rewrite,CONSISTENT ORGANIZATION DESCRIPTION,PRESERVED,NOT DEPLOYED
https://immigratetobrazil.com/pt-br/insights/residency/it-is-important-to-note-that-one-of-the-legal-prerequisites-for-obtain/,pt-br/insights/residency/it-is-important-to-note-that-one-of-the-legal-prerequisites-for-obtain/index.html,PRESERVED — SOURCE REVIEW REQUIRED — no publication-ready rewrite,CONSISTENT ORGANIZATION DESCRIPTION,PRESERVED,NOT DEPLOYED
https://immigratetobrazil.com/pt-br/insights/residency/it-s-crucial-to-note-that-one-of-the-legal-prerequisites-for-obtaining/,pt-br/insights/residency/it-s-crucial-to-note-that-one-of-the-legal-prerequisites-for-obtaining/index.html,PRESERVED — SOURCE REVIEW REQUIRED — no publication-ready rewrite,CONSISTENT ORGANIZATION DESCRIPTION,PRESERVED,NOT DEPLOYED
https://immigratetobrazil.com/pt-br/insights/residency/loss-of-residence-permit-may-occur-due-to-prolonged-absence-or-failure/,pt-br/insights/residency/loss-of-residence-permit-may-occur-due-to-prolonged-absence-or-failure/index.html,PRESERVED — SOURCE REVIEW REQUIRED — no publication-ready rewrite,CONSISTENT ORGANIZATION DESCRIPTION,PRESERVED,NOT DEPLOYED
https://immigratetobrazil.com/pt-br/insights/residency/not-right-away-the-law-determines-the-exact-time-a-resident-can-stay-o/,pt-br/insights/residency/not-right-away-the-law-determines-the-exact-time-a-resident-can-stay-o/index.html,PRESERVED — SOURCE REVIEW REQUIRED — no publication-ready rewrite,CONSISTENT ORGANIZATION DESCRIPTION,PRESERVED,NOT DEPLOYED
https://immigratetobrazil.com/pt-br/insights/residency/popularly-it-is-understood-that-an-immigrant-is-a-person-who-migrates/,pt-br/insights/residency/popularly-it-is-understood-that-an-immigrant-is-a-person-who-migrates/index.html,PRESERVED — SOURCE REVIEW REQUIRED — no publication-ready rewrite,CONSISTENT ORGANIZATION DESCRIPTION,PRESERVED,NOT DEPLOYED
https://immigratetobrazil.com/pt-br/insights/residency/renewal-of-the-brazilian-residence-permit-applies-to-those-who-have-a/,pt-br/insights/residency/renewal-of-the-brazilian-residence-permit-applies-to-those-who-have-a/index.html,PRESERVED — SOURCE REVIEW REQUIRED — no publication-ready rewrite,CONSISTENT ORGANIZATION DESCRIPTION,PRESERVED,NOT DEPLOYED
https://immigratetobrazil.com/pt-br/insights/residency/residence-permit-in-brazil-due-to-the-mercosur-agreement-this-residenc/,pt-br/insights/residency/residence-permit-in-brazil-due-to-the-mercosur-agreement-this-residenc/index.html,PRESERVED — SOURCE REVIEW REQUIRED — no publication-ready rewrite,CONSISTENT ORGANIZATION DESCRIPTION,PRESERVED,NOT DEPLOYED
https://immigratetobrazil.com/pt-br/insights/residency/strict-entry-requirements-the-legislation-introduced-specific-entry-re/,pt-br/insights/residency/strict-entry-requirements-the-legislation-introduced-specific-entry-re/index.html,PRESERVED — SOURCE REVIEW REQUIRED — no publication-ready rewrite,CONSISTENT ORGANIZATION DESCRIPTION,PRESERVED,NOT DEPLOYED
https://immigratetobrazil.com/pt-br/insights/residency/the-agreement-between-brazil-and-uruguay-deals-with-permanent-residenc/,pt-br/insights/residency/the-agreement-between-brazil-and-uruguay-deals-with-permanent-residenc/index.html,PRESERVED — SOURCE REVIEW REQUIRED — no publication-ready rewrite,CONSISTENT ORGANIZATION DESCRIPTION,PRESERVED,NOT DEPLOYED
https://immigratetobrazil.com/pt-br/insights/residency/the-loss-of-a-residence-permit-can-occur-due-to-prolonged-absence-or-f/,pt-br/insights/residency/the-loss-of-a-residence-permit-can-occur-due-to-prolonged-absence-or-f/index.html,PRESERVED — SOURCE REVIEW REQUIRED — no publication-ready rewrite,CONSISTENT ORGANIZATION DESCRIPTION,PRESERVED,NOT DEPLOYED
https://immigratetobrazil.com/pt-br/insights/residency/the-person-applying-for-a-residence-permit-to-live-in-brazil-will-also/,pt-br/insights/residency/the-person-applying-for-a-residence-permit-to-live-in-brazil-will-also/index.html,PRESERVED — SOURCE REVIEW REQUIRED — no publication-ready rewrite,CONSISTENT ORGANIZATION DESCRIPTION,PRESERVED,NOT DEPLOYED
https://immigratetobrazil.com/pt-br/insights/residency/the-person-who-will-apply-for-a-residence-permit-to-live-in-brazil-wil/,pt-br/insights/residency/the-person-who-will-apply-for-a-residence-permit-to-live-in-brazil-wil/index.html,PRESERVED — SOURCE REVIEW REQUIRED — no publication-ready rewrite,CONSISTENT ORGANIZATION DESCRIPTION,PRESERVED,NOT DEPLOYED
https://immigratetobrazil.com/pt-br/insights/residency/the-renewal-of-brazilian-residency-permit-applies-to-those-holding-a-t/,pt-br/insights/residency/the-renewal-of-brazilian-residency-permit-applies-to-those-holding-a-t/index.html,PRESERVED — SOURCE REVIEW REQUIRED — no publication-ready rewrite,CONSISTENT ORGANIZATION DESCRIPTION,PRESERVED,NOT DEPLOYED
https://immigratetobrazil.com/pt-br/insights/residency/the-request-for-reconsideration-when-a-request-for-a-residence-permit/,pt-br/insights/residency/the-request-for-reconsideration-when-a-request-for-a-residence-permit/index.html,PRESERVED — SOURCE REVIEW REQUIRED — no publication-ready rewrite,CONSISTENT ORGANIZATION DESCRIPTION,PRESERVED,NOT DEPLOYED
https://immigratetobrazil.com/pt-br/insights/residency/upon-your-return-to-brazil-the-legal-process-for-revoking-your-residen/,pt-br/insights/residency/upon-your-return-to-brazil-the-legal-process-for-revoking-your-residen/index.html,PRESERVED — SOURCE REVIEW REQUIRED — no publication-ready rewrite,CONSISTENT ORGANIZATION DESCRIPTION,PRESERVED,NOT DEPLOYED
https://immigratetobrazil.com/pt-br/insights/updates/,pt-br/insights/updates/index.html,APPLIED,CONSISTENT ORGANIZATION DESCRIPTION,PRESERVED,NOT DEPLOYED
https://immigratetobrazil.com/pt-br/insights/updates/2026-03-09-as-of-the-end-of-july-2024-the-ministry-of-justice-and-public-security/,pt-br/insights/updates/2026-03-09-as-of-the-end-of-july-2024-the-ministry-of-justice-and-public-security/index.html,PRESERVED — SOURCE REVIEW REQUIRED — no publication-ready rewrite,CONSISTENT ORGANIZATION DESCRIPTION,PRESERVED,NOT DEPLOYED
https://immigratetobrazil.com/pt-br/insights/updates/2026-03-09-at-the-beginning-of-the-week-fake-prints-of-a-conversation-between-jes/,pt-br/insights/updates/2026-03-09-at-the-beginning-of-the-week-fake-prints-of-a-conversation-between-jes/index.html,PRESERVED — SOURCE REVIEW REQUIRED — no publication-ready rewrite,CONSISTENT ORGANIZATION DESCRIPTION,PRESERVED,NOT DEPLOYED
https://immigratetobrazil.com/pt-br/insights/updates/2026-03-09-autism-awareness-month-5-rights-of-autistic-people-people-with-autism/,pt-br/insights/updates/2026-03-09-autism-awareness-month-5-rights-of-autistic-people-people-with-autism/index.html,PRESERVED — SOURCE REVIEW REQUIRED — no publication-ready rewrite,CONSISTENT ORGANIZATION DESCRIPTION,PRESERVED,NOT DEPLOYED
https://immigratetobrazil.com/pt-br/insights/updates/2026-03-09-brazil-is-adjusting-its-rules-for-the-entry-of-transit-passengers-with/,pt-br/insights/updates/2026-03-09-brazil-is-adjusting-its-rules-for-the-entry-of-transit-passengers-with/index.html,PRESERVED — SOURCE REVIEW REQUIRED — no publication-ready rewrite,CONSISTENT ORGANIZATION DESCRIPTION,PRESERVED,NOT DEPLOYED
https://immigratetobrazil.com/pt-br/insights/updates/2026-03-09-brazilian-legislation-regarding-the-air-transport-of-animals-is-still/,pt-br/insights/updates/2026-03-09-brazilian-legislation-regarding-the-air-transport-of-animals-is-still/index.html,PRESERVED — SOURCE REVIEW REQUIRED — no publication-ready rewrite,CONSISTENT ORGANIZATION DESCRIPTION,PRESERVED,NOT DEPLOYED
https://immigratetobrazil.com/pt-br/insights/updates/2026-03-09-changes-to-latam-and-gol-baggage-rules-have-a-direct-impact-on-the-way/,pt-br/insights/updates/2026-03-09-changes-to-latam-and-gol-baggage-rules-have-a-direct-impact-on-the-way/index.html,PRESERVED — SOURCE REVIEW REQUIRED — no publication-ready rewrite,CONSISTENT ORGANIZATION DESCRIPTION,PRESERVED,NOT DEPLOYED
https://immigratetobrazil.com/pt-br/insights/updates/2026-03-09-china-announced-the-launch-of-the-k-visa-aimed-especially-at-young-pro/,pt-br/insights/updates/2026-03-09-china-announced-the-launch-of-the-k-visa-aimed-especially-at-young-pro/index.html,PRESERVED — SOURCE REVIEW REQUIRED — no publication-ready rewrite,CONSISTENT ORGANIZATION DESCRIPTION,PRESERVED,NOT DEPLOYED
https://immigratetobrazil.com/pt-br/insights/updates/2026-03-09-during-the-naturalization-process-the-applicant-will-be-called-for-a-p/,pt-br/insights/updates/2026-03-09-during-the-naturalization-process-the-applicant-will-be-called-for-a-p/index.html,PRESERVED — SOURCE REVIEW REQUIRED — no publication-ready rewrite,CONSISTENT ORGANIZATION DESCRIPTION,PRESERVED,NOT DEPLOYED
https://immigratetobrazil.com/pt-br/insights/updates/2026-03-09-end-of-the-stamp-in-the-passport-when-traveling-to-europe-from-october/,pt-br/insights/updates/2026-03-09-end-of-the-stamp-in-the-passport-when-traveling-to-europe-from-october/index.html,PRESERVED — SOURCE REVIEW REQUIRED — no publication-ready rewrite,CONSISTENT ORGANIZATION DESCRIPTION,PRESERVED,NOT DEPLOYED
https://immigratetobrazil.com/pt-br/insights/updates/2026-03-09-etias-an-electronic-authorization-similar-to-a-visa-will-be-required-f/,pt-br/insights/updates/2026-03-09-etias-an-electronic-authorization-similar-to-a-visa-will-be-required-f/index.html,PRESERVED — SOURCE REVIEW REQUIRED — no publication-ready rewrite,CONSISTENT ORGANIZATION DESCRIPTION,PRESERVED,NOT DEPLOYED
https://immigratetobrazil.com/pt-br/insights/updates/2026-03-09-foreigners-may-apply-for-a-brazilian-passport-under-specific-circumsta/,pt-br/insights/updates/2026-03-09-foreigners-may-apply-for-a-brazilian-passport-under-specific-circumsta/index.html,PRESERVED — SOURCE REVIEW REQUIRED — no publication-ready rewrite,CONSISTENT ORGANIZATION DESCRIPTION,PRESERVED,NOT DEPLOYED
https://immigratetobrazil.com/pt-br/insights/updates/2026-03-09-from-june-1-2025-brazilian-citizens-will-be-able-to-enter-china-withou/,pt-br/insights/updates/2026-03-09-from-june-1-2025-brazilian-citizens-will-be-able-to-enter-china-withou/index.html,PRESERVED — SOURCE REVIEW REQUIRED — no publication-ready rewrite,CONSISTENT ORGANIZATION DESCRIPTION,PRESERVED,NOT DEPLOYED
https://immigratetobrazil.com/pt-br/insights/updates/2026-03-09-if-a-brazilian-citizen-dies-abroad-the-brazilian-government-does-not-c/,pt-br/insights/updates/2026-03-09-if-a-brazilian-citizen-dies-abroad-the-brazilian-government-does-not-c/index.html,PRESERVED — SOURCE REVIEW REQUIRED — no publication-ready rewrite,CONSISTENT ORGANIZATION DESCRIPTION,PRESERVED,NOT DEPLOYED
https://immigratetobrazil.com/pt-br/insights/updates/2026-03-09-immigrants-when-attended-in-brazilian-public-services-should-be-treate/,pt-br/insights/updates/2026-03-09-immigrants-when-attended-in-brazilian-public-services-should-be-treate/index.html,PRESERVED — SOURCE REVIEW REQUIRED — no publication-ready rewrite,CONSISTENT ORGANIZATION DESCRIPTION,PRESERVED,NOT DEPLOYED
https://immigratetobrazil.com/pt-br/insights/updates/2026-03-09-immigrants-when-receiving-care-in-brazilian-public-services-must-be-tr/,pt-br/insights/updates/2026-03-09-immigrants-when-receiving-care-in-brazilian-public-services-must-be-tr/index.html,PRESERVED — SOURCE REVIEW REQUIRED — no publication-ready rewrite,CONSISTENT ORGANIZATION DESCRIPTION,PRESERVED,NOT DEPLOYED
https://immigratetobrazil.com/pt-br/insights/updates/2026-03-09-in-2011-the-date-was-officially-established-through-law-no-12-519-with/,pt-br/insights/updates/2026-03-09-in-2011-the-date-was-officially-established-through-law-no-12-519-with/index.html,PRESERVED — SOURCE REVIEW REQUIRED — no publication-ready rewrite,CONSISTENT ORGANIZATION DESCRIPTION,PRESERVED,NOT DEPLOYED
https://immigratetobrazil.com/pt-br/insights/updates/2026-03-09-mexico-confirms-resumption-of-the-electronic-visa-for-brazilians-from/,pt-br/insights/updates/2026-03-09-mexico-confirms-resumption-of-the-electronic-visa-for-brazilians-from/index.html,PRESERVED — SOURCE REVIEW REQUIRED — no publication-ready rewrite,CONSISTENT ORGANIZATION DESCRIPTION,PRESERVED,NOT DEPLOYED
https://immigratetobrazil.com/pt-br/insights/updates/2026-03-09-since-october-22-2023-due-to-changes-in-mexican-migration-regulations/,pt-br/insights/updates/2026-03-09-since-october-22-2023-due-to-changes-in-mexican-migration-regulations/index.html,PRESERVED — SOURCE REVIEW REQUIRED — no publication-ready rewrite,CONSISTENT ORGANIZATION DESCRIPTION,PRESERVED,NOT DEPLOYED
https://immigratetobrazil.com/pt-br/insights/updates/2026-03-09-starting-august-20-2025-the-united-states-will-begin-a-12-month-pilot/,pt-br/insights/updates/2026-03-09-starting-august-20-2025-the-united-states-will-begin-a-12-month-pilot/index.html,PRESERVED — SOURCE REVIEW REQUIRED — no publication-ready rewrite,CONSISTENT ORGANIZATION DESCRIPTION,PRESERVED,NOT DEPLOYED
https://immigratetobrazil.com/pt-br/insights/updates/2026-03-09-the-brazilian-government-presented-new-guidelines-for-the-transport-of/,pt-br/insights/updates/2026-03-09-the-brazilian-government-presented-new-guidelines-for-the-transport-of/index.html,PRESERVED — SOURCE REVIEW REQUIRED — no publication-ready rewrite,CONSISTENT ORGANIZATION DESCRIPTION,PRESERVED,NOT DEPLOYED
https://immigratetobrazil.com/pt-br/insights/updates/2026-03-09-the-british-government-has-announced-a-significant-change-to-visa-rule/,pt-br/insights/updates/2026-03-09-the-british-government-has-announced-a-significant-change-to-visa-rule/index.html,PRESERVED — SOURCE REVIEW REQUIRED — no publication-ready rewrite,CONSISTENT ORGANIZATION DESCRIPTION,PRESERVED,NOT DEPLOYED
https://immigratetobrazil.com/pt-br/insights/updates/2026-03-09-the-discussion-about-greater-rigidity-in-import-rules-began-during-the/,pt-br/insights/updates/2026-03-09-the-discussion-about-greater-rigidity-in-import-rules-began-during-the/index.html,PRESERVED — SOURCE REVIEW REQUIRED — no publication-ready rewrite,CONSISTENT ORGANIZATION DESCRIPTION,PRESERVED,NOT DEPLOYED
https://immigratetobrazil.com/pt-br/insights/updates/2026-03-09-the-federal-police-once-again-warned-of-a-serious-budgetary-risk-accor/,pt-br/insights/updates/2026-03-09-the-federal-police-once-again-warned-of-a-serious-budgetary-risk-accor/index.html,PRESERVED — SOURCE REVIEW REQUIRED — no publication-ready rewrite,CONSISTENT ORGANIZATION DESCRIPTION,PRESERVED,NOT DEPLOYED
https://immigratetobrazil.com/pt-br/insights/updates/2026-03-09-the-president-of-the-republic-signed-a-new-decree-that-amends-article/,pt-br/insights/updates/2026-03-09-the-president-of-the-republic-signed-a-new-decree-that-amends-article/index.html,PRESERVED — SOURCE REVIEW REQUIRED — no publication-ready rewrite,CONSISTENT ORGANIZATION DESCRIPTION,PRESERVED,NOT DEPLOYED
https://immigratetobrazil.com/pt-br/insights/updates/2026-03-09-the-united-kingdom-has-begun-implementing-a-new-deportation-program-fo/,pt-br/insights/updates/2026-03-09-the-united-kingdom-has-begun-implementing-a-new-deportation-program-fo/index.html,PRESERVED — SOURCE REVIEW REQUIRED — no publication-ready rewrite,CONSISTENT ORGANIZATION DESCRIPTION,PRESERVED,NOT DEPLOYED
https://immigratetobrazil.com/pt-br/insights/updates/2026-03-09-the-united-states-government-announced-a-new-guideline-from-the-citize/,pt-br/insights/updates/2026-03-09-the-united-states-government-announced-a-new-guideline-from-the-citize/index.html,PRESERVED — SOURCE REVIEW REQUIRED — no publication-ready rewrite,CONSISTENT ORGANIZATION DESCRIPTION,PRESERVED,NOT DEPLOYED
https://immigratetobrazil.com/pt-br/insights/updates/2026-03-09-the-united-states-government-announced-on-june-18-2025-that-it-will-re/,pt-br/insights/updates/2026-03-09-the-united-states-government-announced-on-june-18-2025-that-it-will-re/index.html,PRESERVED — SOURCE REVIEW REQUIRED — no publication-ready rewrite,CONSISTENT ORGANIZATION DESCRIPTION,PRESERVED,NOT DEPLOYED
https://immigratetobrazil.com/pt-br/insights/updates/2026-03-09-the-united-states-government-has-implemented-a-new-fee-of-us-250-calle/,pt-br/insights/updates/2026-03-09-the-united-states-government-has-implemented-a-new-fee-of-us-250-calle/index.html,PRESERVED — SOURCE REVIEW REQUIRED — no publication-ready rewrite,CONSISTENT ORGANIZATION DESCRIPTION,PRESERVED,NOT DEPLOYED
https://immigratetobrazil.com/pt-br/insights/updates/2026-03-09-there-will-no-longer-be-any-import-tax-charged-on-online-purchases-of/,pt-br/insights/updates/2026-03-09-there-will-no-longer-be-any-import-tax-charged-on-online-purchases-of/index.html,PRESERVED — SOURCE REVIEW REQUIRED — no publication-ready rewrite,CONSISTENT ORGANIZATION DESCRIPTION,PRESERVED,NOT DEPLOYED
https://immigratetobrazil.com/pt-br/insights/updates/2026-03-09-thus-the-company-stops-making-some-mandatory-payments-and-the-worker-l/,pt-br/insights/updates/2026-03-09-thus-the-company-stops-making-some-mandatory-payments-and-the-worker-l/index.html,PRESERVED — SOURCE REVIEW REQUIRED — no publication-ready rewrite,CONSISTENT ORGANIZATION DESCRIPTION,PRESERVED,NOT DEPLOYED
https://immigratetobrazil.com/pt-br/insights/updates/2026-03-09-with-an-aging-population-and-growing-dependence-on-immigrants-to-meet/,pt-br/insights/updates/2026-03-09-with-an-aging-population-and-growing-dependence-on-immigrants-to-meet/index.html,PRESERVED — SOURCE REVIEW REQUIRED — no publication-ready rewrite,CONSISTENT ORGANIZATION DESCRIPTION,PRESERVED,NOT DEPLOYED
https://immigratetobrazil.com/pt-br/insights/updates/2026-03-09-world-refugee-day-celebrated-on-june-20-is-a-date-established-by-the-u/,pt-br/insights/updates/2026-03-09-world-refugee-day-celebrated-on-june-20-is-a-date-established-by-the-u/index.html,PRESERVED — SOURCE REVIEW REQUIRED — no publication-ready rewrite,CONSISTENT ORGANIZATION DESCRIPTION,PRESERVED,NOT DEPLOYED
https://immigratetobrazil.com/pt-br/insights/updates/2026-03-10-as-of-the-end-of-july-2024-the-ministry-of-justice-and-public-security/,pt-br/insights/updates/2026-03-10-as-of-the-end-of-july-2024-the-ministry-of-justice-and-public-security/index.html,PRESERVED — SOURCE REVIEW REQUIRED — no publication-ready rewrite,CONSISTENT ORGANIZATION DESCRIPTION,PRESERVED,NOT DEPLOYED
https://immigratetobrazil.com/pt-br/insights/updates/2026-03-10-at-the-beginning-of-the-week-fake-prints-of-a-conversation-between-jes/,pt-br/insights/updates/2026-03-10-at-the-beginning-of-the-week-fake-prints-of-a-conversation-between-jes/index.html,PRESERVED — SOURCE REVIEW REQUIRED — no publication-ready rewrite,CONSISTENT ORGANIZATION DESCRIPTION,PRESERVED,NOT DEPLOYED
https://immigratetobrazil.com/pt-br/insights/updates/2026-03-10-autism-awareness-month-5-rights-of-autistic-people-people-with-autism/,pt-br/insights/updates/2026-03-10-autism-awareness-month-5-rights-of-autistic-people-people-with-autism/index.html,PRESERVED — SOURCE REVIEW REQUIRED — no publication-ready rewrite,CONSISTENT ORGANIZATION DESCRIPTION,PRESERVED,NOT DEPLOYED
https://immigratetobrazil.com/pt-br/insights/updates/2026-03-10-brazil-is-adjusting-its-rules-for-the-entry-of-transit-passengers-with/,pt-br/insights/updates/2026-03-10-brazil-is-adjusting-its-rules-for-the-entry-of-transit-passengers-with/index.html,PRESERVED — SOURCE REVIEW REQUIRED — no publication-ready rewrite,CONSISTENT ORGANIZATION DESCRIPTION,PRESERVED,NOT DEPLOYED
https://immigratetobrazil.com/pt-br/insights/updates/2026-03-10-brazilian-legislation-regarding-the-air-transport-of-animals-is-still/,pt-br/insights/updates/2026-03-10-brazilian-legislation-regarding-the-air-transport-of-animals-is-still/index.html,PRESERVED — SOURCE REVIEW REQUIRED — no publication-ready rewrite,CONSISTENT ORGANIZATION DESCRIPTION,PRESERVED,NOT DEPLOYED
https://immigratetobrazil.com/pt-br/insights/updates/2026-03-10-changes-to-latam-and-gol-baggage-rules-have-a-direct-impact-on-the-way/,pt-br/insights/updates/2026-03-10-changes-to-latam-and-gol-baggage-rules-have-a-direct-impact-on-the-way/index.html,PRESERVED — SOURCE REVIEW REQUIRED — no publication-ready rewrite,CONSISTENT ORGANIZATION DESCRIPTION,PRESERVED,NOT DEPLOYED
https://immigratetobrazil.com/pt-br/insights/updates/2026-03-10-china-announced-the-launch-of-the-k-visa-aimed-especially-at-young-pro/,pt-br/insights/updates/2026-03-10-china-announced-the-launch-of-the-k-visa-aimed-especially-at-young-pro/index.html,PRESERVED — SOURCE REVIEW REQUIRED — no publication-ready rewrite,CONSISTENT ORGANIZATION DESCRIPTION,PRESERVED,NOT DEPLOYED
https://immigratetobrazil.com/pt-br/insights/updates/2026-03-10-during-the-naturalization-process-the-applicant-will-be-called-for-a-p/,pt-br/insights/updates/2026-03-10-during-the-naturalization-process-the-applicant-will-be-called-for-a-p/index.html,PRESERVED — SOURCE REVIEW REQUIRED — no publication-ready rewrite,CONSISTENT ORGANIZATION DESCRIPTION,PRESERVED,NOT DEPLOYED
https://immigratetobrazil.com/pt-br/insights/updates/2026-03-10-end-of-the-stamp-in-the-passport-when-traveling-to-europe-from-october/,pt-br/insights/updates/2026-03-10-end-of-the-stamp-in-the-passport-when-traveling-to-europe-from-october/index.html,PRESERVED — SOURCE REVIEW REQUIRED — no publication-ready rewrite,CONSISTENT ORGANIZATION DESCRIPTION,PRESERVED,NOT DEPLOYED
https://immigratetobrazil.com/pt-br/insights/updates/2026-03-10-etias-an-electronic-authorization-similar-to-a-visa-will-be-required-f/,pt-br/insights/updates/2026-03-10-etias-an-electronic-authorization-similar-to-a-visa-will-be-required-f/index.html,PRESERVED — SOURCE REVIEW REQUIRED — no publication-ready rewrite,CONSISTENT ORGANIZATION DESCRIPTION,PRESERVED,NOT DEPLOYED
https://immigratetobrazil.com/pt-br/insights/updates/2026-03-10-foreigners-may-apply-for-a-brazilian-passport-under-specific-circumsta/,pt-br/insights/updates/2026-03-10-foreigners-may-apply-for-a-brazilian-passport-under-specific-circumsta/index.html,PRESERVED — SOURCE REVIEW REQUIRED — no publication-ready rewrite,CONSISTENT ORGANIZATION DESCRIPTION,PRESERVED,NOT DEPLOYED
https://immigratetobrazil.com/pt-br/insights/updates/2026-03-10-from-june-1-2025-brazilian-citizens-will-be-able-to-enter-china-withou/,pt-br/insights/updates/2026-03-10-from-june-1-2025-brazilian-citizens-will-be-able-to-enter-china-withou/index.html,PRESERVED — SOURCE REVIEW REQUIRED — no publication-ready rewrite,CONSISTENT ORGANIZATION DESCRIPTION,PRESERVED,NOT DEPLOYED
https://immigratetobrazil.com/pt-br/insights/updates/2026-03-10-if-a-brazilian-citizen-dies-abroad-the-brazilian-government-does-not-c/,pt-br/insights/updates/2026-03-10-if-a-brazilian-citizen-dies-abroad-the-brazilian-government-does-not-c/index.html,PRESERVED — SOURCE REVIEW REQUIRED — no publication-ready rewrite,CONSISTENT ORGANIZATION DESCRIPTION,PRESERVED,NOT DEPLOYED
https://immigratetobrazil.com/pt-br/insights/updates/2026-03-10-immigrants-when-attended-in-brazilian-public-services-should-be-treate/,pt-br/insights/updates/2026-03-10-immigrants-when-attended-in-brazilian-public-services-should-be-treate/index.html,PRESERVED — SOURCE REVIEW REQUIRED — no publication-ready rewrite,CONSISTENT ORGANIZATION DESCRIPTION,PRESERVED,NOT DEPLOYED
https://immigratetobrazil.com/pt-br/insights/updates/2026-03-10-immigrants-when-receiving-care-in-brazilian-public-services-must-be-tr/,pt-br/insights/updates/2026-03-10-immigrants-when-receiving-care-in-brazilian-public-services-must-be-tr/index.html,PRESERVED — SOURCE REVIEW REQUIRED — no publication-ready rewrite,CONSISTENT ORGANIZATION DESCRIPTION,PRESERVED,NOT DEPLOYED
https://immigratetobrazil.com/pt-br/insights/updates/2026-03-10-in-2011-the-date-was-officially-established-through-law-no-12-519-with/,pt-br/insights/updates/2026-03-10-in-2011-the-date-was-officially-established-through-law-no-12-519-with/index.html,PRESERVED — SOURCE REVIEW REQUIRED — no publication-ready rewrite,CONSISTENT ORGANIZATION DESCRIPTION,PRESERVED,NOT DEPLOYED
https://immigratetobrazil.com/pt-br/insights/updates/2026-03-10-mexico-confirms-resumption-of-the-electronic-visa-for-brazilians-from/,pt-br/insights/updates/2026-03-10-mexico-confirms-resumption-of-the-electronic-visa-for-brazilians-from/index.html,PRESERVED — SOURCE REVIEW REQUIRED — no publication-ready rewrite,CONSISTENT ORGANIZATION DESCRIPTION,PRESERVED,NOT DEPLOYED
https://immigratetobrazil.com/pt-br/insights/updates/2026-03-10-since-october-22-2023-due-to-changes-in-mexican-migration-regulations/,pt-br/insights/updates/2026-03-10-since-october-22-2023-due-to-changes-in-mexican-migration-regulations/index.html,PRESERVED — SOURCE REVIEW REQUIRED — no publication-ready rewrite,CONSISTENT ORGANIZATION DESCRIPTION,PRESERVED,NOT DEPLOYED
https://immigratetobrazil.com/pt-br/insights/updates/2026-03-10-starting-august-20-2025-the-united-states-will-begin-a-12-month-pilot/,pt-br/insights/updates/2026-03-10-starting-august-20-2025-the-united-states-will-begin-a-12-month-pilot/index.html,PRESERVED — SOURCE REVIEW REQUIRED — no publication-ready rewrite,CONSISTENT ORGANIZATION DESCRIPTION,PRESERVED,NOT DEPLOYED
https://immigratetobrazil.com/pt-br/insights/updates/2026-03-10-the-brazilian-government-presented-new-guidelines-for-the-transport-of/,pt-br/insights/updates/2026-03-10-the-brazilian-government-presented-new-guidelines-for-the-transport-of/index.html,PRESERVED — SOURCE REVIEW REQUIRED — no publication-ready rewrite,CONSISTENT ORGANIZATION DESCRIPTION,PRESERVED,NOT DEPLOYED
https://immigratetobrazil.com/pt-br/insights/updates/2026-03-10-the-british-government-has-announced-a-significant-change-to-visa-rule/,pt-br/insights/updates/2026-03-10-the-british-government-has-announced-a-significant-change-to-visa-rule/index.html,PRESERVED — SOURCE REVIEW REQUIRED — no publication-ready rewrite,CONSISTENT ORGANIZATION DESCRIPTION,PRESERVED,NOT DEPLOYED
https://immigratetobrazil.com/pt-br/insights/updates/2026-03-10-the-discussion-about-greater-rigidity-in-import-rules-began-during-the/,pt-br/insights/updates/2026-03-10-the-discussion-about-greater-rigidity-in-import-rules-began-during-the/index.html,PRESERVED — SOURCE REVIEW REQUIRED — no publication-ready rewrite,CONSISTENT ORGANIZATION DESCRIPTION,PRESERVED,NOT DEPLOYED
https://immigratetobrazil.com/pt-br/insights/updates/2026-03-10-the-federal-police-once-again-warned-of-a-serious-budgetary-risk-accor/,pt-br/insights/updates/2026-03-10-the-federal-police-once-again-warned-of-a-serious-budgetary-risk-accor/index.html,PRESERVED — SOURCE REVIEW REQUIRED — no publication-ready rewrite,CONSISTENT ORGANIZATION DESCRIPTION,PRESERVED,NOT DEPLOYED
https://immigratetobrazil.com/pt-br/insights/updates/2026-03-10-the-president-of-the-republic-signed-a-new-decree-that-amends-article/,pt-br/insights/updates/2026-03-10-the-president-of-the-republic-signed-a-new-decree-that-amends-article/index.html,PRESERVED — SOURCE REVIEW REQUIRED — no publication-ready rewrite,CONSISTENT ORGANIZATION DESCRIPTION,PRESERVED,NOT DEPLOYED
https://immigratetobrazil.com/pt-br/insights/updates/2026-03-10-the-united-kingdom-has-begun-implementing-a-new-deportation-program-fo/,pt-br/insights/updates/2026-03-10-the-united-kingdom-has-begun-implementing-a-new-deportation-program-fo/index.html,PRESERVED — SOURCE REVIEW REQUIRED — no publication-ready rewrite,CONSISTENT ORGANIZATION DESCRIPTION,PRESERVED,NOT DEPLOYED
https://immigratetobrazil.com/pt-br/insights/updates/2026-03-10-the-united-states-government-announced-a-new-guideline-from-the-citize/,pt-br/insights/updates/2026-03-10-the-united-states-government-announced-a-new-guideline-from-the-citize/index.html,PRESERVED — SOURCE REVIEW REQUIRED — no publication-ready rewrite,CONSISTENT ORGANIZATION DESCRIPTION,PRESERVED,NOT DEPLOYED
https://immigratetobrazil.com/pt-br/insights/updates/2026-03-10-the-united-states-government-announced-on-june-18-2025-that-it-will-re/,pt-br/insights/updates/2026-03-10-the-united-states-government-announced-on-june-18-2025-that-it-will-re/index.html,PRESERVED — SOURCE REVIEW REQUIRED — no publication-ready rewrite,CONSISTENT ORGANIZATION DESCRIPTION,PRESERVED,NOT DEPLOYED
https://immigratetobrazil.com/pt-br/insights/updates/2026-03-10-the-united-states-government-has-implemented-a-new-fee-of-us-250-calle/,pt-br/insights/updates/2026-03-10-the-united-states-government-has-implemented-a-new-fee-of-us-250-calle/index.html,PRESERVED — SOURCE REVIEW REQUIRED — no publication-ready rewrite,CONSISTENT ORGANIZATION DESCRIPTION,PRESERVED,NOT DEPLOYED
https://immigratetobrazil.com/pt-br/insights/updates/2026-03-10-there-will-no-longer-be-any-import-tax-charged-on-online-purchases-of/,pt-br/insights/updates/2026-03-10-there-will-no-longer-be-any-import-tax-charged-on-online-purchases-of/index.html,PRESERVED — SOURCE REVIEW REQUIRED — no publication-ready rewrite,CONSISTENT ORGANIZATION DESCRIPTION,PRESERVED,NOT DEPLOYED
https://immigratetobrazil.com/pt-br/insights/updates/2026-03-10-thus-the-company-stops-making-some-mandatory-payments-and-the-worker-l/,pt-br/insights/updates/2026-03-10-thus-the-company-stops-making-some-mandatory-payments-and-the-worker-l/index.html,PRESERVED — SOURCE REVIEW REQUIRED — no publication-ready rewrite,CONSISTENT ORGANIZATION DESCRIPTION,PRESERVED,NOT DEPLOYED
https://immigratetobrazil.com/pt-br/insights/updates/2026-03-10-with-an-aging-population-and-growing-dependence-on-immigrants-to-meet/,pt-br/insights/updates/2026-03-10-with-an-aging-population-and-growing-dependence-on-immigrants-to-meet/index.html,PRESERVED — SOURCE REVIEW REQUIRED — no publication-ready rewrite,CONSISTENT ORGANIZATION DESCRIPTION,PRESERVED,NOT DEPLOYED
https://immigratetobrazil.com/pt-br/insights/updates/2026-03-10-world-refugee-day-celebrated-on-june-20-is-a-date-established-by-the-u/,pt-br/insights/updates/2026-03-10-world-refugee-day-celebrated-on-june-20-is-a-date-established-by-the-u/index.html,PRESERVED — SOURCE REVIEW REQUIRED — no publication-ready rewrite,CONSISTENT ORGANIZATION DESCRIPTION,PRESERVED,NOT DEPLOYED
https://immigratetobrazil.com/pt-br/insights/visa/,pt-br/insights/visa/index.html,APPLIED,CONSISTENT ORGANIZATION DESCRIPTION,PRESERVED,NOT DEPLOYED
https://immigratetobrazil.com/pt-br/insights/visa/a-brazilian-visa-is-valid-for-a-set-period-during-which-youre-allowed/,pt-br/insights/visa/a-brazilian-visa-is-valid-for-a-set-period-during-which-youre-allowed/index.html,PRESERVED — SOURCE REVIEW REQUIRED — no publication-ready rewrite,CONSISTENT ORGANIZATION DESCRIPTION,PRESERVED,NOT DEPLOYED
https://immigratetobrazil.com/pt-br/insights/visa/a-recent-study-conducted-by-embratur-in-partnership-with-visa-and-ipso/,pt-br/insights/visa/a-recent-study-conducted-by-embratur-in-partnership-with-visa-and-ipso/index.html,PRESERVED — SOURCE REVIEW REQUIRED — no publication-ready rewrite,CONSISTENT ORGANIZATION DESCRIPTION,PRESERVED,NOT DEPLOYED
https://immigratetobrazil.com/pt-br/insights/visa/according-to-brazilian-regulations-all-visa-applications-for-minors-mu/,pt-br/insights/visa/according-to-brazilian-regulations-all-visa-applications-for-minors-mu/index.html,PRESERVED — SOURCE REVIEW REQUIRED — no publication-ready rewrite,CONSISTENT ORGANIZATION DESCRIPTION,PRESERVED,NOT DEPLOYED
https://immigratetobrazil.com/pt-br/insights/visa/according-to-recent-news-as-an-indigenous-immigrant-in-the-united-stat/,pt-br/insights/visa/according-to-recent-news-as-an-indigenous-immigrant-in-the-united-stat/index.html,PRESERVED — SOURCE REVIEW REQUIRED — no publication-ready rewrite,CONSISTENT ORGANIZATION DESCRIPTION,PRESERVED,NOT DEPLOYED
https://immigratetobrazil.com/pt-br/insights/visa/according-to-this-news-as-an-indigenous-immigrant-in-the-united-states/,pt-br/insights/visa/according-to-this-news-as-an-indigenous-immigrant-in-the-united-states/index.html,PRESERVED — SOURCE REVIEW REQUIRED — no publication-ready rewrite,CONSISTENT ORGANIZATION DESCRIPTION,PRESERVED,NOT DEPLOYED
https://immigratetobrazil.com/pt-br/insights/visa/acquiring-a-student-visa-to-become-an-exchange-student-in-brazil-prese/,pt-br/insights/visa/acquiring-a-student-visa-to-become-an-exchange-student-in-brazil-prese/index.html,PRESERVED — SOURCE REVIEW REQUIRED — no publication-ready rewrite,CONSISTENT ORGANIZATION DESCRIPTION,PRESERVED,NOT DEPLOYED
https://immigratetobrazil.com/pt-br/insights/visa/although-brazilian-migration-legislation-does-not-mention-the-right-to/,pt-br/insights/visa/although-brazilian-migration-legislation-does-not-mention-the-right-to/index.html,PRESERVED — SOURCE REVIEW REQUIRED — no publication-ready rewrite,CONSISTENT ORGANIZATION DESCRIPTION,PRESERVED,NOT DEPLOYED
https://immigratetobrazil.com/pt-br/insights/visa/always-consult-an-immigration-lawyer-for-instructions-based-on-your-ca/,pt-br/insights/visa/always-consult-an-immigration-lawyer-for-instructions-based-on-your-ca/index.html,PRESERVED — SOURCE REVIEW REQUIRED — no publication-ready rewrite,CONSISTENT ORGANIZATION DESCRIPTION,PRESERVED,NOT DEPLOYED
https://immigratetobrazil.com/pt-br/insights/visa/anyone-purchasing-their-first-residential-property-through-financing-u/,pt-br/insights/visa/anyone-purchasing-their-first-residential-property-through-financing-u/index.html,PRESERVED — SOURCE REVIEW REQUIRED — no publication-ready rewrite,CONSISTENT ORGANIZATION DESCRIPTION,PRESERVED,NOT DEPLOYED
https://immigratetobrazil.com/pt-br/insights/visa/arriving-in-brazil-as-a-tourist-and-subsequently-obtaining-a-residence/,pt-br/insights/visa/arriving-in-brazil-as-a-tourist-and-subsequently-obtaining-a-residence/index.html,PRESERVED — SOURCE REVIEW REQUIRED — no publication-ready rewrite,CONSISTENT ORGANIZATION DESCRIPTION,PRESERVED,NOT DEPLOYED
https://immigratetobrazil.com/pt-br/insights/visa/arriving-in-brazil-as-a-tourist-and-subsequently-obtaining-a-residency/,pt-br/insights/visa/arriving-in-brazil-as-a-tourist-and-subsequently-obtaining-a-residency/index.html,PRESERVED — SOURCE REVIEW REQUIRED — no publication-ready rewrite,CONSISTENT ORGANIZATION DESCRIPTION,PRESERVED,NOT DEPLOYED
https://immigratetobrazil.com/pt-br/insights/visa/assai-located-in-the-state-of-parana-brazil-was-established-in-the-ear/,pt-br/insights/visa/assai-located-in-the-state-of-parana-brazil-was-established-in-the-ear/index.html,PRESERVED — SOURCE REVIEW REQUIRED — no publication-ready rewrite,CONSISTENT ORGANIZATION DESCRIPTION,PRESERVED,NOT DEPLOYED
https://immigratetobrazil.com/pt-br/insights/visa/before-submitting-your-visa-application-it-is-essential-to-first-prepa/,pt-br/insights/visa/before-submitting-your-visa-application-it-is-essential-to-first-prepa/index.html,PRESERVED — SOURCE REVIEW REQUIRED — no publication-ready rewrite,CONSISTENT ORGANIZATION DESCRIPTION,PRESERVED,NOT DEPLOYED
https://immigratetobrazil.com/pt-br/insights/visa/before-submitting-your-visa-application-it-s-essential-to-first-beggin/,pt-br/insights/visa/before-submitting-your-visa-application-it-s-essential-to-first-beggin/index.html,PRESERVED — SOURCE REVIEW REQUIRED — no publication-ready rewrite,CONSISTENT ORGANIZATION DESCRIPTION,PRESERVED,NOT DEPLOYED
https://immigratetobrazil.com/pt-br/insights/visa/before-you-travel-or-live-in-another-country-you-need-to-carry-out-leg/,pt-br/insights/visa/before-you-travel-or-live-in-another-country-you-need-to-carry-out-leg/index.html,PRESERVED — SOURCE REVIEW REQUIRED — no publication-ready rewrite,CONSISTENT ORGANIZATION DESCRIPTION,PRESERVED,NOT DEPLOYED
https://immigratetobrazil.com/pt-br/insights/visa/behind-each-visa-there-is-a-lifetime-of-expectations-memories-and-drea/,pt-br/insights/visa/behind-each-visa-there-is-a-lifetime-of-expectations-memories-and-drea/index.html,PRESERVED — SOURCE REVIEW REQUIRED — no publication-ready rewrite,CONSISTENT ORGANIZATION DESCRIPTION,PRESERVED,NOT DEPLOYED
https://immigratetobrazil.com/pt-br/insights/visa/brazil-does-not-offer-specific-fiance-or-spouse-visas-but-has-provisio/,pt-br/insights/visa/brazil-does-not-offer-specific-fiance-or-spouse-visas-but-has-provisio/index.html,PRESERVED — SOURCE REVIEW REQUIRED — no publication-ready rewrite,CONSISTENT ORGANIZATION DESCRIPTION,PRESERVED,NOT DEPLOYED
https://immigratetobrazil.com/pt-br/insights/visa/brazil-doesn-t-offer-specific-fiance-or-spouse-visas-it-does-have-prov/,pt-br/insights/visa/brazil-doesn-t-offer-specific-fiance-or-spouse-visas-it-does-have-prov/index.html,PRESERVED — SOURCE REVIEW REQUIRED — no publication-ready rewrite,CONSISTENT ORGANIZATION DESCRIPTION,PRESERVED,NOT DEPLOYED
https://immigratetobrazil.com/pt-br/insights/visa/brazil-grants-a-temporary-visa-to-foreigners-who-come-to-the-country-w/,pt-br/insights/visa/brazil-grants-a-temporary-visa-to-foreigners-who-come-to-the-country-w/index.html,PRESERVED — SOURCE REVIEW REQUIRED — no publication-ready rewrite,CONSISTENT ORGANIZATION DESCRIPTION,PRESERVED,NOT DEPLOYED
https://immigratetobrazil.com/pt-br/insights/visa/brazil-grants-permanent-residency-to-foreign-nationals-through-various/,pt-br/insights/visa/brazil-grants-permanent-residency-to-foreign-nationals-through-various/index.html,PRESERVED — SOURCE REVIEW REQUIRED — no publication-ready rewrite,CONSISTENT ORGANIZATION DESCRIPTION,PRESERVED,NOT DEPLOYED
https://immigratetobrazil.com/pt-br/insights/visa/brazil-issues-the-cplp-temporary-visa-only-in-some-specific-cities/,pt-br/insights/visa/brazil-issues-the-cplp-temporary-visa-only-in-some-specific-cities/index.html,PRESERVED — SOURCE REVIEW REQUIRED — no publication-ready rewrite,CONSISTENT ORGANIZATION DESCRIPTION,PRESERVED,NOT DEPLOYED
https://immigratetobrazil.com/pt-br/insights/visa/brazil-legal-guidance-eligibility-and-process-2/,pt-br/insights/visa/brazil-legal-guidance-eligibility-and-process-2/index.html,PRESERVED — SOURCE REVIEW REQUIRED — no publication-ready rewrite,CONSISTENT ORGANIZATION DESCRIPTION,PRESERVED,NOT DEPLOYED
https://immigratetobrazil.com/pt-br/insights/visa/brazil-legal-guidance-eligibility-and-process-3/,pt-br/insights/visa/brazil-legal-guidance-eligibility-and-process-3/index.html,PRESERVED — SOURCE REVIEW REQUIRED — no publication-ready rewrite,CONSISTENT ORGANIZATION DESCRIPTION,PRESERVED,NOT DEPLOYED
https://immigratetobrazil.com/pt-br/insights/visa/brazil-legal-guidance-eligibility-and-process/,pt-br/insights/visa/brazil-legal-guidance-eligibility-and-process/index.html,PRESERVED — SOURCE REVIEW REQUIRED — no publication-ready rewrite,CONSISTENT ORGANIZATION DESCRIPTION,PRESERVED,NOT DEPLOYED
https://immigratetobrazil.com/pt-br/insights/visa/brazil-offers-a-digital-nomad-visa-for-foreign-nationals-who-wish-to-l/,pt-br/insights/visa/brazil-offers-a-digital-nomad-visa-for-foreign-nationals-who-wish-to-l/index.html,PRESERVED — SOURCE REVIEW REQUIRED — no publication-ready rewrite,CONSISTENT ORGANIZATION DESCRIPTION,PRESERVED,NOT DEPLOYED
https://immigratetobrazil.com/pt-br/insights/visa/brazil-offers-a-specific-visa-and-residency-for-artists-and-athletes-c/,pt-br/insights/visa/brazil-offers-a-specific-visa-and-residency-for-artists-and-athletes-c/index.html,PRESERVED — SOURCE REVIEW REQUIRED — no publication-ready rewrite,CONSISTENT ORGANIZATION DESCRIPTION,PRESERVED,NOT DEPLOYED
https://immigratetobrazil.com/pt-br/insights/visa/brazil-offers-humanitarian-visa-to-individuals-in-situations-of-extrem/,pt-br/insights/visa/brazil-offers-humanitarian-visa-to-individuals-in-situations-of-extrem/index.html,PRESERVED — SOURCE REVIEW REQUIRED — no publication-ready rewrite,CONSISTENT ORGANIZATION DESCRIPTION,PRESERVED,NOT DEPLOYED
https://immigratetobrazil.com/pt-br/insights/visa/brazil-offers-student-visa-for-foreign-medical-residents-who-wish-to-p/,pt-br/insights/visa/brazil-offers-student-visa-for-foreign-medical-residents-who-wish-to-p/index.html,PRESERVED — SOURCE REVIEW REQUIRED — no publication-ready rewrite,CONSISTENT ORGANIZATION DESCRIPTION,PRESERVED,NOT DEPLOYED
https://immigratetobrazil.com/pt-br/insights/visa/brazil-offers-the-possibility-of-permanent-residency-for-families-wish/,pt-br/insights/visa/brazil-offers-the-possibility-of-permanent-residency-for-families-wish/index.html,PRESERVED — SOURCE REVIEW REQUIRED — no publication-ready rewrite,CONSISTENT ORGANIZATION DESCRIPTION,PRESERVED,NOT DEPLOYED
https://immigratetobrazil.com/pt-br/insights/visa/brazil-s-digital-nomad-visa-is-your-ticket-to-an-incredible-experience/,pt-br/insights/visa/brazil-s-digital-nomad-visa-is-your-ticket-to-an-incredible-experience/index.html,PRESERVED — SOURCE REVIEW REQUIRED — no publication-ready rewrite,CONSISTENT ORGANIZATION DESCRIPTION,PRESERVED,NOT DEPLOYED
https://immigratetobrazil.com/pt-br/insights/visa/brazil-s-real-estate-market-is-booming-offering-incredible-potential-f/,pt-br/insights/visa/brazil-s-real-estate-market-is-booming-offering-incredible-potential-f/index.html,PRESERVED — SOURCE REVIEW REQUIRED — no publication-ready rewrite,CONSISTENT ORGANIZATION DESCRIPTION,PRESERVED,NOT DEPLOYED
https://immigratetobrazil.com/pt-br/insights/visa/brazilian-law-permits-students-on-a-student-visa-to-work-while-studyin/,pt-br/insights/visa/brazilian-law-permits-students-on-a-student-visa-to-work-while-studyin/index.html,PRESERVED — SOURCE REVIEW REQUIRED — no publication-ready rewrite,CONSISTENT ORGANIZATION DESCRIPTION,PRESERVED,NOT DEPLOYED
https://immigratetobrazil.com/pt-br/insights/visa/brazilian-student-visa-for-medical-studies-the-brazilian-student-visa/,pt-br/insights/visa/brazilian-student-visa-for-medical-studies-the-brazilian-student-visa/index.html,PRESERVED — SOURCE REVIEW REQUIRED — no publication-ready rewrite,CONSISTENT ORGANIZATION DESCRIPTION,PRESERVED,NOT DEPLOYED
https://immigratetobrazil.com/pt-br/insights/visa/brazilian-temporary-residency-permit-for-work-consulting-with-an-immig/,pt-br/insights/visa/brazilian-temporary-residency-permit-for-work-consulting-with-an-immig/index.html,PRESERVED — SOURCE REVIEW REQUIRED — no publication-ready rewrite,CONSISTENT ORGANIZATION DESCRIPTION,PRESERVED,NOT DEPLOYED
https://immigratetobrazil.com/pt-br/insights/visa/consulting-with-an-immigration-lawyer-ensures-that-you-have-a-knowledg-2/,pt-br/insights/visa/consulting-with-an-immigration-lawyer-ensures-that-you-have-a-knowledg-2/index.html,PRESERVED — SOURCE REVIEW REQUIRED — no publication-ready rewrite,CONSISTENT ORGANIZATION DESCRIPTION,PRESERVED,NOT DEPLOYED
https://immigratetobrazil.com/pt-br/insights/visa/consulting-with-an-immigration-lawyer-ensures-that-you-have-a-knowledg-3/,pt-br/insights/visa/consulting-with-an-immigration-lawyer-ensures-that-you-have-a-knowledg-3/index.html,PRESERVED — SOURCE REVIEW REQUIRED — no publication-ready rewrite,CONSISTENT ORGANIZATION DESCRIPTION,PRESERVED,NOT DEPLOYED
https://immigratetobrazil.com/pt-br/insights/visa/consulting-with-an-immigration-lawyer-ensures-that-you-have-a-knowledg/,pt-br/insights/visa/consulting-with-an-immigration-lawyer-ensures-that-you-have-a-knowledg/index.html,PRESERVED — SOURCE REVIEW REQUIRED — no publication-ready rewrite,CONSISTENT ORGANIZATION DESCRIPTION,PRESERVED,NOT DEPLOYED
https://immigratetobrazil.com/pt-br/insights/visa/due-to-the-political-crises-in-syria-the-brazilian-embassy-in-syria-ha/,pt-br/insights/visa/due-to-the-political-crises-in-syria-the-brazilian-embassy-in-syria-ha/index.html,PRESERVED — SOURCE REVIEW REQUIRED — no publication-ready rewrite,CONSISTENT ORGANIZATION DESCRIPTION,PRESERVED,NOT DEPLOYED
https://immigratetobrazil.com/pt-br/insights/visa/entering-brazil-as-a-tourist-can-be-a-valid-starting-point-for-anyone/,pt-br/insights/visa/entering-brazil-as-a-tourist-can-be-a-valid-starting-point-for-anyone/index.html,PRESERVED — SOURCE REVIEW REQUIRED — no publication-ready rewrite,CONSISTENT ORGANIZATION DESCRIPTION,PRESERVED,NOT DEPLOYED
https://immigratetobrazil.com/pt-br/insights/visa/entering-brazil-as-a-tourist-can-serve-as-a-valid-starting-point-for-t/,pt-br/insights/visa/entering-brazil-as-a-tourist-can-serve-as-a-valid-starting-point-for-t/index.html,PRESERVED — SOURCE REVIEW REQUIRED — no publication-ready rewrite,CONSISTENT ORGANIZATION DESCRIPTION,PRESERVED,NOT DEPLOYED
https://immigratetobrazil.com/pt-br/insights/visa/even-though-this-visa-offers-permanent-residency-it-comes-with-conditi/,pt-br/insights/visa/even-though-this-visa-offers-permanent-residency-it-comes-with-conditi/index.html,PRESERVED — SOURCE REVIEW REQUIRED — no publication-ready rewrite,CONSISTENT ORGANIZATION DESCRIPTION,PRESERVED,NOT DEPLOYED
https://immigratetobrazil.com/pt-br/insights/visa/every-visa-applicant-has-the-right-to-receive-a-justification/,pt-br/insights/visa/every-visa-applicant-has-the-right-to-receive-a-justification/index.html,PRESERVED — SOURCE REVIEW REQUIRED — no publication-ready rewrite,CONSISTENT ORGANIZATION DESCRIPTION,PRESERVED,NOT DEPLOYED
https://immigratetobrazil.com/pt-br/insights/visa/expanding-a-business-into-brazil-requires-careful-planning-and-complia/,pt-br/insights/visa/expanding-a-business-into-brazil-requires-careful-planning-and-complia/index.html,PRESERVED — SOURCE REVIEW REQUIRED — no publication-ready rewrite,CONSISTENT ORGANIZATION DESCRIPTION,PRESERVED,NOT DEPLOYED
https://immigratetobrazil.com/pt-br/insights/visa/explore-tax-friendly-destinations-and-optimize-your-tax-situation-whil/,pt-br/insights/visa/explore-tax-friendly-destinations-and-optimize-your-tax-situation-whil/index.html,PRESERVED — SOURCE REVIEW REQUIRED — no publication-ready rewrite,CONSISTENT ORGANIZATION DESCRIPTION,PRESERVED,NOT DEPLOYED
https://immigratetobrazil.com/pt-br/insights/visa/for-brazilians-wishing-to-go-to-new-zealand-the-brazil-new-zealand-wor/,pt-br/insights/visa/for-brazilians-wishing-to-go-to-new-zealand-the-brazil-new-zealand-wor/index.html,PRESERVED — SOURCE REVIEW REQUIRED — no publication-ready rewrite,CONSISTENT ORGANIZATION DESCRIPTION,PRESERVED,NOT DEPLOYED
https://immigratetobrazil.com/pt-br/insights/visa/for-certain-nationalities-a-visa-for-this-is-not-required/,pt-br/insights/visa/for-certain-nationalities-a-visa-for-this-is-not-required/index.html,PRESERVED — SOURCE REVIEW REQUIRED — no publication-ready rewrite,CONSISTENT ORGANIZATION DESCRIPTION,PRESERVED,NOT DEPLOYED
https://immigratetobrazil.com/pt-br/insights/visa/for-those-planning-to-travel-to-the-united-states-to-watch-the-2026-wo/,pt-br/insights/visa/for-those-planning-to-travel-to-the-united-states-to-watch-the-2026-wo/index.html,PRESERVED — SOURCE REVIEW REQUIRED — no publication-ready rewrite,CONSISTENT ORGANIZATION DESCRIPTION,PRESERVED,NOT DEPLOYED
https://immigratetobrazil.com/pt-br/insights/visa/foreign-nationals-who-come-to-brazil-for-research-teaching-or-academic/,pt-br/insights/visa/foreign-nationals-who-come-to-brazil-for-research-teaching-or-academic/index.html,PRESERVED — SOURCE REVIEW REQUIRED — no publication-ready rewrite,CONSISTENT ORGANIZATION DESCRIPTION,PRESERVED,NOT DEPLOYED
https://immigratetobrazil.com/pt-br/insights/visa/hiring-foreign-workers-has-become-an-increasingly-common-practice-amon/,pt-br/insights/visa/hiring-foreign-workers-has-become-an-increasingly-common-practice-amon/index.html,PRESERVED — SOURCE REVIEW REQUIRED — no publication-ready rewrite,CONSISTENT ORGANIZATION DESCRIPTION,PRESERVED,NOT DEPLOYED
https://immigratetobrazil.com/pt-br/insights/visa/i-will-be-working-remotely-in-brazil/,pt-br/insights/visa/i-will-be-working-remotely-in-brazil/index.html,PRESERVED — SOURCE REVIEW REQUIRED — no publication-ready rewrite,CONSISTENT ORGANIZATION DESCRIPTION,PRESERVED,NOT DEPLOYED
https://immigratetobrazil.com/pt-br/insights/visa/if-a-person-received-a-portuguese-residence-visa-without-making-an-app/,pt-br/insights/visa/if-a-person-received-a-portuguese-residence-visa-without-making-an-app/index.html,PRESERVED — SOURCE REVIEW REQUIRED — no publication-ready rewrite,CONSISTENT ORGANIZATION DESCRIPTION,PRESERVED,NOT DEPLOYED
https://immigratetobrazil.com/pt-br/insights/visa/if-an-artist-charges-a-fee-for-their-performance-a-work-visa-is-requir/,pt-br/insights/visa/if-an-artist-charges-a-fee-for-their-performance-a-work-visa-is-requir/index.html,PRESERVED — SOURCE REVIEW REQUIRED — no publication-ready rewrite,CONSISTENT ORGANIZATION DESCRIPTION,PRESERVED,NOT DEPLOYED
https://immigratetobrazil.com/pt-br/insights/visa/if-an-investor-an-individual-is-looking-for-opportunities-and-to-be-ab/,pt-br/insights/visa/if-an-investor-an-individual-is-looking-for-opportunities-and-to-be-ab/index.html,PRESERVED — SOURCE REVIEW REQUIRED — no publication-ready rewrite,CONSISTENT ORGANIZATION DESCRIPTION,PRESERVED,NOT DEPLOYED
https://immigratetobrazil.com/pt-br/insights/visa/if-the-brazilian-consulate-does-not-provide-a-justification-for-the-vi/,pt-br/insights/visa/if-the-brazilian-consulate-does-not-provide-a-justification-for-the-vi/index.html,PRESERVED — SOURCE REVIEW REQUIRED — no publication-ready rewrite,CONSISTENT ORGANIZATION DESCRIPTION,PRESERVED,NOT DEPLOYED
https://immigratetobrazil.com/pt-br/insights/visa/if-the-couple-wishes-to-live-in-brazil-after-marriage-the-foreigner-wi/,pt-br/insights/visa/if-the-couple-wishes-to-live-in-brazil-after-marriage-the-foreigner-wi/index.html,PRESERVED — SOURCE REVIEW REQUIRED — no publication-ready rewrite,CONSISTENT ORGANIZATION DESCRIPTION,PRESERVED,NOT DEPLOYED
https://immigratetobrazil.com/pt-br/insights/visa/if-you-are-an-investor-looking-to-reside-in-brazil-with-foreign-resour/,pt-br/insights/visa/if-you-are-an-investor-looking-to-reside-in-brazil-with-foreign-resour/index.html,PRESERVED — SOURCE REVIEW REQUIRED — no publication-ready rewrite,CONSISTENT ORGANIZATION DESCRIPTION,PRESERVED,NOT DEPLOYED
https://immigratetobrazil.com/pt-br/insights/visa/if-you-arrived-in-brazil-as-a-tourist-and-want-to-stay-longer-than-ini/,pt-br/insights/visa/if-you-arrived-in-brazil-as-a-tourist-and-want-to-stay-longer-than-ini/index.html,PRESERVED — SOURCE REVIEW REQUIRED — no publication-ready rewrite,CONSISTENT ORGANIZATION DESCRIPTION,PRESERVED,NOT DEPLOYED
https://immigratetobrazil.com/pt-br/insights/visa/if-you-arrived-in-brazil-as-a-tourist-and-wish-to-stay-longer-than-ori/,pt-br/insights/visa/if-you-arrived-in-brazil-as-a-tourist-and-wish-to-stay-longer-than-ori/index.html,PRESERVED — SOURCE REVIEW REQUIRED — no publication-ready rewrite,CONSISTENT ORGANIZATION DESCRIPTION,PRESERVED,NOT DEPLOYED
https://immigratetobrazil.com/pt-br/insights/visa/if-you-currently-hold-a-temporary-residence-permit-in-brazil-and-are-w/,pt-br/insights/visa/if-you-currently-hold-a-temporary-residence-permit-in-brazil-and-are-w/index.html,PRESERVED — SOURCE REVIEW REQUIRED — no publication-ready rewrite,CONSISTENT ORGANIZATION DESCRIPTION,PRESERVED,NOT DEPLOYED
https://immigratetobrazil.com/pt-br/insights/visa/if-you-hold-a-temporary-visa-or-residence-permit-it-s-imperative-to-co/,pt-br/insights/visa/if-you-hold-a-temporary-visa-or-residence-permit-it-s-imperative-to-co/index.html,PRESERVED — SOURCE REVIEW REQUIRED — no publication-ready rewrite,CONSISTENT ORGANIZATION DESCRIPTION,PRESERVED,NOT DEPLOYED
https://immigratetobrazil.com/pt-br/insights/visa/if-you-hold-a-temporary-visa-or-residency-permit-it-s-imperative-to-co/,pt-br/insights/visa/if-you-hold-a-temporary-visa-or-residency-permit-it-s-imperative-to-co/index.html,PRESERVED — SOURCE REVIEW REQUIRED — no publication-ready rewrite,CONSISTENT ORGANIZATION DESCRIPTION,PRESERVED,NOT DEPLOYED
https://immigratetobrazil.com/pt-br/insights/visa/if-you-re-from-one-of-the-eligible-countries-you-can-request-a-90-day-2/,pt-br/insights/visa/if-you-re-from-one-of-the-eligible-countries-you-can-request-a-90-day-2/index.html,PRESERVED — SOURCE REVIEW REQUIRED — no publication-ready rewrite,CONSISTENT ORGANIZATION DESCRIPTION,PRESERVED,NOT DEPLOYED
https://immigratetobrazil.com/pt-br/insights/visa/if-you-re-from-one-of-the-eligible-countries-you-can-request-a-90-day/,pt-br/insights/visa/if-you-re-from-one-of-the-eligible-countries-you-can-request-a-90-day/index.html,PRESERVED — SOURCE REVIEW REQUIRED — no publication-ready rewrite,CONSISTENT ORGANIZATION DESCRIPTION,PRESERVED,NOT DEPLOYED
https://immigratetobrazil.com/pt-br/insights/visa/if-your-american-visa-is-denied-the-first-recommended-action-is-to-loo/,pt-br/insights/visa/if-your-american-visa-is-denied-the-first-recommended-action-is-to-loo/index.html,PRESERVED — SOURCE REVIEW REQUIRED — no publication-ready rewrite,CONSISTENT ORGANIZATION DESCRIPTION,PRESERVED,NOT DEPLOYED
https://immigratetobrazil.com/pt-br/insights/visa/if-youve-studied-in-brazil-and-are-thinking-about-staying-to-work-ther/,pt-br/insights/visa/if-youve-studied-in-brazil-and-are-thinking-about-staying-to-work-ther/index.html,PRESERVED — SOURCE REVIEW REQUIRED — no publication-ready rewrite,CONSISTENT ORGANIZATION DESCRIPTION,PRESERVED,NOT DEPLOYED
https://immigratetobrazil.com/pt-br/insights/visa/immigrating-to-a-new-country-is-a-life-altering-decision-and-seeking-p/,pt-br/insights/visa/immigrating-to-a-new-country-is-a-life-altering-decision-and-seeking-p/index.html,PRESERVED — SOURCE REVIEW REQUIRED — no publication-ready rewrite,CONSISTENT ORGANIZATION DESCRIPTION,PRESERVED,NOT DEPLOYED
https://immigratetobrazil.com/pt-br/insights/visa/immigration-planning-involves-strategic-and-thoughtful-consideration-o/,pt-br/insights/visa/immigration-planning-involves-strategic-and-thoughtful-consideration-o/index.html,PRESERVED — SOURCE REVIEW REQUIRED — no publication-ready rewrite,CONSISTENT ORGANIZATION DESCRIPTION,PRESERVED,NOT DEPLOYED
https://immigratetobrazil.com/pt-br/insights/visa/in-a-prestigious-international-ranking-organized-by-the-1000-libraries/,pt-br/insights/visa/in-a-prestigious-international-ranking-organized-by-the-1000-libraries/index.html,PRESERVED — SOURCE REVIEW REQUIRED — no publication-ready rewrite,CONSISTENT ORGANIZATION DESCRIPTION,PRESERVED,NOT DEPLOYED
https://immigratetobrazil.com/pt-br/insights/visa/in-brazil-deportation-is-an-administrative-measure-applied-to-individu/,pt-br/insights/visa/in-brazil-deportation-is-an-administrative-measure-applied-to-individu/index.html,PRESERVED — SOURCE REVIEW REQUIRED — no publication-ready rewrite,CONSISTENT ORGANIZATION DESCRIPTION,PRESERVED,NOT DEPLOYED
https://immigratetobrazil.com/pt-br/insights/visa/in-brazil-eligible-people-holding-a-temporary-visa-have-the-opportunit/,pt-br/insights/visa/in-brazil-eligible-people-holding-a-temporary-visa-have-the-opportunit/index.html,PRESERVED — SOURCE REVIEW REQUIRED — no publication-ready rewrite,CONSISTENT ORGANIZATION DESCRIPTION,PRESERVED,NOT DEPLOYED
https://immigratetobrazil.com/pt-br/insights/visa/in-brazil-homeschooling-is-prohibited-and-the-parents-must-go-to-the-n/,pt-br/insights/visa/in-brazil-homeschooling-is-prohibited-and-the-parents-must-go-to-the-n/index.html,PRESERVED — SOURCE REVIEW REQUIRED — no publication-ready rewrite,CONSISTENT ORGANIZATION DESCRIPTION,PRESERVED,NOT DEPLOYED
https://immigratetobrazil.com/pt-br/insights/visa/in-brazil-priests-must-go-to-the-nearest-public-school-and-request-the/,pt-br/insights/visa/in-brazil-priests-must-go-to-the-nearest-public-school-and-request-the/index.html,PRESERVED — SOURCE REVIEW REQUIRED — no publication-ready rewrite,CONSISTENT ORGANIZATION DESCRIPTION,PRESERVED,NOT DEPLOYED
https://immigratetobrazil.com/pt-br/insights/visa/in-brazil-there-are-several-types-of-work-visas-available-depending-on-2/,pt-br/insights/visa/in-brazil-there-are-several-types-of-work-visas-available-depending-on-2/index.html,PRESERVED — SOURCE REVIEW REQUIRED — no publication-ready rewrite,CONSISTENT ORGANIZATION DESCRIPTION,PRESERVED,NOT DEPLOYED
https://immigratetobrazil.com/pt-br/insights/visa/in-brazil-there-are-several-types-of-work-visas-available-depending-on/,pt-br/insights/visa/in-brazil-there-are-several-types-of-work-visas-available-depending-on/index.html,PRESERVED — SOURCE REVIEW REQUIRED — no publication-ready rewrite,CONSISTENT ORGANIZATION DESCRIPTION,PRESERVED,NOT DEPLOYED
https://immigratetobrazil.com/pt-br/insights/visa/in-brazilian-immigration-matters-foreign-nationals-could-apply-for-a-f/,pt-br/insights/visa/in-brazilian-immigration-matters-foreign-nationals-could-apply-for-a-f/index.html,PRESERVED — SOURCE REVIEW REQUIRED — no publication-ready rewrite,CONSISTENT ORGANIZATION DESCRIPTION,PRESERVED,NOT DEPLOYED
https://immigratetobrazil.com/pt-br/insights/visa/in-exceptional-cases-a-brazilian-visa-application-may-be-denied-under/,pt-br/insights/visa/in-exceptional-cases-a-brazilian-visa-application-may-be-denied-under/index.html,PRESERVED — SOURCE REVIEW REQUIRED — no publication-ready rewrite,CONSISTENT ORGANIZATION DESCRIPTION,PRESERVED,NOT DEPLOYED
https://immigratetobrazil.com/pt-br/insights/visa/in-general-many-countries-do-not-have-a-specific-dating-visa-but-offer/,pt-br/insights/visa/in-general-many-countries-do-not-have-a-specific-dating-visa-but-offer/index.html,PRESERVED — SOURCE REVIEW REQUIRED — no publication-ready rewrite,CONSISTENT ORGANIZATION DESCRIPTION,PRESERVED,NOT DEPLOYED
https://immigratetobrazil.com/pt-br/insights/visa/in-situations-where-a-brazilian-needs-emergency-consular-assistance-ou/,pt-br/insights/visa/in-situations-where-a-brazilian-needs-emergency-consular-assistance-ou/index.html,PRESERVED — SOURCE REVIEW REQUIRED — no publication-ready rewrite,CONSISTENT ORGANIZATION DESCRIPTION,PRESERVED,NOT DEPLOYED
https://immigratetobrazil.com/pt-br/insights/visa/in-some-cases-of-vulnerable-situations-brazilian-migration-law-waives/,pt-br/insights/visa/in-some-cases-of-vulnerable-situations-brazilian-migration-law-waives/index.html,PRESERVED — SOURCE REVIEW REQUIRED — no publication-ready rewrite,CONSISTENT ORGANIZATION DESCRIPTION,PRESERVED,NOT DEPLOYED
https://immigratetobrazil.com/pt-br/insights/visa/individuals-seeking-to-work-in-brazil-through-a-formal-employment-rela/,pt-br/insights/visa/individuals-seeking-to-work-in-brazil-through-a-formal-employment-rela/index.html,PRESERVED — SOURCE REVIEW REQUIRED — no publication-ready rewrite,CONSISTENT ORGANIZATION DESCRIPTION,PRESERVED,NOT DEPLOYED
https://immigratetobrazil.com/pt-br/insights/visa/it-can-be-possible-to-bring-a-companion-to-brazil-on-a-health-treatmen/,pt-br/insights/visa/it-can-be-possible-to-bring-a-companion-to-brazil-on-a-health-treatmen/index.html,PRESERVED — SOURCE REVIEW REQUIRED — no publication-ready rewrite,CONSISTENT ORGANIZATION DESCRIPTION,PRESERVED,NOT DEPLOYED
https://immigratetobrazil.com/pt-br/insights/visa/it-is-not-necessary-in-cases-of-a-stopover-or-connecting-flight-in-bra/,pt-br/insights/visa/it-is-not-necessary-in-cases-of-a-stopover-or-connecting-flight-in-bra/index.html,PRESERVED — SOURCE REVIEW REQUIRED — no publication-ready rewrite,CONSISTENT ORGANIZATION DESCRIPTION,PRESERVED,NOT DEPLOYED
https://immigratetobrazil.com/pt-br/insights/visa/it-is-now-possible-to-apply-for-a-digital-nomad-visa-for-italy/,pt-br/insights/visa/it-is-now-possible-to-apply-for-a-digital-nomad-visa-for-italy/index.html,PRESERVED — SOURCE REVIEW REQUIRED — no publication-ready rewrite,CONSISTENT ORGANIZATION DESCRIPTION,PRESERVED,NOT DEPLOYED
https://immigratetobrazil.com/pt-br/insights/visa/it-is-possible-for-a-foreign-person-to-purchase-property-in-brazil-but/,pt-br/insights/visa/it-is-possible-for-a-foreign-person-to-purchase-property-in-brazil-but/index.html,PRESERVED — SOURCE REVIEW REQUIRED — no publication-ready rewrite,CONSISTENT ORGANIZATION DESCRIPTION,PRESERVED,NOT DEPLOYED
https://immigratetobrazil.com/pt-br/insights/visa/it-is-possible-to-bring-a-companion-to-brazil-with-a-health-treatment/,pt-br/insights/visa/it-is-possible-to-bring-a-companion-to-brazil-with-a-health-treatment/index.html,PRESERVED — SOURCE REVIEW REQUIRED — no publication-ready rewrite,CONSISTENT ORGANIZATION DESCRIPTION,PRESERVED,NOT DEPLOYED
https://immigratetobrazil.com/pt-br/insights/visa/it-is-possible-to-go-to-brazil-as-a-tourist-and-get-married-or-recogni/,pt-br/insights/visa/it-is-possible-to-go-to-brazil-as-a-tourist-and-get-married-or-recogni/index.html,PRESERVED — SOURCE REVIEW REQUIRED — no publication-ready rewrite,CONSISTENT ORGANIZATION DESCRIPTION,PRESERVED,NOT DEPLOYED
https://immigratetobrazil.com/pt-br/insights/visa/japan-has-announced-measures-to-attract-digital-nomads-aligning-with-a/,pt-br/insights/visa/japan-has-announced-measures-to-attract-digital-nomads-aligning-with-a/index.html,PRESERVED — SOURCE REVIEW REQUIRED — no publication-ready rewrite,CONSISTENT ORGANIZATION DESCRIPTION,PRESERVED,NOT DEPLOYED
https://immigratetobrazil.com/pt-br/insights/visa/legal-guidance-eligibility-requirements-and-filing-steps/,pt-br/insights/visa/legal-guidance-eligibility-requirements-and-filing-steps/index.html,PRESERVED — SOURCE REVIEW REQUIRED — no publication-ready rewrite,CONSISTENT ORGANIZATION DESCRIPTION,PRESERVED,NOT DEPLOYED
https://immigratetobrazil.com/pt-br/insights/visa/many-people-risk-staying-in-portugal-with-just-a-tourist-visa-and-then/,pt-br/insights/visa/many-people-risk-staying-in-portugal-with-just-a-tourist-visa-and-then/index.html,PRESERVED — SOURCE REVIEW REQUIRED — no publication-ready rewrite,CONSISTENT ORGANIZATION DESCRIPTION,PRESERVED,NOT DEPLOYED
https://immigratetobrazil.com/pt-br/insights/visa/may-5th-is-celebrated-as-portuguese-language-and-lusophone-culture-day/,pt-br/insights/visa/may-5th-is-celebrated-as-portuguese-language-and-lusophone-culture-day/index.html,PRESERVED — SOURCE REVIEW REQUIRED — no publication-ready rewrite,CONSISTENT ORGANIZATION DESCRIPTION,PRESERVED,NOT DEPLOYED
https://immigratetobrazil.com/pt-br/insights/visa/my-immigrant-id-card-is-valid-until-2030-but-my-civil-partnership-has/,pt-br/insights/visa/my-immigrant-id-card-is-valid-until-2030-but-my-civil-partnership-has/index.html,PRESERVED — SOURCE REVIEW REQUIRED — no publication-ready rewrite,CONSISTENT ORGANIZATION DESCRIPTION,PRESERVED,NOT DEPLOYED
https://immigratetobrazil.com/pt-br/insights/visa/news-visa-fees-for-the-usa-will-become-more-expensive-from-may-30th-to/,pt-br/insights/visa/news-visa-fees-for-the-usa-will-become-more-expensive-from-may-30th-to/index.html,PRESERVED — SOURCE REVIEW REQUIRED — no publication-ready rewrite,CONSISTENT ORGANIZATION DESCRIPTION,PRESERVED,NOT DEPLOYED
https://immigratetobrazil.com/pt-br/insights/visa/no-a-work-visa-requires-prior-approval-from-the-brazilian-ministry-of/,pt-br/insights/visa/no-a-work-visa-requires-prior-approval-from-the-brazilian-ministry-of/index.html,PRESERVED — SOURCE REVIEW REQUIRED — no publication-ready rewrite,CONSISTENT ORGANIZATION DESCRIPTION,PRESERVED,NOT DEPLOYED
https://immigratetobrazil.com/pt-br/insights/visa/no-dependents-can-arrive-with-or-after-the-main-visa-holder-in-the-usa/,pt-br/insights/visa/no-dependents-can-arrive-with-or-after-the-main-visa-holder-in-the-usa/index.html,PRESERVED — SOURCE REVIEW REQUIRED — no publication-ready rewrite,CONSISTENT ORGANIZATION DESCRIPTION,PRESERVED,NOT DEPLOYED
https://immigratetobrazil.com/pt-br/insights/visa/not-everything-is-what-it-seems-especially-in-brazilian-cuisine/,pt-br/insights/visa/not-everything-is-what-it-seems-especially-in-brazilian-cuisine/index.html,PRESERVED — SOURCE REVIEW REQUIRED — no publication-ready rewrite,CONSISTENT ORGANIZATION DESCRIPTION,PRESERVED,NOT DEPLOYED
https://immigratetobrazil.com/pt-br/insights/visa/nowadays-technology-allows-us-to-work-from-anywhere-in-the-world/,pt-br/insights/visa/nowadays-technology-allows-us-to-work-from-anywhere-in-the-world/index.html,PRESERVED — SOURCE REVIEW REQUIRED — no publication-ready rewrite,CONSISTENT ORGANIZATION DESCRIPTION,PRESERVED,NOT DEPLOYED
https://immigratetobrazil.com/pt-br/insights/visa/obtaining-a-permanent-residence-permit-indefinite-period-in-brazil-is/,pt-br/insights/visa/obtaining-a-permanent-residence-permit-indefinite-period-in-brazil-is/index.html,PRESERVED — SOURCE REVIEW REQUIRED — no publication-ready rewrite,CONSISTENT ORGANIZATION DESCRIPTION,PRESERVED,NOT DEPLOYED
https://immigratetobrazil.com/pt-br/insights/visa/obtaining-a-residency-permit-as-a-retiree-or-pensioner-in-brazil-provi/,pt-br/insights/visa/obtaining-a-residency-permit-as-a-retiree-or-pensioner-in-brazil-provi/index.html,PRESERVED — SOURCE REVIEW REQUIRED — no publication-ready rewrite,CONSISTENT ORGANIZATION DESCRIPTION,PRESERVED,NOT DEPLOYED
https://immigratetobrazil.com/pt-br/insights/visa/obtaining-a-student-visa-to-be-an-exchange-student-in-brazil-offers-a/,pt-br/insights/visa/obtaining-a-student-visa-to-be-an-exchange-student-in-brazil-offers-a/index.html,PRESERVED — SOURCE REVIEW REQUIRED — no publication-ready rewrite,CONSISTENT ORGANIZATION DESCRIPTION,PRESERVED,NOT DEPLOYED
https://immigratetobrazil.com/pt-br/insights/visa/obtaining-an-immigrant-identity-card-rnm-is-extremely-important-for-im/,pt-br/insights/visa/obtaining-an-immigrant-identity-card-rnm-is-extremely-important-for-im/index.html,PRESERVED — SOURCE REVIEW REQUIRED — no publication-ready rewrite,CONSISTENT ORGANIZATION DESCRIPTION,PRESERVED,NOT DEPLOYED
https://immigratetobrazil.com/pt-br/insights/visa/people-who-exceed-the-legal-period-of-stay-in-brazil-either-by-oversta/,pt-br/insights/visa/people-who-exceed-the-legal-period-of-stay-in-brazil-either-by-oversta/index.html,PRESERVED — SOURCE REVIEW REQUIRED — no publication-ready rewrite,CONSISTENT ORGANIZATION DESCRIPTION,PRESERVED,NOT DEPLOYED
https://immigratetobrazil.com/pt-br/insights/visa/permanent-residency-through-the-investor-visa-individual-investment-in/,pt-br/insights/visa/permanent-residency-through-the-investor-visa-individual-investment-in/index.html,PRESERVED — SOURCE REVIEW REQUIRED — no publication-ready rewrite,CONSISTENT ORGANIZATION DESCRIPTION,PRESERVED,NOT DEPLOYED
https://immigratetobrazil.com/pt-br/insights/visa/premium-processing-is-a-service-offered-by-the-us-immigration-agency-t/,pt-br/insights/visa/premium-processing-is-a-service-offered-by-the-us-immigration-agency-t/index.html,PRESERVED — SOURCE REVIEW REQUIRED — no publication-ready rewrite,CONSISTENT ORGANIZATION DESCRIPTION,PRESERVED,NOT DEPLOYED
https://immigratetobrazil.com/pt-br/insights/visa/professionals-can-have-the-eb2-niw-visa-as-a-gateway-to-continue-their/,pt-br/insights/visa/professionals-can-have-the-eb2-niw-visa-as-a-gateway-to-continue-their/index.html,PRESERVED — SOURCE REVIEW REQUIRED — no publication-ready rewrite,CONSISTENT ORGANIZATION DESCRIPTION,PRESERVED,NOT DEPLOYED
https://immigratetobrazil.com/pt-br/insights/visa/qualified-professionals-can-use-the-eb2-niw-visa-as-a-gateway-to-conti/,pt-br/insights/visa/qualified-professionals-can-use-the-eb2-niw-visa-as-a-gateway-to-conti/index.html,PRESERVED — SOURCE REVIEW REQUIRED — no publication-ready rewrite,CONSISTENT ORGANIZATION DESCRIPTION,PRESERVED,NOT DEPLOYED
https://immigratetobrazil.com/pt-br/insights/visa/repatriation-also-known-as-national-recovery-operation-represents-the/,pt-br/insights/visa/repatriation-also-known-as-national-recovery-operation-represents-the/index.html,PRESERVED — SOURCE REVIEW REQUIRED — no publication-ready rewrite,CONSISTENT ORGANIZATION DESCRIPTION,PRESERVED,NOT DEPLOYED
https://immigratetobrazil.com/pt-br/insights/visa/retirees-and-pensioners-who-want-to-live-in-brazil-can-request-a-tempo/,pt-br/insights/visa/retirees-and-pensioners-who-want-to-live-in-brazil-can-request-a-tempo/index.html,PRESERVED — SOURCE REVIEW REQUIRED — no publication-ready rewrite,CONSISTENT ORGANIZATION DESCRIPTION,PRESERVED,NOT DEPLOYED
https://immigratetobrazil.com/pt-br/insights/visa/rio-de-janeiro-has-recently-been-named-the-world-s-top-destination-for/,pt-br/insights/visa/rio-de-janeiro-has-recently-been-named-the-world-s-top-destination-for/index.html,PRESERVED — SOURCE REVIEW REQUIRED — no publication-ready rewrite,CONSISTENT ORGANIZATION DESCRIPTION,PRESERVED,NOT DEPLOYED
https://immigratetobrazil.com/pt-br/insights/visa/since-april-10-2025-tourists-from-the-united-states-canada-and-austral/,pt-br/insights/visa/since-april-10-2025-tourists-from-the-united-states-canada-and-austral/index.html,PRESERVED — SOURCE REVIEW REQUIRED — no publication-ready rewrite,CONSISTENT ORGANIZATION DESCRIPTION,PRESERVED,NOT DEPLOYED
https://immigratetobrazil.com/pt-br/insights/visa/technical-completion-involves-legal-analysis-of-the-rules-and-circumst/,pt-br/insights/visa/technical-completion-involves-legal-analysis-of-the-rules-and-circumst/index.html,PRESERVED — SOURCE REVIEW REQUIRED — no publication-ready rewrite,CONSISTENT ORGANIZATION DESCRIPTION,PRESERVED,NOT DEPLOYED
https://immigratetobrazil.com/pt-br/insights/visa/the-american-visa-interview-aims-to-assess-whether-you-are-a-qualified/,pt-br/insights/visa/the-american-visa-interview-aims-to-assess-whether-you-are-a-qualified/index.html,PRESERVED — SOURCE REVIEW REQUIRED — no publication-ready rewrite,CONSISTENT ORGANIZATION DESCRIPTION,PRESERVED,NOT DEPLOYED
https://immigratetobrazil.com/pt-br/insights/visa/the-authorization-of-indefinite-term-residence-in-brazil-can-be-obtain/,pt-br/insights/visa/the-authorization-of-indefinite-term-residence-in-brazil-can-be-obtain/index.html,PRESERVED — SOURCE REVIEW REQUIRED — no publication-ready rewrite,CONSISTENT ORGANIZATION DESCRIPTION,PRESERVED,NOT DEPLOYED
https://immigratetobrazil.com/pt-br/insights/visa/the-biggest-cause-of-losing-an-irish-student-visa-is-when-the-immigran/,pt-br/insights/visa/the-biggest-cause-of-losing-an-irish-student-visa-is-when-the-immigran/index.html,PRESERVED — SOURCE REVIEW REQUIRED — no publication-ready rewrite,CONSISTENT ORGANIZATION DESCRIPTION,PRESERVED,NOT DEPLOYED
https://immigratetobrazil.com/pt-br/insights/visa/the-brazilian-retirement-visa-is-an-excellent-choice-for-retirees-and/,pt-br/insights/visa/the-brazilian-retirement-visa-is-an-excellent-choice-for-retirees-and/index.html,PRESERVED — SOURCE REVIEW REQUIRED — no publication-ready rewrite,CONSISTENT ORGANIZATION DESCRIPTION,PRESERVED,NOT DEPLOYED
https://immigratetobrazil.com/pt-br/insights/visa/the-brazilian-visa-for-digital-nomads-allows-you-to-stay-for-up-to-one/,pt-br/insights/visa/the-brazilian-visa-for-digital-nomads-allows-you-to-stay-for-up-to-one/index.html,PRESERVED — SOURCE REVIEW REQUIRED — no publication-ready rewrite,CONSISTENT ORGANIZATION DESCRIPTION,PRESERVED,NOT DEPLOYED
https://immigratetobrazil.com/pt-br/insights/visa/the-brazilian-work-visa-for-employment-is-granted-to-foreign-nationals/,pt-br/insights/visa/the-brazilian-work-visa-for-employment-is-granted-to-foreign-nationals/index.html,PRESERVED — SOURCE REVIEW REQUIRED — no publication-ready rewrite,CONSISTENT ORGANIZATION DESCRIPTION,PRESERVED,NOT DEPLOYED
https://immigratetobrazil.com/pt-br/insights/visa/the-cplp-community-of-portuguese-speaking-countries-visa-is-an-option/,pt-br/insights/visa/the-cplp-community-of-portuguese-speaking-countries-visa-is-an-option/index.html,PRESERVED — SOURCE REVIEW REQUIRED — no publication-ready rewrite,CONSISTENT ORGANIZATION DESCRIPTION,PRESERVED,NOT DEPLOYED
https://immigratetobrazil.com/pt-br/insights/visa/the-cplp-temporary-residence-visa-is-intended-for-citizens-of-the-coun/,pt-br/insights/visa/the-cplp-temporary-residence-visa-is-intended-for-citizens-of-the-coun/index.html,PRESERVED — SOURCE REVIEW REQUIRED — no publication-ready rewrite,CONSISTENT ORGANIZATION DESCRIPTION,PRESERVED,NOT DEPLOYED
https://immigratetobrazil.com/pt-br/insights/visa/the-deadline-for-visa-requirements-for-citizens-of-australia-canada-an/,pt-br/insights/visa/the-deadline-for-visa-requirements-for-citizens-of-australia-canada-an/index.html,PRESERVED — SOURCE REVIEW REQUIRED — no publication-ready rewrite,CONSISTENT ORGANIZATION DESCRIPTION,PRESERVED,NOT DEPLOYED
https://immigratetobrazil.com/pt-br/insights/visa/the-duration-for-which-a-foreigner-can-be-absent-from-the-country-with/,pt-br/insights/visa/the-duration-for-which-a-foreigner-can-be-absent-from-the-country-with/index.html,PRESERVED — SOURCE REVIEW REQUIRED — no publication-ready rewrite,CONSISTENT ORGANIZATION DESCRIPTION,PRESERVED,NOT DEPLOYED
https://immigratetobrazil.com/pt-br/insights/visa/the-eb-2-niw-national-interest-waiver-visa-is-not-limited-exclusively/,pt-br/insights/visa/the-eb-2-niw-national-interest-waiver-visa-is-not-limited-exclusively/index.html,PRESERVED — SOURCE REVIEW REQUIRED — no publication-ready rewrite,CONSISTENT ORGANIZATION DESCRIPTION,PRESERVED,NOT DEPLOYED
https://immigratetobrazil.com/pt-br/insights/visa/the-eb2-niw-visa-is-a-great-opportunity-to-internationalize-your-caree/,pt-br/insights/visa/the-eb2-niw-visa-is-a-great-opportunity-to-internationalize-your-caree/index.html,PRESERVED — SOURCE REVIEW REQUIRED — no publication-ready rewrite,CONSISTENT ORGANIZATION DESCRIPTION,PRESERVED,NOT DEPLOYED
https://immigratetobrazil.com/pt-br/insights/visa/the-end-of-the-expression-of-interest-for-immigrants-in-portugal-marks/,pt-br/insights/visa/the-end-of-the-expression-of-interest-for-immigrants-in-portugal-marks/index.html,PRESERVED — SOURCE REVIEW REQUIRED — no publication-ready rewrite,CONSISTENT ORGANIZATION DESCRIPTION,PRESERVED,NOT DEPLOYED
https://immigratetobrazil.com/pt-br/insights/visa/the-future-fee-for-travelers-entering-europe-known-as-etias-had-its-la/,pt-br/insights/visa/the-future-fee-for-travelers-entering-europe-known-as-etias-had-its-la/index.html,PRESERVED — SOURCE REVIEW REQUIRED — no publication-ready rewrite,CONSISTENT ORGANIZATION DESCRIPTION,PRESERVED,NOT DEPLOYED
https://immigratetobrazil.com/pt-br/insights/visa/the-granting-of-a-religious-visa-can-be-issued-to-a-foreign-national-e/,pt-br/insights/visa/the-granting-of-a-religious-visa-can-be-issued-to-a-foreign-national-e/index.html,PRESERVED — SOURCE REVIEW REQUIRED — no publication-ready rewrite,CONSISTENT ORGANIZATION DESCRIPTION,PRESERVED,NOT DEPLOYED
https://immigratetobrazil.com/pt-br/insights/visa/the-holiday-work-visa-program-between-brazil-and-new-zealand-offers-ne/,pt-br/insights/visa/the-holiday-work-visa-program-between-brazil-and-new-zealand-offers-ne/index.html,PRESERVED — SOURCE REVIEW REQUIRED — no publication-ready rewrite,CONSISTENT ORGANIZATION DESCRIPTION,PRESERVED,NOT DEPLOYED
https://immigratetobrazil.com/pt-br/insights/visa/the-importance-of-getting-legal-guidance-from-a-lawyer-in-travel-and-i/,pt-br/insights/visa/the-importance-of-getting-legal-guidance-from-a-lawyer-in-travel-and-i/index.html,PRESERVED — SOURCE REVIEW REQUIRED — no publication-ready rewrite,CONSISTENT ORGANIZATION DESCRIPTION,PRESERVED,NOT DEPLOYED
https://immigratetobrazil.com/pt-br/insights/visa/the-initial-projection-indicated-that-visa-requirements-for-citizens-o-2/,pt-br/insights/visa/the-initial-projection-indicated-that-visa-requirements-for-citizens-o-2/index.html,PRESERVED — SOURCE REVIEW REQUIRED — no publication-ready rewrite,CONSISTENT ORGANIZATION DESCRIPTION,PRESERVED,NOT DEPLOYED
https://immigratetobrazil.com/pt-br/insights/visa/the-initial-projection-indicated-that-visa-requirements-for-citizens-o/,pt-br/insights/visa/the-initial-projection-indicated-that-visa-requirements-for-citizens-o/index.html,PRESERVED — SOURCE REVIEW REQUIRED — no publication-ready rewrite,CONSISTENT ORGANIZATION DESCRIPTION,PRESERVED,NOT DEPLOYED
https://immigratetobrazil.com/pt-br/insights/visa/the-international-immunisation-certificate-is-necessary-for-individual/,pt-br/insights/visa/the-international-immunisation-certificate-is-necessary-for-individual/index.html,PRESERVED — SOURCE REVIEW REQUIRED — no publication-ready rewrite,CONSISTENT ORGANIZATION DESCRIPTION,PRESERVED,NOT DEPLOYED
https://immigratetobrazil.com/pt-br/insights/visa/the-interview-for-the-american-visa-in-brazil-is-carried-out-in-portug/,pt-br/insights/visa/the-interview-for-the-american-visa-in-brazil-is-carried-out-in-portug/index.html,PRESERVED — SOURCE REVIEW REQUIRED — no publication-ready rewrite,CONSISTENT ORGANIZATION DESCRIPTION,PRESERVED,NOT DEPLOYED
https://immigratetobrazil.com/pt-br/insights/visa/the-japanese-immigration-service-has-announced-a-new-visa-the-digital/,pt-br/insights/visa/the-japanese-immigration-service-has-announced-a-new-visa-the-digital/index.html,PRESERVED — SOURCE REVIEW REQUIRED — no publication-ready rewrite,CONSISTENT ORGANIZATION DESCRIPTION,PRESERVED,NOT DEPLOYED
https://immigratetobrazil.com/pt-br/insights/visa/the-joint-family-visa-for-spouses-and-partners-in-a-recognized-stable/,pt-br/insights/visa/the-joint-family-visa-for-spouses-and-partners-in-a-recognized-stable/index.html,PRESERVED — SOURCE REVIEW REQUIRED — no publication-ready rewrite,CONSISTENT ORGANIZATION DESCRIPTION,PRESERVED,NOT DEPLOYED
https://immigratetobrazil.com/pt-br/insights/visa/the-k-1-visa-is-intended-for-foreign-fiances-of-united-states-citizens/,pt-br/insights/visa/the-k-1-visa-is-intended-for-foreign-fiances-of-united-states-citizens/index.html,PRESERVED — SOURCE REVIEW REQUIRED — no publication-ready rewrite,CONSISTENT ORGANIZATION DESCRIPTION,PRESERVED,NOT DEPLOYED
https://immigratetobrazil.com/pt-br/insights/visa/the-legislation-outlines-the-specific-functions-and-sets-forth-several/,pt-br/insights/visa/the-legislation-outlines-the-specific-functions-and-sets-forth-several/index.html,PRESERVED — SOURCE REVIEW REQUIRED — no publication-ready rewrite,CONSISTENT ORGANIZATION DESCRIPTION,PRESERVED,NOT DEPLOYED
https://immigratetobrazil.com/pt-br/insights/visa/the-main-hypotheses-are-travel-document-that-is-not-valid-for-brazil-t/,pt-br/insights/visa/the-main-hypotheses-are-travel-document-that-is-not-valid-for-brazil-t/index.html,PRESERVED — SOURCE REVIEW REQUIRED — no publication-ready rewrite,CONSISTENT ORGANIZATION DESCRIPTION,PRESERVED,NOT DEPLOYED
https://immigratetobrazil.com/pt-br/insights/visa/the-recent-interministerial-ordinance-represents-a-significant-advance/,pt-br/insights/visa/the-recent-interministerial-ordinance-represents-a-significant-advance/index.html,PRESERVED — SOURCE REVIEW REQUIRED — no publication-ready rewrite,CONSISTENT ORGANIZATION DESCRIPTION,PRESERVED,NOT DEPLOYED
https://immigratetobrazil.com/pt-br/insights/visa/the-residence-permit-for-an-indefinite-period-in-brazil-can-be-obtaine/,pt-br/insights/visa/the-residence-permit-for-an-indefinite-period-in-brazil-can-be-obtaine/index.html,PRESERVED — SOURCE REVIEW REQUIRED — no publication-ready rewrite,CONSISTENT ORGANIZATION DESCRIPTION,PRESERVED,NOT DEPLOYED
https://immigratetobrazil.com/pt-br/insights/visa/the-retirement-visa-for-brazil-is-designed-for-individuals-who-wish-to/,pt-br/insights/visa/the-retirement-visa-for-brazil-is-designed-for-individuals-who-wish-to/index.html,PRESERVED — SOURCE REVIEW REQUIRED — no publication-ready rewrite,CONSISTENT ORGANIZATION DESCRIPTION,PRESERVED,NOT DEPLOYED
https://immigratetobrazil.com/pt-br/insights/visa/the-retirement-visa-for-brazil-is-intended-for-individuals-who-wish-to/,pt-br/insights/visa/the-retirement-visa-for-brazil-is-intended-for-individuals-who-wish-to/index.html,PRESERVED — SOURCE REVIEW REQUIRED — no publication-ready rewrite,CONSISTENT ORGANIZATION DESCRIPTION,PRESERVED,NOT DEPLOYED
https://immigratetobrazil.com/pt-br/insights/visa/the-rules-for-work-immigration-allow-individuals-to-obtain-a-visa-or-r/,pt-br/insights/visa/the-rules-for-work-immigration-allow-individuals-to-obtain-a-visa-or-r/index.html,PRESERVED — SOURCE REVIEW REQUIRED — no publication-ready rewrite,CONSISTENT ORGANIZATION DESCRIPTION,PRESERVED,NOT DEPLOYED
https://immigratetobrazil.com/pt-br/insights/visa/the-time-a-foreigner-can-be-absent-from-the-country-without-losing-the/,pt-br/insights/visa/the-time-a-foreigner-can-be-absent-from-the-country-without-losing-the/index.html,PRESERVED — SOURCE REVIEW REQUIRED — no publication-ready rewrite,CONSISTENT ORGANIZATION DESCRIPTION,PRESERVED,NOT DEPLOYED
https://immigratetobrazil.com/pt-br/insights/visa/the-undergraduate-student-agreement-program-pec-g-is-a-brazilian-gover/,pt-br/insights/visa/the-undergraduate-student-agreement-program-pec-g-is-a-brazilian-gover/index.html,PRESERVED — SOURCE REVIEW REQUIRED — no publication-ready rewrite,CONSISTENT ORGANIZATION DESCRIPTION,PRESERVED,NOT DEPLOYED
https://immigratetobrazil.com/pt-br/insights/visa/the-visa-and-residence-for-the-purpose-of-working-without-employment-i/,pt-br/insights/visa/the-visa-and-residence-for-the-purpose-of-working-without-employment-i/index.html,PRESERVED — SOURCE REVIEW REQUIRED — no publication-ready rewrite,CONSISTENT ORGANIZATION DESCRIPTION,PRESERVED,NOT DEPLOYED
https://immigratetobrazil.com/pt-br/insights/visa/the-work-holiday-visa-agreement-between-brazil-and-france-allows-young/,pt-br/insights/visa/the-work-holiday-visa-agreement-between-brazil-and-france-allows-young/index.html,PRESERVED — SOURCE REVIEW REQUIRED — no publication-ready rewrite,CONSISTENT ORGANIZATION DESCRIPTION,PRESERVED,NOT DEPLOYED
https://immigratetobrazil.com/pt-br/insights/visa/the-working-and-holiday-visa-agreement-between-brazil-and-france-allow/,pt-br/insights/visa/the-working-and-holiday-visa-agreement-between-brazil-and-france-allow/index.html,PRESERVED — SOURCE REVIEW REQUIRED — no publication-ready rewrite,CONSISTENT ORGANIZATION DESCRIPTION,PRESERVED,NOT DEPLOYED
https://immigratetobrazil.com/pt-br/insights/visa/this-brazilian-visa-is-intended-for-those-who-wish-to-carry-out-academ/,pt-br/insights/visa/this-brazilian-visa-is-intended-for-those-who-wish-to-carry-out-academ/index.html,PRESERVED — SOURCE REVIEW REQUIRED — no publication-ready rewrite,CONSISTENT ORGANIZATION DESCRIPTION,PRESERVED,NOT DEPLOYED
https://immigratetobrazil.com/pt-br/insights/visa/this-can-be-done-at-the-consulate-or-embassy-of-the-country-that-issue/,pt-br/insights/visa/this-can-be-done-at-the-consulate-or-embassy-of-the-country-that-issue/index.html,PRESERVED — SOURCE REVIEW REQUIRED — no publication-ready rewrite,CONSISTENT ORGANIZATION DESCRIPTION,PRESERVED,NOT DEPLOYED
https://immigratetobrazil.com/pt-br/insights/visa/this-day-established-by-the-un-reinforces-the-importance-of-joining-fo/,pt-br/insights/visa/this-day-established-by-the-un-reinforces-the-importance-of-joining-fo/index.html,PRESERVED — SOURCE REVIEW REQUIRED — no publication-ready rewrite,CONSISTENT ORGANIZATION DESCRIPTION,PRESERVED,NOT DEPLOYED
https://immigratetobrazil.com/pt-br/insights/visa/this-is-an-illegal-and-extremely-risky-practice-that-can-lead-to-sever/,pt-br/insights/visa/this-is-an-illegal-and-extremely-risky-practice-that-can-lead-to-sever/index.html,PRESERVED — SOURCE REVIEW REQUIRED — no publication-ready rewrite,CONSISTENT ORGANIZATION DESCRIPTION,PRESERVED,NOT DEPLOYED
https://immigratetobrazil.com/pt-br/insights/visa/to-obtain-a-brazilian-study-visa-you-must-be-enrolled-in-an-educationa/,pt-br/insights/visa/to-obtain-a-brazilian-study-visa-you-must-be-enrolled-in-an-educationa/index.html,PRESERVED — SOURCE REVIEW REQUIRED — no publication-ready rewrite,CONSISTENT ORGANIZATION DESCRIPTION,PRESERVED,NOT DEPLOYED
https://immigratetobrazil.com/pt-br/insights/visa/to-prove-your-civil-union-status-with-a-foreign-person-a-certificate-i/,pt-br/insights/visa/to-prove-your-civil-union-status-with-a-foreign-person-a-certificate-i/index.html,PRESERVED — SOURCE REVIEW REQUIRED — no publication-ready rewrite,CONSISTENT ORGANIZATION DESCRIPTION,PRESERVED,NOT DEPLOYED
https://immigratetobrazil.com/pt-br/insights/visa/travellers-in-brazil-can-access-a-variety-of-basic-healthcare-services/,pt-br/insights/visa/travellers-in-brazil-can-access-a-variety-of-basic-healthcare-services/index.html,PRESERVED — SOURCE REVIEW REQUIRED — no publication-ready rewrite,CONSISTENT ORGANIZATION DESCRIPTION,PRESERVED,NOT DEPLOYED
https://immigratetobrazil.com/pt-br/insights/visa/upon-arriving-in-brazil-with-a-visa-you-will-have-90-days-to-register/,pt-br/insights/visa/upon-arriving-in-brazil-with-a-visa-you-will-have-90-days-to-register/index.html,PRESERVED — SOURCE REVIEW REQUIRED — no publication-ready rewrite,CONSISTENT ORGANIZATION DESCRIPTION,PRESERVED,NOT DEPLOYED
https://immigratetobrazil.com/pt-br/insights/visa/visa-guidance-legal-requirements-and-filing-steps-in-brazil-2/,pt-br/insights/visa/visa-guidance-legal-requirements-and-filing-steps-in-brazil-2/index.html,PRESERVED — SOURCE REVIEW REQUIRED — no publication-ready rewrite,CONSISTENT ORGANIZATION DESCRIPTION,PRESERVED,NOT DEPLOYED
https://immigratetobrazil.com/pt-br/insights/visa/visa-guidance-legal-requirements-and-filing-steps-in-brazil-3/,pt-br/insights/visa/visa-guidance-legal-requirements-and-filing-steps-in-brazil-3/index.html,PRESERVED — SOURCE REVIEW REQUIRED — no publication-ready rewrite,CONSISTENT ORGANIZATION DESCRIPTION,PRESERVED,NOT DEPLOYED
https://immigratetobrazil.com/pt-br/insights/visa/visa-guidance-legal-requirements-and-filing-steps-in-brazil/,pt-br/insights/visa/visa-guidance-legal-requirements-and-filing-steps-in-brazil/index.html,PRESERVED — SOURCE REVIEW REQUIRED — no publication-ready rewrite,CONSISTENT ORGANIZATION DESCRIPTION,PRESERVED,NOT DEPLOYED
https://immigratetobrazil.com/pt-br/legal/,pt-br/legal/index.html,APPLIED,CONSISTENT ORGANIZATION DESCRIPTION,PRESERVED,NOT DEPLOYED
https://immigratetobrazil.com/pt-br/legal/404/,pt-br/legal/404/index.html,PRESERVED — UTILITY — preserve noindex,CONSISTENT ORGANIZATION DESCRIPTION,PRESERVED,NOT DEPLOYED
https://immigratetobrazil.com/pt-br/legal/accessibility/,pt-br/legal/accessibility/index.html,APPLIED,CONSISTENT ORGANIZATION DESCRIPTION,PRESERVED,NOT DEPLOYED
https://immigratetobrazil.com/pt-br/legal/cookies/,pt-br/legal/cookies/index.html,APPLIED,CONSISTENT ORGANIZATION DESCRIPTION,PRESERVED,NOT DEPLOYED
https://immigratetobrazil.com/pt-br/legal/disclaimer/,pt-br/legal/disclaimer/index.html,APPLIED,CONSISTENT ORGANIZATION DESCRIPTION,PRESERVED,NOT DEPLOYED
https://immigratetobrazil.com/pt-br/legal/emergency/,pt-br/legal/emergency/index.html,APPLIED,CONSISTENT ORGANIZATION DESCRIPTION,PRESERVED,NOT DEPLOYED
https://immigratetobrazil.com/pt-br/legal/form/,pt-br/legal/form/index.html,APPLIED,CONSISTENT ORGANIZATION DESCRIPTION,PRESERVED,NOT DEPLOYED
https://immigratetobrazil.com/pt-br/legal/gdpr/,pt-br/legal/gdpr/index.html,APPLIED,CONSISTENT ORGANIZATION DESCRIPTION,PRESERVED,NOT DEPLOYED
https://immigratetobrazil.com/pt-br/legal/lgpd/,pt-br/legal/lgpd/index.html,APPLIED,CONSISTENT ORGANIZATION DESCRIPTION,PRESERVED,NOT DEPLOYED
https://immigratetobrazil.com/pt-br/legal/payment/,pt-br/legal/payment/index.html,APPLIED,CONSISTENT ORGANIZATION DESCRIPTION,PRESERVED,NOT DEPLOYED
https://immigratetobrazil.com/pt-br/legal/privacy/,pt-br/legal/privacy/index.html,APPLIED,CONSISTENT ORGANIZATION DESCRIPTION,PRESERVED,NOT DEPLOYED
https://immigratetobrazil.com/pt-br/legal/refund/,pt-br/legal/refund/index.html,APPLIED,CONSISTENT ORGANIZATION DESCRIPTION,PRESERVED,NOT DEPLOYED
https://immigratetobrazil.com/pt-br/legal/search/,pt-br/legal/search/index.html,PRESERVED — UTILITY — preserve noindex,CONSISTENT ORGANIZATION DESCRIPTION,PRESERVED,NOT DEPLOYED
https://immigratetobrazil.com/pt-br/legal/terms/,pt-br/legal/terms/index.html,APPLIED,CONSISTENT ORGANIZATION DESCRIPTION,PRESERVED,NOT DEPLOYED
https://immigratetobrazil.com/pt-br/process/,pt-br/process/index.html,APPLIED,CONSISTENT ORGANIZATION DESCRIPTION,PRESERVED,NOT DEPLOYED
https://immigratetobrazil.com/pt-br/process/aftercare/,pt-br/process/aftercare/index.html,APPLIED,CONSISTENT ORGANIZATION DESCRIPTION,PRESERVED,NOT DEPLOYED
https://immigratetobrazil.com/pt-br/process/alone/,pt-br/process/alone/index.html,APPLIED,CONSISTENT ORGANIZATION DESCRIPTION,PRESERVED,NOT DEPLOYED
https://immigratetobrazil.com/pt-br/process/approval/,pt-br/process/approval/index.html,APPLIED,CONSISTENT ORGANIZATION DESCRIPTION,PRESERVED,NOT DEPLOYED
https://immigratetobrazil.com/pt-br/process/assessment/,pt-br/process/assessment/index.html,APPLIED,CONSISTENT ORGANIZATION DESCRIPTION,PRESERVED,NOT DEPLOYED
https://immigratetobrazil.com/pt-br/process/compliance/,pt-br/process/compliance/index.html,APPLIED,CONSISTENT ORGANIZATION DESCRIPTION,PRESERVED,NOT DEPLOYED
https://immigratetobrazil.com/pt-br/process/consultation/,pt-br/process/consultation/index.html,APPLIED,CONSISTENT ORGANIZATION DESCRIPTION,PRESERVED,NOT DEPLOYED
https://immigratetobrazil.com/pt-br/process/conversion/,pt-br/process/conversion/index.html,APPLIED,CONSISTENT ORGANIZATION DESCRIPTION,PRESERVED,NOT DEPLOYED
https://immigratetobrazil.com/pt-br/process/deadlines/,pt-br/process/deadlines/index.html,APPLIED,CONSISTENT ORGANIZATION DESCRIPTION,PRESERVED,NOT DEPLOYED
https://immigratetobrazil.com/pt-br/process/failures/,pt-br/process/failures/index.html,APPLIED,CONSISTENT ORGANIZATION DESCRIPTION,PRESERVED,NOT DEPLOYED
https://immigratetobrazil.com/pt-br/process/fees/,pt-br/process/fees/index.html,APPLIED,CONSISTENT ORGANIZATION DESCRIPTION,PRESERVED,NOT DEPLOYED
https://immigratetobrazil.com/pt-br/process/filing/,pt-br/process/filing/index.html,APPLIED,CONSISTENT ORGANIZATION DESCRIPTION,PRESERVED,NOT DEPLOYED
https://immigratetobrazil.com/pt-br/process/mistakes/,pt-br/process/mistakes/index.html,APPLIED,CONSISTENT ORGANIZATION DESCRIPTION,PRESERVED,NOT DEPLOYED
https://immigratetobrazil.com/pt-br/process/naturalisation/,pt-br/process/naturalisation/index.html,APPLIED,CONSISTENT ORGANIZATION DESCRIPTION,PRESERVED,NOT DEPLOYED
https://immigratetobrazil.com/pt-br/process/obligations/,pt-br/process/obligations/index.html,APPLIED,CONSISTENT ORGANIZATION DESCRIPTION,PRESERVED,NOT DEPLOYED
https://immigratetobrazil.com/pt-br/process/permanent/,pt-br/process/permanent/index.html,APPLIED,CONSISTENT ORGANIZATION DESCRIPTION,PRESERVED,NOT DEPLOYED
https://immigratetobrazil.com/pt-br/process/planning/,pt-br/process/planning/index.html,APPLIED,CONSISTENT ORGANIZATION DESCRIPTION,PRESERVED,NOT DEPLOYED
https://immigratetobrazil.com/pt-br/process/refund/,pt-br/process/refund/index.html,APPLIED,CONSISTENT ORGANIZATION DESCRIPTION,PRESERVED,NOT DEPLOYED
https://immigratetobrazil.com/pt-br/process/regularization/,pt-br/process/regularization/index.html,APPLIED,CONSISTENT ORGANIZATION DESCRIPTION,PRESERVED,NOT DEPLOYED
https://immigratetobrazil.com/pt-br/process/renewal/,pt-br/process/renewal/index.html,APPLIED,CONSISTENT ORGANIZATION DESCRIPTION,PRESERVED,NOT DEPLOYED
https://immigratetobrazil.com/pt-br/process/responsibilities/,pt-br/process/responsibilities/index.html,APPLIED,CONSISTENT ORGANIZATION DESCRIPTION,PRESERVED,NOT DEPLOYED
https://immigratetobrazil.com/pt-br/process/rights/,pt-br/process/rights/index.html,APPLIED,CONSISTENT ORGANIZATION DESCRIPTION,PRESERVED,NOT DEPLOYED
https://immigratetobrazil.com/pt-br/process/strategy/,pt-br/process/strategy/index.html,APPLIED,CONSISTENT ORGANIZATION DESCRIPTION,PRESERVED,NOT DEPLOYED
https://immigratetobrazil.com/pt-br/process/timeline/,pt-br/process/timeline/index.html,APPLIED,CONSISTENT ORGANIZATION DESCRIPTION,PRESERVED,NOT DEPLOYED
https://immigratetobrazil.com/pt-br/process/transparency/,pt-br/process/transparency/index.html,APPLIED,CONSISTENT ORGANIZATION DESCRIPTION,PRESERVED,NOT DEPLOYED
https://immigratetobrazil.com/pt-br/rights/,pt-br/rights/index.html,APPLIED,CONSISTENT ORGANIZATION DESCRIPTION,PRESERVED,NOT DEPLOYED
https://immigratetobrazil.com/pt-br/rights/naturalisation/,pt-br/rights/naturalisation/index.html,PRESERVED — LEGAL CONTENT REVIEW REQUIRED — conditional retargeting draft,CONSISTENT ORGANIZATION DESCRIPTION,PRESERVED,NOT DEPLOYED
https://immigratetobrazil.com/pt-br/rights/obligations/,pt-br/rights/obligations/index.html,PRESERVED — LEGAL CONTENT REVIEW REQUIRED — conditional retargeting draft,CONSISTENT ORGANIZATION DESCRIPTION,PRESERVED,NOT DEPLOYED
https://immigratetobrazil.com/pt-br/rights/permanent/,pt-br/rights/permanent/index.html,PRESERVED — LEGAL CONTENT REVIEW REQUIRED — conditional retargeting draft,CONSISTENT ORGANIZATION DESCRIPTION,PRESERVED,NOT DEPLOYED
https://immigratetobrazil.com/pt-br/rights/planning/,pt-br/rights/planning/index.html,PRESERVED — LEGAL CONTENT REVIEW REQUIRED — conditional retargeting draft,CONSISTENT ORGANIZATION DESCRIPTION,PRESERVED,NOT DEPLOYED
https://immigratetobrazil.com/pt-br/rights/refund/,pt-br/rights/refund/index.html,PRESERVED — LEGAL CONTENT REVIEW REQUIRED — conditional retargeting draft,CONSISTENT ORGANIZATION DESCRIPTION,PRESERVED,NOT DEPLOYED
https://immigratetobrazil.com/pt-br/rights/regularization/,pt-br/rights/regularization/index.html,PRESERVED — LEGAL CONTENT REVIEW REQUIRED — conditional retargeting draft,CONSISTENT ORGANIZATION DESCRIPTION,PRESERVED,NOT DEPLOYED
https://immigratetobrazil.com/pt-br/rights/renewal/,pt-br/rights/renewal/index.html,PRESERVED — LEGAL CONTENT REVIEW REQUIRED — conditional retargeting draft,CONSISTENT ORGANIZATION DESCRIPTION,PRESERVED,NOT DEPLOYED
https://immigratetobrazil.com/pt-br/rights/responsibilities/,pt-br/rights/responsibilities/index.html,PRESERVED — LEGAL CONTENT REVIEW REQUIRED — conditional retargeting draft,CONSISTENT ORGANIZATION DESCRIPTION,PRESERVED,NOT DEPLOYED
https://immigratetobrazil.com/pt-br/rights/strategy/,pt-br/rights/strategy/index.html,PRESERVED — LEGAL CONTENT REVIEW REQUIRED — conditional retargeting draft,CONSISTENT ORGANIZATION DESCRIPTION,PRESERVED,NOT DEPLOYED
https://immigratetobrazil.com/pt-br/rights/timeline/,pt-br/rights/timeline/index.html,PRESERVED — LEGAL CONTENT REVIEW REQUIRED — conditional retargeting draft,CONSISTENT ORGANIZATION DESCRIPTION,PRESERVED,NOT DEPLOYED
https://immigratetobrazil.com/pt-br/rights/transparency/,pt-br/rights/transparency/index.html,PRESERVED — LEGAL CONTENT REVIEW REQUIRED — conditional retargeting draft,CONSISTENT ORGANIZATION DESCRIPTION,PRESERVED,NOT DEPLOYED
https://immigratetobrazil.com/pt-br/services/,pt-br/services/index.html,APPLIED,CONSISTENT ORGANIZATION DESCRIPTION,APPLIED — clearer opening / contextual guidance; see actual diff,NOT DEPLOYED
https://immigratetobrazil.com/pt-br/services/advisory/,pt-br/services/advisory/index.html,APPLIED,CONSISTENT ORGANIZATION DESCRIPTION,PRESERVED,NOT DEPLOYED
https://immigratetobrazil.com/pt-br/services/advisory/compliance/,pt-br/services/advisory/compliance/index.html,APPLIED,CONSISTENT ORGANIZATION DESCRIPTION,PRESERVED,NOT DEPLOYED
https://immigratetobrazil.com/pt-br/services/advisory/consultation/,pt-br/services/advisory/consultation/index.html,APPLIED,CONSISTENT ORGANIZATION DESCRIPTION,PRESERVED,NOT DEPLOYED
https://immigratetobrazil.com/pt-br/services/advisory/corporate/,pt-br/services/advisory/corporate/index.html,APPLIED,CONSISTENT ORGANIZATION DESCRIPTION,PRESERVED,NOT DEPLOYED
https://immigratetobrazil.com/pt-br/services/advisory/representation/,pt-br/services/advisory/representation/index.html,APPLIED,CONSISTENT ORGANIZATION DESCRIPTION,PRESERVED,NOT DEPLOYED
https://immigratetobrazil.com/pt-br/services/advisory/strategy/,pt-br/services/advisory/strategy/index.html,APPLIED,CONSISTENT ORGANIZATION DESCRIPTION,PRESERVED,NOT DEPLOYED
https://immigratetobrazil.com/pt-br/services/all/,pt-br/services/all/index.html,APPLIED,CONSISTENT ORGANIZATION DESCRIPTION,PRESERVED,NOT DEPLOYED
https://immigratetobrazil.com/pt-br/services/defense/,pt-br/services/defense/index.html,APPLIED,CONSISTENT ORGANIZATION DESCRIPTION,PRESERVED,NOT DEPLOYED
https://immigratetobrazil.com/pt-br/services/defense/appeals/,pt-br/services/defense/appeals/index.html,APPLIED,CONSISTENT ORGANIZATION DESCRIPTION,PRESERVED,NOT DEPLOYED
https://immigratetobrazil.com/pt-br/services/defense/deportation/,pt-br/services/defense/deportation/index.html,APPLIED,CONSISTENT ORGANIZATION DESCRIPTION,PRESERVED,NOT DEPLOYED
https://immigratetobrazil.com/pt-br/services/defense/expulsion/,pt-br/services/defense/expulsion/index.html,APPLIED,CONSISTENT ORGANIZATION DESCRIPTION,PRESERVED,NOT DEPLOYED
https://immigratetobrazil.com/pt-br/services/defense/extradition/,pt-br/services/defense/extradition/index.html,APPLIED,CONSISTENT ORGANIZATION DESCRIPTION,PRESERVED,NOT DEPLOYED
https://immigratetobrazil.com/pt-br/services/defense/fines/,pt-br/services/defense/fines/index.html,APPLIED,CONSISTENT ORGANIZATION DESCRIPTION,PRESERVED,NOT DEPLOYED
https://immigratetobrazil.com/pt-br/services/defense/litigation/,pt-br/services/defense/litigation/index.html,APPLIED,CONSISTENT ORGANIZATION DESCRIPTION,PRESERVED,NOT DEPLOYED
https://immigratetobrazil.com/pt-br/services/naturalisation/,pt-br/services/naturalisation/index.html,APPLIED,CONSISTENT ORGANIZATION DESCRIPTION,APPLIED — clearer opening / contextual guidance; see actual diff,NOT DEPLOYED
https://immigratetobrazil.com/pt-br/services/naturalisation/extraordinary/,pt-br/services/naturalisation/extraordinary/index.html,APPLIED,CONSISTENT ORGANIZATION DESCRIPTION,PRESERVED,NOT DEPLOYED
https://immigratetobrazil.com/pt-br/services/naturalisation/ordinary/,pt-br/services/naturalisation/ordinary/index.html,APPLIED,CONSISTENT ORGANIZATION DESCRIPTION,PRESERVED,NOT DEPLOYED
https://immigratetobrazil.com/pt-br/services/naturalisation/provisional/,pt-br/services/naturalisation/provisional/index.html,APPLIED,CONSISTENT ORGANIZATION DESCRIPTION,PRESERVED,NOT DEPLOYED
https://immigratetobrazil.com/pt-br/services/naturalisation/reacquisition/,pt-br/services/naturalisation/reacquisition/index.html,APPLIED,CONSISTENT ORGANIZATION DESCRIPTION,PRESERVED,NOT DEPLOYED
https://immigratetobrazil.com/pt-br/services/naturalisation/renunciation/,pt-br/services/naturalisation/renunciation/index.html,APPLIED,CONSISTENT ORGANIZATION DESCRIPTION,PRESERVED,NOT DEPLOYED
https://immigratetobrazil.com/pt-br/services/naturalisation/special/,pt-br/services/naturalisation/special/index.html,APPLIED,CONSISTENT ORGANIZATION DESCRIPTION,PRESERVED,NOT DEPLOYED
https://immigratetobrazil.com/pt-br/services/other/,pt-br/services/other/index.html,APPLIED,CONSISTENT ORGANIZATION DESCRIPTION,PRESERVED,NOT DEPLOYED
https://immigratetobrazil.com/pt-br/services/other/consular/,pt-br/services/other/consular/index.html,APPLIED,CONSISTENT ORGANIZATION DESCRIPTION,PRESERVED,NOT DEPLOYED
https://immigratetobrazil.com/pt-br/services/other/records/,pt-br/services/other/records/index.html,APPLIED,CONSISTENT ORGANIZATION DESCRIPTION,PRESERVED,NOT DEPLOYED
https://immigratetobrazil.com/pt-br/services/other/regularization/,pt-br/services/other/regularization/index.html,APPLIED,CONSISTENT ORGANIZATION DESCRIPTION,PRESERVED,NOT DEPLOYED
https://immigratetobrazil.com/pt-br/services/other/translation/,pt-br/services/other/translation/index.html,APPLIED,CONSISTENT ORGANIZATION DESCRIPTION,PRESERVED,NOT DEPLOYED
https://immigratetobrazil.com/pt-br/services/residencies/,pt-br/services/residencies/index.html,APPLIED,CONSISTENT ORGANIZATION DESCRIPTION,APPLIED — clearer opening / contextual guidance; see actual diff,NOT DEPLOYED
https://immigratetobrazil.com/pt-br/services/residencies/cplp/,pt-br/services/residencies/cplp/index.html,APPLIED,CONSISTENT ORGANIZATION DESCRIPTION,PRESERVED,NOT DEPLOYED
https://immigratetobrazil.com/pt-br/services/residencies/educational/,pt-br/services/residencies/educational/index.html,PRESERVED — CONSOLIDATION REVIEW REQUIRED,CONSISTENT ORGANIZATION DESCRIPTION,PRESERVED,NOT DEPLOYED
https://immigratetobrazil.com/pt-br/services/residencies/exchange/,pt-br/services/residencies/exchange/index.html,APPLIED,CONSISTENT ORGANIZATION DESCRIPTION,PRESERVED,NOT DEPLOYED
https://immigratetobrazil.com/pt-br/services/residencies/health/,pt-br/services/residencies/health/index.html,APPLIED,CONSISTENT ORGANIZATION DESCRIPTION,PRESERVED,NOT DEPLOYED
https://immigratetobrazil.com/pt-br/services/residencies/humanitarian/,pt-br/services/residencies/humanitarian/index.html,APPLIED,CONSISTENT ORGANIZATION DESCRIPTION,PRESERVED,NOT DEPLOYED
https://immigratetobrazil.com/pt-br/services/residencies/investor/,pt-br/services/residencies/investor/index.html,APPLIED,CONSISTENT ORGANIZATION DESCRIPTION,APPLIED — clearer opening / contextual guidance; see actual diff,NOT DEPLOYED
https://immigratetobrazil.com/pt-br/services/residencies/mercosul/,pt-br/services/residencies/mercosul/index.html,APPLIED,CONSISTENT ORGANIZATION DESCRIPTION,PRESERVED,NOT DEPLOYED
https://immigratetobrazil.com/pt-br/services/residencies/nomad/,pt-br/services/residencies/nomad/index.html,APPLIED,CONSISTENT ORGANIZATION DESCRIPTION,APPLIED — clearer opening / contextual guidance; see actual diff,NOT DEPLOYED
https://immigratetobrazil.com/pt-br/services/residencies/religious/,pt-br/services/residencies/religious/index.html,APPLIED,CONSISTENT ORGANIZATION DESCRIPTION,PRESERVED,NOT DEPLOYED
https://immigratetobrazil.com/pt-br/services/residencies/research/,pt-br/services/residencies/research/index.html,APPLIED,CONSISTENT ORGANIZATION DESCRIPTION,PRESERVED,NOT DEPLOYED
https://immigratetobrazil.com/pt-br/services/residencies/retiree/,pt-br/services/residencies/retiree/index.html,APPLIED,CONSISTENT ORGANIZATION DESCRIPTION,PRESERVED,NOT DEPLOYED
https://immigratetobrazil.com/pt-br/services/residencies/reunion/,pt-br/services/residencies/reunion/index.html,APPLIED,CONSISTENT ORGANIZATION DESCRIPTION,APPLIED — clearer opening / contextual guidance; see actual diff,NOT DEPLOYED
https://immigratetobrazil.com/pt-br/services/residencies/skilled/,pt-br/services/residencies/skilled/index.html,APPLIED,CONSISTENT ORGANIZATION DESCRIPTION,PRESERVED,NOT DEPLOYED
https://immigratetobrazil.com/pt-br/services/residencies/study/,pt-br/services/residencies/study/index.html,APPLIED,CONSISTENT ORGANIZATION DESCRIPTION,APPLIED — clearer opening / contextual guidance; see actual diff,NOT DEPLOYED
https://immigratetobrazil.com/pt-br/services/residencies/volunteer/,pt-br/services/residencies/volunteer/index.html,APPLIED,CONSISTENT ORGANIZATION DESCRIPTION,PRESERVED,NOT DEPLOYED
https://immigratetobrazil.com/pt-br/services/residencies/work/,pt-br/services/residencies/work/index.html,APPLIED,CONSISTENT ORGANIZATION DESCRIPTION,APPLIED — clearer opening / contextual guidance; see actual diff,NOT DEPLOYED
https://immigratetobrazil.com/pt-br/services/residencies/youth/,pt-br/services/residencies/youth/index.html,APPLIED,CONSISTENT ORGANIZATION DESCRIPTION,PRESERVED,NOT DEPLOYED
https://immigratetobrazil.com/pt-br/services/visas/,pt-br/services/visas/index.html,APPLIED,CONSISTENT ORGANIZATION DESCRIPTION,APPLIED — clearer opening / contextual guidance; see actual diff,NOT DEPLOYED
https://immigratetobrazil.com/pt-br/services/visas/artistic/,pt-br/services/visas/artistic/index.html,APPLIED,CONSISTENT ORGANIZATION DESCRIPTION,PRESERVED,NOT DEPLOYED
https://immigratetobrazil.com/pt-br/services/visas/business/,pt-br/services/visas/business/index.html,APPLIED,CONSISTENT ORGANIZATION DESCRIPTION,PRESERVED,NOT DEPLOYED
https://immigratetobrazil.com/pt-br/services/visas/diplomatic/,pt-br/services/visas/diplomatic/index.html,APPLIED,CONSISTENT ORGANIZATION DESCRIPTION,PRESERVED,NOT DEPLOYED
https://immigratetobrazil.com/pt-br/services/visas/educational/,pt-br/services/visas/educational/index.html,PRESERVED — CONSOLIDATION REVIEW REQUIRED,CONSISTENT ORGANIZATION DESCRIPTION,PRESERVED,NOT DEPLOYED
https://immigratetobrazil.com/pt-br/services/visas/exchange/,pt-br/services/visas/exchange/index.html,APPLIED,CONSISTENT ORGANIZATION DESCRIPTION,PRESERVED,NOT DEPLOYED
https://immigratetobrazil.com/pt-br/services/visas/family/,pt-br/services/visas/family/index.html,APPLIED,CONSISTENT ORGANIZATION DESCRIPTION,APPLIED — clearer opening / contextual guidance; see actual diff,NOT DEPLOYED
https://immigratetobrazil.com/pt-br/services/visas/humanitarian/,pt-br/services/visas/humanitarian/index.html,APPLIED,CONSISTENT ORGANIZATION DESCRIPTION,PRESERVED,NOT DEPLOYED
https://immigratetobrazil.com/pt-br/services/visas/investor/,pt-br/services/visas/investor/index.html,APPLIED,CONSISTENT ORGANIZATION DESCRIPTION,APPLIED — clearer opening / contextual guidance; see actual diff,NOT DEPLOYED
https://immigratetobrazil.com/pt-br/services/visas/journalist/,pt-br/services/visas/journalist/index.html,APPLIED,CONSISTENT ORGANIZATION DESCRIPTION,PRESERVED,NOT DEPLOYED
https://immigratetobrazil.com/pt-br/services/visas/medical/,pt-br/services/visas/medical/index.html,APPLIED,CONSISTENT ORGANIZATION DESCRIPTION,PRESERVED,NOT DEPLOYED
https://immigratetobrazil.com/pt-br/services/visas/nomad/,pt-br/services/visas/nomad/index.html,APPLIED,CONSISTENT ORGANIZATION DESCRIPTION,APPLIED — clearer opening / contextual guidance; see actual diff,NOT DEPLOYED
https://immigratetobrazil.com/pt-br/services/visas/religious/,pt-br/services/visas/religious/index.html,APPLIED,CONSISTENT ORGANIZATION DESCRIPTION,PRESERVED,NOT DEPLOYED
https://immigratetobrazil.com/pt-br/services/visas/research/,pt-br/services/visas/research/index.html,APPLIED,CONSISTENT ORGANIZATION DESCRIPTION,PRESERVED,NOT DEPLOYED
https://immigratetobrazil.com/pt-br/services/visas/retiree/,pt-br/services/visas/retiree/index.html,APPLIED,CONSISTENT ORGANIZATION DESCRIPTION,PRESERVED,NOT DEPLOYED
https://immigratetobrazil.com/pt-br/services/visas/sports/,pt-br/services/visas/sports/index.html,APPLIED,CONSISTENT ORGANIZATION DESCRIPTION,PRESERVED,NOT DEPLOYED
https://immigratetobrazil.com/pt-br/services/visas/startup/,pt-br/services/visas/startup/index.html,APPLIED,CONSISTENT ORGANIZATION DESCRIPTION,PRESERVED,NOT DEPLOYED
https://immigratetobrazil.com/pt-br/services/visas/student/,pt-br/services/visas/student/index.html,APPLIED,CONSISTENT ORGANIZATION DESCRIPTION,APPLIED — clearer opening / contextual guidance; see actual diff,NOT DEPLOYED
https://immigratetobrazil.com/pt-br/services/visas/tourist/,pt-br/services/visas/tourist/index.html,APPLIED,CONSISTENT ORGANIZATION DESCRIPTION,PRESERVED,NOT DEPLOYED
https://immigratetobrazil.com/pt-br/services/visas/transit/,pt-br/services/visas/transit/index.html,APPLIED,CONSISTENT ORGANIZATION DESCRIPTION,PRESERVED,NOT DEPLOYED
https://immigratetobrazil.com/pt-br/services/visas/volunteer/,pt-br/services/visas/volunteer/index.html,APPLIED,CONSISTENT ORGANIZATION DESCRIPTION,PRESERVED,NOT DEPLOYED
https://immigratetobrazil.com/pt-br/services/visas/work/,pt-br/services/visas/work/index.html,APPLIED,CONSISTENT ORGANIZATION DESCRIPTION,APPLIED — clearer opening / contextual guidance; see actual diff,NOT DEPLOYED
https://immigratetobrazil.com/pt-br/start-consultation/,pt-br/start-consultation/index.html,APPLIED,CONSISTENT ORGANIZATION DESCRIPTION,APPLIED — clearer opening / contextual guidance; see actual diff,NOT DEPLOYED
https://immigratetobrazil.com/rights/,rights/index.html,APPLIED,CONSISTENT ORGANIZATION DESCRIPTION,PRESERVED,NOT DEPLOYED
https://immigratetobrazil.com/rights/naturalisation/,rights/naturalisation/index.html,PRESERVED — LEGAL CONTENT REVIEW REQUIRED — conditional retargeting draft,CONSISTENT ORGANIZATION DESCRIPTION,PRESERVED,NOT DEPLOYED
https://immigratetobrazil.com/rights/obligations/,rights/obligations/index.html,PRESERVED — LEGAL CONTENT REVIEW REQUIRED — conditional retargeting draft,CONSISTENT ORGANIZATION DESCRIPTION,PRESERVED,NOT DEPLOYED
https://immigratetobrazil.com/rights/permanent/,rights/permanent/index.html,PRESERVED — LEGAL CONTENT REVIEW REQUIRED — conditional retargeting draft,CONSISTENT ORGANIZATION DESCRIPTION,PRESERVED,NOT DEPLOYED
https://immigratetobrazil.com/rights/planning/,rights/planning/index.html,PRESERVED — LEGAL CONTENT REVIEW REQUIRED — conditional retargeting draft,CONSISTENT ORGANIZATION DESCRIPTION,PRESERVED,NOT DEPLOYED
https://immigratetobrazil.com/rights/refund/,rights/refund/index.html,PRESERVED — LEGAL CONTENT REVIEW REQUIRED — conditional retargeting draft,CONSISTENT ORGANIZATION DESCRIPTION,PRESERVED,NOT DEPLOYED
https://immigratetobrazil.com/rights/regularization/,rights/regularization/index.html,PRESERVED — LEGAL CONTENT REVIEW REQUIRED — conditional retargeting draft,CONSISTENT ORGANIZATION DESCRIPTION,PRESERVED,NOT DEPLOYED
https://immigratetobrazil.com/rights/renewal/,rights/renewal/index.html,PRESERVED — LEGAL CONTENT REVIEW REQUIRED — conditional retargeting draft,CONSISTENT ORGANIZATION DESCRIPTION,PRESERVED,NOT DEPLOYED
https://immigratetobrazil.com/rights/responsibilities/,rights/responsibilities/index.html,PRESERVED — LEGAL CONTENT REVIEW REQUIRED — conditional retargeting draft,CONSISTENT ORGANIZATION DESCRIPTION,PRESERVED,NOT DEPLOYED
https://immigratetobrazil.com/rights/strategy/,rights/strategy/index.html,PRESERVED — LEGAL CONTENT REVIEW REQUIRED — conditional retargeting draft,CONSISTENT ORGANIZATION DESCRIPTION,PRESERVED,NOT DEPLOYED
https://immigratetobrazil.com/rights/timeline/,rights/timeline/index.html,PRESERVED — LEGAL CONTENT REVIEW REQUIRED — conditional retargeting draft,CONSISTENT ORGANIZATION DESCRIPTION,PRESERVED,NOT DEPLOYED
https://immigratetobrazil.com/rights/transparency/,rights/transparency/index.html,PRESERVED — LEGAL CONTENT REVIEW REQUIRED — conditional retargeting draft,CONSISTENT ORGANIZATION DESCRIPTION,PRESERVED,NOT DEPLOYED
https://immigratetobrazil.com/services/,services/index.html,APPLIED,CONSISTENT ORGANIZATION DESCRIPTION,APPLIED — clearer opening / contextual guidance; see actual diff,NOT DEPLOYED
https://immigratetobrazil.com/services/advisory/,services/advisory/index.html,APPLIED,CONSISTENT ORGANIZATION DESCRIPTION,PRESERVED,NOT DEPLOYED
https://immigratetobrazil.com/services/advisory/compliance/,services/advisory/compliance/index.html,APPLIED,CONSISTENT ORGANIZATION DESCRIPTION,PRESERVED,NOT DEPLOYED
https://immigratetobrazil.com/services/advisory/consultation/,services/advisory/consultation/index.html,APPLIED,CONSISTENT ORGANIZATION DESCRIPTION,PRESERVED,NOT DEPLOYED
https://immigratetobrazil.com/services/advisory/corporate/,services/advisory/corporate/index.html,APPLIED,CONSISTENT ORGANIZATION DESCRIPTION,PRESERVED,NOT DEPLOYED
https://immigratetobrazil.com/services/advisory/representation/,services/advisory/representation/index.html,APPLIED,CONSISTENT ORGANIZATION DESCRIPTION,PRESERVED,NOT DEPLOYED
https://immigratetobrazil.com/services/advisory/strategy/,services/advisory/strategy/index.html,APPLIED,CONSISTENT ORGANIZATION DESCRIPTION,PRESERVED,NOT DEPLOYED
https://immigratetobrazil.com/services/all/,services/all/index.html,APPLIED,CONSISTENT ORGANIZATION DESCRIPTION,PRESERVED,NOT DEPLOYED
https://immigratetobrazil.com/services/defense/,services/defense/index.html,APPLIED,CONSISTENT ORGANIZATION DESCRIPTION,PRESERVED,NOT DEPLOYED
https://immigratetobrazil.com/services/defense/appeals/,services/defense/appeals/index.html,APPLIED,CONSISTENT ORGANIZATION DESCRIPTION,PRESERVED,NOT DEPLOYED
https://immigratetobrazil.com/services/defense/deportation/,services/defense/deportation/index.html,APPLIED,CONSISTENT ORGANIZATION DESCRIPTION,PRESERVED,NOT DEPLOYED
https://immigratetobrazil.com/services/defense/expulsion/,services/defense/expulsion/index.html,APPLIED,CONSISTENT ORGANIZATION DESCRIPTION,PRESERVED,NOT DEPLOYED
https://immigratetobrazil.com/services/defense/extradition/,services/defense/extradition/index.html,APPLIED,CONSISTENT ORGANIZATION DESCRIPTION,PRESERVED,NOT DEPLOYED
https://immigratetobrazil.com/services/defense/fines/,services/defense/fines/index.html,APPLIED,CONSISTENT ORGANIZATION DESCRIPTION,PRESERVED,NOT DEPLOYED
https://immigratetobrazil.com/services/defense/litigation/,services/defense/litigation/index.html,APPLIED,CONSISTENT ORGANIZATION DESCRIPTION,PRESERVED,NOT DEPLOYED
https://immigratetobrazil.com/services/naturalisation/,services/naturalisation/index.html,APPLIED,CONSISTENT ORGANIZATION DESCRIPTION,APPLIED — clearer opening / contextual guidance; see actual diff,NOT DEPLOYED
https://immigratetobrazil.com/services/naturalisation/extraordinary/,services/naturalisation/extraordinary/index.html,APPLIED,CONSISTENT ORGANIZATION DESCRIPTION,PRESERVED,NOT DEPLOYED
https://immigratetobrazil.com/services/naturalisation/ordinary/,services/naturalisation/ordinary/index.html,APPLIED,CONSISTENT ORGANIZATION DESCRIPTION,PRESERVED,NOT DEPLOYED
https://immigratetobrazil.com/services/naturalisation/provisional/,services/naturalisation/provisional/index.html,APPLIED,CONSISTENT ORGANIZATION DESCRIPTION,PRESERVED,NOT DEPLOYED
https://immigratetobrazil.com/services/naturalisation/reacquisition/,services/naturalisation/reacquisition/index.html,APPLIED,CONSISTENT ORGANIZATION DESCRIPTION,PRESERVED,NOT DEPLOYED
https://immigratetobrazil.com/services/naturalisation/renunciation/,services/naturalisation/renunciation/index.html,APPLIED,CONSISTENT ORGANIZATION DESCRIPTION,PRESERVED,NOT DEPLOYED
https://immigratetobrazil.com/services/naturalisation/special/,services/naturalisation/special/index.html,APPLIED,CONSISTENT ORGANIZATION DESCRIPTION,PRESERVED,NOT DEPLOYED
https://immigratetobrazil.com/services/other/,services/other/index.html,APPLIED,CONSISTENT ORGANIZATION DESCRIPTION,PRESERVED,NOT DEPLOYED
https://immigratetobrazil.com/services/other/consular/,services/other/consular/index.html,APPLIED,CONSISTENT ORGANIZATION DESCRIPTION,PRESERVED,NOT DEPLOYED
https://immigratetobrazil.com/services/other/records/,services/other/records/index.html,APPLIED,CONSISTENT ORGANIZATION DESCRIPTION,PRESERVED,NOT DEPLOYED
https://immigratetobrazil.com/services/other/regularization/,services/other/regularization/index.html,APPLIED,CONSISTENT ORGANIZATION DESCRIPTION,PRESERVED,NOT DEPLOYED
https://immigratetobrazil.com/services/other/translation/,services/other/translation/index.html,APPLIED,CONSISTENT ORGANIZATION DESCRIPTION,PRESERVED,NOT DEPLOYED
https://immigratetobrazil.com/services/residencies/,services/residencies/index.html,APPLIED,CONSISTENT ORGANIZATION DESCRIPTION,APPLIED — clearer opening / contextual guidance; see actual diff,NOT DEPLOYED
https://immigratetobrazil.com/services/residencies/cplp/,services/residencies/cplp/index.html,APPLIED,CONSISTENT ORGANIZATION DESCRIPTION,PRESERVED,NOT DEPLOYED
https://immigratetobrazil.com/services/residencies/educational/,services/residencies/educational/index.html,PRESERVED — CONSOLIDATION REVIEW REQUIRED,CONSISTENT ORGANIZATION DESCRIPTION,PRESERVED,NOT DEPLOYED
https://immigratetobrazil.com/services/residencies/exchange/,services/residencies/exchange/index.html,APPLIED,CONSISTENT ORGANIZATION DESCRIPTION,PRESERVED,NOT DEPLOYED
https://immigratetobrazil.com/services/residencies/health/,services/residencies/health/index.html,APPLIED,CONSISTENT ORGANIZATION DESCRIPTION,PRESERVED,NOT DEPLOYED
https://immigratetobrazil.com/services/residencies/humanitarian/,services/residencies/humanitarian/index.html,APPLIED,CONSISTENT ORGANIZATION DESCRIPTION,PRESERVED,NOT DEPLOYED
https://immigratetobrazil.com/services/residencies/investor/,services/residencies/investor/index.html,APPLIED,CONSISTENT ORGANIZATION DESCRIPTION,APPLIED — clearer opening / contextual guidance; see actual diff,NOT DEPLOYED
https://immigratetobrazil.com/services/residencies/mercosul/,services/residencies/mercosul/index.html,APPLIED,CONSISTENT ORGANIZATION DESCRIPTION,PRESERVED,NOT DEPLOYED
https://immigratetobrazil.com/services/residencies/nomad/,services/residencies/nomad/index.html,APPLIED,CONSISTENT ORGANIZATION DESCRIPTION,APPLIED — clearer opening / contextual guidance; see actual diff,NOT DEPLOYED
https://immigratetobrazil.com/services/residencies/religious/,services/residencies/religious/index.html,APPLIED,CONSISTENT ORGANIZATION DESCRIPTION,PRESERVED,NOT DEPLOYED
https://immigratetobrazil.com/services/residencies/research/,services/residencies/research/index.html,APPLIED,CONSISTENT ORGANIZATION DESCRIPTION,PRESERVED,NOT DEPLOYED
https://immigratetobrazil.com/services/residencies/retiree/,services/residencies/retiree/index.html,APPLIED,CONSISTENT ORGANIZATION DESCRIPTION,PRESERVED,NOT DEPLOYED
https://immigratetobrazil.com/services/residencies/reunion/,services/residencies/reunion/index.html,APPLIED,CONSISTENT ORGANIZATION DESCRIPTION,APPLIED — clearer opening / contextual guidance; see actual diff,NOT DEPLOYED
https://immigratetobrazil.com/services/residencies/skilled/,services/residencies/skilled/index.html,APPLIED,CONSISTENT ORGANIZATION DESCRIPTION,PRESERVED,NOT DEPLOYED
https://immigratetobrazil.com/services/residencies/study/,services/residencies/study/index.html,APPLIED,CONSISTENT ORGANIZATION DESCRIPTION,APPLIED — clearer opening / contextual guidance; see actual diff,NOT DEPLOYED
https://immigratetobrazil.com/services/residencies/volunteer/,services/residencies/volunteer/index.html,APPLIED,CONSISTENT ORGANIZATION DESCRIPTION,PRESERVED,NOT DEPLOYED
https://immigratetobrazil.com/services/residencies/work/,services/residencies/work/index.html,APPLIED,CONSISTENT ORGANIZATION DESCRIPTION,APPLIED — clearer opening / contextual guidance; see actual diff,NOT DEPLOYED
https://immigratetobrazil.com/services/residencies/youth/,services/residencies/youth/index.html,APPLIED,CONSISTENT ORGANIZATION DESCRIPTION,PRESERVED,NOT DEPLOYED
https://immigratetobrazil.com/services/visas/,services/visas/index.html,APPLIED,CONSISTENT ORGANIZATION DESCRIPTION,APPLIED — clearer opening / contextual guidance; see actual diff,NOT DEPLOYED
https://immigratetobrazil.com/services/visas/artistic/,services/visas/artistic/index.html,APPLIED,CONSISTENT ORGANIZATION DESCRIPTION,PRESERVED,NOT DEPLOYED
https://immigratetobrazil.com/services/visas/business/,services/visas/business/index.html,APPLIED,CONSISTENT ORGANIZATION DESCRIPTION,PRESERVED,NOT DEPLOYED
https://immigratetobrazil.com/services/visas/diplomatic/,services/visas/diplomatic/index.html,APPLIED,CONSISTENT ORGANIZATION DESCRIPTION,PRESERVED,NOT DEPLOYED
https://immigratetobrazil.com/services/visas/educational/,services/visas/educational/index.html,PRESERVED — CONSOLIDATION REVIEW REQUIRED,CONSISTENT ORGANIZATION DESCRIPTION,PRESERVED,NOT DEPLOYED
https://immigratetobrazil.com/services/visas/exchange/,services/visas/exchange/index.html,APPLIED,CONSISTENT ORGANIZATION DESCRIPTION,PRESERVED,NOT DEPLOYED
https://immigratetobrazil.com/services/visas/family/,services/visas/family/index.html,APPLIED,CONSISTENT ORGANIZATION DESCRIPTION,APPLIED — clearer opening / contextual guidance; see actual diff,NOT DEPLOYED
https://immigratetobrazil.com/services/visas/humanitarian/,services/visas/humanitarian/index.html,APPLIED,CONSISTENT ORGANIZATION DESCRIPTION,PRESERVED,NOT DEPLOYED
https://immigratetobrazil.com/services/visas/investor/,services/visas/investor/index.html,APPLIED,CONSISTENT ORGANIZATION DESCRIPTION,APPLIED — clearer opening / contextual guidance; see actual diff,NOT DEPLOYED
https://immigratetobrazil.com/services/visas/journalist/,services/visas/journalist/index.html,APPLIED,CONSISTENT ORGANIZATION DESCRIPTION,PRESERVED,NOT DEPLOYED
https://immigratetobrazil.com/services/visas/medical/,services/visas/medical/index.html,APPLIED,CONSISTENT ORGANIZATION DESCRIPTION,PRESERVED,NOT DEPLOYED
https://immigratetobrazil.com/services/visas/nomad/,services/visas/nomad/index.html,APPLIED,CONSISTENT ORGANIZATION DESCRIPTION,APPLIED — clearer opening / contextual guidance; see actual diff,NOT DEPLOYED
https://immigratetobrazil.com/services/visas/religious/,services/visas/religious/index.html,APPLIED,CONSISTENT ORGANIZATION DESCRIPTION,PRESERVED,NOT DEPLOYED
https://immigratetobrazil.com/services/visas/research/,services/visas/research/index.html,APPLIED,CONSISTENT ORGANIZATION DESCRIPTION,PRESERVED,NOT DEPLOYED
https://immigratetobrazil.com/services/visas/retiree/,services/visas/retiree/index.html,APPLIED,CONSISTENT ORGANIZATION DESCRIPTION,PRESERVED,NOT DEPLOYED
https://immigratetobrazil.com/services/visas/sports/,services/visas/sports/index.html,APPLIED,CONSISTENT ORGANIZATION DESCRIPTION,PRESERVED,NOT DEPLOYED
https://immigratetobrazil.com/services/visas/startup/,services/visas/startup/index.html,APPLIED,CONSISTENT ORGANIZATION DESCRIPTION,PRESERVED,NOT DEPLOYED
https://immigratetobrazil.com/services/visas/student/,services/visas/student/index.html,APPLIED,CONSISTENT ORGANIZATION DESCRIPTION,APPLIED — clearer opening / contextual guidance; see actual diff,NOT DEPLOYED
https://immigratetobrazil.com/services/visas/tourist/,services/visas/tourist/index.html,APPLIED,CONSISTENT ORGANIZATION DESCRIPTION,PRESERVED,NOT DEPLOYED
https://immigratetobrazil.com/services/visas/transit/,services/visas/transit/index.html,APPLIED,CONSISTENT ORGANIZATION DESCRIPTION,PRESERVED,NOT DEPLOYED
https://immigratetobrazil.com/services/visas/volunteer/,services/visas/volunteer/index.html,APPLIED,CONSISTENT ORGANIZATION DESCRIPTION,PRESERVED,NOT DEPLOYED
https://immigratetobrazil.com/services/visas/work/,services/visas/work/index.html,APPLIED,CONSISTENT ORGANIZATION DESCRIPTION,APPLIED — clearer opening / contextual guidance; see actual diff,NOT DEPLOYED
https://immigratetobrazil.com/sitemap.html,sitemap.html,APPLIED,NOT APPLICABLE,PRESERVED,NOT DEPLOYED
https://immigratetobrazil.com/start-consultation/,start-consultation/index.html,APPLIED,CONSISTENT ORGANIZATION DESCRIPTION,APPLIED — clearer opening / contextual guidance; see actual diff,NOT DEPLOYED
