url,file,before_title,after_title,before_description,after_description,before_h1,after_h1
https://immigratetobrazil.com/,index.html,"Brazil Immigration Attorney for Visas, Residency and Citizenship | Immigrate to Brazil",Brazil Immigration Lawyer | Monique Fernandes,"Brazil immigration attorney Monique Fernandes helps international clients with Brazil visas, residency, permanent residence, citizenship, naturalisation, family immigration, digital nomad, investor, work, study, retiree, and immigration defence matters.","Brazil immigration legal support from Monique Fernandes. Discuss visa, residence or citizenship plans in English or Portuguese and request a consultation.",Immigrate to Brazil With Attorney Monique Fernandes,Brazil Immigration Lawyer Monique Fernandes
https://immigratetobrazil.com/about/,about/index.html,About Monique Fernandes | Brazil Immigration Attorney | Immigrate to Brazil,About Immigrate to Brazil | Immigrate to Brazil,"Explore the pages that introduce Monique Fernandes, explain how her Brazil immigration practice works, and show what clients can expect before booking.","Explore the pages that introduce Monique Fernandes, explain how her Brazil immigration practice works, and show what clients can expect before booking.",About Monique,About Immigrate to Brazil
https://immigratetobrazil.com/about/about/,about/about/index.html,Meet Monique Fernandes | Brazil Immigration Attorney | Immigrate to Brazil,Meet Monique Fernandes,"Monique Fernandes is the Brazilian immigration attorney behind Immigrate to Brazil, helping clients navigate Brazilian immigration law with greater clarity, confidence, and practical next steps.","Monique Fernandes is the Brazilian immigration attorney behind Immigrate to Brazil, helping clients navigate Brazilian immigration law with greater clarity, confidence, and practical next steps.",Meet Monique Fernandes,Meet Monique Fernandes
https://immigratetobrazil.com/about/atlas/,about/atlas/index.html,Monique Fernandes Atlas | Brazil Immigration Attorney | Immigrate to Brazil,Monique Fernandes: Practice Overview,"Meet Monique Fernandes, the OAB-registered Brazilian immigration attorney behind Immigrate to Brazil, and explore her story, standards, services, and public client proof in one place.","Meet Monique Fernandes, the OAB-registered Brazilian immigration attorney behind Immigrate to Brazil, and explore her story, standards, services, and public client proof in one place.",About Monique Fernandes,Monique Fernandes: Practice Overview
https://immigratetobrazil.com/about/clients/,about/clients/index.html,Who Monique Fernandes Helps | Brazil Immigration Clients | Immigrate to Brazil,Who Monique Fernandes Helps | Monique Fernandes,"Monique Fernandes works with immigrants, families, companies, entrepreneurs, remote professionals, and cross-border clients who need attorney-led guidance for Brazil-related immigration decisions.","Monique Fernandes works with immigrants, families, companies, entrepreneurs, remote professionals, and cross-border clients who need attorney-led guidance for Brazil-related immigration decisions.",Who Monique Fernandes Helps,Who Monique Fernandes Helps
https://immigratetobrazil.com/about/ethics/,about/ethics/index.html,Monique Fernandes Ethics | Brazil Immigration Practice | Immigrate to Brazil,Ethics | Monique Fernandes,"Monique Fernandes grounds her immigration practice in honesty, confidentiality, dignity, and clear professional boundaries.","Monique Fernandes grounds her immigration practice in honesty, confidentiality, dignity, and clear professional boundaries.",Ethics,Ethics
https://immigratetobrazil.com/about/lawyer/,about/lawyer/index.html,Monique Fernandes | OAB/BAR Registered Attorney | Immigrate to Brazil,Monique Fernandes: Professional Registration and Legal Practice,"A formal look at Monique Fernandes' legal profile, professional responsibility, and immigration-first approach for clients who need attorney-led guidance connected to Brazil.","A formal look at Monique Fernandes' legal profile, professional responsibility, and immigration-first approach for clients who need attorney-led guidance connected to Brazil.",Lawyer,Monique Fernandes: Professional Registration and Legal Practice
https://immigratetobrazil.com/about/mission/,about/mission/index.html,Monique Fernandes Mission | Empowering Immigrants in Brazil | Immigrate to Brazil,Mission | Monique Fernandes,"Monique Fernandes' mission is to empower immigrants with clear legal guidance, protect dignity through lawful process, and promote Brazil with honesty and care.","Monique Fernandes' mission is to empower immigrants with clear legal guidance, protect dignity through lawful process, and promote Brazil with honesty and care.",Mission,Mission
https://immigratetobrazil.com/about/philosophy/,about/philosophy/index.html,Monique Fernandes Philosophy | Brazil Immigration Practice | Immigrate to Brazil,Philosophy | Monique Fernandes,"Monique Fernandes builds immigration strategy around clarity before action, structure before speed, and documentation that supports the route.","Monique Fernandes builds immigration strategy around clarity before action, structure before speed, and documentation that supports the route.",Philosophy,Philosophy
https://immigratetobrazil.com/about/profile/,about/profile/index.html,Monique Fernandes Profile | Brazil Immigration Attorney | Immigrate to Brazil,Monique Fernandes: Brazilian Immigration Lawyer,"A professional profile of Monique Fernandes, including how her immigration practice is structured and what clients can expect from attorney-led guidance connected to Brazil.","Meet Monique Fernandes and learn about her Brazil immigration practice, professional background, and work with clients in English and Portuguese.",Profile,Monique Fernandes: Brazilian Immigration Lawyer
https://immigratetobrazil.com/about/results/,about/results/index.html,Immigration Results With Monique Fernandes | Brazil | Immigrate to Brazil,How Immigration Case Outcomes Are Assessed | Immigrate to Brazil,"Monique Fernandes defines results through clarity, preparation, stronger legal positioning, and better-managed immigration progress, not through unrealistic guarantees.","Monique Fernandes defines results through clarity, preparation, stronger legal positioning, and better-managed immigration progress, not through unrealistic guarantees.",Results,How Immigration Case Outcomes Are Assessed
https://immigratetobrazil.com/about/stories/,about/stories/index.html,Stories | Monique Fernandes | Immigrate to Brazil,Client Experiences: How Immigration Matters Unfold | Immigrate to Brazil,"Examples of the client situations Immigration Attorney Monique Fernandes most often helps with across Brazil visas, residency, family routes, and long-term immigration planning.","Examples of the client situations Immigration Attorney Monique Fernandes most often helps with across Brazil visas, residency, family routes, and long-term immigration planning.",Stories,Client Experiences: How Immigration Matters Unfold
https://immigratetobrazil.com/about/story/,about/story/index.html,Monique Fernandes Story | Brazil Immigration Attorney | Immigrate to Brazil,The Story Behind Monique Fernandes’ Practice,"This page traces how Monique Fernandes built an immigration practice centered on clarity, dignity, and better guidance for people building a future in Brazil.","This page traces how Monique Fernandes built an immigration practice centered on clarity, dignity, and better guidance for people building a future in Brazil.",Story,The Story Behind Monique Fernandes’ Practice
https://immigratetobrazil.com/about/testimonials/,about/testimonials/index.html,Client Testimonials | Monique Fernandes | Brazil Immigration | Immigrate to Brazil,Testimonials | Monique Fernandes,"Public reviews show how clients describe Monique Fernandes' clarity, professionalism, responsiveness, and support across Brazil-related legal matters.","Public reviews show how clients describe Monique Fernandes' clarity, professionalism, responsiveness, and support across Brazil-related legal matters.",Testimonials,Testimonials
https://immigratetobrazil.com/about/values/,about/values/index.html,Monique Fernandes Values | Immigration Practice Standards | Immigrate to Brazil,Values | Monique Fernandes,"Monique Fernandes' values shape how she communicates, prepares cases, protects dignity, and helps clients move through Brazilian immigration processes with more trust and clarity.","Monique Fernandes' values shape how she communicates, prepares cases, protects dignity, and helps clients move through Brazilian immigration processes with more trust and clarity.",Values,Values
https://immigratetobrazil.com/about/whyus/,about/whyus/index.html,Why Work With Monique Fernandes | Brazil Immigration Attorney | Immigrate to Brazil,Why Work With Monique | Monique Fernandes,"Clients choose Monique Fernandes for attorney-led strategy, clear bilingual communication, and a calmer, more reliable path through Brazilian immigration.","Clients choose Monique Fernandes for attorney-led strategy, clear bilingual communication, and a calmer, more reliable path through Brazilian immigration.",Why Work With Monique,Why Work With Monique
https://immigratetobrazil.com/brazil/,brazil/index.html,"Brazil Planning Hub For Relocation, Lifestyle, And Regional Decision-Making | Brazil Guidance | Immigrate to Brazil",Planning Your Move to Brazil | Immigrate to Brazil,"Start here when you want to understand Brazil as a country you may actually build a life around. This hub connects lifestyle research, regional comparison, and relocation planning so country-level interest can turn into a more grounded decision.","Start here when you want to understand Brazil as a country you may actually build a life around. This hub connects lifestyle research, regional comparison, and relocation planning so country-level interest can turn into a more grounded decision.",Brazil Hub,Planning Your Move to Brazil
https://immigratetobrazil.com/brazil/brazil/,brazil/brazil/index.html,Brazil | Brazil Living Guidance | Immigrate to Brazil,Brazil: An Introduction for New Residents | Immigrate to Brazil,"Brazil is best understood as a set of regions, systems, cultures, and everyday realities rather than a single generic destination. We explain those layers so readers can turn admiration for Brazil into a more grounded relocation decision.","Brazil is best understood as a set of regions, systems, cultures, and everyday realities rather than a single generic destination. We explain those layers so readers can turn admiration for Brazil into a more grounded relocation decision.",Brazil,Brazil: An Introduction for New Residents
https://immigratetobrazil.com/brazil/central-west/,brazil/central-west/index.html,Central-West | Brazil Living Guidance | Immigrate to Brazil,Central-West: A Guide for Living in Brazil | Immigrate to Brazil,"Central-West Brazil combines the federal capital, agribusiness influence, interior geography, and a pace of life that often surprises readers who imagine Brazil only through the coast.","Central-West Brazil combines the federal capital, agribusiness influence, interior geography, and a pace of life that often surprises readers who imagine Brazil only through the coast.",Central-West,Central-West: A Guide for Living in Brazil
https://immigratetobrazil.com/brazil/cities/,brazil/cities/index.html,"Brazil City Guides for Living, Working and Relocating | Immigrate to Brazil",Compare Cities for Living in Brazil | Immigrate to Brazil,"Explore major Brazilian cities through the lens of real life: lifestyle, climate, neighborhoods, family appeal, remote work potential and the Brazil immigration paths to discuss next.","Explore major Brazilian cities through the lens of real life: lifestyle, climate, neighborhoods, family appeal, remote work potential and the Brazil immigration paths to discuss next.",Where in Brazil could you see yourself living?,Compare Cities for Living in Brazil
https://immigratetobrazil.com/brazil/cities/aracaju/,brazil/cities/aracaju/index.html,"Living in Aracaju, Brazil | Immigrate to Brazil",Living in Aracaju | Immigrate to Brazil,"Discover what life in Aracaju, Brazil can feel like: neighborhoods, lifestyle, nature, work potential and the immigration pathways to explore with Attorney Monique Fernandes.","Discover what life in Aracaju, Brazil can feel like: neighborhoods, lifestyle, nature, work potential and the immigration pathways to explore with Attorney Monique Fernandes.",Living in Aracaju,Living in Aracaju
https://immigratetobrazil.com/brazil/cities/belem/,brazil/cities/belem/index.html,"Living in Belém, Brazil | Immigrate to Brazil",Living in Belém | Immigrate to Brazil,"Discover what life in Belém, Brazil can feel like: neighborhoods, lifestyle, nature, work potential and the immigration pathways to explore with Attorney Monique Fernandes.","Discover what life in Belém, Brazil can feel like: neighborhoods, lifestyle, nature, work potential and the immigration pathways to explore with Attorney Monique Fernandes.",Living in Belém,Living in Belém
https://immigratetobrazil.com/brazil/cities/belo-horizonte/,brazil/cities/belo-horizonte/index.html,"Living in Belo Horizonte, Brazil | Immigrate to Brazil",Living in Belo Horizonte | Immigrate to Brazil,"Discover what life in Belo Horizonte, Brazil can feel like: neighborhoods, lifestyle, nature, work potential and the immigration pathways to explore with Attorney Monique Fernandes.","Discover what life in Belo Horizonte, Brazil can feel like: neighborhoods, lifestyle, nature, work potential and the immigration pathways to explore with Attorney Monique Fernandes.",Living in Belo Horizonte,Living in Belo Horizonte
https://immigratetobrazil.com/brazil/cities/boa-vista/,brazil/cities/boa-vista/index.html,"Living in Boa Vista, Brazil | Immigrate to Brazil",Living in Boa Vista | Immigrate to Brazil,"Discover what life in Boa Vista, Brazil can feel like: neighborhoods, lifestyle, nature, work potential and the immigration pathways to explore with Attorney Monique Fernandes.","Discover what life in Boa Vista, Brazil can feel like: neighborhoods, lifestyle, nature, work potential and the immigration pathways to explore with Attorney Monique Fernandes.",Living in Boa Vista,Living in Boa Vista
https://immigratetobrazil.com/brazil/cities/brasilia/,brazil/cities/brasilia/index.html,"Living in Brasília, Brazil | Immigrate to Brazil",Living in Brasília | Immigrate to Brazil,"Discover what life in Brasília, Brazil can feel like: neighborhoods, lifestyle, nature, work potential and the immigration pathways to explore with Attorney Monique Fernandes.","Discover what life in Brasília, Brazil can feel like: neighborhoods, lifestyle, nature, work potential and the immigration pathways to explore with Attorney Monique Fernandes.",Living in Brasília,Living in Brasília
https://immigratetobrazil.com/brazil/cities/campinas/,brazil/cities/campinas/index.html,"Living in Campinas, Brazil | Immigrate to Brazil",Living in Campinas | Immigrate to Brazil,"Discover what life in Campinas, Brazil can feel like: neighborhoods, lifestyle, nature, work potential and the immigration pathways to explore with Attorney Monique Fernandes.","Discover what life in Campinas, Brazil can feel like: neighborhoods, lifestyle, nature, work potential and the immigration pathways to explore with Attorney Monique Fernandes.",Living in Campinas,Living in Campinas
https://immigratetobrazil.com/brazil/cities/campo-grande/,brazil/cities/campo-grande/index.html,"Living in Campo Grande, Brazil | Immigrate to Brazil",Living in Campo Grande | Immigrate to Brazil,"Discover what life in Campo Grande, Brazil can feel like: neighborhoods, lifestyle, nature, work potential and the immigration pathways to explore with Attorney Monique Fernandes.","Discover what life in Campo Grande, Brazil can feel like: neighborhoods, lifestyle, nature, work potential and the immigration pathways to explore with Attorney Monique Fernandes.",Living in Campo Grande,Living in Campo Grande
https://immigratetobrazil.com/brazil/cities/cuiaba/,brazil/cities/cuiaba/index.html,"Living in Cuiabá, Brazil | Immigrate to Brazil",Living in Cuiabá | Immigrate to Brazil,"Discover what life in Cuiabá, Brazil can feel like: neighborhoods, lifestyle, nature, work potential and the immigration pathways to explore with Attorney Monique Fernandes.","Discover what life in Cuiabá, Brazil can feel like: neighborhoods, lifestyle, nature, work potential and the immigration pathways to explore with Attorney Monique Fernandes.",Living in Cuiabá,Living in Cuiabá
https://immigratetobrazil.com/brazil/cities/curitiba/,brazil/cities/curitiba/index.html,"Living in Curitiba, Brazil | Immigrate to Brazil",Living in Curitiba | Immigrate to Brazil,"Discover what life in Curitiba, Brazil can feel like: neighborhoods, lifestyle, nature, work potential and the immigration pathways to explore with Attorney Monique Fernandes.","Discover what life in Curitiba, Brazil can feel like: neighborhoods, lifestyle, nature, work potential and the immigration pathways to explore with Attorney Monique Fernandes.",Living in Curitiba,Living in Curitiba
https://immigratetobrazil.com/brazil/cities/florianopolis/,brazil/cities/florianopolis/index.html,"Living in Florianópolis, Brazil | Immigrate to Brazil",Living in Florianópolis | Immigrate to Brazil,"Discover what life in Florianópolis, Brazil can feel like: neighborhoods, lifestyle, nature, work potential and the immigration pathways to explore with Attorney Monique Fernandes.","Discover what life in Florianópolis, Brazil can feel like: neighborhoods, lifestyle, nature, work potential and the immigration pathways to explore with Attorney Monique Fernandes.",Living in Florianópolis,Living in Florianópolis
https://immigratetobrazil.com/brazil/cities/fortaleza/,brazil/cities/fortaleza/index.html,"Living in Fortaleza, Brazil | Immigrate to Brazil",Living in Fortaleza | Immigrate to Brazil,"Discover what life in Fortaleza, Brazil can feel like: neighborhoods, lifestyle, nature, work potential and the immigration pathways to explore with Attorney Monique Fernandes.","Discover what life in Fortaleza, Brazil can feel like: neighborhoods, lifestyle, nature, work potential and the immigration pathways to explore with Attorney Monique Fernandes.",Living in Fortaleza,Living in Fortaleza
https://immigratetobrazil.com/brazil/cities/goiania/,brazil/cities/goiania/index.html,"Living in Goiânia, Brazil | Immigrate to Brazil",Living in Goiânia | Immigrate to Brazil,"Discover what life in Goiânia, Brazil can feel like: neighborhoods, lifestyle, nature, work potential and the immigration pathways to explore with Attorney Monique Fernandes.","Discover what life in Goiânia, Brazil can feel like: neighborhoods, lifestyle, nature, work potential and the immigration pathways to explore with Attorney Monique Fernandes.",Living in Goiânia,Living in Goiânia
https://immigratetobrazil.com/brazil/cities/gramado/,brazil/cities/gramado/index.html,"Living in Gramado, Brazil | Immigrate to Brazil",Living in Gramado | Immigrate to Brazil,"Discover what life in Gramado, Brazil can feel like: neighborhoods, lifestyle, nature, work potential and the immigration pathways to explore with Attorney Monique Fernandes.","Discover what life in Gramado, Brazil can feel like: neighborhoods, lifestyle, nature, work potential and the immigration pathways to explore with Attorney Monique Fernandes.",Living in Gramado,Living in Gramado
https://immigratetobrazil.com/brazil/cities/joao-pessoa/,brazil/cities/joao-pessoa/index.html,"Living in João Pessoa, Brazil | Immigrate to Brazil",Living in João Pessoa | Immigrate to Brazil,"Discover what life in João Pessoa, Brazil can feel like: neighborhoods, lifestyle, nature, work potential and the immigration pathways to explore with Attorney Monique Fernandes.","Discover what life in João Pessoa, Brazil can feel like: neighborhoods, lifestyle, nature, work potential and the immigration pathways to explore with Attorney Monique Fernandes.",Living in João Pessoa,Living in João Pessoa
https://immigratetobrazil.com/brazil/cities/macapa/,brazil/cities/macapa/index.html,"Living in Macapá, Brazil | Immigrate to Brazil",Living in Macapá | Immigrate to Brazil,"Discover what life in Macapá, Brazil can feel like: neighborhoods, lifestyle, nature, work potential and the immigration pathways to explore with Attorney Monique Fernandes.","Discover what life in Macapá, Brazil can feel like: neighborhoods, lifestyle, nature, work potential and the immigration pathways to explore with Attorney Monique Fernandes.",Living in Macapá,Living in Macapá
https://immigratetobrazil.com/brazil/cities/maceio/,brazil/cities/maceio/index.html,"Living in Maceió, Brazil | Immigrate to Brazil",Living in Maceió | Immigrate to Brazil,"Discover what life in Maceió, Brazil can feel like: neighborhoods, lifestyle, nature, work potential and the immigration pathways to explore with Attorney Monique Fernandes.","Discover what life in Maceió, Brazil can feel like: neighborhoods, lifestyle, nature, work potential and the immigration pathways to explore with Attorney Monique Fernandes.",Living in Maceió,Living in Maceió
https://immigratetobrazil.com/brazil/cities/manaus/,brazil/cities/manaus/index.html,"Living in Manaus, Brazil | Immigrate to Brazil",Living in Manaus | Immigrate to Brazil,"Discover what life in Manaus, Brazil can feel like: neighborhoods, lifestyle, nature, work potential and the immigration pathways to explore with Attorney Monique Fernandes.","Discover what life in Manaus, Brazil can feel like: neighborhoods, lifestyle, nature, work potential and the immigration pathways to explore with Attorney Monique Fernandes.",Living in Manaus,Living in Manaus
https://immigratetobrazil.com/brazil/cities/natal/,brazil/cities/natal/index.html,"Living in Natal, Brazil | Immigrate to Brazil",Living in Natal | Immigrate to Brazil,"Discover what life in Natal, Brazil can feel like: neighborhoods, lifestyle, nature, work potential and the immigration pathways to explore with Attorney Monique Fernandes.","Discover what life in Natal, Brazil can feel like: neighborhoods, lifestyle, nature, work potential and the immigration pathways to explore with Attorney Monique Fernandes.",Living in Natal,Living in Natal
https://immigratetobrazil.com/brazil/cities/niteroi/,brazil/cities/niteroi/index.html,"Living in Niterói, Brazil | Immigrate to Brazil",Living in Niterói | Immigrate to Brazil,"Discover what life in Niterói, Brazil can feel like: neighborhoods, lifestyle, nature, work potential and the immigration pathways to explore with Attorney Monique Fernandes.","Discover what life in Niterói, Brazil can feel like: neighborhoods, lifestyle, nature, work potential and the immigration pathways to explore with Attorney Monique Fernandes.",Living in Niterói,Living in Niterói
https://immigratetobrazil.com/brazil/cities/palmas/,brazil/cities/palmas/index.html,"Living in Palmas, Brazil | Immigrate to Brazil",Living in Palmas | Immigrate to Brazil,"Discover what life in Palmas, Brazil can feel like: neighborhoods, lifestyle, nature, work potential and the immigration pathways to explore with Attorney Monique Fernandes.","Discover what life in Palmas, Brazil can feel like: neighborhoods, lifestyle, nature, work potential and the immigration pathways to explore with Attorney Monique Fernandes.",Living in Palmas,Living in Palmas
https://immigratetobrazil.com/brazil/cities/porto-alegre/,brazil/cities/porto-alegre/index.html,"Living in Porto Alegre, Brazil | Immigrate to Brazil",Living in Porto Alegre | Immigrate to Brazil,"Discover what life in Porto Alegre, Brazil can feel like: neighborhoods, lifestyle, nature, work potential and the immigration pathways to explore with Attorney Monique Fernandes.","Discover what life in Porto Alegre, Brazil can feel like: neighborhoods, lifestyle, nature, work potential and the immigration pathways to explore with Attorney Monique Fernandes.",Living in Porto Alegre,Living in Porto Alegre
https://immigratetobrazil.com/brazil/cities/porto-velho/,brazil/cities/porto-velho/index.html,"Living in Porto Velho, Brazil | Immigrate to Brazil",Living in Porto Velho | Immigrate to Brazil,"Discover what life in Porto Velho, Brazil can feel like: neighborhoods, lifestyle, nature, work potential and the immigration pathways to explore with Attorney Monique Fernandes.","Discover what life in Porto Velho, Brazil can feel like: neighborhoods, lifestyle, nature, work potential and the immigration pathways to explore with Attorney Monique Fernandes.",Living in Porto Velho,Living in Porto Velho
https://immigratetobrazil.com/brazil/cities/recife/,brazil/cities/recife/index.html,"Living in Recife, Brazil | Immigrate to Brazil",Living in Recife | Immigrate to Brazil,"Discover what life in Recife, Brazil can feel like: neighborhoods, lifestyle, nature, work potential and the immigration pathways to explore with Attorney Monique Fernandes.","Discover what life in Recife, Brazil can feel like: neighborhoods, lifestyle, nature, work potential and the immigration pathways to explore with Attorney Monique Fernandes.",Living in Recife,Living in Recife
https://immigratetobrazil.com/brazil/cities/ribeirao-preto/,brazil/cities/ribeirao-preto/index.html,"Living in Ribeirão Preto, Brazil | Immigrate to Brazil",Living in Ribeirão Preto | Immigrate to Brazil,"Discover what life in Ribeirão Preto, Brazil can feel like: neighborhoods, lifestyle, nature, work potential and the immigration pathways to explore with Attorney Monique Fernandes.","Discover what life in Ribeirão Preto, Brazil can feel like: neighborhoods, lifestyle, nature, work potential and the immigration pathways to explore with Attorney Monique Fernandes.",Living in Ribeirão Preto,Living in Ribeirão Preto
https://immigratetobrazil.com/brazil/cities/rio-branco/,brazil/cities/rio-branco/index.html,"Living in Rio Branco, Brazil | Immigrate to Brazil",Living in Rio Branco | Immigrate to Brazil,"Discover what life in Rio Branco, Brazil can feel like: neighborhoods, lifestyle, nature, work potential and the immigration pathways to explore with Attorney Monique Fernandes.","Discover what life in Rio Branco, Brazil can feel like: neighborhoods, lifestyle, nature, work potential and the immigration pathways to explore with Attorney Monique Fernandes.",Living in Rio Branco,Living in Rio Branco
https://immigratetobrazil.com/brazil/cities/rio-de-janeiro/,brazil/cities/rio-de-janeiro/index.html,"Living in Rio de Janeiro, Brazil | Immigrate to Brazil",Living in Rio de Janeiro | Immigrate to Brazil,"Discover what life in Rio de Janeiro, Brazil can feel like: neighborhoods, lifestyle, nature, work potential and the immigration pathways to explore with Attorney Monique Fernandes.","Discover what life in Rio de Janeiro, Brazil can feel like: neighborhoods, lifestyle, nature, work potential and the immigration pathways to explore with Attorney Monique Fernandes.",Living in Rio de Janeiro,Living in Rio de Janeiro
https://immigratetobrazil.com/brazil/cities/salvador/,brazil/cities/salvador/index.html,"Living in Salvador, Brazil | Immigrate to Brazil",Living in Salvador | Immigrate to Brazil,"Discover what life in Salvador, Brazil can feel like: neighborhoods, lifestyle, nature, work potential and the immigration pathways to explore with Attorney Monique Fernandes.","Discover what life in Salvador, Brazil can feel like: neighborhoods, lifestyle, nature, work potential and the immigration pathways to explore with Attorney Monique Fernandes.",Living in Salvador,Living in Salvador
https://immigratetobrazil.com/brazil/cities/santos/,brazil/cities/santos/index.html,"Living in Santos, Brazil | Immigrate to Brazil",Living in Santos | Immigrate to Brazil,"Discover what life in Santos, Brazil can feel like: neighborhoods, lifestyle, nature, work potential and the immigration pathways to explore with Attorney Monique Fernandes.","Discover what life in Santos, Brazil can feel like: neighborhoods, lifestyle, nature, work potential and the immigration pathways to explore with Attorney Monique Fernandes.",Living in Santos,Living in Santos
https://immigratetobrazil.com/brazil/cities/sao-luis/,brazil/cities/sao-luis/index.html,"Living in São Luís, Brazil | Immigrate to Brazil",Living in São Luís | Immigrate to Brazil,"Discover what life in São Luís, Brazil can feel like: neighborhoods, lifestyle, nature, work potential and the immigration pathways to explore with Attorney Monique Fernandes.","Discover what life in São Luís, Brazil can feel like: neighborhoods, lifestyle, nature, work potential and the immigration pathways to explore with Attorney Monique Fernandes.",Living in São Luís,Living in São Luís
https://immigratetobrazil.com/brazil/cities/sao-paulo/,brazil/cities/sao-paulo/index.html,"Living in São Paulo, Brazil | Immigrate to Brazil",Living in São Paulo | Immigrate to Brazil,"Discover what life in São Paulo, Brazil can feel like: neighborhoods, lifestyle, nature, work potential and the immigration pathways to explore with Attorney Monique Fernandes.","Discover what life in São Paulo, Brazil can feel like: neighborhoods, lifestyle, nature, work potential and the immigration pathways to explore with Attorney Monique Fernandes.",Living in São Paulo,Living in São Paulo
https://immigratetobrazil.com/brazil/cities/teresina/,brazil/cities/teresina/index.html,"Living in Teresina, Brazil | Immigrate to Brazil",Living in Teresina | Immigrate to Brazil,"Discover what life in Teresina, Brazil can feel like: neighborhoods, lifestyle, nature, work potential and the immigration pathways to explore with Attorney Monique Fernandes.","Discover what life in Teresina, Brazil can feel like: neighborhoods, lifestyle, nature, work potential and the immigration pathways to explore with Attorney Monique Fernandes.",Living in Teresina,Living in Teresina
https://immigratetobrazil.com/brazil/cities/vitoria/,brazil/cities/vitoria/index.html,"Living in Vitória, Brazil | Immigrate to Brazil",Living in Vitória | Immigrate to Brazil,"Discover what life in Vitória, Brazil can feel like: neighborhoods, lifestyle, nature, work potential and the immigration pathways to explore with Attorney Monique Fernandes.","Discover what life in Vitória, Brazil can feel like: neighborhoods, lifestyle, nature, work potential and the immigration pathways to explore with Attorney Monique Fernandes.",Living in Vitória,Living in Vitória
https://immigratetobrazil.com/brazil/cost/,brazil/cost/index.html,Cost | Brazil Living Guidance | Immigrate to Brazil,Cost of Living in Brazil: Planning Your Budget | Immigrate to Brazil,"Cost of living in Brazil cannot be reduced to one headline number. We break it into housing, transport, healthcare, food, education, and lifestyle so planning can become more realistic.","Cost of living in Brazil cannot be reduced to one headline number. We break it into housing, transport, healthcare, food, education, and lifestyle so planning can become more realistic.",Cost,Cost of Living in Brazil: Planning Your Budget
https://immigratetobrazil.com/brazil/cuisine/,brazil/cuisine/index.html,Cuisine | Brazil Living Guidance | Immigrate to Brazil,Cuisine: A Guide for Living in Brazil | Immigrate to Brazil,"Brazilian cuisine is everyday, regional, social, and far more diverse than a short list of famous dishes. We explain how food helps readers understand daily life as well as culture.","Brazilian cuisine is everyday, regional, social, and far more diverse than a short list of famous dishes. We explain how food helps readers understand daily life as well as culture.",Cuisine,Cuisine: A Guide for Living in Brazil
https://immigratetobrazil.com/brazil/culture/,brazil/culture/index.html,Culture | Brazil Living Guidance | Immigrate to Brazil,Culture: A Guide for Living in Brazil | Immigrate to Brazil,"Brazilian culture is one of the country’s strongest attractions, but it is also one of its most regionally varied realities. We explain the habits, rhythms, and social texture that people feel in everyday life.","Brazilian culture is one of the country’s strongest attractions, but it is also one of its most regionally varied realities. We explain the habits, rhythms, and social texture that people feel in everyday life.",Culture,Culture: A Guide for Living in Brazil
https://immigratetobrazil.com/brazil/directory/,brazil/directory/index.html,Directory | Brazil Living Guidance | Immigrate to Brazil,Brazil Relocation Resource Directory | Immigrate to Brazil,"The directory is here to help readers locate useful topics, categories, and place-based information with more speed and less scattered browsing.","The directory is here to help readers locate useful topics, categories, and place-based information with more speed and less scattered browsing.",Directory,Brazil Relocation Resource Directory
https://immigratetobrazil.com/brazil/economy/,brazil/economy/index.html,Economy | Brazil Living Guidance | Immigrate to Brazil,Economy: A Guide for Living in Brazil | Immigrate to Brazil,"Brazil's economy affects work, business, purchasing power, and long-term planning. We explain the practical side of that economic picture for readers considering a life, project, or move here.","Brazil's economy affects work, business, purchasing power, and long-term planning. We explain the practical side of that economic picture for readers considering a life, project, or move here.",Economy,Economy: A Guide for Living in Brazil
https://immigratetobrazil.com/brazil/education/,brazil/education/index.html,Education | Brazil Living Guidance | Immigrate to Brazil,Education in Brazil for Relocating Families | Immigrate to Brazil,"Education planning in Brazil depends on city choice, language, budget, age, and long-term goals. We explain the main systems and the practical questions foreign families often need to ask.","Education planning in Brazil depends on city choice, language, budget, age, and long-term goals. We explain the main systems and the practical questions foreign families often need to ask.",Education,Education in Brazil for Relocating Families
https://immigratetobrazil.com/brazil/events/,brazil/events/index.html,Events | Brazil Living Guidance | Immigrate to Brazil,Events: A Guide for Living in Brazil | Immigrate to Brazil,"Events in Brazil shape how cities feel, how communities gather, and how foreigners often experience the country beyond formal institutions and paperwork.","Events in Brazil shape how cities feel, how communities gather, and how foreigners often experience the country beyond formal institutions and paperwork.",Events,Events: A Guide for Living in Brazil
https://immigratetobrazil.com/brazil/faqs/,brazil/faqs/index.html,FAQs | Brazil Living Guidance | Immigrate to Brazil,Moving to Brazil: Common Planning Questions | Immigrate to Brazil,"Brazil questions often repeat because the same confusions repeat: cost, safety, language, work, residency, and how life actually works on the ground. We answer them in a structured way here.","Brazil questions often repeat because the same confusions repeat: cost, safety, language, work, residency, and how life actually works on the ground. We answer them in a structured way here.",FAQs,Moving to Brazil: Common Planning Questions
https://immigratetobrazil.com/brazil/festivals/,brazil/festivals/index.html,Festivals | Brazil Living Guidance | Immigrate to Brazil,Festivals: A Guide for Living in Brazil | Immigrate to Brazil,"Festival life in Brazil reveals far more than a calendar of parties. It shows regional identity, community life, music, tourism, and the emotional energy that draws many foreigners here in the first place.","Festival life in Brazil reveals far more than a calendar of parties. It shows regional identity, community life, music, tourism, and the emotional energy that draws many foreigners here in the first place.",Festivals,Festivals: A Guide for Living in Brazil
https://immigratetobrazil.com/brazil/guides/,brazil/guides/index.html,Guides | Brazil Living Guidance | Immigrate to Brazil,Guides to Living in Brazil | Immigrate to Brazil,"These Brazil guides are designed to make planning more practical: first steps, common mistakes, settling tasks, and the everyday questions that appear before and after arrival.","These Brazil guides are designed to make planning more practical: first steps, common mistakes, settling tasks, and the everyday questions that appear before and after arrival.",Guides,Guides to Living in Brazil
https://immigratetobrazil.com/brazil/healthcare/,brazil/healthcare/index.html,Healthcare | Brazil Living Guidance | Immigrate to Brazil,Healthcare in Brazil for New Residents | Immigrate to Brazil,"Healthcare in Brazil combines public access, private options, strong local variation, and planning questions that matter to individuals and families alike.","Healthcare in Brazil combines public access, private options, strong local variation, and planning questions that matter to individuals and families alike.",Healthcare,Healthcare in Brazil for New Residents
https://immigratetobrazil.com/brazil/housing/,brazil/housing/index.html,Housing | Brazil Living Guidance | Immigrate to Brazil,Finding Housing in Brazil | Immigrate to Brazil,"Housing choices shape whether a move to Brazil feels stable, expensive, or exhausting. We explain the practical realities of renting, buying, neighborhood choice, and local housing expectations.","Housing choices shape whether a move to Brazil feels stable, expensive, or exhausting. We explain the practical realities of renting, buying, neighborhood choice, and local housing expectations.",Housing,Finding Housing in Brazil
https://immigratetobrazil.com/brazil/investment/,brazil/investment/index.html,Investment | Brazil Living Guidance | Immigrate to Brazil,Planning an Investment in Brazil | Immigrate to Brazil,"Investment in Brazil can be attractive, but it only becomes useful when market interest is matched with structure, due diligence, and a realistic reading of region, sector, and timing.","Investment in Brazil can be attractive, but it only becomes useful when market interest is matched with structure, due diligence, and a realistic reading of region, sector, and timing.",Investment,Planning an Investment in Brazil
https://immigratetobrazil.com/brazil/living/,brazil/living/index.html,Living | Brazil Living Guidance | Immigrate to Brazil,Everyday Life in Brazil for New Residents | Immigrate to Brazil,"Daily life in Brazil changes a great deal by city, region, and budget. We explain what routine, rhythm, social life, and adaptation can actually look like on the ground.","Daily life in Brazil changes a great deal by city, region, and budget. We explain what routine, rhythm, social life, and adaptation can actually look like on the ground.",Living,Everyday Life in Brazil for New Residents
https://immigratetobrazil.com/brazil/municipalities/,brazil/municipalities/index.html,Municipalities | Brazil Living Guidance | Immigrate to Brazil,Brazilian Municipalities Directory | Immigrate to Brazil,"Municipal boundaries matter more than many readers expect. They affect schools, services, taxation, commuting, and the ordinary feel of daily life.","Municipal boundaries matter more than many readers expect. They affect schools, services, taxation, commuting, and the ordinary feel of daily life.",Municipalities,Brazilian Municipalities Directory
https://immigratetobrazil.com/brazil/north/,brazil/north/index.html,North | Brazil Living Guidance | Immigrate to Brazil,North: A Guide for Living in Brazil | Immigrate to Brazil,"North Brazil has its own geography, logistics, climate, and urban rhythm. We explain what makes the region distinctive for readers considering travel, living, or investment.","North Brazil has its own geography, logistics, climate, and urban rhythm. We explain what makes the region distinctive for readers considering travel, living, or investment.",North,North: A Guide for Living in Brazil
https://immigratetobrazil.com/brazil/northeast/,brazil/northeast/index.html,Northeast | Brazil Living Guidance | Immigrate to Brazil,Northeast: A Guide for Living in Brazil | Immigrate to Brazil,"Northeast Brazil brings together strong regional identity, major coastal capitals, tourism, and very different realities between one city and another.","Northeast Brazil brings together strong regional identity, major coastal capitals, tourism, and very different realities between one city and another.",Northeast,Northeast: A Guide for Living in Brazil
https://immigratetobrazil.com/brazil/places/,brazil/places/index.html,Places | Brazil Guidance | Immigrate to Brazil,Places: A Guide for Living in Brazil | Immigrate to Brazil,"Use this hub when the main question is where in Brazil life might fit you best. The pages inside it help compare regions, cities, and local realities instead of treating the whole country as one generic destination.","Use this hub when the main question is where in Brazil life might fit you best. The pages inside it help compare regions, cities, and local realities instead of treating the whole country as one generic destination.",Places,Places: A Guide for Living in Brazil
https://immigratetobrazil.com/brazil/quality/,brazil/quality/index.html,Quality | Brazil Living Guidance | Immigrate to Brazil,Quality of Life in Brazil: What to Compare | Immigrate to Brazil,"Quality of life in Brazil is real, but it is highly place-dependent. Climate, cost, community, services, and routine all shape whether Brazil feels sustainable over time.","Quality of life in Brazil is real, but it is highly place-dependent. Climate, cost, community, services, and routine all shape whether Brazil feels sustainable over time.",Quality,Quality of Life in Brazil: What to Compare
https://immigratetobrazil.com/brazil/safety/,brazil/safety/index.html,Safety | Brazil Living Guidance | Immigrate to Brazil,Safety Planning for Living in Brazil | Immigrate to Brazil,"Safety in Brazil deserves a realistic explanation rather than either denial or fear. We look at how location, routine, awareness, and city choice shape the lived experience.","Safety in Brazil deserves a realistic explanation rather than either denial or fear. We look at how location, routine, awareness, and city choice shape the lived experience.",Safety,Safety Planning for Living in Brazil
https://immigratetobrazil.com/brazil/south/,brazil/south/index.html,South | Brazil Living Guidance | Immigrate to Brazil,South: A Guide for Living in Brazil | Immigrate to Brazil,"South Brazil is often associated with cooler weather, mid-sized city life, and a different rhythm from tropical stereotypes. We explain what that means in practical terms.","South Brazil is often associated with cooler weather, mid-sized city life, and a different rhythm from tropical stereotypes. We explain what that means in practical terms.",South,South: A Guide for Living in Brazil
https://immigratetobrazil.com/brazil/southeast/,brazil/southeast/index.html,Southeast | Brazil Living Guidance | Immigrate to Brazil,Southeast: A Guide for Living in Brazil | Immigrate to Brazil,"Southeast Brazil concentrates business, infrastructure, and some of the country’s most diverse urban experiences. It is often the entry point for foreigners, but never a single reality.","Southeast Brazil concentrates business, infrastructure, and some of the country’s most diverse urban experiences. It is often the entry point for foreigners, but never a single reality.",Southeast,Southeast: A Guide for Living in Brazil
https://immigratetobrazil.com/brazil/states/,brazil/states/index.html,States | Brazil Living Guidance | Immigrate to Brazil,States: A Guide for Living in Brazil | Immigrate to Brazil,"State-level comparison helps readers move from country-wide fascination to more realistic shortlists. State identity affects services, culture, administration, and how cities are experienced.","State-level comparison helps readers move from country-wide fascination to more realistic shortlists. State identity affects services, culture, administration, and how cities are experienced.",States,States: A Guide for Living in Brazil
https://immigratetobrazil.com/contact/,contact/index.html,Contact Monique Fernandes | Immigrate to Brazil,Contact Monique Fernandes,Contact Monique Fernandes with a short Brazil immigration consultation request and receive written next steps after manual review.,"Contact Monique Fernandes about a Brazil immigration matter. Find email and WhatsApp details, or request a consultation for advice on your case.",Request a consultation,Contact Monique Fernandes
https://immigratetobrazil.com/countries/,countries/index.html,Countries | Move to Brazil from Your Country | Immigrate to Brazil,Moving to Brazil: Guides by Country of Origin | Immigrate to Brazil,"Use the countries hub to compare immigration planning to Brazil from your country, including route selection, document strategy, relocation timing, and Monique Fernandes guidance for cross-border cases.","Use the countries hub to compare immigration planning to Brazil from your country, including route selection, document strategy, relocation timing, and Monique Fernandes guidance for cross-border cases.",Country-specific immigration planning for moving to Brazil,Moving to Brazil: Guides by Country of Origin
https://immigratetobrazil.com/insights/,insights/index.html,Insights | Brazil Insights | Immigrate to Brazil,Brazil Immigration Guides and Insights | Immigrate to Brazil,"Use this hub when you want calmer, better-organized reading about Brazil before your case becomes personal. These articles are here to reduce confusion, answer recurring questions, and help research become more useful than endless scrolling.","Brazil Immigration Guides and Insights. Find articles on visas, residence and relocation planning, with links to related topics and services.",Insights,Brazil Immigration Guides and Insights
https://immigratetobrazil.com/insights/blog/,insights/blog/index.html,Blog | Immigration Insights | Immigrate to Brazil,Blog: Brazil Immigration Reading | Immigrate to Brazil,"Our blog is where public commentary stays useful over time. It is designed to help readers think more clearly about Brazil, relocation, immigration, and common planning questions without drifting into panic, noise, or empty marketing.","Blog: Brazil Immigration Reading. Find articles on visas, residence and relocation planning, with links to related topics and services.",Blog,Blog: Brazil Immigration Reading
https://immigratetobrazil.com/insights/fyi/,insights/fyi/index.html,"FYI Archive | Immigration Notes, Travel Signals, and Move-to-Brazil Context","FYI archive: shorter immigration notes, travel changes, and Brazil planning signals: Brazil Immigration Reading | Immigrate to Brazil","Browse short-form immigration notes, travel signals, and move-to-Brazil context collected under the FYI archive at Immigrate to Brazil.","FYI archive: shorter immigration notes, travel changes, and Brazil planning signals: Brazil Immigration Reading. Find articles on visas, residence and relocation planning, with links to related topics and services.","FYI archive: shorter immigration notes, travel changes, and Brazil planning signals","FYI archive: shorter immigration notes, travel changes, and Brazil planning signals: Brazil Immigration Reading"
https://immigratetobrazil.com/insights/general/,insights/general/index.html,General | Immigration Insights | Immigrate to Brazil,General: Brazil Immigration Reading | Immigrate to Brazil,"Start here if you want a clearer understanding of how Brazil immigration is structured before comparing routes, documents, or next steps. The goal is to replace scattered reading with vocabulary that actually supports better decisions.","General: Brazil Immigration Reading. Find articles on visas, residence and relocation planning, with links to related topics and services.",General,General: Brazil Immigration Reading
https://immigratetobrazil.com/insights/guides/,insights/guides/index.html,Guides | Immigration Insights | Immigrate to Brazil,Guides: Brazil Immigration Reading | Immigrate to Brazil,These guides are written for readers who need practical orientation before or during a move to Brazil. They connect immigration steps with daily-life reality so the planning process feels more coherent from the beginning.,"Guides: Brazil Immigration Reading. Find articles on visas, residence and relocation planning, with links to related topics and services.",Guides,Guides: Brazil Immigration Reading
https://immigratetobrazil.com/insights/naturalisation/,insights/naturalisation/index.html,Naturalisation | Immigration Insights | Immigrate to Brazil,Naturalisation: Brazil Immigration Reading | Immigrate to Brazil,"Naturalisation planning only makes sense when the wider record is being read in sequence. Here we explain citizenship thinking in a calmer, long-term way so readers can see where continuity, records, family history, and timing actually matter.","Naturalisation: Brazil Immigration Reading. Find articles on visas, residence and relocation planning, with links to related topics and services.",Naturalisation,Naturalisation: Brazil Immigration Reading
https://immigratetobrazil.com/insights/process/,insights/process/index.html,Process | Immigration Insights | Immigrate to Brazil,Process: Brazil Immigration Reading | Immigrate to Brazil,"Brazil immigration work becomes easier to understand when it is slowed down into practical stages. We explain how a matter usually moves once it becomes real, where mistakes happen, what each phase is meant to produce, and why sequence matters so much.","Process: Brazil Immigration Reading. Find articles on visas, residence and relocation planning, with links to related topics and services.",Process,Process: Brazil Immigration Reading
https://immigratetobrazil.com/insights/residency/,insights/residency/index.html,Residency | Immigration Insights | Immigrate to Brazil,Residency: Brazil Immigration Reading | Immigrate to Brazil,"Residency is where Brazil stops being a trip and starts becoming a legal continuity question. We explain longer-term stay in plain English so readers can understand documents, renewal logic, and authority expectations before a file is under pressure.","Residency: Brazil Immigration Reading. Find articles on visas, residence and relocation planning, with links to related topics and services.",Residency,Residency: Brazil Immigration Reading
https://immigratetobrazil.com/insights/updates/,insights/updates/index.html,Updates | Immigration Insights | Immigrate to Brazil,Brazil Immigration Updates Explained Calmly: Brazil Immigration Reading | Immigrate to Brazil,"Updates matter, but not every change means immediate disruption. This page is designed to help readers interpret legal and administrative developments with more calm, more context, and a better sense of what actually needs attention.","Brazil Immigration Updates Explained Calmly: Brazil Immigration Reading. Find articles on visas, residence and relocation planning, with links to related topics and services.",Brazil Immigration Updates Explained Calmly,Brazil Immigration Updates Explained Calmly: Brazil Immigration Reading
https://immigratetobrazil.com/insights/visa/,insights/visa/index.html,Visa | Immigration Insights | Immigrate to Brazil,Visa: Brazil Immigration Reading | Immigrate to Brazil,"Visa research becomes much easier once the purpose of entry is separated from later residence planning. We explain how entry categories work, what consulates actually do, and where people most often confuse the first step with the whole process.","Visa: Brazil Immigration Reading. Find articles on visas, residence and relocation planning, with links to related topics and services.",Visa,Visa: Brazil Immigration Reading
https://immigratetobrazil.com/legal/,legal/index.html,Legal Notices | Monique Fernandes | Immigrate to Brazil,Legal Notices | Immigrate to Brazil,"This legal hub explains how Monique Fernandes handles privacy, payments, intake, accessibility, urgent contact, and service boundaries for immigration matters connected to Brazil.","This legal hub explains how Monique Fernandes handles privacy, payments, intake, accessibility, urgent contact, and service boundaries for immigration matters connected to Brazil.",Legal Notices,Legal Notices
https://immigratetobrazil.com/legal/accessibility/,legal/accessibility/index.html,Accessibility Statement | Monique Fernandes | Immigrate to Brazil,Accessibility Statement | Immigrate to Brazil,"This Accessibility Statement explains how Monique Fernandes approaches accessibility on the site, how barriers can be reported, and how alternative access may be offered when someone has trouble using a page, form, or booking route.","This Accessibility Statement explains how Monique Fernandes approaches accessibility on the site, how barriers can be reported, and how alternative access may be offered when someone has trouble using a page, form, or booking route.",Accessibility Statement,Accessibility Statement
https://immigratetobrazil.com/legal/cookies/,legal/cookies/index.html,Cookies Policy | Monique Fernandes | Immigrate to Brazil,Cookies Policy | Immigrate to Brazil,"This Cookies Policy explains how Monique Fernandes uses cookies and similar technologies to keep the site working, understand usage, and manage optional tracking transparently.","This Cookies Policy explains how Monique Fernandes uses cookies and similar technologies to keep the site working, understand usage, and manage optional tracking transparently.",Cookies Policy,Cookies Policy
https://immigratetobrazil.com/legal/disclaimer/,legal/disclaimer/index.html,Disclaimer & Legal Notice | Monique Fernandes | Immigrate to Brazil,Disclaimer & Legal Notice | Immigrate to Brazil,This Disclaimer & Legal Notice explains the boundary between general information on the site and the individualized legal judgment Monique Fernandes provides only after reviewing a specific immigration matter connected to Brazil.,This Disclaimer & Legal Notice explains the boundary between general information on the site and the individualized legal judgment Monique Fernandes provides only after reviewing a specific immigration matter connected to Brazil.,Disclaimer & Legal Notice,Disclaimer & Legal Notice
https://immigratetobrazil.com/legal/emergency/,legal/emergency/index.html,Emergency Resources | Monique Fernandes | Immigrate to Brazil,Emergency Resources | Immigrate to Brazil,"This page explains when Monique Fernandes' practice can help with urgent immigration-related issues, when a public authority should be contacted first, and how urgent triage should be handled.","This page explains when Monique Fernandes' practice can help with urgent immigration-related issues, when a public authority should be contacted first, and how urgent triage should be handled.",Emergency Resources,Emergency Resources
https://immigratetobrazil.com/legal/form/,legal/form/index.html,Form & Intake Policy | Monique Fernandes | Immigrate to Brazil,Form & Intake Policy | Immigrate to Brazil,"This Form & Intake Policy explains how Monique Fernandes uses forms, submissions, and uploaded information to review immigration matters connected to Brazil before formal service begins.","This Form & Intake Policy explains how Monique Fernandes uses forms, submissions, and uploaded information to review immigration matters connected to Brazil before formal service begins.",Form & Intake Policy,Form & Intake Policy
https://immigratetobrazil.com/legal/gdpr/,legal/gdpr/index.html,GDPR Notice | Monique Fernandes | Immigrate to Brazil,GDPR Notice | Immigrate to Brazil,"This GDPR Notice explains how Monique Fernandes handles personal data where an EU or EEA user expects GDPR-style transparency, rights information, and cross-border transfer disclosure.","This GDPR Notice explains how Monique Fernandes handles personal data where an EU or EEA user expects GDPR-style transparency, rights information, and cross-border transfer disclosure.",GDPR Notice,GDPR Notice
https://immigratetobrazil.com/legal/lgpd/,legal/lgpd/index.html,LGPD Notice | Monique Fernandes | Immigrate to Brazil,LGPD Notice | Immigrate to Brazil,This LGPD Notice explains how Monique Fernandes handles personal data under Brazil's data-protection framework when people contact her practice or use immigration services related to Brazil.,This LGPD Notice explains how Monique Fernandes handles personal data under Brazil's data-protection framework when people contact her practice or use immigration services related to Brazil.,LGPD Notice,LGPD Notice
https://immigratetobrazil.com/legal/payment/,legal/payment/index.html,Payment Terms | Monique Fernandes | Immigrate to Brazil,Payment Terms | Immigrate to Brazil,"These Payment Terms explain how Monique Fernandes handles consultation payments, service-stage billing, payment verification, and booking control for immigration matters connected to Brazil.","These Payment Terms explain how Monique Fernandes handles consultation payments, service-stage billing, payment verification, and booking control for immigration matters connected to Brazil.",Payment Terms,Payment Terms
https://immigratetobrazil.com/legal/privacy/,legal/privacy/index.html,Privacy Policy | Monique Fernandes | Immigrate to Brazil,Privacy Policy | Immigrate to Brazil,"This Privacy Policy explains how Monique Fernandes collects, uses, stores, protects, and shares personal information when people contact her practice or use immigration services related to Brazil.","This Privacy Policy explains how Monique Fernandes collects, uses, stores, protects, and shares personal information when people contact her practice or use immigration services related to Brazil.",Privacy Policy,Privacy Policy
https://immigratetobrazil.com/legal/refund/,legal/refund/index.html,Refund Policy | Monique Fernandes | Immigrate to Brazil,Refund Policy | Immigrate to Brazil,"This Refund Policy explains how Monique Fernandes reviews cancellations, reserved time, completed work, payment errors, and refund requests for immigration services related to Brazil.","This Refund Policy explains how Monique Fernandes reviews cancellations, reserved time, completed work, payment errors, and refund requests for immigration services related to Brazil.",Refund Policy,Refund Policy
https://immigratetobrazil.com/legal/terms/,legal/terms/index.html,Terms & Conditions | Monique Fernandes | Immigrate to Brazil,Terms & Conditions | Immigrate to Brazil,"These Terms & Conditions explain how Monique Fernandes' website, consultation workflow, and immigration service model operate, including what the site covers and what it does not guarantee.","These Terms & Conditions explain how Monique Fernandes' website, consultation workflow, and immigration service model operate, including what the site covers and what it does not guarantee.",Terms & Conditions,Terms & Conditions
https://immigratetobrazil.com/process/,process/index.html,Brazil Immigration Process With Monique Fernandes | Immigrate to Brazil,Working With Monique: The Immigration Process | Immigrate to Brazil,"Follow Monique Fernandes' immigration process for Brazil from first consultation through assessment, filing, approval, compliance, and aftercare, with clear expectations for remote clients in English and Portuguese.","Working With Monique: The Immigration Process. Identify the questions to resolve, prepare for your next step and understand when advice on your circumstances may help.",Brazil Immigration Process,Working With Monique: The Immigration Process
https://immigratetobrazil.com/process/aftercare/,process/aftercare/index.html,Aftercare With Monique Fernandes | Brazil Immigration Process,After Approval: Immigration Follow-Up | Immigrate to Brazil,"Aftercare is how Monique Fernandes helps clients protect stability after approval, understand what comes next, and keep their Brazil immigration position strong over time.","After Approval: Immigration Follow-Up. Identify the questions to resolve, prepare for your next step and understand when advice on your circumstances may help.",Aftercare,After Approval: Immigration Follow-Up
https://immigratetobrazil.com/process/alone/,process/alone/index.html,Alone With Monique Fernandes | Brazil Immigration Process,Applying Independently or Hiring an Immigration Lawyer | Immigrate to Brazil,"Monique Fernandes helps clients understand what usually becomes difficult when they try to handle Brazil immigration alone, and what changes when a structured attorney-led process replaces guesswork.","Applying Independently or Hiring an Immigration Lawyer. Identify the questions to resolve, prepare for your next step and understand when advice on your circumstances may help.",Alone,Applying Independently or Hiring an Immigration Lawyer
https://immigratetobrazil.com/process/approval/,process/approval/index.html,Approval With Monique Fernandes | Brazil Immigration Process,What Happens After Immigration Approval | Immigrate to Brazil,"Monique Fernandes explains approval as a government decision shaped by law, evidence, and timing, while helping clients prepare for requests, delays, approval, or refusal with realistic expectations.","What Happens After Immigration Approval. Identify the questions to resolve, prepare for your next step and understand when advice on your circumstances may help.",Approval,What Happens After Immigration Approval
https://immigratetobrazil.com/process/assessment/,process/assessment/index.html,Assessment With Monique Fernandes | Brazil Immigration Process,What an Immigration Case Assessment Covers | Immigrate to Brazil,"Assessment is where Monique Fernandes reviews chronology, documents, route fit, and risk so a Brazil immigration matter can be positioned on real facts instead of assumptions.","What an Immigration Case Assessment Covers. Identify the questions to resolve, prepare for your next step and understand when advice on your circumstances may help.",Assessment,What an Immigration Case Assessment Covers
https://immigratetobrazil.com/process/compliance/,process/compliance/index.html,Compliance With Monique Fernandes | Brazil Immigration Process,Immigration Compliance During and After Filing | Immigrate to Brazil,"Monique Fernandes helps clients treat compliance as ongoing protection of their immigration position in Brazil, with clear guidance on obligations, records, consistency, and risk reduction.","Immigration Compliance During and After Filing. Identify the questions to resolve, prepare for your next step and understand when advice on your circumstances may help.",Compliance,Immigration Compliance During and After Filing
https://immigratetobrazil.com/process/consultation/,process/consultation/index.html,Consultation With Monique Fernandes | Brazil Immigration Process,What Happens During an Immigration Consultation | Immigrate to Brazil,"Consultation is where Monique Fernandes turns a broad immigration idea into a clear legal starting point, with route analysis, timing guidance, and realistic next steps for Brazil.","What Happens During an Immigration Consultation. Identify the questions to resolve, prepare for your next step and understand when advice on your circumstances may help.",Consultation,What Happens During an Immigration Consultation
https://immigratetobrazil.com/process/conversion/,process/conversion/index.html,Conversion With Monique Fernandes | Brazil Immigration Process,Changing Your Immigration Status in Brazil | Immigrate to Brazil,"Conversion is how Monique Fernandes helps clients move from one immigration position to another in Brazil, with careful review of eligibility, timing, requirements, and risk.","Changing Your Immigration Status in Brazil. Identify the questions to resolve, prepare for your next step and understand when advice on your circumstances may help.",Conversion,Changing Your Immigration Status in Brazil
https://immigratetobrazil.com/process/deadlines/,process/deadlines/index.html,Deadlines With Monique Fernandes | Brazil Immigration Process,Managing Immigration Application Deadlines | Immigrate to Brazil,"Monique Fernandes helps clients understand immigration deadlines in Brazil as strategic pressure points, not small admin details, so filings, renewals, and responses happen with better control.","Managing Immigration Application Deadlines. Identify the questions to resolve, prepare for your next step and understand when advice on your circumstances may help.",Deadlines,Managing Immigration Application Deadlines
https://immigratetobrazil.com/process/failures/,process/failures/index.html,Failures With Monique Fernandes | Brazil Immigration Process,When an Immigration Application Goes Wrong | Immigrate to Brazil,"Monique Fernandes helps clients understand refusals, stalled filings, damaging delays, and other process failures in Brazil immigration matters, then assess realistic recovery options with more structure.","When an Immigration Application Goes Wrong. Identify the questions to resolve, prepare for your next step and understand when advice on your circumstances may help.",Failures,When an Immigration Application Goes Wrong
https://immigratetobrazil.com/process/fees/,process/fees/index.html,Fees With Monique Fernandes | Brazil Immigration Process,Immigration Legal Fees and Application Costs | Immigrate to Brazil,"Monique Fernandes explains fees through service stages, defined scope, and attorney-led process quality so clients understand what they are paying for and what each stage of immigration support in Brazil includes.","Immigration Legal Fees and Application Costs. Identify the questions to resolve, prepare for your next step and understand when advice on your circumstances may help.",Fees,Immigration Legal Fees and Application Costs
https://immigratetobrazil.com/process/filing/,process/filing/index.html,Filing With Monique Fernandes | Brazil Immigration Process,Preparing and Submitting Your Immigration Application | Immigrate to Brazil,"Filing is where Monique Fernandes organizes the record, controls the sequence, and prepares a Brazil immigration matter for submission with stronger structure and fewer avoidable weaknesses.","Preparing and Submitting Your Immigration Application. Identify the questions to resolve, prepare for your next step and understand when advice on your circumstances may help.",Filing,Preparing and Submitting Your Immigration Application
https://immigratetobrazil.com/process/mistakes/,process/mistakes/index.html,Mistakes With Monique Fernandes | Brazil Immigration Process,Avoiding Immigration Application Mistakes | Immigrate to Brazil,"Monique Fernandes helps clients avoid the most common immigration mistakes in Brazil by improving route choice, timing, document discipline, and process sequence before small errors grow into bigger problems.","Avoiding Immigration Application Mistakes. Identify the questions to resolve, prepare for your next step and understand when advice on your circumstances may help.",Mistakes,Avoiding Immigration Application Mistakes
https://immigratetobrazil.com/process/naturalisation/,process/naturalisation/index.html,Naturalisation With Monique Fernandes | Brazil Immigration Process,Preparing for the Naturalization Process | Immigrate to Brazil,"Monique helps clients think about citizenship as a long-term process built on continuity, planning, and realistic preparation.","Preparing for the Naturalization Process. Identify the questions to resolve, prepare for your next step and understand when advice on your circumstances may help.",Naturalisation,Preparing for the Naturalization Process
https://immigratetobrazil.com/process/obligations/,process/obligations/index.html,Obligations With Monique Fernandes | Brazil Immigration Process,Obligations During Your Immigration Application | Immigrate to Brazil,"Monique helps clients understand the practical duties connected to immigration status, renewals, and long-term compliance in Brazil.","Obligations During Your Immigration Application. Identify the questions to resolve, prepare for your next step and understand when advice on your circumstances may help.",Obligations,Obligations During Your Immigration Application
https://immigratetobrazil.com/process/permanent/,process/permanent/index.html,Permanent With Monique Fernandes | Brazil Immigration Process,Planning for Indefinite Residence in Brazil | Immigrate to Brazil,Monique helps clients understand when permanent residence may become realistic and how current decisions affect long-term stability.,"Planning for Indefinite Residence in Brazil. Identify the questions to resolve, prepare for your next step and understand when advice on your circumstances may help.",Permanent,Planning for Indefinite Residence in Brazil
https://immigratetobrazil.com/process/planning/,process/planning/index.html,Planning With Monique Fernandes | Brazil Immigration Process,Planning Your Immigration Application | Immigrate to Brazil,Monique helps clients turn broad goals into a workable immigration sequence with clearer next steps and fewer avoidable mistakes.,"Planning Your Immigration Application. Identify the questions to resolve, prepare for your next step and understand when advice on your circumstances may help.",Planning,Planning Your Immigration Application
https://immigratetobrazil.com/process/refund/,process/refund/index.html,Refund With Monique Fernandes | Brazil Immigration Process,How to Request a Consultation or Service Refund | Immigrate to Brazil,"Monique reviews refund questions based on the work completed, the stage of service, and the original scope of engagement.","How to Request a Consultation or Service Refund. Identify the questions to resolve, prepare for your next step and understand when advice on your circumstances may help.",Refund,How to Request a Consultation or Service Refund
https://immigratetobrazil.com/process/regularization/,process/regularization/index.html,Regularization With Monique Fernandes | Brazil Immigration Process,Immigration Regularization: Preparing Your Case | Immigrate to Brazil,Monique helps clients bring unstable or irregular situations back toward a more workable legal position.,"Immigration Regularization: Preparing Your Case. Identify the questions to resolve, prepare for your next step and understand when advice on your circumstances may help.",Regularization,Immigration Regularization: Preparing Your Case
https://immigratetobrazil.com/process/renewal/,process/renewal/index.html,Renewal With Monique Fernandes | Brazil Immigration Process,Preparing a Residence Renewal in Brazil | Immigrate to Brazil,"Monique treats renewal as continuity work that protects future options, not just a last-minute administrative task.","Preparing a Residence Renewal in Brazil. Identify the questions to resolve, prepare for your next step and understand when advice on your circumstances may help.",Renewal,Preparing a Residence Renewal in Brazil
https://immigratetobrazil.com/process/responsibilities/,process/responsibilities/index.html,Responsibilities With Monique Fernandes | Brazil Immigration Process,Your Responsibilities During Legal Representation | Immigrate to Brazil,"Monique helps clients understand which responsibilities belong to the client, which belong to the attorney, and how both sides work together.","Your Responsibilities During Legal Representation. Identify the questions to resolve, prepare for your next step and understand when advice on your circumstances may help.",Responsibilities,Your Responsibilities During Legal Representation
https://immigratetobrazil.com/process/rights/,process/rights/index.html,Rights With Monique Fernandes | Brazil Immigration Process,Your Rights as a Legal Services Client | Immigrate to Brazil,"Monique helps clients understand their rights clearly, use them responsibly, and apply them within a real immigration process.","Your Rights as a Legal Services Client. Identify the questions to resolve, prepare for your next step and understand when advice on your circumstances may help.",Rights,Your Rights as a Legal Services Client
https://immigratetobrazil.com/process/strategy/,process/strategy/index.html,Strategy With Monique Fernandes | Brazil Immigration Process,Building Your Immigration Case Strategy | Immigrate to Brazil,"Monique helps clients choose the strongest route by looking at legal fit, timing, evidence, and long-term goals.","Building Your Immigration Case Strategy. Identify the questions to resolve, prepare for your next step and understand when advice on your circumstances may help.",Strategy,Building Your Immigration Case Strategy
https://immigratetobrazil.com/process/timeline/,process/timeline/index.html,Timeline With Monique Fernandes | Brazil Immigration Process,Immigration Timelines: Planning Each Stage | Immigrate to Brazil,Monique helps clients understand timing in a realistic way so they can plan with more confidence and less pressure.,"Immigration Timelines: Planning Each Stage. Identify the questions to resolve, prepare for your next step and understand when advice on your circumstances may help.",Timeline,Immigration Timelines: Planning Each Stage
https://immigratetobrazil.com/process/transparency/,process/transparency/index.html,Transparency With Monique Fernandes | Brazil Immigration Process,Communication and Transparency During Your Case | Immigrate to Brazil,"Monique believes clients make better decisions when they understand the route, the risks, the next step, and the limits of the process.","Communication and Transparency During Your Case. Identify the questions to resolve, prepare for your next step and understand when advice on your circumstances may help.",Transparency,Communication and Transparency During Your Case
https://immigratetobrazil.com/pt-br/,pt-br/index.html,"Brasil Advogado de Imigração para Vistos, Residência e Cidadania | Imigre para o Brasil",Advogada de imigração no Brasil | Monique Fernandes,"A advogada de imigração para o Brasil, Monique Fernandes, ajuda clientes internacionais com vistos Brasil, residência, residência permanente, cidadania, naturalização, imigração familiar, nômade digital, investidor, trabalho, estudo, aposentado e questões de defesa de imigração.","Assessoria de Monique Fernandes para imigração no Brasil. Converse sobre vistos, residência ou naturalização em português ou inglês e solicite uma consulta.",Imigrar para o Brasil com a advogada Monique Fernandes,Advogada de imigração no Brasil: Monique Fernandes
https://immigratetobrazil.com/pt-br/about/,pt-br/about/index.html,Sobre Monique Fernandes | Advogada de imigração para o Brasil | Imigre para o Brasil,Sobre a Immigrate to Brazil | Immigrate to Brazil,"Explore as páginas que apresentam Monique Fernandes, explique como funciona sua prática de imigração para o Brasil e mostre o que os clientes podem esperar antes de fazer a reserva.","Explore as páginas que apresentam Monique Fernandes, explique como funciona sua prática de imigração para o Brasil e mostre o que os clientes podem esperar antes de fazer a reserva.",Sobre Monique,Sobre a Immigrate to Brazil
https://immigratetobrazil.com/pt-br/about/about/,pt-br/about/about/index.html,Conheça Monique Fernandes | Advogada de imigração para o Brasil | Imigre para o Brasil,Conheça Monique Fernandes,"Monique Fernandes é a advogada de imigração brasileira por trás do Imigre para o Brasil, ajudando os clientes a navegar pela lei de imigração brasileira com maior clareza, confiança e próximos passos práticos.","Monique Fernandes é a advogada de imigração brasileira por trás do Imigre para o Brasil, ajudando os clientes a navegar pela lei de imigração brasileira com maior clareza, confiança e próximos passos práticos.",Conheça Monique Fernandes,Conheça Monique Fernandes
https://immigratetobrazil.com/pt-br/about/atlas/,pt-br/about/atlas/index.html,Monique Fernandes Atlas | Advogada de imigração para o Brasil | Imigre para o Brasil,Monique Fernandes: visão geral da atuação,"Conheça Monique Fernandes, advogada de imigração brasileira registrada na OAB por trás do Imigre para o Brasil, e explore sua história, padrões, serviços e prova pública de cliente em um só lugar.","Conheça Monique Fernandes, advogada de imigração brasileira registrada na OAB por trás do Imigre para o Brasil, e explore sua história, padrões, serviços e prova pública de cliente em um só lugar.",Sobre Monique Fernandes,Monique Fernandes: visão geral da atuação
https://immigratetobrazil.com/pt-br/about/clients/,pt-br/about/clients/index.html,Quem Monique Fernandes ajuda | Clientes de imigração para o Brasil | Imigre para o Brasil,Quem Monique Fernandes ajuda | Monique Fernandes,"Monique Fernandes trabalha com imigrantes, famílias, empresas, empreendedores, profissionais remotos e clientes transfronteiriços que necessitam de orientação liderada por advogados para decisões de imigração relacionadas com Brasil.","Monique Fernandes trabalha com imigrantes, famílias, empresas, empreendedores, profissionais remotos e clientes transfronteiriços que necessitam de orientação liderada por advogados para decisões de imigração relacionadas com Brasil.",Quem Monique Fernandes ajuda,Quem Monique Fernandes ajuda
https://immigratetobrazil.com/pt-br/about/ethics/,pt-br/about/ethics/index.html,Monique Fernandes Ética | Prática de Imigração Brasil | Imigre para o Brasil,Ética | Monique Fernandes,"Monique Fernandes baseia a sua prática de imigração na honestidade, confidencialidade, dignidade e limites profissionais claros.","Monique Fernandes baseia a sua prática de imigração na honestidade, confidencialidade, dignidade e limites profissionais claros.",Ética,Ética
https://immigratetobrazil.com/pt-br/about/lawyer/,pt-br/about/lawyer/index.html,Monique Fernandes | Advogado Registrado na OAB/BAR | Imigre para o Brasil,Monique Fernandes: registro profissional e atuação jurídica,"Uma análise formal do perfil jurídico, da responsabilidade profissional e da abordagem de imigração em primeiro lugar de Monique Fernandes para clientes que precisam de orientação liderada por um advogado conectado ao Brasil.","Uma análise formal do perfil jurídico, da responsabilidade profissional e da abordagem de imigração em primeiro lugar de Monique Fernandes para clientes que precisam de orientação liderada por um advogado conectado ao Brasil.",Advogada,Monique Fernandes: registro profissional e atuação jurídica
https://immigratetobrazil.com/pt-br/about/mission/,pt-br/about/mission/index.html,Missão Monique Fernandes | Capacitando Imigrantes no Brasil | Imigre para o Brasil,Missão | Monique Fernandes,"A missão de Monique Fernandes é capacitar os imigrantes com orientação jurídica clara, proteger a dignidade através de processos legais e promover Brasil com honestidade e cuidado.","A missão de Monique Fernandes é capacitar os imigrantes com orientação jurídica clara, proteger a dignidade através de processos legais e promover Brasil com honestidade e cuidado.",Missão,Missão
https://immigratetobrazil.com/pt-br/about/philosophy/,pt-br/about/philosophy/index.html,Filosofia de Monique Fernandes | Prática de Imigração Brasil | Imigre para o Brasil,Filosofia | Monique Fernandes,"Monique Fernandes constrói a estratégia de imigração em torno da clareza antes da ação, da estrutura antes da velocidade e da documentação que apoia a rota.","Monique Fernandes constrói a estratégia de imigração em torno da clareza antes da ação, da estrutura antes da velocidade e da documentação que apoia a rota.",Filosofia,Filosofia
https://immigratetobrazil.com/pt-br/about/profile/,pt-br/about/profile/index.html,Perfil de Monique Fernandes | Advogada de imigração para o Brasil | Imigre para o Brasil,Monique Fernandes: advogada de imigração,"Um perfil profissional de Monique Fernandes, incluindo como sua prática de imigração está estruturada e o que os clientes podem esperar da orientação liderada por um advogado conectado ao Brasil.","Conheça Monique Fernandes, sua atuação em imigração no Brasil, trajetória profissional e atendimento a clientes em português e inglês.",Perfil,Monique Fernandes: advogada de imigração
https://immigratetobrazil.com/pt-br/about/results/,pt-br/about/results/index.html,Resultados da imigração com Monique Fernandes | Brasil | Imigre para o Brasil,Resultados | Monique Fernandes,"Monique Fernandes define resultados através de clareza, preparação, posicionamento jurídico mais forte e progresso da imigração mais bem gerido, e não através de garantias irrealistas.","Monique Fernandes define resultados através de clareza, preparação, posicionamento jurídico mais forte e progresso da imigração mais bem gerido, e não através de garantias irrealistas.",Resultados,Resultados
https://immigratetobrazil.com/pt-br/about/stories/,pt-br/about/stories/index.html,Histórias | Monique Fernandes | Imigre para o Brasil,Histórias | Monique Fernandes,"Exemplos das situações de clientes em que a advogada de imigração Monique Fernandes mais atua em vistos para o Brasil, residência, rotas familiares e planejamento migratório de longo prazo.","Exemplos das situações de clientes em que a advogada de imigração Monique Fernandes mais atua em vistos para o Brasil, residência, rotas familiares e planejamento migratório de longo prazo.",Histórias,Histórias
https://immigratetobrazil.com/pt-br/about/story/,pt-br/about/story/index.html,História de Monique Fernandes | Advogada de imigração para o Brasil | Imigre para o Brasil,História | Monique Fernandes,"Esta página traça como Monique Fernandes construiu uma prática de imigração centrada na clareza, dignidade e melhor orientação para pessoas que constroem um futuro no Brasil.","Esta página traça como Monique Fernandes construiu uma prática de imigração centrada na clareza, dignidade e melhor orientação para pessoas que constroem um futuro no Brasil.",História,História
https://immigratetobrazil.com/pt-br/about/testimonials/,pt-br/about/testimonials/index.html,Depoimentos de clientes | Monique Fernandes | Imigração Brasil | Imigre para o Brasil,Depoimentos | Monique Fernandes,"As análises públicas mostram como os clientes descrevem a clareza, o profissionalismo, a capacidade de resposta e o apoio de Monique Fernandes em questões jurídicas relacionadas com Brasil.","As análises públicas mostram como os clientes descrevem a clareza, o profissionalismo, a capacidade de resposta e o apoio de Monique Fernandes em questões jurídicas relacionadas com Brasil.",Depoimentos,Depoimentos
https://immigratetobrazil.com/pt-br/about/values/,pt-br/about/values/index.html,Valores de Monique Fernandes | Padrões de prática de imigração | Imigre para o Brasil,Valores | Monique Fernandes,"Os valores de Monique Fernandes moldam a forma como ela comunica, prepara casos, protege a dignidade e ajuda os clientes a passar pelos processos de imigração brasileira com mais confiança e clareza.","Os valores de Monique Fernandes moldam a forma como ela comunica, prepara casos, protege a dignidade e ajuda os clientes a passar pelos processos de imigração brasileira com mais confiança e clareza.",Valores,Valores
https://immigratetobrazil.com/pt-br/about/whyus/,pt-br/about/whyus/index.html,Por que trabalhar com Monique Fernandes | Advogada de imigração para o Brasil | Imigre para o Brasil,Por que trabalhar com Monique | Monique Fernandes,"Os clientes escolhem Monique Fernandes pela estratégia liderada por advogados, comunicação bilíngue clara e um caminho mais calmo e confiável através da imigração brasileira.","Os clientes escolhem Monique Fernandes pela estratégia liderada por advogados, comunicação bilíngue clara e um caminho mais calmo e confiável através da imigração brasileira.",Por que trabalhar com Monique,Por que trabalhar com Monique
https://immigratetobrazil.com/pt-br/brazil/,pt-br/brazil/index.html,"Hub de planejamento sobre o Brasil para mudança, estilo de vida e decisões regionais | Orientação Brasil | Imigre para o Brasil",Planeje sua mudança para o Brasil | Immigrate to Brazil,"Comece aqui quando quiser entender Brasil como um país em torno do qual você pode realmente construir uma vida. Este centro conecta pesquisas sobre estilo de vida, comparação regional e planejamento de relocação para que o interesse em nível nacional possa se transformar em uma decisão mais fundamentada.",Planeje sua mudança para o Brasil. Compare aspectos da vida cotidiana e organize as decisões práticas da sua mudança.,Hub Brasil,Planeje sua mudança para o Brasil
https://immigratetobrazil.com/pt-br/brazil/brazil/,pt-br/brazil/brazil/index.html,Brasil | Brasil Orientação Viva | Imigre para o Brasil,Brasil: uma introdução para novos residentes | Immigrate to Brazil,"Brasil é melhor entendido como um conjunto de regiões, sistemas, culturas e realidades cotidianas, em vez de um único destino genérico. Explicamos essas camadas para que os leitores possam transformar a admiração pelo Brasil em uma decisão de realocação mais fundamentada.",Brasil: uma introdução para novos residentes. Compare aspectos da vida cotidiana e organize as decisões práticas da sua mudança.,Brasil,Brasil: uma introdução para novos residentes
https://immigratetobrazil.com/pt-br/brazil/central-west/,pt-br/brazil/central-west/index.html,Centro-Oeste | Brasil Orientação Viva | Imigre para o Brasil,Centro-Oeste: guia para morar no Brasil | Immigrate to Brazil,"Centro-Oeste do Brasil combina capital federal, influência do agronegócio, geografia do interior e um ritmo de vida que muitas vezes surpreende o leitor que imagina Brasil apenas pelo litoral.",Centro-Oeste: guia para morar no Brasil. Compare aspectos da vida cotidiana e organize as decisões práticas da sua mudança.,Centro-Oeste,Centro-Oeste: guia para morar no Brasil
https://immigratetobrazil.com/pt-br/brazil/cities/,pt-br/brazil/cities/index.html,Cidades | Brasil Orientação Viva | Imigre para o Brasil,Compare cidades para morar no Brasil | Immigrate to Brazil,"A escolha da cidade molda a vida diária no Brasil mais do que a imagem nacional. Explicamos como a escala, a habitação, o transporte, a segurança, os serviços e o ritmo social mudam de uma cidade para outra.",Compare cidades para morar no Brasil. Compare aspectos da vida cotidiana e organize as decisões práticas da sua mudança.,Cidades,Compare cidades para morar no Brasil
https://immigratetobrazil.com/pt-br/brazil/cost/,pt-br/brazil/cost/index.html,Custo | Brasil Orientação Viva | Imigre para o Brasil,Custo de vida no Brasil: planejamento do orçamento | Immigrate to Brazil,"O custo de vida no Brasil não pode ser reduzido a um número de manchete. Dividimos isso em habitação, transporte, saúde, alimentação, educação e estilo de vida para que o planejamento possa se tornar mais realista.",Custo de vida no Brasil: planejamento do orçamento. Compare aspectos da vida cotidiana e organize as decisões práticas da sua mudança.,Custo,Custo de vida no Brasil: planejamento do orçamento
https://immigratetobrazil.com/pt-br/brazil/cuisine/,pt-br/brazil/cuisine/index.html,Cozinha | Brasil Orientação Viva | Imigre para o Brasil,Cozinha: guia para morar no Brasil | Immigrate to Brazil,"A culinária brasileira é cotidiana, regional, social e muito mais diversificada do que uma pequena lista de pratos famosos. Explicamos como a comida ajuda os leitores a compreender a vida cotidiana e também a cultura.",Cozinha: guia para morar no Brasil. Compare aspectos da vida cotidiana e organize as decisões práticas da sua mudança.,Cozinha,Cozinha: guia para morar no Brasil
https://immigratetobrazil.com/pt-br/brazil/culture/,pt-br/brazil/culture/index.html,Cultura | Brasil Orientação Viva | Imigre para o Brasil,Cultura: guia para morar no Brasil | Immigrate to Brazil,"cultura brasileira é uma das atrações mais fortes do país, mas é também uma das suas realidades mais variadas regionalmente. Explicamos os hábitos, ritmos e textura social que as pessoas sentem no dia a dia.",Cultura: guia para morar no Brasil. Compare aspectos da vida cotidiana e organize as decisões práticas da sua mudança.,Cultura,Cultura: guia para morar no Brasil
https://immigratetobrazil.com/pt-br/brazil/directory/,pt-br/brazil/directory/index.html,Diretório | Brasil Orientação Viva | Imigre para o Brasil,Diretório de recursos para mudança ao Brasil | Immigrate to Brazil,"O diretório está aqui para ajudar os leitores a localizar tópicos úteis, categorias e informações baseadas em locais com mais velocidade e navegação menos dispersa.",Diretório: guia para morar no Brasil. Compare aspectos da vida cotidiana e organize as decisões práticas da sua mudança.,Diretório,Diretório de recursos para mudança ao Brasil
https://immigratetobrazil.com/pt-br/brazil/economy/,pt-br/brazil/economy/index.html,Economia | Brasil Orientação Viva | Imigre para o Brasil,Economia: guia para morar no Brasil | Immigrate to Brazil,"A economia do Brasil afeta o trabalho, os negócios, o poder de compra e o planejamento de longo prazo. Explicamos o lado prático desse quadro econômico para os leitores que estão considerando uma vida, um projeto ou uma mudança para cá.",Economia: guia para morar no Brasil. Compare aspectos da vida cotidiana e organize as decisões práticas da sua mudança.,Economia,Economia: guia para morar no Brasil
https://immigratetobrazil.com/pt-br/brazil/education/,pt-br/brazil/education/index.html,Educação | Brasil Orientação Viva | Imigre para o Brasil,Educação no Brasil para famílias em mudança | Immigrate to Brazil,"O planejamento educacional no Brasil depende da escolha da cidade, idioma, orçamento, idade e objetivos de longo prazo. Explicamos os principais sistemas e as perguntas práticas que as famílias estrangeiras muitas vezes precisam fazer.",Educação no Brasil para famílias em mudança. Compare aspectos da vida cotidiana e organize as decisões práticas da sua mudança.,Educação,Educação no Brasil para famílias em mudança
https://immigratetobrazil.com/pt-br/brazil/events/,pt-br/brazil/events/index.html,Eventos | Brasil Orientação Viva | Imigre para o Brasil,Eventos: guia para morar no Brasil | Immigrate to Brazil,"Os eventos no Brasil moldam a forma como as cidades se sentem, como as comunidades se reúnem e como os estrangeiros muitas vezes vivenciam o país além das instituições formais e da papelada.",Eventos: guia para morar no Brasil. Compare aspectos da vida cotidiana e organize as decisões práticas da sua mudança.,Eventos,Eventos: guia para morar no Brasil
https://immigratetobrazil.com/pt-br/brazil/faqs/,pt-br/brazil/faqs/index.html,Perguntas frequentes | Brasil Orientação Viva | Imigre para o Brasil,Mudança para o Brasil: dúvidas frequentes | Immigrate to Brazil,"As perguntas sobre o Brasil muitas vezes se repetem porque as mesmas confusões se repetem: custo, segurança, idioma, trabalho, residência e como a vida realmente funciona no terreno. Nós as respondemos de forma estruturada aqui.",Mudança para o Brasil: dúvidas frequentes. Compare aspectos da vida cotidiana e organize as decisões práticas da sua mudança.,Perguntas frequentes,Mudança para o Brasil: dúvidas frequentes
https://immigratetobrazil.com/pt-br/brazil/festivals/,pt-br/brazil/festivals/index.html,Festivais | Brasil Orientação Viva | Imigre para o Brasil,Festivais: guia para morar no Brasil | Immigrate to Brazil,"A vida festiva no Brasil revela muito mais do que um calendário de festas. Mostra a identidade regional, a vida comunitária, a música, o turismo e a energia emocional que atrai muitos estrangeiros para cá.",Festivais: guia para morar no Brasil. Compare aspectos da vida cotidiana e organize as decisões práticas da sua mudança.,Festivais,Festivais: guia para morar no Brasil
https://immigratetobrazil.com/pt-br/brazil/guides/,pt-br/brazil/guides/index.html,Guias | Brasil Orientação Viva | Imigre para o Brasil,Guias para morar no Brasil | Immigrate to Brazil,"Esses guias Brasil foram elaborados para tornar o planejamento mais prático: primeiros passos, erros comuns, resolução de tarefas e as dúvidas cotidianas que aparecem antes e depois da chegada.",Guias: guia para morar no Brasil. Compare aspectos da vida cotidiana e organize as decisões práticas da sua mudança.,Guias,Guias para morar no Brasil
https://immigratetobrazil.com/pt-br/brazil/healthcare/,pt-br/brazil/healthcare/index.html,Saúde | Brasil Orientação Viva | Imigre para o Brasil,Saúde no Brasil para novos residentes | Immigrate to Brazil,"Os cuidados de saúde no Brasil combinam acesso público, opções privadas, forte variação local e questões de planejamento que são importantes tanto para indivíduos como para famílias.",Saúde no Brasil para novos residentes. Compare aspectos da vida cotidiana e organize as decisões práticas da sua mudança.,Saúde,Saúde no Brasil para novos residentes
https://immigratetobrazil.com/pt-br/brazil/housing/,pt-br/brazil/housing/index.html,Habitação | Brasil Orientação Viva | Imigre para o Brasil,Como procurar moradia no Brasil | Immigrate to Brazil,"As escolhas de habitação determinam se uma mudança para o Brasil parece estável, cara ou exaustiva. Explicamos as realidades práticas de aluguel, compra, escolha de bairro e expectativas de moradia local.",Como procurar moradia no Brasil. Compare aspectos da vida cotidiana e organize as decisões práticas da sua mudança.,Habitação,Como procurar moradia no Brasil
https://immigratetobrazil.com/pt-br/brazil/investment/,pt-br/brazil/investment/index.html,Investimento | Brasil Orientação Viva | Imigre para o Brasil,Planejamento de investimento no Brasil | Immigrate to Brazil,"O investimento no Brasil pode ser atraente, mas só se torna útil quando o interesse do mercado é combinado com estrutura, devida diligência e uma leitura realista da região, do setor e do momento.",Planejamento de investimento no Brasil. Compare aspectos da vida cotidiana e organize as decisões práticas da sua mudança.,Investimento,Planejamento de investimento no Brasil
https://immigratetobrazil.com/pt-br/brazil/living/,pt-br/brazil/living/index.html,Vivendo | Brasil Orientação Viva | Imigre para o Brasil,Vida cotidiana no Brasil para novos residentes | Immigrate to Brazil,"A vida diária no Brasil muda muito de acordo com a cidade, região e orçamento. Explicamos como podem realmente ser a rotina, o ritmo, a vida social e a adaptação no terreno.",Vida cotidiana no Brasil para novos residentes. Compare aspectos da vida cotidiana e organize as decisões práticas da sua mudança.,Vivendo,Vida cotidiana no Brasil para novos residentes
https://immigratetobrazil.com/pt-br/brazil/municipalities/,pt-br/brazil/municipalities/index.html,Municípios | Brasil Orientação Viva | Imigre para o Brasil,Diretório de municípios brasileiros | Immigrate to Brazil,"Os limites municipais são mais importantes do que muitos leitores esperam. Afetam escolas, serviços, impostos, deslocações e a sensação normal da vida quotidiana.",Municípios: guia para morar no Brasil. Compare aspectos da vida cotidiana e organize as decisões práticas da sua mudança.,Municípios,Diretório de municípios brasileiros
https://immigratetobrazil.com/pt-br/brazil/north/,pt-br/brazil/north/index.html,Norte | Brasil Orientação Viva | Imigre para o Brasil,Norte: guia para morar no Brasil | Immigrate to Brazil,"Norte do Brasil tem geografia, logística, clima e ritmo urbano próprios. Explicamos o que torna a região distinta para os leitores que estão pensando em viajar, morar ou investir.",Norte: guia para morar no Brasil. Compare aspectos da vida cotidiana e organize as decisões práticas da sua mudança.,Norte,Norte: guia para morar no Brasil
https://immigratetobrazil.com/pt-br/brazil/northeast/,pt-br/brazil/northeast/index.html,Nordeste | Brasil Orientação Viva | Imigre para o Brasil,Nordeste: guia para morar no Brasil | Immigrate to Brazil,"Nordeste do Brasil reúne forte identidade regional, grandes capitais litorâneas, turismo e realidades muito distintas entre uma cidade e outra.",Nordeste: guia para morar no Brasil. Compare aspectos da vida cotidiana e organize as decisões práticas da sua mudança.,Nordeste,Nordeste: guia para morar no Brasil
https://immigratetobrazil.com/pt-br/brazil/places/,pt-br/brazil/places/index.html,Lugares | Orientação Brasil | Imigre para o Brasil,Lugares: guia para morar no Brasil | Immigrate to Brazil,"Use este hub quando a principal pergunta for em que lugar do Brasil a vida pode combinar melhor com você. As páginas aqui ajudam a comparar regiões, cidades e realidades locais, em vez de tratar o país inteiro como um destino genérico.",Lugares: guia para morar no Brasil. Compare aspectos da vida cotidiana e organize as decisões práticas da sua mudança.,Lugares,Lugares: guia para morar no Brasil
https://immigratetobrazil.com/pt-br/brazil/quality/,pt-br/brazil/quality/index.html,Qualidade | Brasil Orientação Viva | Imigre para o Brasil,Qualidade de vida no Brasil: o que comparar | Immigrate to Brazil,"A qualidade de vida no Brasil é real, mas depende muito do local. Clima, custo, comunidade, serviços e rotina determinam se Brasil parece sustentável ao longo do tempo.",Qualidade de vida no Brasil: o que comparar. Compare aspectos da vida cotidiana e organize as decisões práticas da sua mudança.,Qualidade,Qualidade de vida no Brasil: o que comparar
https://immigratetobrazil.com/pt-br/brazil/safety/,pt-br/brazil/safety/index.html,Segurança | Brasil Orientação Viva | Imigre para o Brasil,Segurança ao morar no Brasil | Immigrate to Brazil,"A segurança no Brasil merece uma explicação realista, em vez de negação ou medo. Observamos como a localização, a rotina, a consciência e a escolha da cidade moldam a experiência vivida.",Segurança ao morar no Brasil. Compare aspectos da vida cotidiana e organize as decisões práticas da sua mudança.,Segurança,Segurança ao morar no Brasil
https://immigratetobrazil.com/pt-br/brazil/south/,pt-br/brazil/south/index.html,Sul | Brasil Orientação Viva | Imigre para o Brasil,Sul: guia para morar no Brasil | Immigrate to Brazil,"Sul do Brasil é frequentemente associado a clima mais frio, vida urbana de médio porte e um ritmo diferente dos estereótipos tropicais. Explicamos o que isso significa em termos práticos.",Sul: guia para morar no Brasil. Compare aspectos da vida cotidiana e organize as decisões práticas da sua mudança.,Sul,Sul: guia para morar no Brasil
https://immigratetobrazil.com/pt-br/brazil/southeast/,pt-br/brazil/southeast/index.html,Sudeste | Brasil Orientação Viva | Imigre para o Brasil,Sudeste: guia para morar no Brasil | Immigrate to Brazil,"Sudeste do Brasil concentra negócios, infraestrutura e algumas das mais diversas experiências urbanas do país. Muitas vezes é a porta de entrada de estrangeiros, mas nunca uma realidade única.",Sudeste: guia para morar no Brasil. Compare aspectos da vida cotidiana e organize as decisões práticas da sua mudança.,Sudeste,Sudeste: guia para morar no Brasil
https://immigratetobrazil.com/pt-br/brazil/states/,pt-br/brazil/states/index.html,Estados | Brasil Orientação Viva | Imigre para o Brasil,Estados: guia para morar no Brasil | Immigrate to Brazil,"A comparação em nível estadual ajuda os leitores a passar do fascínio nacional para listas restritas mais realistas. A identidade do Estado afeta os serviços, a cultura, a administração e a forma como as cidades são vivenciadas.",Estados: guia para morar no Brasil. Compare aspectos da vida cotidiana e organize as decisões práticas da sua mudança.,Estados,Estados: guia para morar no Brasil
https://immigratetobrazil.com/pt-br/contact/,pt-br/contact/index.html,Contato com Monique Fernandes | Immigrate to Brazil,Fale com Monique Fernandes,Entre em contato com Monique Fernandes para enviar um resumo inicial e receber orientação sobre os próximos passos após análise manual.,Fale com Monique Fernandes sobre imigração no Brasil. Encontre e-mail e WhatsApp ou solicite uma consulta para orientação sobre seu caso.,Solicitar contato,Fale com Monique Fernandes
https://immigratetobrazil.com/pt-br/countries/,pt-br/countries/index.html,Países | Mude para o Brasil do seu país | Imigre para o Brasil,Mudança para o Brasil: guias por país de origem | Immigrate to Brazil,"Use o hub de países para comparar o planejamento de imigração com o Brasil do seu país, incluindo seleção de rota, estratégia de documentos, tempo de realocação e orientação de Monique Fernandes para casos transfronteiriços.","Use o hub de países para comparar o planejamento de imigração com o Brasil do seu país, incluindo seleção de rota, estratégia de documentos, tempo de realocação e orientação de Monique Fernandes para casos transfronteiriços.",Planejamento de imigração específico do país para mudança para o Brasil,Mudança para o Brasil: guias por país de origem
https://immigratetobrazil.com/pt-br/insights/,pt-br/insights/index.html,Insights | Informações sobre o Brasil | Imigre para o Brasil,Guias e informações sobre imigração no Brasil | Immigrate to Brazil,"Use este hub quando quiser uma leitura mais calma e organizada sobre o Brasil antes que seu caso se torne pessoal. Esses artigos estão aqui para reduzir a confusão, responder a perguntas recorrentes e ajudar a pesquisa a se tornar mais útil do que a rolagem interminável.","Guias e informações sobre imigração no Brasil. Encontre leituras sobre vistos, residência e planejamento da mudança, com links para temas relacionados.",Insights,Guias e informações sobre imigração no Brasil
https://immigratetobrazil.com/pt-br/insights/blog/,pt-br/insights/blog/index.html,Blog | Informações sobre imigração | Imigre para o Brasil,Blog: informações sobre imigração no Brasil | Immigrate to Brazil,"Nosso blog é onde o comentário público continua útil ao longo do tempo. Ele foi pensado para ajudar leitores a pensar com mais clareza sobre o Brasil, mudança, imigração e dúvidas recorrentes de planejamento, sem cair em pânico, ruído ou marketing vazio.","Blog: informações sobre imigração no Brasil. Encontre leituras sobre vistos, residência e planejamento da mudança, com links para temas relacionados.",Blog,Blog: informações sobre imigração no Brasil
https://immigratetobrazil.com/pt-br/insights/fyi/,pt-br/insights/fyi/index.html,"Arquivo para sua informação | Notas de imigração, sinais de viagem e contexto de mudança para o Brasil","Arquivo para sua informação: notas de imigração mais curtas, mudanças de viagem e sinais de planejamento Brasil: informações sobre imigração no Brasil | Immigrate to Brazil","Procure notas de imigração resumidas, sinais de viagem e contexto de mudança para o Brasil coletados no arquivo FYI em Imigre para o Brasil.","Arquivo para sua informação: notas de imigração mais curtas, mudanças de viagem e sinais de planejamento Brasil: informações sobre imigração no Brasil. Encontre leituras sobre vistos, residência e planejamento da mudança, com links para temas relacionados.","Arquivo para sua informação: notas de imigração mais curtas, mudanças de viagem e sinais de planejamento Brasil","Arquivo para sua informação: notas de imigração mais curtas, mudanças de viagem e sinais de planejamento Brasil: informações sobre imigração no Brasil"
https://immigratetobrazil.com/pt-br/insights/general/,pt-br/insights/general/index.html,Geral | Informações sobre imigração | Imigre para o Brasil,Geral: informações sobre imigração no Brasil | Immigrate to Brazil,"Comece aqui se quiser uma compreensão mais clara de como a imigração para o Brasil está estruturada antes de comparar rotas, documentos ou próximos passos. O objetivo é substituir a leitura dispersa por um vocabulário que realmente apoie melhores decisões.","Geral: informações sobre imigração no Brasil. Encontre leituras sobre vistos, residência e planejamento da mudança, com links para temas relacionados.",Geral,Geral: informações sobre imigração no Brasil
https://immigratetobrazil.com/pt-br/insights/guides/,pt-br/insights/guides/index.html,Guias | Informações sobre imigração | Imigre para o Brasil,Guias: informações sobre imigração no Brasil | Immigrate to Brazil,Estes guias foram escritos para leitores que precisam de orientação prática antes ou durante a mudança para o Brasil. Eles conectam as etapas da imigração com a realidade da vida cotidiana para que o processo de planejamento pareça mais coerente desde o início.,"Guias: informações sobre imigração no Brasil. Encontre leituras sobre vistos, residência e planejamento da mudança, com links para temas relacionados.",Guias,Guias: informações sobre imigração no Brasil
https://immigratetobrazil.com/pt-br/insights/naturalisation/,pt-br/insights/naturalisation/index.html,Naturalização | Informações sobre imigração | Imigre para o Brasil,Naturalização: informações sobre imigração no Brasil | Immigrate to Brazil,"O planejamento da naturalização só faz sentido quando o registro mais amplo está sendo lido em sequência. Aqui explicamos o pensamento de cidadania de uma forma mais calma e de longo prazo, para que os leitores possam ver onde a continuidade, os registros, a história familiar e o momento realmente importam.","Naturalização: informações sobre imigração no Brasil. Encontre leituras sobre vistos, residência e planejamento da mudança, com links para temas relacionados.",Naturalização,Naturalização: informações sobre imigração no Brasil
https://immigratetobrazil.com/pt-br/insights/process/,pt-br/insights/process/index.html,Processo | Informações sobre imigração | Imigre para o Brasil,Processo: informações sobre imigração no Brasil | Immigrate to Brazil,"O trabalho de imigração para o Brasil torna-se mais fácil de entender quando é desacelerado em etapas práticas. Explicamos como um assunto geralmente se move quando se torna real, onde os erros acontecem, o que cada fase pretende produzir e por que a sequência é tão importante.","Processo: informações sobre imigração no Brasil. Encontre leituras sobre vistos, residência e planejamento da mudança, com links para temas relacionados.",Processo,Processo: informações sobre imigração no Brasil
https://immigratetobrazil.com/pt-br/insights/residency/,pt-br/insights/residency/index.html,Residência | Informações sobre imigração | Imigre para o Brasil,Residência: informações sobre imigração no Brasil | Immigrate to Brazil,"A residência é onde Brasil deixa de ser uma viagem e passa a se tornar uma questão de continuidade jurídica. Explicamos a permanência de longo prazo em inglês simples para que os leitores possam compreender os documentos, a lógica de renovação e as expectativas de autoridade antes que um arquivo esteja sob pressão.","Residência: informações sobre imigração no Brasil. Encontre leituras sobre vistos, residência e planejamento da mudança, com links para temas relacionados.",Residência,Residência: informações sobre imigração no Brasil
https://immigratetobrazil.com/pt-br/insights/updates/,pt-br/insights/updates/index.html,Atualizações | Informações sobre imigração | Imigre para o Brasil,Atualizações de imigração para o Brasil explicadas com calma: informações sobre imigração no Brasil | Immigrate to Brazil,"As atualizações são importantes, mas nem toda mudança significa interrupção imediata. Esta página foi projetada para ajudar os leitores a interpretar os desenvolvimentos jurídicos e administrativos com mais calma, mais contexto e uma melhor noção do que realmente precisa de atenção.","Atualizações de imigração para o Brasil explicadas com calma: informações sobre imigração no Brasil. Encontre leituras sobre vistos, residência e planejamento da mudança, com links para temas relacionados.",Atualizações de imigração para o Brasil explicadas com calma,Atualizações de imigração para o Brasil explicadas com calma: informações sobre imigração no Brasil
https://immigratetobrazil.com/pt-br/insights/visa/,pt-br/insights/visa/index.html,Visto | Informações sobre imigração | Imigre para o Brasil,Visto: informações sobre imigração no Brasil | Immigrate to Brazil,"A pesquisa de vistos torna-se muito mais fácil quando o objetivo da entrada é separado do planejamento de residência posterior. Explicamos como funcionam as categorias de entrada, o que os consulados realmente fazem e onde as pessoas costumam confundir a primeira etapa com todo o processo.","Visto: informações sobre imigração no Brasil. Encontre leituras sobre vistos, residência e planejamento da mudança, com links para temas relacionados.",Visto,Visto: informações sobre imigração no Brasil
https://immigratetobrazil.com/pt-br/legal/,pt-br/legal/index.html,Avisos Legais | Monique Fernandes | Imigre para o Brasil,Avisos Legais | Immigrate to Brazil,"Este centro jurídico explica como Monique Fernandes lida com privacidade, pagamentos, admissão, acessibilidade, contato urgente e limites de serviço para questões de imigração relacionadas ao Brasil.","Este centro jurídico explica como Monique Fernandes lida com privacidade, pagamentos, admissão, acessibilidade, contato urgente e limites de serviço para questões de imigração relacionadas ao Brasil.",Avisos Legais,Avisos Legais
https://immigratetobrazil.com/pt-br/legal/accessibility/,pt-br/legal/accessibility/index.html,Declaração Acessibilidade | Monique Fernandes | Imigre para o Brasil,Declaração Acessibilidade | Immigrate to Brazil,"Esta Declaração Acessibilidade explica como Monique Fernandes aborda a acessibilidade no site, como as barreiras podem ser denunciadas e como o acesso alternativo pode ser oferecido quando alguém tem problemas ao usar uma página, formulário ou rota de reserva.","Esta Declaração Acessibilidade explica como Monique Fernandes aborda a acessibilidade no site, como as barreiras podem ser denunciadas e como o acesso alternativo pode ser oferecido quando alguém tem problemas ao usar uma página, formulário ou rota de reserva.",Declaração Acessibilidade,Declaração Acessibilidade
https://immigratetobrazil.com/pt-br/legal/cookies/,pt-br/legal/cookies/index.html,Política de Cookies | Monique Fernandes | Imigre para o Brasil,Política de Cookies | Immigrate to Brazil,"Esta Política de Cookies explica como Monique Fernandes utiliza cookies e tecnologias semelhantes para manter o site funcionando, entender o uso e gerenciar o rastreamento opcional de forma transparente.","Esta Política de Cookies explica como Monique Fernandes utiliza cookies e tecnologias semelhantes para manter o site funcionando, entender o uso e gerenciar o rastreamento opcional de forma transparente.",Política de Cookies,Política de Cookies
https://immigratetobrazil.com/pt-br/legal/disclaimer/,pt-br/legal/disclaimer/index.html,Isenção de responsabilidade e aviso legal | Monique Fernandes | Imigre para o Brasil,Isenção de responsabilidade e aviso legal | Immigrate to Brazil,Este Aviso Legal e Aviso Legal explica a fronteira entre as informações gerais no site e o julgamento legal individualizado que Monique Fernandes fornece somente após analisar um assunto específico de imigração relacionado ao Brasil.,Este Aviso Legal e Aviso Legal explica a fronteira entre as informações gerais no site e o julgamento legal individualizado que Monique Fernandes fornece somente após analisar um assunto específico de imigração relacionado ao Brasil.,Isenção de responsabilidade e aviso legal,Isenção de responsabilidade e aviso legal
https://immigratetobrazil.com/pt-br/legal/emergency/,pt-br/legal/emergency/index.html,Recursos de emergência | Monique Fernandes | Imigre para o Brasil,Recursos de emergência | Immigrate to Brazil,"Esta página explica quando a prática de Monique Fernandes pode ajudar com questões urgentes relacionadas com a imigração, quando uma autoridade pública deve ser contactada primeiro e como deve ser tratada a triagem urgente.","Esta página explica quando a prática de Monique Fernandes pode ajudar com questões urgentes relacionadas com a imigração, quando uma autoridade pública deve ser contactada primeiro e como deve ser tratada a triagem urgente.",Recursos de emergência,Recursos de emergência
https://immigratetobrazil.com/pt-br/legal/form/,pt-br/legal/form/index.html,Política de Formulário e Admissão | Monique Fernandes | Imigre para o Brasil,Política de Formulário e Admissão | Immigrate to Brazil,"Esta Política de Formulários e Admissão explica como Monique Fernandes usa formulários, envios e informações carregadas para revisar questões de imigração relacionadas ao Brasil antes do início do serviço formal.","Esta Política de Formulários e Admissão explica como Monique Fernandes usa formulários, envios e informações carregadas para revisar questões de imigração relacionadas ao Brasil antes do início do serviço formal.",Política de Formulário e Admissão,Política de Formulário e Admissão
https://immigratetobrazil.com/pt-br/legal/gdpr/,pt-br/legal/gdpr/index.html,Aviso do RGPD | Monique Fernandes | Imigre para o Brasil,Aviso do RGPD | Immigrate to Brazil,"Este Aviso do GDPR explica como Monique Fernandes lida com dados pessoais onde um usuário da UE ou do EEE espera transparência, informações sobre direitos e divulgação de transferências transfronteiriças ao estilo do GDPR.","Este Aviso do GDPR explica como Monique Fernandes lida com dados pessoais onde um usuário da UE ou do EEE espera transparência, informações sobre direitos e divulgação de transferências transfronteiriças ao estilo do GDPR.",Aviso do RGPD,Aviso do RGPD
https://immigratetobrazil.com/pt-br/legal/lgpd/,pt-br/legal/lgpd/index.html,Aviso LGPD | Monique Fernandes | Imigre para o Brasil,Aviso LGPD | Immigrate to Brazil,Este Aviso LGPD explica como Monique Fernandes trata dados pessoais sob a estrutura de proteção de dados do Brasil quando as pessoas entram em contato com seu consultório ou usam serviços de imigração relacionados ao Brasil.,Este Aviso LGPD explica como Monique Fernandes trata dados pessoais sob a estrutura de proteção de dados do Brasil quando as pessoas entram em contato com seu consultório ou usam serviços de imigração relacionados ao Brasil.,Aviso LGPD,Aviso LGPD
https://immigratetobrazil.com/pt-br/legal/payment/,pt-br/legal/payment/index.html,Condições de pagamento | Monique Fernandes | Imigre para o Brasil,Condições de pagamento | Immigrate to Brazil,"Estes Termos de Pagamento explicam como Monique Fernandes lida com pagamentos de consultas, cobrança por estágio de serviço, verificação de pagamento e controle de reservas para questões de imigração relacionadas ao Brasil.","Estes Termos de Pagamento explicam como Monique Fernandes lida com pagamentos de consultas, cobrança por estágio de serviço, verificação de pagamento e controle de reservas para questões de imigração relacionadas ao Brasil.",Condições de pagamento,Condições de pagamento
https://immigratetobrazil.com/pt-br/legal/privacy/,pt-br/legal/privacy/index.html,Política de Privacidade | Monique Fernandes | Imigre para o Brasil,Política de Privacidade | Immigrate to Brazil,"Esta Política de Privacidade explica como Monique Fernandes coleta, usa, armazena, protege e compartilha informações pessoais quando as pessoas entram em contato com seu consultório ou usam serviços de imigração relacionados ao Brasil.","Esta Política de Privacidade explica como Monique Fernandes coleta, usa, armazena, protege e compartilha informações pessoais quando as pessoas entram em contato com seu consultório ou usam serviços de imigração relacionados ao Brasil.",Política de Privacidade,Política de Privacidade
https://immigratetobrazil.com/pt-br/legal/refund/,pt-br/legal/refund/index.html,Política de Reembolso | Monique Fernandes | Imigre para o Brasil,Política de reembolso | Immigrate to Brazil,"Esta Política de Reembolso explica como Monique Fernandes analisa cancelamentos, tempo reservado, trabalhos concluídos, erros de pagamento e solicitações de reembolso de serviços de imigração relacionados ao Brasil.","Esta Política de Reembolso explica como Monique Fernandes analisa cancelamentos, tempo reservado, trabalhos concluídos, erros de pagamento e solicitações de reembolso de serviços de imigração relacionados ao Brasil.",Política de Reembolso,Política de reembolso
https://immigratetobrazil.com/pt-br/legal/terms/,pt-br/legal/terms/index.html,Termos e Condições | Monique Fernandes | Imigre para o Brasil,Termos e Condições | Immigrate to Brazil,"Estes Termos e Condições explicam como funcionam o site, o fluxo de trabalho de consulta e o modelo de serviço de imigração de Monique Fernandes, incluindo o que o site cobre e o que não garante.","Estes Termos e Condições explicam como funcionam o site, o fluxo de trabalho de consulta e o modelo de serviço de imigração de Monique Fernandes, incluindo o que o site cobre e o que não garante.",Termos e Condições,Termos e Condições
https://immigratetobrazil.com/pt-br/process/,pt-br/process/index.html,Processo de Imigração Brasil Com Monique Fernandes | Imigre para o Brasil,Como funciona o atendimento migratório com Monique | Immigrate to Brazil,"Acompanhe o processo de imigração de Monique Fernandes para o Brasil desde a primeira consulta até a avaliação, arquivamento, aprovação, conformidade e cuidados posteriores, com expectativas claras para clientes remotos em inglês e português.","Como funciona o atendimento migratório com Monique. Entenda as questões a avaliar, organize suas dúvidas e identifique quando solicitar orientação sobre seu caso.",Processo de Imigração Brasil,Como funciona o atendimento migratório com Monique
https://immigratetobrazil.com/pt-br/process/aftercare/,pt-br/process/aftercare/index.html,Cuidados posteriores com Monique Fernandes | Processo de Imigração Brasil,Após a aprovação: acompanhamento migratório | Immigrate to Brazil,"Aftercare é como Monique Fernandes ajuda os clientes a proteger a estabilidade após a aprovação, entender o que vem a seguir e manter sua posição de imigração para o Brasil forte ao longo do tempo.","Após a aprovação: acompanhamento migratório. Entenda as questões a avaliar, organize suas dúvidas e identifique quando solicitar orientação sobre seu caso.",Acompanhamento,Após a aprovação: acompanhamento migratório
https://immigratetobrazil.com/pt-br/process/alone/,pt-br/process/alone/index.html,Sozinho com Monique Fernandes | Processo de Imigração Brasil,Fazer o pedido por conta própria ou contratar uma advogada | Immigrate to Brazil,Monique Fernandes ajuda os clientes a compreender o que normalmente se torna difícil quando tentam lidar sozinhos com a imigração para o Brasil e o que muda quando um processo estruturado liderado por um advogado substitui as suposições.,"Fazer o pedido por conta própria ou contratar uma advogada. Entenda as questões a avaliar, organize suas dúvidas e identifique quando solicitar orientação sobre seu caso.",Sem apoio,Fazer o pedido por conta própria ou contratar uma advogada
https://immigratetobrazil.com/pt-br/process/approval/,pt-br/process/approval/index.html,Aprovação com Monique Fernandes | Processo de Imigração Brasil,O que acontece após a aprovação do pedido | Immigrate to Brazil,"Monique Fernandes explica a aprovação como uma decisão governamental moldada pela lei, pelas evidências e pelo prazo, ao mesmo tempo que ajuda os clientes a prepararem-se para pedidos, atrasos, aprovação ou recusa com expectativas realistas.","O que acontece após a aprovação do pedido. Entenda as questões a avaliar, organize suas dúvidas e identifique quando solicitar orientação sobre seu caso.",Aprovação,O que acontece após a aprovação do pedido
https://immigratetobrazil.com/pt-br/process/assessment/,pt-br/process/assessment/index.html,Avaliação com Monique Fernandes | Processo de Imigração Brasil,O que a análise do caso migratório abrange | Immigrate to Brazil,"A avaliação é onde Monique Fernandes analisa a cronologia, os documentos, o ajuste da rota e o risco para que um assunto de imigração para o Brasil possa ser posicionado com base em fatos reais em vez de suposições.","O que a análise do caso migratório abrange. Entenda as questões a avaliar, organize suas dúvidas e identifique quando solicitar orientação sobre seu caso.",Avaliação,O que a análise do caso migratório abrange
https://immigratetobrazil.com/pt-br/process/compliance/,pt-br/process/compliance/index.html,Conformidade com Monique Fernandes | Processo de Imigração Brasil,Cumprimento de obrigações migratórias | Immigrate to Brazil,"Monique Fernandes ajuda os clientes a tratar o compliance como uma proteção contínua de sua posição imigratória no Brasil, com orientações claras sobre obrigações, registros, consistência e redução de riscos.","Cumprimento de obrigações migratórias. Entenda as questões a avaliar, organize suas dúvidas e identifique quando solicitar orientação sobre seu caso.",Conformidade,Cumprimento de obrigações migratórias
https://immigratetobrazil.com/pt-br/process/consultation/,pt-br/process/consultation/index.html,Consulta com Monique Fernandes | Processo de Imigração Brasil,Como funciona uma consulta sobre imigração | Immigrate to Brazil,"A consulta é onde Monique Fernandes transforma uma ideia ampla de imigração em um ponto de partida legal claro, com análise de rota, orientação de tempo e próximos passos realistas para o Brasil.","Como funciona uma consulta sobre imigração. Entenda as questões a avaliar, organize suas dúvidas e identifique quando solicitar orientação sobre seu caso.",Consulta,Como funciona uma consulta sobre imigração
https://immigratetobrazil.com/pt-br/process/conversion/,pt-br/process/conversion/index.html,Conversão com Monique Fernandes | Processo de Imigração Brasil,Mudança de condição migratória no Brasil | Immigrate to Brazil,"A conversão é a forma como Monique Fernandes ajuda os clientes a passar de uma posição de imigração para outra no Brasil, com uma análise cuidadosa da elegibilidade, prazo, requisitos e risco.","Mudança de condição migratória no Brasil. Entenda as questões a avaliar, organize suas dúvidas e identifique quando solicitar orientação sobre seu caso.",Conversão,Mudança de condição migratória no Brasil
https://immigratetobrazil.com/pt-br/process/deadlines/,pt-br/process/deadlines/index.html,Prazos com Monique Fernandes | Processo de Imigração Brasil,Controle de prazos do pedido de imigração | Immigrate to Brazil,"Monique Fernandes ajuda os clientes a entender os prazos de imigração no Brasil como pontos de pressão estratégicos, e não pequenos detalhes administrativos, para que os registros, renovações e respostas ocorram com melhor controle.","Controle de prazos do pedido de imigração. Entenda as questões a avaliar, organize suas dúvidas e identifique quando solicitar orientação sobre seu caso.",Prazos,Controle de prazos do pedido de imigração
https://immigratetobrazil.com/pt-br/process/failures/,pt-br/process/failures/index.html,Falhas com Monique Fernandes | Processo de Imigração Brasil,Quando há problemas no pedido de imigração | Immigrate to Brazil,"Monique Fernandes ajuda os clientes a compreender recusas, arquivamentos paralisados, atrasos prejudiciais e outras falhas de processos em questões de imigração para o Brasil e, em seguida, avaliar opções de recuperação realistas com mais estrutura.","Quando há problemas no pedido de imigração. Entenda as questões a avaliar, organize suas dúvidas e identifique quando solicitar orientação sobre seu caso.",Falhas,Quando há problemas no pedido de imigração
https://immigratetobrazil.com/pt-br/process/fees/,pt-br/process/fees/index.html,Honorários com Monique Fernandes | Processo de Imigração Brasil,Honorários e custos do pedido de imigração | Immigrate to Brazil,"Monique Fernandes explica as taxas por meio de etapas de serviço, escopo definido e qualidade do processo liderado por advogado para que os clientes entendam o que estão pagando e o que cada etapa do apoio à imigração no Brasil inclui.","Honorários e custos do pedido de imigração. Entenda as questões a avaliar, organize suas dúvidas e identifique quando solicitar orientação sobre seu caso.",Taxas,Honorários e custos do pedido de imigração
https://immigratetobrazil.com/pt-br/process/filing/,pt-br/process/filing/index.html,Arquivo com Monique Fernandes | Processo de Imigração Brasil,Preparação e protocolo do pedido migratório | Immigrate to Brazil,"O arquivamento é onde Monique Fernandes organiza o registro, controla a sequência e prepara um caso de imigração para o Brasil para submissão com estrutura mais forte e menos pontos fracos evitáveis.","Preparação e protocolo do pedido migratório. Entenda as questões a avaliar, organize suas dúvidas e identifique quando solicitar orientação sobre seu caso.",Protocolo,Preparação e protocolo do pedido migratório
https://immigratetobrazil.com/pt-br/process/mistakes/,pt-br/process/mistakes/index.html,Erros com Monique Fernandes | Processo de Imigração Brasil,Como evitar erros no pedido de imigração | Immigrate to Brazil,"Monique Fernandes ajuda os clientes a evitar os erros de imigração mais comuns no Brasil, melhorando a escolha da rota, o tempo, a disciplina documental e a sequência do processo antes que pequenos erros se transformem em problemas maiores.","Como evitar erros no pedido de imigração. Entenda as questões a avaliar, organize suas dúvidas e identifique quando solicitar orientação sobre seu caso.",Erros,Como evitar erros no pedido de imigração
https://immigratetobrazil.com/pt-br/process/naturalisation/,pt-br/process/naturalisation/index.html,Naturalização Com Monique Fernandes | Processo de Imigração Brasil,Preparação para o processo de naturalização | Immigrate to Brazil,"Monique ajuda os clientes a pensar na cidadania como um processo de longo prazo baseado na continuidade, no planejamento e na preparação realista.","Preparação para o processo de naturalização. Entenda as questões a avaliar, organize suas dúvidas e identifique quando solicitar orientação sobre seu caso.",Naturalização,Preparação para o processo de naturalização
https://immigratetobrazil.com/pt-br/process/obligations/,pt-br/process/obligations/index.html,Obrigações com Monique Fernandes | Processo de Imigração Brasil,Obrigações durante o pedido de imigração | Immigrate to Brazil,"Monique ajuda os clientes a compreender os deveres práticos relacionados ao status de imigração, renovações e conformidade de longo prazo no Brasil.","Obrigações durante o pedido de imigração. Entenda as questões a avaliar, organize suas dúvidas e identifique quando solicitar orientação sobre seu caso.",Obrigações,Obrigações durante o pedido de imigração
https://immigratetobrazil.com/pt-br/process/permanent/,pt-br/process/permanent/index.html,Permanente Com Monique Fernandes | Processo de Imigração Brasil,Planejamento para residência por prazo indeterminado | Immigrate to Brazil,Monique ajuda os clientes a compreender quando a residência permanente pode tornar-se realista e como as decisões atuais afetam a estabilidade a longo prazo.,"Planejamento para residência por prazo indeterminado. Entenda as questões a avaliar, organize suas dúvidas e identifique quando solicitar orientação sobre seu caso.",Permanente,Planejamento para residência por prazo indeterminado
https://immigratetobrazil.com/pt-br/process/planning/,pt-br/process/planning/index.html,Planejando com Monique Fernandes | Processo de Imigração Brasil,Planejamento do pedido de imigração | Immigrate to Brazil,"Monique ajuda os clientes a transformar objetivos amplos em uma sequência de imigração viável, com próximos passos mais claros e menos erros evitáveis.","Planejamento do pedido de imigração. Entenda as questões a avaliar, organize suas dúvidas e identifique quando solicitar orientação sobre seu caso.",Planejamento,Planejamento do pedido de imigração
https://immigratetobrazil.com/pt-br/process/refund/,pt-br/process/refund/index.html,Reembolso com Monique Fernandes | Processo de Imigração Brasil,Como solicitar reembolso de consulta ou serviço | Immigrate to Brazil,"Monique analisa as questões de reembolso com base no trabalho concluído, no estágio do serviço e no escopo original do envolvimento.","Como solicitar reembolso de consulta ou serviço. Entenda as questões a avaliar, organize suas dúvidas e identifique quando solicitar orientação sobre seu caso.",Reembolso,Como solicitar reembolso de consulta ou serviço
https://immigratetobrazil.com/pt-br/process/regularization/,pt-br/process/regularization/index.html,Regularização Com Monique Fernandes | Processo de Imigração Brasil,Regularização migratória: preparação do pedido | Immigrate to Brazil,Monique ajuda os clientes a trazer situações instáveis ou irregulares de volta a uma posição jurídica mais viável.,"Regularização migratória: preparação do pedido. Entenda as questões a avaliar, organize suas dúvidas e identifique quando solicitar orientação sobre seu caso.",Regularização,Regularização migratória: preparação do pedido
https://immigratetobrazil.com/pt-br/process/renewal/,pt-br/process/renewal/index.html,Renovação com Monique Fernandes | Processo de Imigração Brasil,Preparação para renovação da residência no Brasil | Immigrate to Brazil,"Monique trata a renovação como um trabalho de continuidade que protege opções futuras, e não apenas uma tarefa administrativa de última hora.","Preparação para renovação da residência no Brasil. Entenda as questões a avaliar, organize suas dúvidas e identifique quando solicitar orientação sobre seu caso.",Renovação,Preparação para renovação da residência no Brasil
https://immigratetobrazil.com/pt-br/process/responsibilities/,pt-br/process/responsibilities/index.html,Responsabilidades com Monique Fernandes | Processo de Imigração Brasil,Suas responsabilidades durante a representação jurídica | Immigrate to Brazil,"Monique ajuda os clientes a entender quais responsabilidades pertencem ao cliente, quais pertencem ao advogado e como ambas as partes trabalham juntas.","Suas responsabilidades durante a representação jurídica. Entenda as questões a avaliar, organize suas dúvidas e identifique quando solicitar orientação sobre seu caso.",Responsabilidades,Suas responsabilidades durante a representação jurídica
https://immigratetobrazil.com/pt-br/process/rights/,pt-br/process/rights/index.html,Direitos com Monique Fernandes | Processo de Imigração Brasil,Seus direitos como cliente de serviços jurídicos | Immigrate to Brazil,"Monique ajuda os clientes a compreenderem claramente os seus direitos, a utilizá-los de forma responsável e a aplicá-los num processo de imigração real.","Seus direitos como cliente de serviços jurídicos. Entenda as questões a avaliar, organize suas dúvidas e identifique quando solicitar orientação sobre seu caso.",Direitos,Seus direitos como cliente de serviços jurídicos
https://immigratetobrazil.com/pt-br/process/strategy/,pt-br/process/strategy/index.html,Estratégia com Monique Fernandes | Processo de Imigração Brasil,Estratégia para seu processo migratório | Immigrate to Brazil,"Monique ajuda os clientes a escolher o caminho mais forte, analisando a adequação legal, o prazo, as evidências e os objetivos de longo prazo.","Estratégia para seu processo migratório. Entenda as questões a avaliar, organize suas dúvidas e identifique quando solicitar orientação sobre seu caso.",Estratégia,Estratégia para seu processo migratório
https://immigratetobrazil.com/pt-br/process/timeline/,pt-br/process/timeline/index.html,Linha do tempo com Monique Fernandes | Processo de Imigração Brasil,Prazos de imigração: planejamento das etapas | Immigrate to Brazil,Monique ajuda os clientes a entender o tempo de forma realista para que possam planejar com mais confiança e menos pressão.,"Prazos de imigração: planejamento das etapas. Entenda as questões a avaliar, organize suas dúvidas e identifique quando solicitar orientação sobre seu caso.",Linha do tempo,Prazos de imigração: planejamento das etapas
https://immigratetobrazil.com/pt-br/process/transparency/,pt-br/process/transparency/index.html,Transparência com Monique Fernandes | Processo de Imigração Brasil,Comunicação e transparência durante o processo | Immigrate to Brazil,"Monique acredita que o cliente toma melhores decisões quando entende o caminho, os riscos, o próximo passo e os limites do processo.","Comunicação e transparência durante o processo. Entenda as questões a avaliar, organize suas dúvidas e identifique quando solicitar orientação sobre seu caso.",Transparência,Comunicação e transparência durante o processo
https://immigratetobrazil.com/pt-br/rights/,pt-br/rights/index.html,Direitos | Processo de Imigração Brasil | Imigre para o Brasil,Direitos e responsabilidades dos imigrantes no Brasil | Immigrate to Brazil,Os direitos são mais importantes quando as pessoas compreendem como utilizá-los na prática. Explicamos a diferença entre ter proteção legal em teoria e poder contar com ela com segurança na vida real.,"Direitos e responsabilidades dos imigrantes no Brasil. Entenda as questões a avaliar, organize suas dúvidas e identifique quando solicitar orientação sobre seu caso.",Centro de Direitos,Direitos e responsabilidades dos imigrantes no Brasil
https://immigratetobrazil.com/pt-br/services/,pt-br/services/index.html,Serviços | Serviços de imigração para o Brasil | Imigre para o Brasil,Serviços jurídicos de imigração no Brasil | Immigrate to Brazil,"A advogada de imigração para o Brasil, Monique Fernandes, oferece serviços jurídicos abrangentes: consultoria de imigração, serviços de vistos, planejamento de residência, cidadania, naturalização, defesa de imigração, direito internacional de família e questões de direito civil.","Conheça os serviços de vistos, residência, naturalização e defesa migratória no Brasil. Encontre a assessoria adequada e solicite uma consulta.","Serviços de Direito de Imigração - Visto, Residência, Cidadania e Defesa",Serviços jurídicos de imigração no Brasil
https://immigratetobrazil.com/pt-br/services/advisory/,pt-br/services/advisory/index.html,Consultoria | Serviços de imigração para o Brasil | Imigre para o Brasil,Consultoria e planejamento migratório | Immigrate to Brazil,"Monique Fernandes utiliza serviços de consultoria para ajudar os clientes a comparar rotas, estruturar estratégias e escolher o próximo passo certo antes que os problemas se multipliquem.","Consultoria e planejamento migratório. Converse com Monique Fernandes sobre seu objetivo, os documentos e o apoio jurídico adequado ao seu caso.",Consultoria,Consultoria e planejamento migratório
https://immigratetobrazil.com/pt-br/services/advisory/compliance/,pt-br/services/advisory/compliance/index.html,Conformidade | Serviços de imigração para o Brasil | Imigre para o Brasil,Conformidade no Brasil | Immigrate to Brazil,"Monique Fernandes ajuda indivíduos, famílias, empresas e empregadores que tentam manter-se alinhados com as obrigações de imigração a compreender o que o seu serviço de compliance pode fazer, se é o adequado e qual poderá ser o próximo passo no Brasil.","Conformidade no Brasil. Converse com Monique Fernandes sobre seu objetivo, os documentos e o apoio jurídico adequado ao seu caso.",Conformidade,Conformidade no Brasil
https://immigratetobrazil.com/pt-br/services/advisory/consultation/,pt-br/services/advisory/consultation/index.html,Consulta | Serviços de imigração para o Brasil | Imigre para o Brasil,Consulta jurídica sobre imigração no Brasil | Immigrate to Brazil,"Monique Fernandes ajuda as pessoas que precisam de uma primeira avaliação estruturada antes de escolher um caminho ou dar o próximo passo a entender o que seu serviço de consultoria pode fazer, se é o adequado e qual pode ser o próximo passo no Brasil.","Consulta jurídica sobre imigração no Brasil. Converse com Monique Fernandes sobre seu objetivo, os documentos e o apoio jurídico adequado ao seu caso.",Consulta,Consulta jurídica sobre imigração no Brasil
https://immigratetobrazil.com/pt-br/services/advisory/corporate/,pt-br/services/advisory/corporate/index.html,Empresarial | Serviços de imigração para o Brasil | Imigre para o Brasil,Empresarial no Brasil | Immigrate to Brazil,"Monique Fernandes ajuda empresas, equipas de RH, fundadores e profissionais internacionais que gerem a imigração através da atividade empresarial a compreender o que o seu serviço corporativo pode fazer, se é adequado e qual poderá ser o próximo passo no Brasil.","Empresarial no Brasil. Converse com Monique Fernandes sobre seu objetivo, os documentos e o apoio jurídico adequado ao seu caso.",Empresarial,Empresarial no Brasil
https://immigratetobrazil.com/pt-br/services/advisory/representation/,pt-br/services/advisory/representation/index.html,Representação | Serviços de imigração para o Brasil | Imigre para o Brasil,Representação no Brasil | Immigrate to Brazil,"Monique Fernandes ajuda clientes que precisam de comunicação liderada por advogados, tratamento de casos ou suporte formal a entender o que seu serviço de representação pode fazer, se é a opção certa e qual pode ser o próximo passo no Brasil.","Representação no Brasil. Converse com Monique Fernandes sobre seu objetivo, os documentos e o apoio jurídico adequado ao seu caso.",Representação,Representação no Brasil
https://immigratetobrazil.com/pt-br/services/advisory/strategy/,pt-br/services/advisory/strategy/index.html,Estratégia | Serviços de imigração para o Brasil | Imigre para o Brasil,Estratégia no Brasil | Immigrate to Brazil,"Monique Fernandes ajuda clientes que precisam de comparação de caminhos possíveis, sequenciamento e planejamento de imigração de longo prazo a entender o que seu serviço de estratégia pode fazer, se é o ajuste certo e qual pode ser o próximo passo no Brasil.","Estratégia no Brasil. Converse com Monique Fernandes sobre seu objetivo, os documentos e o apoio jurídico adequado ao seu caso.",Estratégia,Estratégia no Brasil
https://immigratetobrazil.com/pt-br/services/all/,pt-br/services/all/index.html,Todos os serviços | Diretório de serviços de imigração para o Brasil | Imigre para o Brasil,Todos os serviços de imigração | Immigrate to Brazil,"Cada serviço de imigração para o Brasil que Monique Fernandes oferece é definido aqui em um só lugar. Descubra explicações claras e abrangentes sobre o suporte jurídico especializado que oferecemos para questões de imigração brasileira, projetadas para guiá-lo em todas as etapas com precisão, estratégia e total conformidade regulatória.","Todos os serviços de imigração. Converse com Monique Fernandes sobre seu objetivo, os documentos e o apoio jurídico adequado ao seu caso.",Todos os serviços,Todos os serviços de imigração
https://immigratetobrazil.com/pt-br/services/defense/,pt-br/services/defense/index.html,Defesa | Serviços de imigração para o Brasil | Imigre para o Brasil,Defesa em questões migratórias no Brasil | Immigrate to Brazil,Monique Fernandes utiliza serviços de defesa para ajudar clientes a estabilizar questões de imigração urgentes ou expostas Brasil com mais estrutura e próximos passos mais tranquilos.,"Defesa em questões migratórias no Brasil. Converse com Monique Fernandes sobre seu objetivo, os documentos e o apoio jurídico adequado ao seu caso.",Defesa,Defesa em questões migratórias no Brasil
https://immigratetobrazil.com/pt-br/services/defense/appeals/,pt-br/services/defense/appeals/index.html,Recursos | Serviços de imigração para o Brasil | Imigre para o Brasil,Recursos em processos migratórios no Brasil | Immigrate to Brazil,"Monique Fernandes ajuda os clientes que contestam recusas, decisões adversas ou resultados anteriores fracos a compreender o que o seu serviço de recurso pode fazer, se é o adequado e qual poderá ser o próximo passo no Brasil.","Recursos no Brasil. Converse com Monique Fernandes sobre seu objetivo, os documentos e o apoio jurídico adequado ao seu caso.",Recursos,Recursos em processos migratórios no Brasil
https://immigratetobrazil.com/pt-br/services/defense/deportation/,pt-br/services/defense/deportation/index.html,Deportação | Serviços de imigração para o Brasil | Imigre para o Brasil,Defesa em processos de deportação no Brasil | Immigrate to Brazil,"Monique Fernandes ajuda as pessoas que enfrentam risco de remoção ou pressão das autoridades em torno do status de imigração a entender o que seu serviço de deportação pode fazer, se é a opção certa e qual pode ser o próximo passo no Brasil.","Deportação no Brasil. Converse com Monique Fernandes sobre seu objetivo, os documentos e o apoio jurídico adequado ao seu caso.",Deportação,Defesa em processos de deportação no Brasil
https://immigratetobrazil.com/pt-br/services/defense/expulsion/,pt-br/services/defense/expulsion/index.html,Expulsão | Serviços de imigração para o Brasil | Imigre para o Brasil,Defesa em processos de expulsão no Brasil | Immigrate to Brazil,"Monique Fernandes ajuda os clientes que enfrentam exposição à expulsão ou graves consequências de imigração a entender o que o seu serviço de expulsão pode fazer, se é a opção certa e qual pode ser o próximo passo no Brasil.","Expulsão no Brasil. Converse com Monique Fernandes sobre seu objetivo, os documentos e o apoio jurídico adequado ao seu caso.",Expulsão,Defesa em processos de expulsão no Brasil
https://immigratetobrazil.com/pt-br/services/defense/extradition/,pt-br/services/defense/extradition/index.html,Extradição | Serviços de imigração para o Brasil | Imigre para o Brasil,Assessoria jurídica em extradição no Brasil | Immigrate to Brazil,"Monique Fernandes ajuda clientes e famílias que lidam com imigração relacionada com extradição ou questões legais transfronteiriças a compreender o que o seu serviço de extradição pode fazer, se é o adequado e qual poderá ser o próximo passo no Brasil.","Extradição no Brasil. Converse com Monique Fernandes sobre seu objetivo, os documentos e o apoio jurídico adequado ao seu caso.",Extradição,Assessoria jurídica em extradição no Brasil
https://immigratetobrazil.com/pt-br/services/defense/fines/,pt-br/services/defense/fines/index.html,Multas | Serviços de imigração para o Brasil | Imigre para o Brasil,Multas migratórias no Brasil | Immigrate to Brazil,"Monique Fernandes ajuda os clientes que lidam com multas de imigração, consequências de permanência prolongada ou problemas de conformidade relacionados a entender o que seu serviço de multas pode fazer, se é a opção certa e qual pode ser o próximo passo no Brasil.","Multas no Brasil. Converse com Monique Fernandes sobre seu objetivo, os documentos e o apoio jurídico adequado ao seu caso.",Multas,Multas migratórias no Brasil
https://immigratetobrazil.com/pt-br/services/defense/litigation/,pt-br/services/defense/litigation/index.html,Litígio | Serviços de imigração para o Brasil | Imigre para o Brasil,Ações judiciais em matéria migratória no Brasil | Immigrate to Brazil,"Monique Fernandes ajuda clientes cuja questão de imigração requer agora uma defesa jurídica mais forte ou uma estratégia ligada aos tribunais a compreender o que o seu serviço de contencioso pode fazer, se é o adequado e qual poderá ser o próximo passo no Brasil.","Litígio no Brasil. Converse com Monique Fernandes sobre seu objetivo, os documentos e o apoio jurídico adequado ao seu caso.",Litígio,Ações judiciais em matéria migratória no Brasil
https://immigratetobrazil.com/pt-br/services/naturalisation/,pt-br/services/naturalisation/index.html,Naturalização | Serviços de imigração para o Brasil | Imigre para o Brasil,Assessoria para naturalização brasileira | Immigrate to Brazil,"Monique Fernandes ajuda os clientes a comparar os serviços de naturalização com orientações mais claras sobre estratégia de cidadania, prazo, adequação legal e próximos passos.","Assessoria para naturalização brasileira. Converse com Monique Fernandes sobre seu objetivo, os documentos e o apoio jurídico adequado ao seu caso.",Naturalização,Assessoria para naturalização brasileira
https://immigratetobrazil.com/pt-br/services/naturalisation/extraordinary/,pt-br/services/naturalisation/extraordinary/index.html,Naturalização Extraordinária | Serviços de imigração para o Brasil | Imigre para o Brasil,Naturalização Extraordinária no Brasil | Immigrate to Brazil,"Monique Fernandes ajuda residentes de longa duração ou casos complexos que analisam possibilidades de naturalização extraordinária a entender se a rota de naturalização extraordinária é a adequada, como funciona a rota e qual pode ser o próximo passo no Brasil.","Naturalização Extraordinária no Brasil. Converse com Monique Fernandes sobre seu objetivo, os documentos e o apoio jurídico adequado ao seu caso.",Naturalização Extraordinária,Naturalização Extraordinária no Brasil
https://immigratetobrazil.com/pt-br/services/naturalisation/ordinary/,pt-br/services/naturalisation/ordinary/index.html,Naturalização Ordinária | Serviços de imigração para o Brasil | Imigre para o Brasil,Naturalização Ordinária no Brasil | Immigrate to Brazil,"Monique Fernandes ajuda os residentes de longa duração que analisam a cidadania brasileira através da via ordinária a compreender se a via normal de naturalização é a adequada, como funciona a via e qual poderá ser o próximo passo no Brasil.","Naturalização Ordinária no Brasil. Converse com Monique Fernandes sobre seu objetivo, os documentos e o apoio jurídico adequado ao seu caso.",Naturalização Ordinária,Naturalização Ordinária no Brasil
https://immigratetobrazil.com/pt-br/services/naturalisation/provisional/,pt-br/services/naturalisation/provisional/index.html,Naturalização Provisória | Serviços de imigração para o Brasil | Imigre para o Brasil,Naturalização Provisória no Brasil | Immigrate to Brazil,"Monique Fernandes ajuda pais, responsáveis ​​e jovens que analisam questões de naturalização provisória a entender se a rota de naturalização provisória é a adequada, como funciona a rota e qual pode ser o próximo passo no Brasil.","Naturalização Provisória no Brasil. Converse com Monique Fernandes sobre seu objetivo, os documentos e o apoio jurídico adequado ao seu caso.",Naturalização Provisória,Naturalização Provisória no Brasil
https://immigratetobrazil.com/pt-br/services/naturalisation/reacquisition/,pt-br/services/naturalisation/reacquisition/index.html,Naturalização de Reaquisição | Serviços de imigração para o Brasil | Imigre para o Brasil,Reaquisição da nacionalidade brasileira | Immigrate to Brazil,"Monique Fernandes ajuda ex-cidadãos brasileiros ou famílias conectadas que analisam questões de reaquisição a entender se a rota de naturalização de reaquisição é a adequada, como a rota funciona e qual pode ser o próximo passo no Brasil.","Reaquisição da nacionalidade brasileira. Converse com Monique Fernandes sobre seu objetivo, os documentos e o apoio jurídico adequado ao seu caso.",Naturalização de Reaquisição,Reaquisição da nacionalidade brasileira
https://immigratetobrazil.com/pt-br/services/naturalisation/renunciation/,pt-br/services/naturalisation/renunciation/index.html,Naturalização da Renúncia | Serviços de imigração para o Brasil | Imigre para o Brasil,Renúncia à nacionalidade brasileira | Immigrate to Brazil,"Monique Fernandes ajuda cidadãos brasileiros ou com dupla nacionalidade a analisar questões de renúncia a entender se a rota de naturalização de renúncia é a adequada, como a rota funciona e qual pode ser o próximo passo no Brasil.","Renúncia à nacionalidade brasileira. Converse com Monique Fernandes sobre seu objetivo, os documentos e o apoio jurídico adequado ao seu caso.",Naturalização da Renúncia,Renúncia à nacionalidade brasileira
https://immigratetobrazil.com/pt-br/services/naturalisation/special/,pt-br/services/naturalisation/special/index.html,Naturalização Especial | Serviços de imigração para o Brasil | Imigre para o Brasil,Naturalização Especial no Brasil | Immigrate to Brazil,"Monique Fernandes ajuda os clientes que podem se qualificar por meio de uma base especial de naturalização a entender se a rota especial de naturalização é a adequada, como funciona a rota e qual pode ser o próximo passo no Brasil.","Naturalização Especial no Brasil. Converse com Monique Fernandes sobre seu objetivo, os documentos e o apoio jurídico adequado ao seu caso.",Naturalização Especial,Naturalização Especial no Brasil
https://immigratetobrazil.com/pt-br/services/other/,pt-br/services/other/index.html,Outros | Serviços de imigração para o Brasil | Imigre para o Brasil,Documentos e serviços de apoio à imigração | Immigrate to Brazil,"Monique Fernandes oferece serviços de apoio à imigração que ajudam a manter os assuntos do Brasil organizados, utilizáveis e prontos para a próxima etapa.","Documentos e serviços de apoio à imigração. Converse com Monique Fernandes sobre seu objetivo, os documentos e o apoio jurídico adequado ao seu caso.",Outros,Documentos e serviços de apoio à imigração
https://immigratetobrazil.com/pt-br/services/other/consular/,pt-br/services/other/consular/index.html,Consular | Serviços de imigração para o Brasil | Imigre para o Brasil,Assessoria para documentos consulares brasileiros | Immigrate to Brazil,"Monique Fernandes ajuda os clientes que coordenam as etapas consulares brasileiras no exterior a entender o que seu serviço consular pode fazer, se é o adequado e qual pode ser o próximo passo no Brasil.","Consular no Brasil. Converse com Monique Fernandes sobre seu objetivo, os documentos e o apoio jurídico adequado ao seu caso.",Consular,Assessoria para documentos consulares brasileiros
https://immigratetobrazil.com/pt-br/services/other/records/,pt-br/services/other/records/index.html,Registros | Serviços de imigração para o Brasil | Imigre para o Brasil,Documentos e registros civis para imigração no Brasil | Immigrate to Brazil,"Monique Fernandes ajuda clientes que precisam de revisão, correção ou apoio à estratégia de registro civil de registros a entender o que seu serviço de registros pode fazer, se é o ajuste certo e qual pode ser o próximo passo no Brasil.","Registros no Brasil. Converse com Monique Fernandes sobre seu objetivo, os documentos e o apoio jurídico adequado ao seu caso.",Registros,Documentos e registros civis para imigração no Brasil
https://immigratetobrazil.com/pt-br/services/other/regularization/,pt-br/services/other/regularization/index.html,Regularização | Serviços de imigração para o Brasil | Imigre para o Brasil,Regularização migratória no Brasil | Immigrate to Brazil,"Monique Fernandes ajuda os clientes que tentam resolver uma situação de imigração pouco clara, atrasada ou irregular a compreender o que o seu serviço de regularização pode fazer, se é o adequado e qual pode ser o próximo passo no Brasil.","Regularização no Brasil. Converse com Monique Fernandes sobre seu objetivo, os documentos e o apoio jurídico adequado ao seu caso.",Regularização,Regularização migratória no Brasil
https://immigratetobrazil.com/pt-br/services/other/translation/,pt-br/services/other/translation/index.html,Tradução | Serviços de imigração para o Brasil | Imigre para o Brasil,Tradução de documentos para imigração no Brasil | Immigrate to Brazil,"Monique Fernandes ajuda clientes que precisam de material traduzido para apoiar etapas de imigração ou transfronteiriças a entender o que seu serviço de tradução pode fazer, se é a opção certa e qual pode ser o próximo passo no Brasil.","Tradução no Brasil. Converse com Monique Fernandes sobre seu objetivo, os documentos e o apoio jurídico adequado ao seu caso.",Tradução,Tradução de documentos para imigração no Brasil
https://immigratetobrazil.com/pt-br/services/residencies/,pt-br/services/residencies/index.html,Residências | Serviços de imigração para o Brasil | Imigre para o Brasil,Assessoria para autorização de residência no Brasil | Immigrate to Brazil,"Monique Fernandes ajuda os clientes a comparar os serviços de residência para o Brasil com orientações mais claras sobre permanência legal, continuidade, prazo e próximos passos.","Assessoria para autorização de residência no Brasil. Converse com Monique Fernandes sobre seu objetivo, os documentos e o apoio jurídico adequado ao seu caso.",Residências,Assessoria para autorização de residência no Brasil
https://immigratetobrazil.com/pt-br/services/residencies/cplp/,pt-br/services/residencies/cplp/index.html,Residência CPLP | Serviços de imigração para o Brasil | Imigre para o Brasil,Autorização de residência no Brasil: CPLP | Immigrate to Brazil,"Monique Fernandes ajuda os cidadãos CPLP e famílias que planeiam residência legal no Brasil a compreender se a residência cplp é a opção certa, como funciona o percurso e qual poderá ser o próximo passo no Brasil.","Autorização de residência no Brasil: CPLP. Converse com Monique Fernandes sobre seu objetivo, os documentos e o apoio jurídico adequado ao seu caso.",Residência CPLP,Autorização de residência no Brasil: CPLP
https://immigratetobrazil.com/pt-br/services/residencies/exchange/,pt-br/services/residencies/exchange/index.html,Residência de intercâmbio | Serviços de imigração para o Brasil | Imigre para o Brasil,Autorização de residência no Brasil: intercâmbio | Immigrate to Brazil,"Monique Fernandes ajuda intercambistas, trainees, patrocinadores e instituições anfitriãs a entender se o roteiro de residência de intercâmbio é adequado, como funciona o roteiro e qual pode ser o próximo passo no Brasil.","Autorização de residência no Brasil: intercâmbio. Converse com Monique Fernandes sobre seu objetivo, os documentos e o apoio jurídico adequado ao seu caso.",Residência de intercâmbio,Autorização de residência no Brasil: intercâmbio
https://immigratetobrazil.com/pt-br/services/residencies/health/,pt-br/services/residencies/health/index.html,Residência em Saúde | Serviços de imigração para o Brasil | Imigre para o Brasil,Autorização de residência no Brasil: tratamento de saúde | Immigrate to Brazil,"Monique Fernandes ajuda os clientes cuja estadia de longo prazo está relacionada com circunstâncias de saúde, cuidados ou recuperação a compreender se o percurso de residência em saúde é adequado, como funciona o percurso e qual poderá ser o próximo passo no Brasil.","Autorização de residência no Brasil: tratamento de saúde. Converse com Monique Fernandes sobre seu objetivo, os documentos e o apoio jurídico adequado ao seu caso.",Residência em Saúde,Autorização de residência no Brasil: tratamento de saúde
https://immigratetobrazil.com/pt-br/services/residencies/humanitarian/,pt-br/services/residencies/humanitarian/index.html,Residência Humanitária | Serviços de imigração para o Brasil | Imigre para o Brasil,Autorização de residência no Brasil: acolhida humanitária | Immigrate to Brazil,"Monique Fernandes ajuda pessoas em situações vulneráveis e clientes que analisam opções de residência humanitária a compreender se o percurso de residência humanitária é adequado, como funciona o percurso e qual poderá ser o próximo passo no Brasil.","Autorização de residência no Brasil: acolhida humanitária. Converse com Monique Fernandes sobre seu objetivo, os documentos e o apoio jurídico adequado ao seu caso.",Residência Humanitária,Autorização de residência no Brasil: acolhida humanitária
https://immigratetobrazil.com/pt-br/services/residencies/investor/,pt-br/services/residencies/investor/index.html,Residência para Investidores | Serviços de imigração para o Brasil | Imigre para o Brasil,Autorização de residência no Brasil: investidor | Immigrate to Brazil,"Monique Fernandes ajuda investidores, empreendedores, fundadores e candidatos ligados a negócios a entender se o caminho de residência para investidores é adequado, como funciona o caminho e qual pode ser o próximo passo no Brasil.","Autorização de residência no Brasil: investidor. Converse com Monique Fernandes sobre seu objetivo, os documentos e o apoio jurídico adequado ao seu caso.",Residência para Investidores,Autorização de residência no Brasil: investidor
https://immigratetobrazil.com/pt-br/services/residencies/mercosul/,pt-br/services/residencies/mercosul/index.html,Residência MERCOSUL | Serviços de imigração para o Brasil | Imigre para o Brasil,Autorização de residência no Brasil: Mercosul | Immigrate to Brazil,"Monique Fernandes ajuda cidadãos MERCOSUL e famílias que planejam residência no Brasil a entender se a residência no Mercosul é a opção certa, como funciona o caminho e qual pode ser o próximo passo no Brasil.","Autorização de residência no Brasil: Mercosul. Converse com Monique Fernandes sobre seu objetivo, os documentos e o apoio jurídico adequado ao seu caso.",Residência MERCOSUL,Autorização de residência no Brasil: Mercosul
https://immigratetobrazil.com/pt-br/services/residencies/nomad/,pt-br/services/residencies/nomad/index.html,Residência Nômade | Serviços de imigração para o Brasil | Imigre para o Brasil,Autorização de residência para nômade digital no Brasil | Immigrate to Brazil,"Monique Fernandes ajuda trabalhadores remotos, proprietários de negócios online e profissionais independentes de localização a entender se a rota de residência nômade é a opção certa, como funciona a rota e qual pode ser o próximo passo no Brasil.","Já está no Brasil e considera a residência como nômade digital? Analise seu pedido, os documentos e os próximos passos com Monique Fernandes.",Residência Nômade,Autorização de residência para nômade digital no Brasil
https://immigratetobrazil.com/pt-br/services/residencies/religious/,pt-br/services/residencies/religious/index.html,Residência Religiosa | Serviços de imigração para o Brasil | Imigre para o Brasil,Autorização de residência no Brasil: atividade religiosa | Immigrate to Brazil,"Monique Fernandes ajuda trabalhadores religiosos, missionários, comunidades religiosas e organizações patrocinadoras a entender se o caminho da residência religiosa é adequado, como funciona o caminho e qual pode ser o próximo passo no Brasil.","Autorização de residência no Brasil: atividade religiosa. Converse com Monique Fernandes sobre seu objetivo, os documentos e o apoio jurídico adequado ao seu caso.",Residência Religiosa,Autorização de residência no Brasil: atividade religiosa
https://immigratetobrazil.com/pt-br/services/residencies/research/,pt-br/services/residencies/research/index.html,Residência de pesquisa | Serviços de imigração para o Brasil | Imigre para o Brasil,Autorização de residência no Brasil: pesquisa | Immigrate to Brazil,"Monique Fernandes ajuda pesquisadores, acadêmicos, instituições e participantes patrocinados a entender se o percurso de residência em pesquisa é adequado, como funciona o percurso e qual pode ser o próximo passo no Brasil.","Autorização de residência no Brasil: pesquisa. Converse com Monique Fernandes sobre seu objetivo, os documentos e o apoio jurídico adequado ao seu caso.",Residência de pesquisa,Autorização de residência no Brasil: pesquisa
https://immigratetobrazil.com/pt-br/services/residencies/retiree/,pt-br/services/residencies/retiree/index.html,Residência para aposentados | Serviços de imigração para o Brasil | Imigre para o Brasil,Autorização de residência no Brasil: aposentadoria | Immigrate to Brazil,"Monique Fernandes ajuda aposentados, casais e famílias que planejam uma vida de aposentadoria de longo prazo a entender se o caminho da residência para aposentados é adequado, como funciona o caminho e qual pode ser o próximo passo no Brasil.","Autorização de residência no Brasil: aposentadoria. Converse com Monique Fernandes sobre seu objetivo, os documentos e o apoio jurídico adequado ao seu caso.",Residência para aposentados,Autorização de residência no Brasil: aposentadoria
https://immigratetobrazil.com/pt-br/services/residencies/reunion/,pt-br/services/residencies/reunion/index.html,Residência de Reunião | Serviços de imigração para o Brasil | Imigre para o Brasil,Autorização de residência por reunião familiar | Immigrate to Brazil,"Monique Fernandes ajuda cônjuges, companheiros, pais, filhos e famílias que planejam a vida familiar de longo prazo no Brasil a entender se o caminho da residência de reencontro é adequado, como o caminho funciona e qual pode ser o próximo passo no Brasil.","Autorização de residência por reunião familiar. Converse com Monique Fernandes sobre seu objetivo, os documentos e o apoio jurídico adequado ao seu caso.",Residência de Reunião,Autorização de residência por reunião familiar
https://immigratetobrazil.com/pt-br/services/residencies/skilled/,pt-br/services/residencies/skilled/index.html,Residência qualificada | Serviços de imigração para o Brasil | Imigre para o Brasil,Autorização de residência no Brasil: profissional qualificado | Immigrate to Brazil,"Monique Fernandes ajuda profissionais qualificados e famílias a avaliarem opções de residência através de qualificações ou atividade profissional a entender se o caminho de residência qualificada é adequado, como funciona o caminho e qual pode ser o próximo passo no Brasil.","Autorização de residência no Brasil: profissional qualificado. Converse com Monique Fernandes sobre seu objetivo, os documentos e o apoio jurídico adequado ao seu caso.",Residência qualificada,Autorização de residência no Brasil: profissional qualificado
https://immigratetobrazil.com/pt-br/services/residencies/study/,pt-br/services/residencies/study/index.html,Residência de Estudo | Serviços de imigração para o Brasil | Imigre para o Brasil,Autorização de residência no Brasil: estudo | Immigrate to Brazil,"Monique Fernandes ajuda estudantes e famílias que planejam residência de estudo de longo prazo a entender se o percurso de residência de estudo é adequado, como funciona o percurso e qual pode ser o próximo passo no Brasil.","Autorização de residência no Brasil: estudo. Converse com Monique Fernandes sobre seu objetivo, os documentos e o apoio jurídico adequado ao seu caso.",Residência de Estudo,Autorização de residência no Brasil: estudo
https://immigratetobrazil.com/pt-br/services/residencies/volunteer/,pt-br/services/residencies/volunteer/index.html,Residência Voluntária | Serviços de imigração para o Brasil | Imigre para o Brasil,Autorização de residência no Brasil: voluntariado | Immigrate to Brazil,"Monique Fernandes ajuda voluntários, organizações anfitriãs e clientes que planeiam estadias voluntárias de longo prazo a compreender se o percurso de residência voluntária é adequado, como funciona o percurso e qual poderá ser o próximo passo no Brasil.","Autorização de residência no Brasil: voluntariado. Converse com Monique Fernandes sobre seu objetivo, os documentos e o apoio jurídico adequado ao seu caso.",Residência Voluntária,Autorização de residência no Brasil: voluntariado
https://immigratetobrazil.com/pt-br/services/residencies/work/,pt-br/services/residencies/work/index.html,Residência de Trabalho | Serviços de imigração para o Brasil | Imigre para o Brasil,Autorização de residência no Brasil: trabalho | Immigrate to Brazil,"Monique Fernandes ajuda profissionais, empregadores e trabalhadores patrocinados a entender se o percurso de residência profissional é adequado, como funciona o percurso e qual pode ser o próximo passo no Brasil.","Autorização de residência no Brasil: trabalho. Converse com Monique Fernandes sobre seu objetivo, os documentos e o apoio jurídico adequado ao seu caso.",Residência de Trabalho,Autorização de residência no Brasil: trabalho
https://immigratetobrazil.com/pt-br/services/residencies/youth/,pt-br/services/residencies/youth/index.html,Residência para jovens | Serviços de imigração para o Brasil | Imigre para o Brasil,Autorização de residência no Brasil: mobilidade de jovens | Immigrate to Brazil,"Monique Fernandes ajuda jovens adultos e famílias a analisar percursos de residência ligados a jovens a compreender se o percurso de residência juvenil é adequado, como funciona o percurso e qual poderá ser o próximo passo no Brasil.","Autorização de residência no Brasil: mobilidade de jovens. Converse com Monique Fernandes sobre seu objetivo, os documentos e o apoio jurídico adequado ao seu caso.",Residência para jovens,Autorização de residência no Brasil: mobilidade de jovens
https://immigratetobrazil.com/pt-br/services/visas/,pt-br/services/visas/index.html,Vistos | Serviços de imigração para o Brasil | Imigre para o Brasil,Assessoria para vistos brasileiros | Immigrate to Brazil,"Monique Fernandes ajuda os clientes a comparar os serviços de visto para o Brasil com orientações mais claras sobre ajuste de rota, preparação, tempo e próximos passos.","Assessoria para vistos brasileiros. Converse com Monique Fernandes sobre seu objetivo, os documentos e o apoio jurídico adequado ao seu caso.",Vistos,Assessoria para vistos brasileiros
https://immigratetobrazil.com/pt-br/services/visas/artistic/,pt-br/services/visas/artistic/index.html,Visto Artístico | Serviços de imigração para o Brasil | Imigre para o Brasil,Assessoria para visto brasileiro: atividade artística | Immigrate to Brazil,"Monique Fernandes ajuda artistas, performers, profissionais da cultura, produtores e patrocinadores a entender se o caminho do visto artístico é adequado, como funciona o caminho e qual pode ser o próximo passo no Brasil.","Assessoria para visto brasileiro: atividade artística. Converse com Monique Fernandes sobre seu objetivo, os documentos e o apoio jurídico adequado ao seu caso.",Visto Artístico,Assessoria para visto brasileiro: atividade artística
https://immigratetobrazil.com/pt-br/services/visas/business/,pt-br/services/visas/business/index.html,Visto de negócios | Serviços de imigração para o Brasil | Imigre para o Brasil,Assessoria para visto brasileiro: negócios | Immigrate to Brazil,"Monique Fernandes ajuda visitantes de negócios, executivos, fundadores e empresas a entender se o caminho do visto de negócios é adequado, como funciona e qual pode ser o próximo passo no Brasil.","Assessoria para visto brasileiro: negócios. Converse com Monique Fernandes sobre seu objetivo, os documentos e o apoio jurídico adequado ao seu caso.",Visto de negócios,Assessoria para visto brasileiro: negócios
https://immigratetobrazil.com/pt-br/services/visas/diplomatic/,pt-br/services/visas/diplomatic/index.html,Visto Diplomático | Serviços de imigração para o Brasil | Imigre para o Brasil,Assessoria para visto brasileiro: diplomático | Immigrate to Brazil,"Monique Fernandes ajuda representantes oficiais, pessoal de missão e viajantes diplomáticos ou oficiais a entender se a rota do visto diplomático é a adequada, como funciona a rota e qual pode ser o próximo passo no Brasil.","Assessoria para visto brasileiro: diplomático. Converse com Monique Fernandes sobre seu objetivo, os documentos e o apoio jurídico adequado ao seu caso.",Visto Diplomático,Assessoria para visto brasileiro: diplomático
https://immigratetobrazil.com/pt-br/services/visas/exchange/,pt-br/services/visas/exchange/index.html,Visto de intercâmbio | Serviços de imigração para o Brasil | Imigre para o Brasil,Assessoria para visto brasileiro: intercâmbio | Immigrate to Brazil,"Monique Fernandes ajuda intercambistas, trainees, patrocinadores e instituições anfitriãs a entender se a rota do visto de intercâmbio é adequada, como funciona a rota e qual pode ser o próximo passo no Brasil.","Assessoria para visto brasileiro: intercâmbio. Converse com Monique Fernandes sobre seu objetivo, os documentos e o apoio jurídico adequado ao seu caso.",Visto de intercâmbio,Assessoria para visto brasileiro: intercâmbio
https://immigratetobrazil.com/pt-br/services/visas/family/,pt-br/services/visas/family/index.html,Visto de Família | Serviços de imigração para o Brasil | Imigre para o Brasil,Assessoria para visto de reunião familiar no Brasil | Immigrate to Brazil,"Monique Fernandes ajuda cônjuges, companheiros, pais, filhos e requerentes baseados na família a entender se o caminho do visto familiar é adequado, como funciona o caminho e qual pode ser o próximo passo no Brasil.","Assessoria para visto de reunião familiar no Brasil. Converse com Monique Fernandes sobre seu objetivo, os documentos e o apoio jurídico adequado ao seu caso.",Visto de Família,Assessoria para visto de reunião familiar no Brasil
https://immigratetobrazil.com/pt-br/services/visas/humanitarian/,pt-br/services/visas/humanitarian/index.html,Visto Humanitário | Serviços de imigração para o Brasil | Imigre para o Brasil,Assessoria para visto brasileiro: acolhida humanitária | Immigrate to Brazil,"Monique Fernandes ajuda pessoas em situações vulneráveis e clientes que analisam a proteção humanitária ou a entrada com base em ajuda humanitária a compreender se a rota do visto humanitário é adequada, como funciona a rota e qual poderá ser o próximo passo no Brasil.","Assessoria para visto brasileiro: acolhida humanitária. Converse com Monique Fernandes sobre seu objetivo, os documentos e o apoio jurídico adequado ao seu caso.",Visto Humanitário,Assessoria para visto brasileiro: acolhida humanitária
https://immigratetobrazil.com/pt-br/services/visas/investor/,pt-br/services/visas/investor/index.html,Visto de Investidor | Serviços de imigração para o Brasil | Imigre para o Brasil,Assessoria para visto brasileiro: investidor | Immigrate to Brazil,"Monique Fernandes ajuda investidores, empreendedores, fundadores e candidatos ligados a negócios a entender se o caminho do visto de investidor é adequado, como funciona o caminho e qual pode ser o próximo passo no Brasil.","Assessoria para visto brasileiro: investidor. Converse com Monique Fernandes sobre seu objetivo, os documentos e o apoio jurídico adequado ao seu caso.",Visto de Investidor,Assessoria para visto brasileiro: investidor
https://immigratetobrazil.com/pt-br/services/visas/journalist/,pt-br/services/visas/journalist/index.html,Visto de Jornalista | Serviços de imigração para o Brasil | Imigre para o Brasil,Assessoria para visto brasileiro: atividade jornalística | Immigrate to Brazil,"Monique Fernandes ajuda jornalistas, profissionais de mídia, equipes de produção e organizações patrocinadoras a entender se o caminho do visto de jornalista é adequado, como funciona o caminho e qual pode ser o próximo passo no Brasil.","Assessoria para visto brasileiro: atividade jornalística. Converse com Monique Fernandes sobre seu objetivo, os documentos e o apoio jurídico adequado ao seu caso.",Visto de Jornalista,Assessoria para visto brasileiro: atividade jornalística
https://immigratetobrazil.com/pt-br/services/visas/medical/,pt-br/services/visas/medical/index.html,Visto Médico | Serviços de imigração para o Brasil | Imigre para o Brasil,Assessoria para visto brasileiro: tratamento de saúde | Immigrate to Brazil,"Monique Fernandes ajuda pacientes, cuidadores e familiares que gerenciam viagens relacionadas à saúde a entender se o caminho do visto médico é adequado, como funciona o caminho e qual pode ser o próximo passo no Brasil.","Assessoria para visto brasileiro: tratamento de saúde. Converse com Monique Fernandes sobre seu objetivo, os documentos e o apoio jurídico adequado ao seu caso.",Visto Médico,Assessoria para visto brasileiro: tratamento de saúde
https://immigratetobrazil.com/pt-br/services/visas/nomad/,pt-br/services/visas/nomad/index.html,Visto nômade | Serviços de imigração para o Brasil | Imigre para o Brasil,Assessoria para visto de nômade digital no Brasil | Immigrate to Brazil,"Monique Fernandes ajuda trabalhadores remotos, proprietários de negócios online e profissionais independentes de localização a entender se a rota do visto nômade é a opção certa, como a rota funciona e qual pode ser o próximo passo no Brasil.","Planeja trabalhar remotamente no Brasil? Converse com Monique Fernandes sobre o visto de nômade digital, o pedido consular e os documentos de apoio.",Visto nômade,Assessoria para visto de nômade digital no Brasil
https://immigratetobrazil.com/pt-br/services/visas/religious/,pt-br/services/visas/religious/index.html,Visto Religioso | Serviços de imigração para o Brasil | Imigre para o Brasil,Assessoria para visto brasileiro: atividade religiosa | Immigrate to Brazil,"Monique Fernandes ajuda trabalhadores religiosos, missionários, comunidades religiosas e organizações patrocinadoras a entender se o caminho do visto religioso é adequado, como funciona o caminho e qual pode ser o próximo passo no Brasil.","Assessoria para visto brasileiro: atividade religiosa. Converse com Monique Fernandes sobre seu objetivo, os documentos e o apoio jurídico adequado ao seu caso.",Visto Religioso,Assessoria para visto brasileiro: atividade religiosa
https://immigratetobrazil.com/pt-br/services/visas/research/,pt-br/services/visas/research/index.html,Visto de pesquisa | Serviços de imigração para o Brasil | Imigre para o Brasil,Assessoria para visto brasileiro: pesquisa | Immigrate to Brazil,"Monique Fernandes ajuda pesquisadores, acadêmicos, instituições e participantes patrocinados a entender se o caminho do visto de pesquisa é adequado, como funciona o caminho e qual pode ser o próximo passo no Brasil.","Assessoria para visto brasileiro: pesquisa. Converse com Monique Fernandes sobre seu objetivo, os documentos e o apoio jurídico adequado ao seu caso.",Visto de pesquisa,Assessoria para visto brasileiro: pesquisa
https://immigratetobrazil.com/pt-br/services/visas/retiree/,pt-br/services/visas/retiree/index.html,Visto de aposentado | Serviços de imigração para o Brasil | Imigre para o Brasil,Assessoria para visto brasileiro: aposentadoria | Immigrate to Brazil,"Monique Fernandes ajuda aposentados, casais e famílias que planejam uma vida de aposentadoria de longo prazo a entender se o caminho do visto de aposentado é adequado, como funciona o caminho e qual pode ser o próximo passo no Brasil.","Assessoria para visto brasileiro: aposentadoria. Converse com Monique Fernandes sobre seu objetivo, os documentos e o apoio jurídico adequado ao seu caso.",Visto de aposentado,Assessoria para visto brasileiro: aposentadoria
https://immigratetobrazil.com/pt-br/services/visas/sports/,pt-br/services/visas/sports/index.html,Visto esportivo | Serviços de imigração para o Brasil | Imigre para o Brasil,Assessoria para visto brasileiro: atividade esportiva | Immigrate to Brazil,"Monique Fernandes ajuda atletas, treinadores, clubes, agentes e organizações esportivas a entender se o caminho do visto esportivo é adequado, como funciona o caminho e qual pode ser o próximo passo no Brasil.","Assessoria para visto brasileiro: atividade esportiva. Converse com Monique Fernandes sobre seu objetivo, os documentos e o apoio jurídico adequado ao seu caso.",Visto esportivo,Assessoria para visto brasileiro: atividade esportiva
https://immigratetobrazil.com/pt-br/services/visas/startup/,pt-br/services/visas/startup/index.html,Visto para startup | Serviços de imigração para o Brasil | Imigre para o Brasil,Planejamento migratório para empreendedores no Brasil | Immigrate to Brazil,"Monique Fernandes ajuda fundadores, empreendedores, equipes de startups e candidatos com foco em inovação a entender se o caminho do visto de startup é adequado, como o caminho funciona e qual pode ser o próximo passo no Brasil.","Assessoria para visto brasileiro: empreendedorismo. Converse com Monique Fernandes sobre seu objetivo, os documentos e o apoio jurídico adequado ao seu caso.",Visto para startup,Planejamento migratório para empreendedores no Brasil
https://immigratetobrazil.com/pt-br/services/visas/student/,pt-br/services/visas/student/index.html,Visto de estudante | Serviços de imigração para o Brasil | Imigre para o Brasil,Assessoria para visto brasileiro: estudante | Immigrate to Brazil,"Monique Fernandes ajuda estudantes, estagiários e famílias que planejam a entrada baseada em estudos a entender se o caminho do visto de estudante é adequado, como funciona o caminho e qual pode ser o próximo passo no Brasil.","Assessoria para visto brasileiro: estudante. Converse com Monique Fernandes sobre seu objetivo, os documentos e o apoio jurídico adequado ao seu caso.",Visto de estudante,Assessoria para visto brasileiro: estudante
https://immigratetobrazil.com/pt-br/services/visas/tourist/,pt-br/services/visas/tourist/index.html,Visto de Turista | Serviços de imigração para o Brasil | Imigre para o Brasil,Assessoria para visto brasileiro: turismo | Immigrate to Brazil,"Monique Fernandes ajuda viajantes, visitantes e clientes que analisam planos de curta duração a entender se a rota do visto de turista é adequada, como funciona a rota e qual pode ser o próximo passo no Brasil.","Assessoria para visto brasileiro: turismo. Converse com Monique Fernandes sobre seu objetivo, os documentos e o apoio jurídico adequado ao seu caso.",Visto de Turista,Assessoria para visto brasileiro: turismo
https://immigratetobrazil.com/pt-br/services/visas/transit/,pt-br/services/visas/transit/index.html,Visto de Trânsito | Serviços de imigração para o Brasil | Imigre para o Brasil,Assessoria para visto brasileiro: trânsito | Immigrate to Brazil,"Monique Fernandes ajuda viajantes, famílias e coordenadores que analisam trânsito ou passagem pelo Brasil a entender se a rota do visto de trânsito é adequada, como funciona a rota e qual pode ser o próximo passo no Brasil.","Assessoria para visto brasileiro: trânsito. Converse com Monique Fernandes sobre seu objetivo, os documentos e o apoio jurídico adequado ao seu caso.",Visto de Trânsito,Assessoria para visto brasileiro: trânsito
https://immigratetobrazil.com/pt-br/services/visas/volunteer/,pt-br/services/visas/volunteer/index.html,Visto Voluntário | Serviços de imigração para o Brasil | Imigre para o Brasil,Assessoria para visto brasileiro: voluntariado | Immigrate to Brazil,"Monique Fernandes ajuda voluntários, organizações anfitriãs e clientes que planejam entradas voluntárias de curto prazo a entender se a rota do visto de voluntário é a adequada, como a rota funciona e qual pode ser o próximo passo no Brasil.","Assessoria para visto brasileiro: voluntariado. Converse com Monique Fernandes sobre seu objetivo, os documentos e o apoio jurídico adequado ao seu caso.",Visto Voluntário,Assessoria para visto brasileiro: voluntariado
https://immigratetobrazil.com/pt-br/services/visas/work/,pt-br/services/visas/work/index.html,Visto de Trabalho | Serviços de imigração para o Brasil | Imigre para o Brasil,Assessoria para visto brasileiro: trabalho | Immigrate to Brazil,"Monique Fernandes ajuda profissionais, empregadores e trabalhadores patrocinados a entender se o caminho do visto de trabalho é adequado, como funciona o caminho e qual pode ser o próximo passo no Brasil.","Assessoria para visto brasileiro: trabalho. Converse com Monique Fernandes sobre seu objetivo, os documentos e o apoio jurídico adequado ao seu caso.",Visto de Trabalho,Assessoria para visto brasileiro: trabalho
https://immigratetobrazil.com/pt-br/start-consultation/,pt-br/start-consultation/index.html,Iniciar consulta | Imigre para o Brasil | Imigre para o Brasil,Solicite uma consulta sobre imigração | Immigrate to Brazil,"Como enviar o primeiro resumo do seu assunto, pagar corretamente e passar para uma primeira avaliação estruturada.",Solicite uma consulta com Monique Fernandes. Conte sua situação e confira as etapas de pagamento e confirmação por escrito antes do agendamento.,Solicite uma Consulta,Solicite uma consulta sobre imigração
https://immigratetobrazil.com/rights/,rights/index.html,Rights | Brazil Immigration Process | Immigrate to Brazil,Immigrant Rights and Responsibilities in Brazil | Immigrate to Brazil,Rights matter most when people understand how to use them in practice. We explain the difference between having a legal protection in theory and being able to rely on it confidently in real life.,"Immigrant Rights and Responsibilities in Brazil. Identify the questions to resolve, prepare for your next step and understand when advice on your circumstances may help.",Rights Hub,Immigrant Rights and Responsibilities in Brazil
https://immigratetobrazil.com/services/,services/index.html,Services | Brazil Immigration Services | Immigrate to Brazil,Brazil Immigration Legal Services | Immigrate to Brazil,"Brazil immigration attorney Monique Fernandes offers comprehensive legal services: immigration consultation, visa services, residency planning, citizenship, naturalisation, immigration defense, international family law, and civil law matters.","Compare visa, residence, naturalization and immigration defense services in Brazil. Find the relevant legal support and request a case consultation.","Immigration Law Services - Visa, Residency, Citizenship & Defense",Brazil Immigration Legal Services
https://immigratetobrazil.com/services/advisory/,services/advisory/index.html,Advisory | Brazil Immigration Services | Immigrate to Brazil,Brazil Immigration Advice and Case Planning | Immigrate to Brazil,"Monique Fernandes uses advisory services to help clients compare routes, structure strategy, and choose the right next step before problems multiply.","Monique Fernandes uses advisory services to help clients compare routes, structure strategy, and choose the right next step before problems multiply.",Advisory,Brazil Immigration Advice and Case Planning
https://immigratetobrazil.com/services/advisory/compliance/,services/advisory/compliance/index.html,Compliance | Brazil Immigration Services | Immigrate to Brazil,Compliance in Brazil | Immigrate to Brazil,"Monique Fernandes helps individuals, families, businesses, and employers trying to stay aligned with immigration obligations understand what her compliance service can do, whether it is the right fit, and what the next step may be in Brazil.","Monique Fernandes helps individuals, families, businesses, and employers trying to stay aligned with immigration obligations understand what her compliance service can do, whether it is the right fit, and what the next step may be in Brazil.",Compliance,Compliance in Brazil
https://immigratetobrazil.com/services/advisory/consultation/,services/advisory/consultation/index.html,Consultation | Brazil Immigration Services | Immigrate to Brazil,Brazil Immigration Consultation Services | Immigrate to Brazil,"Monique Fernandes helps people who need a structured first review before choosing a route or taking the next step understand what her consultation service can do, whether it is the right fit, and what the next step may be in Brazil.","Monique Fernandes helps people who need a structured first review before choosing a route or taking the next step understand what her consultation service can do, whether it is the right fit, and what the next step may be in Brazil.",Consultation,Brazil Immigration Consultation Services
https://immigratetobrazil.com/services/advisory/corporate/,services/advisory/corporate/index.html,Corporate | Brazil Immigration Services | Immigrate to Brazil,Corporate in Brazil | Immigrate to Brazil,"Monique Fernandes helps companies, HR teams, founders, and international professionals managing immigration through business activity understand what her corporate service can do, whether it is the right fit, and what the next step may be in Brazil.","Monique Fernandes helps companies, HR teams, founders, and international professionals managing immigration through business activity understand what her corporate service can do, whether it is the right fit, and what the next step may be in Brazil.",Corporate,Corporate in Brazil
https://immigratetobrazil.com/services/advisory/representation/,services/advisory/representation/index.html,Representation | Brazil Immigration Services | Immigrate to Brazil,Representation in Brazil | Immigrate to Brazil,"Monique Fernandes helps clients who need attorney-led communication, case handling, or formal support understand what her representation service can do, whether it is the right fit, and what the next step may be in Brazil.","Monique Fernandes helps clients who need attorney-led communication, case handling, or formal support understand what her representation service can do, whether it is the right fit, and what the next step may be in Brazil.",Representation,Representation in Brazil
https://immigratetobrazil.com/services/advisory/strategy/,services/advisory/strategy/index.html,Strategy | Brazil Immigration Services | Immigrate to Brazil,Strategy in Brazil | Immigrate to Brazil,"Monique Fernandes helps clients who need route comparison, sequencing, and long-term immigration planning understand what her strategy service can do, whether it is the right fit, and what the next step may be in Brazil.","Monique Fernandes helps clients who need route comparison, sequencing, and long-term immigration planning understand what her strategy service can do, whether it is the right fit, and what the next step may be in Brazil.",Strategy,Strategy in Brazil
https://immigratetobrazil.com/services/all/,services/all/index.html,All Services | Brazil Immigration Service Directory | Immigrate to Brazil,Browse All Immigration Services | Immigrate to Brazil,"Every Brazil immigration service Monique Fernandes provides is defined here in one place. Discover clear, comprehensive explanations of the expert legal support we deliver for Brazilian immigration matters, designed to guide you through every stage with precision, strategy, and full regulatory compliance.","Every Brazil immigration service Monique Fernandes provides is defined here in one place. Discover clear, comprehensive explanations of the expert legal support we deliver for Brazilian immigration matters, designed to guide you through every stage with precision, strategy, and full regulatory compliance.",All Services,Browse All Immigration Services
https://immigratetobrazil.com/services/defense/,services/defense/index.html,Defense | Brazil Immigration Services | Immigrate to Brazil,Immigration Defense in Brazil | Immigrate to Brazil,Monique Fernandes uses defense services to help clients stabilize urgent or exposed Brazil immigration matters with more structure and calmer next steps.,Monique Fernandes uses defense services to help clients stabilize urgent or exposed Brazil immigration matters with more structure and calmer next steps.,Defense,Immigration Defense in Brazil
https://immigratetobrazil.com/services/defense/appeals/,services/defense/appeals/index.html,Appeals | Brazil Immigration Services | Immigrate to Brazil,Brazil Immigration Appeals | Immigrate to Brazil,"Monique Fernandes helps clients challenging refusals, adverse decisions, or weak earlier outcomes understand what her appeals service can do, whether it is the right fit, and what the next step may be in Brazil.","Monique Fernandes helps clients challenging refusals, adverse decisions, or weak earlier outcomes understand what her appeals service can do, whether it is the right fit, and what the next step may be in Brazil.",Appeals,Brazil Immigration Appeals
https://immigratetobrazil.com/services/defense/deportation/,services/defense/deportation/index.html,Deportation | Brazil Immigration Services | Immigrate to Brazil,Deportation Defense in Brazil | Immigrate to Brazil,"Monique Fernandes helps people facing removal risk or authority pressure around immigration status understand what her deportation service can do, whether it is the right fit, and what the next step may be in Brazil.","Monique Fernandes helps people facing removal risk or authority pressure around immigration status understand what her deportation service can do, whether it is the right fit, and what the next step may be in Brazil.",Deportation,Deportation Defense in Brazil
https://immigratetobrazil.com/services/defense/expulsion/,services/defense/expulsion/index.html,Expulsion | Brazil Immigration Services | Immigrate to Brazil,Expulsion Defense in Brazil | Immigrate to Brazil,"Monique Fernandes helps clients facing expulsion exposure or serious immigration consequences understand what her expulsion service can do, whether it is the right fit, and what the next step may be in Brazil.","Monique Fernandes helps clients facing expulsion exposure or serious immigration consequences understand what her expulsion service can do, whether it is the right fit, and what the next step may be in Brazil.",Expulsion,Expulsion Defense in Brazil
https://immigratetobrazil.com/services/defense/extradition/,services/defense/extradition/index.html,Extradition | Brazil Immigration Services | Immigrate to Brazil,Extradition Legal Assistance in Brazil | Immigrate to Brazil,"Monique Fernandes helps clients and families dealing with extradition-related immigration or cross-border legal issues understand what her extradition service can do, whether it is the right fit, and what the next step may be in Brazil.","Monique Fernandes helps clients and families dealing with extradition-related immigration or cross-border legal issues understand what her extradition service can do, whether it is the right fit, and what the next step may be in Brazil.",Extradition,Extradition Legal Assistance in Brazil
https://immigratetobrazil.com/services/defense/fines/,services/defense/fines/index.html,Fines | Brazil Immigration Services | Immigrate to Brazil,Immigration Fines in Brazil | Immigrate to Brazil,"Monique Fernandes helps clients dealing with immigration fines, overstay consequences, or related compliance problems understand what her fines service can do, whether it is the right fit, and what the next step may be in Brazil.","Monique Fernandes helps clients dealing with immigration fines, overstay consequences, or related compliance problems understand what her fines service can do, whether it is the right fit, and what the next step may be in Brazil.",Fines,Immigration Fines in Brazil
https://immigratetobrazil.com/services/defense/litigation/,services/defense/litigation/index.html,Litigation | Brazil Immigration Services | Immigrate to Brazil,Immigration Litigation in Brazil | Immigrate to Brazil,"Monique Fernandes helps clients whose immigration issue now requires stronger legal advocacy or court-linked strategy understand what her litigation service can do, whether it is the right fit, and what the next step may be in Brazil.","Monique Fernandes helps clients whose immigration issue now requires stronger legal advocacy or court-linked strategy understand what her litigation service can do, whether it is the right fit, and what the next step may be in Brazil.",Litigation,Immigration Litigation in Brazil
https://immigratetobrazil.com/services/naturalisation/,services/naturalisation/index.html,Naturalisation | Brazil Immigration Services | Immigrate to Brazil,Brazilian Citizenship and Naturalization Services | Immigrate to Brazil,"Monique Fernandes helps clients compare naturalisation services with clearer guidance on citizenship strategy, timing, legal fit, and next steps.","Monique Fernandes helps clients compare naturalisation services with clearer guidance on citizenship strategy, timing, legal fit, and next steps.",Naturalisation,Brazilian Citizenship and Naturalization Services
https://immigratetobrazil.com/services/naturalisation/extraordinary/,services/naturalisation/extraordinary/index.html,Extraordinary Naturalisation | Brazil Immigration Services | Immigrate to Brazil,Extraordinary Naturalisation in Brazil | Immigrate to Brazil,"Monique Fernandes helps long-term residents or complex cases reviewing extraordinary naturalisation possibilities understand whether the extraordinary naturalisation route is the right fit, how the route works, and what the next step may be in Brazil.","Monique Fernandes helps long-term residents or complex cases reviewing extraordinary naturalisation possibilities understand whether the extraordinary naturalisation route is the right fit, how the route works, and what the next step may be in Brazil.",Extraordinary Naturalisation,Extraordinary Naturalisation in Brazil
https://immigratetobrazil.com/services/naturalisation/ordinary/,services/naturalisation/ordinary/index.html,Ordinary Naturalisation | Brazil Immigration Services | Immigrate to Brazil,Ordinary Naturalisation in Brazil | Immigrate to Brazil,"Monique Fernandes helps long-term residents reviewing Brazilian citizenship through the ordinary route understand whether the ordinary naturalisation route is the right fit, how the route works, and what the next step may be in Brazil.","Monique Fernandes helps long-term residents reviewing Brazilian citizenship through the ordinary route understand whether the ordinary naturalisation route is the right fit, how the route works, and what the next step may be in Brazil.",Ordinary Naturalisation,Ordinary Naturalisation in Brazil
https://immigratetobrazil.com/services/naturalisation/provisional/,services/naturalisation/provisional/index.html,Provisional Naturalisation | Brazil Immigration Services | Immigrate to Brazil,Provisional Naturalisation in Brazil | Immigrate to Brazil,"Monique Fernandes helps parents, guardians, and young people reviewing provisional naturalisation issues understand whether the provisional naturalisation route is the right fit, how the route works, and what the next step may be in Brazil.","Monique Fernandes helps parents, guardians, and young people reviewing provisional naturalisation issues understand whether the provisional naturalisation route is the right fit, how the route works, and what the next step may be in Brazil.",Provisional Naturalisation,Provisional Naturalisation in Brazil
https://immigratetobrazil.com/services/naturalisation/reacquisition/,services/naturalisation/reacquisition/index.html,Reacquisition Naturalisation | Brazil Immigration Services | Immigrate to Brazil,Reacquiring Brazilian Nationality | Immigrate to Brazil,"Monique Fernandes helps former Brazilian citizens or connected families reviewing reacquisition issues understand whether the reacquisition naturalisation route is the right fit, how the route works, and what the next step may be in Brazil.","Monique Fernandes helps former Brazilian citizens or connected families reviewing reacquisition issues understand whether the reacquisition naturalisation route is the right fit, how the route works, and what the next step may be in Brazil.",Reacquisition Naturalisation,Reacquiring Brazilian Nationality
https://immigratetobrazil.com/services/naturalisation/renunciation/,services/naturalisation/renunciation/index.html,Renunciation Naturalisation | Brazil Immigration Services | Immigrate to Brazil,Renunciation of Brazilian Nationality | Immigrate to Brazil,"Monique Fernandes helps Brazilian citizens or dual nationals reviewing renunciation questions understand whether the renunciation naturalisation route is the right fit, how the route works, and what the next step may be in Brazil.","Monique Fernandes helps Brazilian citizens or dual nationals reviewing renunciation questions understand whether the renunciation naturalisation route is the right fit, how the route works, and what the next step may be in Brazil.",Renunciation Naturalisation,Renunciation of Brazilian Nationality
https://immigratetobrazil.com/services/naturalisation/special/,services/naturalisation/special/index.html,Special Naturalisation | Brazil Immigration Services | Immigrate to Brazil,Special Naturalisation in Brazil | Immigrate to Brazil,"Monique Fernandes helps clients who may qualify through a special naturalisation basis understand whether the special naturalisation route is the right fit, how the route works, and what the next step may be in Brazil.","Monique Fernandes helps clients who may qualify through a special naturalisation basis understand whether the special naturalisation route is the right fit, how the route works, and what the next step may be in Brazil.",Special Naturalisation,Special Naturalisation in Brazil
https://immigratetobrazil.com/services/other/,services/other/index.html,Other | Brazil Immigration Services | Immigrate to Brazil,Immigration Documents and Supporting Services | Immigrate to Brazil,"Monique Fernandes offers supporting immigration services that help keep Brazil matters organized, usable, and ready for the next step.","Monique Fernandes offers supporting immigration services that help keep Brazil matters organized, usable, and ready for the next step.",Other,Immigration Documents and Supporting Services
https://immigratetobrazil.com/services/other/consular/,services/other/consular/index.html,Consular | Brazil Immigration Services | Immigrate to Brazil,Consular Document Assistance for Brazil | Immigrate to Brazil,"Monique Fernandes helps clients coordinating Brazilian consular steps from abroad understand what her consular service can do, whether it is the right fit, and what the next step may be in Brazil.","Monique Fernandes helps clients coordinating Brazilian consular steps from abroad understand what her consular service can do, whether it is the right fit, and what the next step may be in Brazil.",Consular,Consular Document Assistance for Brazil
https://immigratetobrazil.com/services/other/records/,services/other/records/index.html,Records | Brazil Immigration Services | Immigrate to Brazil,Documents and Civil Records for Brazil Immigration | Immigrate to Brazil,"Monique Fernandes helps clients who need record review, correction, or supporting civil record strategy understand what her records service can do, whether it is the right fit, and what the next step may be in Brazil.","Monique Fernandes helps clients who need record review, correction, or supporting civil record strategy understand what her records service can do, whether it is the right fit, and what the next step may be in Brazil.",Records,Documents and Civil Records for Brazil Immigration
https://immigratetobrazil.com/services/other/regularization/,services/other/regularization/index.html,Regularization | Brazil Immigration Services | Immigrate to Brazil,Immigration Regularization in Brazil | Immigrate to Brazil,"Monique Fernandes helps clients trying to bring an unclear, delayed, or irregular immigration situation back into order understand what her regularization service can do, whether it is the right fit, and what the next step may be in Brazil.","Monique Fernandes helps clients trying to bring an unclear, delayed, or irregular immigration situation back into order understand what her regularization service can do, whether it is the right fit, and what the next step may be in Brazil.",Regularization,Immigration Regularization in Brazil
https://immigratetobrazil.com/services/other/translation/,services/other/translation/index.html,Translation | Brazil Immigration Services | Immigrate to Brazil,Translation Planning for Brazil Immigration Documents | Immigrate to Brazil,"Monique Fernandes helps clients who need translated material to support immigration or cross-border steps understand what her translation service can do, whether it is the right fit, and what the next step may be in Brazil.","Monique Fernandes helps clients who need translated material to support immigration or cross-border steps understand what her translation service can do, whether it is the right fit, and what the next step may be in Brazil.",Translation,Translation Planning for Brazil Immigration Documents
https://immigratetobrazil.com/services/residencies/,services/residencies/index.html,Residencies | Brazil Immigration Services | Immigrate to Brazil,Brazil Residence Permit Services | Immigrate to Brazil,"Monique Fernandes helps clients compare Brazil residency services with clearer guidance on lawful stay, continuity, timing, and next steps.","Monique Fernandes helps clients compare Brazil residency services with clearer guidance on lawful stay, continuity, timing, and next steps.",Residencies,Brazil Residence Permit Services
https://immigratetobrazil.com/services/residencies/cplp/,services/residencies/cplp/index.html,CPLP Residency | Brazil Immigration Services | Immigrate to Brazil,CPLP Residence Authorization in Brazil | Immigrate to Brazil,"Monique Fernandes helps CPLP nationals and families planning lawful residence in Brazil understand whether cplp residency is the right fit, how the route works, and what the next step may be in Brazil.","Monique Fernandes helps CPLP nationals and families planning lawful residence in Brazil understand whether cplp residency is the right fit, how the route works, and what the next step may be in Brazil.",CPLP Residency,CPLP Residence Authorization in Brazil
https://immigratetobrazil.com/services/residencies/exchange/,services/residencies/exchange/index.html,Exchange Residency | Brazil Immigration Services | Immigrate to Brazil,Exchange Residence Authorization in Brazil | Immigrate to Brazil,"Monique Fernandes helps exchange participants, trainees, sponsors, and host institutions understand whether the exchange residency route is the right fit, how the route works, and what the next step may be in Brazil.","Monique Fernandes helps exchange participants, trainees, sponsors, and host institutions understand whether the exchange residency route is the right fit, how the route works, and what the next step may be in Brazil.",Exchange Residency,Exchange Residence Authorization in Brazil
https://immigratetobrazil.com/services/residencies/health/,services/residencies/health/index.html,Health Residency | Brazil Immigration Services | Immigrate to Brazil,Residence in Brazil for Medical Treatment | Immigrate to Brazil,"Monique Fernandes helps clients whose longer-term stay connects to health, care, or recovery circumstances understand whether the health residency route is the right fit, how the route works, and what the next step may be in Brazil.","Monique Fernandes helps clients whose longer-term stay connects to health, care, or recovery circumstances understand whether the health residency route is the right fit, how the route works, and what the next step may be in Brazil.",Health Residency,Residence in Brazil for Medical Treatment
https://immigratetobrazil.com/services/residencies/humanitarian/,services/residencies/humanitarian/index.html,Humanitarian Residency | Brazil Immigration Services | Immigrate to Brazil,Humanitarian Residence Authorization in Brazil | Immigrate to Brazil,"Monique Fernandes helps people in vulnerable situations and clients reviewing humanitarian residence options understand whether the humanitarian residency route is the right fit, how the route works, and what the next step may be in Brazil.","Monique Fernandes helps people in vulnerable situations and clients reviewing humanitarian residence options understand whether the humanitarian residency route is the right fit, how the route works, and what the next step may be in Brazil.",Humanitarian Residency,Humanitarian Residence Authorization in Brazil
https://immigratetobrazil.com/services/residencies/investor/,services/residencies/investor/index.html,Investor Residency | Brazil Immigration Services | Immigrate to Brazil,Investor Residence Authorization in Brazil | Immigrate to Brazil,"Monique Fernandes helps investors, entrepreneurs, founders, and business-linked applicants understand whether the investor residency route is the right fit, how the route works, and what the next step may be in Brazil.","Monique Fernandes helps investors, entrepreneurs, founders, and business-linked applicants understand whether the investor residency route is the right fit, how the route works, and what the next step may be in Brazil.",Investor Residency,Investor Residence Authorization in Brazil
https://immigratetobrazil.com/services/residencies/mercosul/,services/residencies/mercosul/index.html,MERCOSUL Residency | Brazil Immigration Services | Immigrate to Brazil,MERCOSUR Residence Authorization in Brazil | Immigrate to Brazil,"Monique Fernandes helps MERCOSUL nationals and families planning residence in Brazil understand whether mercosul residency is the right fit, how the route works, and what the next step may be in Brazil.","Monique Fernandes helps MERCOSUL nationals and families planning residence in Brazil understand whether mercosul residency is the right fit, how the route works, and what the next step may be in Brazil.",MERCOSUL Residency,MERCOSUR Residence Authorization in Brazil
https://immigratetobrazil.com/services/residencies/nomad/,services/residencies/nomad/index.html,Nomad Residency | Brazil Immigration Services | Immigrate to Brazil,Digital Nomad Residence Authorization in Brazil | Immigrate to Brazil,"Monique Fernandes helps remote workers, online business owners, and location-independent professionals understand whether the nomad residency route is the right fit, how the route works, and what the next step may be in Brazil.","Already in Brazil and considering digital nomad residence? Review your application plans, supporting records and next steps with Monique Fernandes.",Nomad Residency,Digital Nomad Residence Authorization in Brazil
https://immigratetobrazil.com/services/residencies/religious/,services/residencies/religious/index.html,Religious Residency | Brazil Immigration Services | Immigrate to Brazil,Religious Activity Residence Authorization in Brazil | Immigrate to Brazil,"Monique Fernandes helps religious workers, missionaries, faith communities, and sponsoring organizations understand whether the religious residency route is the right fit, how the route works, and what the next step may be in Brazil.","Monique Fernandes helps religious workers, missionaries, faith communities, and sponsoring organizations understand whether the religious residency route is the right fit, how the route works, and what the next step may be in Brazil.",Religious Residency,Religious Activity Residence Authorization in Brazil
https://immigratetobrazil.com/services/residencies/research/,services/residencies/research/index.html,Research Residency | Brazil Immigration Services | Immigrate to Brazil,Research Residence Authorization in Brazil | Immigrate to Brazil,"Monique Fernandes helps researchers, academics, institutions, and sponsored participants understand whether the research residency route is the right fit, how the route works, and what the next step may be in Brazil.","Monique Fernandes helps researchers, academics, institutions, and sponsored participants understand whether the research residency route is the right fit, how the route works, and what the next step may be in Brazil.",Research Residency,Research Residence Authorization in Brazil
https://immigratetobrazil.com/services/residencies/retiree/,services/residencies/retiree/index.html,Retiree Residency | Brazil Immigration Services | Immigrate to Brazil,Retirement Residence Authorization in Brazil | Immigrate to Brazil,"Monique Fernandes helps retirees, couples, and families planning longer-term retirement life understand whether the retiree residency route is the right fit, how the route works, and what the next step may be in Brazil.","Monique Fernandes helps retirees, couples, and families planning longer-term retirement life understand whether the retiree residency route is the right fit, how the route works, and what the next step may be in Brazil.",Retiree Residency,Retirement Residence Authorization in Brazil
https://immigratetobrazil.com/services/residencies/reunion/,services/residencies/reunion/index.html,Reunion Residency | Brazil Immigration Services | Immigrate to Brazil,Family Reunion Residence Authorization in Brazil | Immigrate to Brazil,"Monique Fernandes helps spouses, partners, parents, children, and families planning long-term family life in Brazil understand whether the reunion residency route is the right fit, how the route works, and what the next step may be in Brazil.","Monique Fernandes helps spouses, partners, parents, children, and families planning long-term family life in Brazil understand whether the reunion residency route is the right fit, how the route works, and what the next step may be in Brazil.",Reunion Residency,Family Reunion Residence Authorization in Brazil
https://immigratetobrazil.com/services/residencies/skilled/,services/residencies/skilled/index.html,Skilled Residency | Brazil Immigration Services | Immigrate to Brazil,Skilled Professional Residence Authorization in Brazil | Immigrate to Brazil,"Monique Fernandes helps skilled professionals and families reviewing residence options through qualifications or professional activity understand whether the skilled residency route is the right fit, how the route works, and what the next step may be in Brazil.","Monique Fernandes helps skilled professionals and families reviewing residence options through qualifications or professional activity understand whether the skilled residency route is the right fit, how the route works, and what the next step may be in Brazil.",Skilled Residency,Skilled Professional Residence Authorization in Brazil
https://immigratetobrazil.com/services/residencies/study/,services/residencies/study/index.html,Study Residency | Brazil Immigration Services | Immigrate to Brazil,Study Residence Authorization in Brazil | Immigrate to Brazil,"Monique Fernandes helps students and families planning longer-term study-based residence understand whether the study residency route is the right fit, how the route works, and what the next step may be in Brazil.","Monique Fernandes helps students and families planning longer-term study-based residence understand whether the study residency route is the right fit, how the route works, and what the next step may be in Brazil.",Study Residency,Study Residence Authorization in Brazil
https://immigratetobrazil.com/services/residencies/volunteer/,services/residencies/volunteer/index.html,Volunteer Residency | Brazil Immigration Services | Immigrate to Brazil,Volunteer Residence Authorization in Brazil | Immigrate to Brazil,"Monique Fernandes helps volunteers, host organizations, and clients planning longer-term volunteer-based stay understand whether the volunteer residency route is the right fit, how the route works, and what the next step may be in Brazil.","Monique Fernandes helps volunteers, host organizations, and clients planning longer-term volunteer-based stay understand whether the volunteer residency route is the right fit, how the route works, and what the next step may be in Brazil.",Volunteer Residency,Volunteer Residence Authorization in Brazil
https://immigratetobrazil.com/services/residencies/work/,services/residencies/work/index.html,Work Residency | Brazil Immigration Services | Immigrate to Brazil,Work Residence Authorization in Brazil | Immigrate to Brazil,"Monique Fernandes helps professionals, employers, and sponsored workers understand whether the work residency route is the right fit, how the route works, and what the next step may be in Brazil.","Monique Fernandes helps professionals, employers, and sponsored workers understand whether the work residency route is the right fit, how the route works, and what the next step may be in Brazil.",Work Residency,Work Residence Authorization in Brazil
https://immigratetobrazil.com/services/residencies/youth/,services/residencies/youth/index.html,Youth Residency | Brazil Immigration Services | Immigrate to Brazil,Youth Mobility Residence Authorization in Brazil | Immigrate to Brazil,"Monique Fernandes helps young adults and families reviewing youth-linked residence routes understand whether the youth residency route is the right fit, how the route works, and what the next step may be in Brazil.","Monique Fernandes helps young adults and families reviewing youth-linked residence routes understand whether the youth residency route is the right fit, how the route works, and what the next step may be in Brazil.",Youth Residency,Youth Mobility Residence Authorization in Brazil
https://immigratetobrazil.com/services/visas/,services/visas/index.html,Visas | Brazil Immigration Services | Immigrate to Brazil,Brazil Visa Services | Immigrate to Brazil,"Monique Fernandes helps clients compare Brazil visa services with clearer guidance on route fit, preparation, timing, and next steps.","Monique Fernandes helps clients compare Brazil visa services with clearer guidance on route fit, preparation, timing, and next steps.",Visas,Brazil Visa Services
https://immigratetobrazil.com/services/visas/artistic/,services/visas/artistic/index.html,Artistic Visa | Brazil Immigration Services | Immigrate to Brazil,Brazil Artistic Activity Visa Assistance | Immigrate to Brazil,"Monique Fernandes helps artists, performers, cultural professionals, producers, and sponsors understand whether the artistic visa route is the right fit, how the route works, and what the next step may be in Brazil.","Monique Fernandes helps artists, performers, cultural professionals, producers, and sponsors understand whether the artistic visa route is the right fit, how the route works, and what the next step may be in Brazil.",Artistic Visa,Brazil Artistic Activity Visa Assistance
https://immigratetobrazil.com/services/visas/business/,services/visas/business/index.html,Business Visa | Brazil Immigration Services | Immigrate to Brazil,Brazil Business Visit Visa Assistance | Immigrate to Brazil,"Monique Fernandes helps business visitors, executives, founders, and companies understand whether the business visa route is the right fit, how the route works, and what the next step may be in Brazil.","Monique Fernandes helps business visitors, executives, founders, and companies understand whether the business visa route is the right fit, how the route works, and what the next step may be in Brazil.",Business Visa,Brazil Business Visit Visa Assistance
https://immigratetobrazil.com/services/visas/diplomatic/,services/visas/diplomatic/index.html,Diplomatic Visa | Brazil Immigration Services | Immigrate to Brazil,Brazil Diplomatic Visa Assistance | Immigrate to Brazil,"Monique Fernandes helps official representatives, mission staff, and diplomatic or official-purpose travelers understand whether the diplomatic visa route is the right fit, how the route works, and what the next step may be in Brazil.","Monique Fernandes helps official representatives, mission staff, and diplomatic or official-purpose travelers understand whether the diplomatic visa route is the right fit, how the route works, and what the next step may be in Brazil.",Diplomatic Visa,Brazil Diplomatic Visa Assistance
https://immigratetobrazil.com/services/visas/exchange/,services/visas/exchange/index.html,Exchange Visa | Brazil Immigration Services | Immigrate to Brazil,Brazil Exchange Visa Assistance | Immigrate to Brazil,"Monique Fernandes helps exchange participants, trainees, sponsors, and host institutions understand whether the exchange visa route is the right fit, how the route works, and what the next step may be in Brazil.","Monique Fernandes helps exchange participants, trainees, sponsors, and host institutions understand whether the exchange visa route is the right fit, how the route works, and what the next step may be in Brazil.",Exchange Visa,Brazil Exchange Visa Assistance
https://immigratetobrazil.com/services/visas/family/,services/visas/family/index.html,Family Visa | Brazil Immigration Services | Immigrate to Brazil,Brazil Family Reunion Visa Assistance | Immigrate to Brazil,"Monique Fernandes helps spouses, partners, parents, children, and family-based applicants understand whether the family visa route is the right fit, how the route works, and what the next step may be in Brazil.","Monique Fernandes helps spouses, partners, parents, children, and family-based applicants understand whether the family visa route is the right fit, how the route works, and what the next step may be in Brazil.",Family Visa,Brazil Family Reunion Visa Assistance
https://immigratetobrazil.com/services/visas/humanitarian/,services/visas/humanitarian/index.html,Humanitarian Visa | Brazil Immigration Services | Immigrate to Brazil,Brazil Humanitarian Visa Assistance | Immigrate to Brazil,"Monique Fernandes helps people in vulnerable situations and clients reviewing humanitarian protection or relief-based entry understand whether the humanitarian visa route is the right fit, how the route works, and what the next step may be in Brazil.","Monique Fernandes helps people in vulnerable situations and clients reviewing humanitarian protection or relief-based entry understand whether the humanitarian visa route is the right fit, how the route works, and what the next step may be in Brazil.",Humanitarian Visa,Brazil Humanitarian Visa Assistance
https://immigratetobrazil.com/services/visas/investor/,services/visas/investor/index.html,Investor Visa | Brazil Immigration Services | Immigrate to Brazil,Brazil Investor Visa Assistance | Immigrate to Brazil,"Monique Fernandes helps investors, entrepreneurs, founders, and business-linked applicants understand whether the investor visa route is the right fit, how the route works, and what the next step may be in Brazil.","Monique Fernandes helps investors, entrepreneurs, founders, and business-linked applicants understand whether the investor visa route is the right fit, how the route works, and what the next step may be in Brazil.",Investor Visa,Brazil Investor Visa Assistance
https://immigratetobrazil.com/services/visas/journalist/,services/visas/journalist/index.html,Journalist Visa | Brazil Immigration Services | Immigrate to Brazil,Brazil Journalism Visa Assistance | Immigrate to Brazil,"Monique Fernandes helps journalists, media professionals, production teams, and sponsoring organizations understand whether the journalist visa route is the right fit, how the route works, and what the next step may be in Brazil.","Monique Fernandes helps journalists, media professionals, production teams, and sponsoring organizations understand whether the journalist visa route is the right fit, how the route works, and what the next step may be in Brazil.",Journalist Visa,Brazil Journalism Visa Assistance
https://immigratetobrazil.com/services/visas/medical/,services/visas/medical/index.html,Medical Visa | Brazil Immigration Services | Immigrate to Brazil,Brazil Medical Treatment Visa Assistance | Immigrate to Brazil,"Monique Fernandes helps patients, caregivers, and families managing health-related travel understand whether the medical visa route is the right fit, how the route works, and what the next step may be in Brazil.","Monique Fernandes helps patients, caregivers, and families managing health-related travel understand whether the medical visa route is the right fit, how the route works, and what the next step may be in Brazil.",Medical Visa,Brazil Medical Treatment Visa Assistance
https://immigratetobrazil.com/services/visas/nomad/,services/visas/nomad/index.html,Nomad Visa | Brazil Immigration Services | Immigrate to Brazil,Brazil Digital Nomad Visa Assistance | Immigrate to Brazil,"Monique Fernandes helps remote workers, online business owners, and location-independent professionals understand whether the nomad visa route is the right fit, how the route works, and what the next step may be in Brazil.","Planning remote work from Brazil? Discuss digital nomad visa preparation, consular applications and supporting documents with Monique Fernandes.",Nomad Visa,Brazil Digital Nomad Visa Assistance
https://immigratetobrazil.com/services/visas/religious/,services/visas/religious/index.html,Religious Visa | Brazil Immigration Services | Immigrate to Brazil,Brazil Religious Activity Visa Assistance | Immigrate to Brazil,"Monique Fernandes helps religious workers, missionaries, faith communities, and sponsoring organizations understand whether the religious visa route is the right fit, how the route works, and what the next step may be in Brazil.","Monique Fernandes helps religious workers, missionaries, faith communities, and sponsoring organizations understand whether the religious visa route is the right fit, how the route works, and what the next step may be in Brazil.",Religious Visa,Brazil Religious Activity Visa Assistance
https://immigratetobrazil.com/services/visas/research/,services/visas/research/index.html,Research Visa | Brazil Immigration Services | Immigrate to Brazil,Brazil Research Visa Assistance | Immigrate to Brazil,"Monique Fernandes helps researchers, academics, institutions, and sponsored participants understand whether the research visa route is the right fit, how the route works, and what the next step may be in Brazil.","Monique Fernandes helps researchers, academics, institutions, and sponsored participants understand whether the research visa route is the right fit, how the route works, and what the next step may be in Brazil.",Research Visa,Brazil Research Visa Assistance
https://immigratetobrazil.com/services/visas/retiree/,services/visas/retiree/index.html,Retiree Visa | Brazil Immigration Services | Immigrate to Brazil,Brazil Retirement Visa Assistance | Immigrate to Brazil,"Monique Fernandes helps retirees, couples, and families planning longer-term retirement life understand whether the retiree visa route is the right fit, how the route works, and what the next step may be in Brazil.","Monique Fernandes helps retirees, couples, and families planning longer-term retirement life understand whether the retiree visa route is the right fit, how the route works, and what the next step may be in Brazil.",Retiree Visa,Brazil Retirement Visa Assistance
https://immigratetobrazil.com/services/visas/sports/,services/visas/sports/index.html,Sports Visa | Brazil Immigration Services | Immigrate to Brazil,Brazil Sports Activity Visa Assistance | Immigrate to Brazil,"Monique Fernandes helps athletes, coaches, clubs, agents, and sports organizations understand whether the sports visa route is the right fit, how the route works, and what the next step may be in Brazil.","Monique Fernandes helps athletes, coaches, clubs, agents, and sports organizations understand whether the sports visa route is the right fit, how the route works, and what the next step may be in Brazil.",Sports Visa,Brazil Sports Activity Visa Assistance
https://immigratetobrazil.com/services/visas/startup/,services/visas/startup/index.html,Startup Visa | Brazil Immigration Services | Immigrate to Brazil,Brazil Immigration Planning for Entrepreneurs | Immigrate to Brazil,"Monique Fernandes helps founders, entrepreneurs, startup teams, and innovation-focused applicants understand whether the startup visa route is the right fit, how the route works, and what the next step may be in Brazil.","Monique Fernandes helps founders, entrepreneurs, startup teams, and innovation-focused applicants understand whether the startup visa route is the right fit, how the route works, and what the next step may be in Brazil.",Startup Visa,Brazil Immigration Planning for Entrepreneurs
https://immigratetobrazil.com/services/visas/student/,services/visas/student/index.html,Student Visa | Brazil Immigration Services | Immigrate to Brazil,Brazil Student Visa Assistance | Immigrate to Brazil,"Monique Fernandes helps students, trainees, and families planning study-based entry understand whether the student visa route is the right fit, how the route works, and what the next step may be in Brazil.","Monique Fernandes helps students, trainees, and families planning study-based entry understand whether the student visa route is the right fit, how the route works, and what the next step may be in Brazil.",Student Visa,Brazil Student Visa Assistance
https://immigratetobrazil.com/services/visas/tourist/,services/visas/tourist/index.html,Tourist Visa | Brazil Immigration Services | Immigrate to Brazil,Brazil Tourist Visa Assistance | Immigrate to Brazil,"Monique Fernandes helps travelers, visitors, and clients reviewing short-stay plans understand whether the tourist visa route is the right fit, how the route works, and what the next step may be in Brazil.","Monique Fernandes helps travelers, visitors, and clients reviewing short-stay plans understand whether the tourist visa route is the right fit, how the route works, and what the next step may be in Brazil.",Tourist Visa,Brazil Tourist Visa Assistance
https://immigratetobrazil.com/services/visas/transit/,services/visas/transit/index.html,Transit Visa | Brazil Immigration Services | Immigrate to Brazil,Brazil Transit Visa Assistance | Immigrate to Brazil,"Monique Fernandes helps travelers, families, and coordinators reviewing transit or passage through Brazil understand whether the transit visa route is the right fit, how the route works, and what the next step may be in Brazil.","Monique Fernandes helps travelers, families, and coordinators reviewing transit or passage through Brazil understand whether the transit visa route is the right fit, how the route works, and what the next step may be in Brazil.",Transit Visa,Brazil Transit Visa Assistance
https://immigratetobrazil.com/services/visas/volunteer/,services/visas/volunteer/index.html,Volunteer Visa | Brazil Immigration Services | Immigrate to Brazil,Brazil Volunteer Visa Assistance | Immigrate to Brazil,"Monique Fernandes helps volunteers, host organizations, and clients planning short-term volunteer-based entry understand whether the volunteer visa route is the right fit, how the route works, and what the next step may be in Brazil.","Monique Fernandes helps volunteers, host organizations, and clients planning short-term volunteer-based entry understand whether the volunteer visa route is the right fit, how the route works, and what the next step may be in Brazil.",Volunteer Visa,Brazil Volunteer Visa Assistance
https://immigratetobrazil.com/services/visas/work/,services/visas/work/index.html,Work Visa | Brazil Immigration Services | Immigrate to Brazil,Brazil Work Visa Assistance | Immigrate to Brazil,"Monique Fernandes helps professionals, employers, and sponsored workers understand whether the work visa route is the right fit, how the route works, and what the next step may be in Brazil.","Monique Fernandes helps professionals, employers, and sponsored workers understand whether the work visa route is the right fit, how the route works, and what the next step may be in Brazil.",Work Visa,Brazil Work Visa Assistance
https://immigratetobrazil.com/sitemap.html,sitemap.html,Immigrate to Brazil HTML Sitemap,Immigrate to Brazil Sitemap,,"Browse the English and Portuguese pages of Immigrate to Brazil: immigration services, practical guides, professional information and contact details.",Immigrate to Brazil Sitemap,Immigrate to Brazil Sitemap
https://immigratetobrazil.com/start-consultation/,start-consultation/index.html,Start Consultation | Immigrate to Brazil | Immigrate to Brazil,Request a Brazil Immigration Consultation | Immigrate to Brazil,"How to send the first summary of your matter, pay correctly, and move into a structured first review.",Request an immigration consultation with Monique Fernandes. Explain your situation and review the payment and written-confirmation steps before booking.,Request a Consultation,Request a Brazil Immigration Consultation
