family,route,page_title,section_index,section_id,section_title,selected_option,asset_folder,asset_filename,asset_public_path,scene,alt,description
foundation,/,Home,1,topic-immigration-pathways-overview,Immigration pathways overview,a,assets/images/sections/home/section-01-immigration-pathways-overview,home-section-01-immigration-pathways-overview-sunrise-amazonas-manaus-northern-brazil-bg-primary.webp,/assets/images/sections/home/section-01-immigration-pathways-overview/home-section-01-immigration-pathways-overview-sunrise-amazonas-manaus-northern-brazil-bg-primary.webp,the sunrise landscape of Teatro Amazonas in Manaus,the sunrise landscape of Teatro Amazonas in Manaus.,Background image of the sunrise landscape of Teatro Amazonas in Manaus for Brazil immigration and relocation planning.
foundation,/,Home,2,topic-consultation-flow,Consultation flow,a,assets/images/sections/home/section-02-consultation-flow,home-section-02-consultation-flow-paulo-skyline-avenida-paulista-brazil-bg-primary.webp,/assets/images/sections/home/section-02-consultation-flow/home-section-02-consultation-flow-paulo-skyline-avenida-paulista-brazil-bg-primary.webp,Sao Paulo,Sao Paulo.,Background image of Sao Paulo for Brazil immigration and relocation planning.
foundation,/,Home,3,topic-trust-markers,Trust markers,a,assets/images/sections/home/section-03-trust-markers,home-section-03-trust-markers-streets-cathedral-canela-grande-brazil-bg-primary.webp,/assets/images/sections/home/section-03-trust-markers/home-section-03-trust-markers-streets-cathedral-canela-grande-brazil-bg-primary.webp,the architecture and streets of Cathedral of Canela,the architecture and streets of Cathedral of Canela.,Background image of the architecture and streets of Cathedral of Canela for Brazil immigration and relocation planning.
foundation,/,Home,4,topic-nationwide-online-support,Nationwide online support,a,assets/images/sections/home/section-04-nationwide-online-support,home-section-04-nationwide-online-support-coastline-rosa-santa-catarina-brazil-bg-primary.webp,/assets/images/sections/home/section-04-nationwide-online-support/home-section-04-nationwide-online-support-coastline-rosa-santa-catarina-brazil-bg-primary.webp,the bay and coastline of Praia do Rosa,the bay and coastline of Praia do Rosa.,Background image of the bay and coastline of Praia do Rosa for Brazil immigration and relocation planning.
foundation,/,Home,5,topic-service-categories,Service categories,a,assets/images/sections/home/section-05-service-categories,home-section-05-service-categories-sunrise-marajo-island-riverfront-brazil-bg-primary.webp,/assets/images/sections/home/section-05-service-categories/home-section-05-service-categories-sunrise-marajo-island-riverfront-brazil-bg-primary.webp,the sunrise landscape of Marajo Island riverfront,the sunrise landscape of Marajo Island riverfront.,Background image of the sunrise landscape of Marajo Island riverfront for Brazil immigration and relocation planning.
foundation,/,Home,6,topic-official-resource-orientation,Official-resource orientation,a,assets/images/sections/home/section-06-official-resource-orientation,home-section-06-official-resource-orientation-cerrado-aguas-emendadas-ecological-brazil-bg-primary.webp,/assets/images/sections/home/section-06-official-resource-orientation/home-section-06-official-resource-orientation-cerrado-aguas-emendadas-ecological-brazil-bg-primary.webp,the cerrado landscape of Aguas Emendadas,the cerrado landscape of Aguas Emendadas.,Background image of the cerrado landscape of Aguas Emendadas for Brazil immigration and relocation planning.
foundation,/,Home,7,topic-process-and-compliance-framing,Process and compliance framing,a,assets/images/sections/home/section-07-process-and-compliance-framing,home-section-07-process-and-compliance-framing-canyons-lake-scenery-capitolio-brazil-bg-primary.webp,/assets/images/sections/home/section-07-process-and-compliance-framing/home-section-07-process-and-compliance-framing-canyons-lake-scenery-capitolio-brazil-bg-primary.webp,the canyons and lake scenery of Capitolio,the canyons and lake scenery of Capitolio.,Background image of the canyons and lake scenery of Capitolio for Brazil immigration and relocation planning.
about,/about/,About,1,section-1-overview,Overview,a,assets/images/sections/about/section-01-overview,about-section-01-overview-cliffs-valleys-chapada-guimaraes-brazil-bg-primary.webp,/assets/images/sections/about/section-01-overview/about-section-01-overview-cliffs-valleys-chapada-guimaraes-brazil-bg-primary.webp,the cliffs and valleys of Chapada dos Guimaraes,the cliffs and valleys of Chapada dos Guimaraes.,Background image of the cliffs and valleys of Chapada dos Guimaraes for Brazil immigration and relocation planning.
about,/about/,About,2,section-2-explore-the-company,Explore the company,a,assets/images/sections/about/section-02-explore-the-company,about-section-02-explore-the-company-fortaleza-beira-coastline-ceara-brazil-bg-primary.webp,/assets/images/sections/about/section-02-explore-the-company/about-section-02-explore-the-company-fortaleza-beira-coastline-ceara-brazil-bg-primary.webp,Fortaleza and the Beira Mar coastline,Fortaleza and the Beira Mar coastline.,Background image of Fortaleza and the Beira Mar coastline for Brazil immigration and relocation planning.
about,/about/,About,3,section-3-how-this-family-is-organized,How this family is organized,a,assets/images/sections/about/section-03-how-this-family-is-organized,about-section-03-how-this-family-is-organized-islands-waterways-anavilhanas-archipelago-brazil-bg-primary.webp,/assets/images/sections/about/section-03-how-this-family-is-organized/about-section-03-how-this-family-is-organized-islands-waterways-anavilhanas-archipelago-brazil-bg-primary.webp,the islands and waterways of Anavilhanas,the islands and waterways of Anavilhanas.,Background image of the islands and waterways of Anavilhanas for Brazil immigration and relocation planning.
about,/about/about/,About,1,section-1-overview,Overview,a,assets/images/sections/about/about/section-01-overview,about-section-01-overview-waterfront-skyline-aguas-emendadas-brazil-bg-primary.webp,/assets/images/sections/about/about/section-01-overview/about-section-01-overview-waterfront-skyline-aguas-emendadas-brazil-bg-primary.webp,the waterfront and skyline of Aguas Emendadas ecological station,the waterfront and skyline of Aguas Emendadas ecological station.,Background image of the waterfront and skyline of Aguas Emendadas ecological station for Brazil immigration and relocation planning.
about,/about/about/,About,2,section-2-why-we-exist,Why We Exist,a,assets/images/sections/about/about/section-02-why-we-exist,about-section-02-why-we-exist-beaches-alter-chao-tapajos-brazil-bg-primary.webp,/assets/images/sections/about/about/section-02-why-we-exist/about-section-02-why-we-exist-beaches-alter-chao-tapajos-brazil-bg-primary.webp,the beaches of Alter do Chao on the Tapajos River,the beaches of Alter do Chao on the Tapajos River.,Background image of the beaches of Alter do Chao on the Tapajos River for Brazil immigration and relocation planning.
about,/about/about/,About,3,section-3-what-we-do,What We Do,a,assets/images/sections/about/about/section-03-what-we-do,about-section-03-what-we-do-botanical-garden-curitiba-parana-brazil-bg-primary.webp,/assets/images/sections/about/about/section-03-what-we-do/about-section-03-what-we-do-botanical-garden-curitiba-parana-brazil-bg-primary.webp,the Botanical Garden of Curitiba,the Botanical Garden of Curitiba.,Background image of the Botanical Garden of Curitiba for Brazil immigration and relocation planning.
about,/about/about/,About,4,section-4-how-we-work,How We Work,a,assets/images/sections/about/about/section-04-how-we-work,about-section-04-how-we-work-guaiba-waterfront-porto-alegre-brazil-bg-primary.webp,/assets/images/sections/about/about/section-04-how-we-work/about-section-04-how-we-work-guaiba-waterfront-porto-alegre-brazil-bg-primary.webp,the Guaiba waterfront in Porto Alegre,the Guaiba waterfront in Porto Alegre.,Background image of the Guaiba waterfront in Porto Alegre for Brazil immigration and relocation planning.
about,/about/about/,About,5,section-5-our-focus-on-brazil,Our Focus on Brazil,a,assets/images/sections/about/about/section-05-our-focus-on-brazil,about-section-05-our-focus-on-brazil-paraty-waterfront-janeiro-southeast-brazil-bg-primary.webp,/assets/images/sections/about/about/section-05-our-focus-on-brazil/about-section-05-our-focus-on-brazil-paraty-waterfront-janeiro-southeast-brazil-bg-primary.webp,Paraty,Paraty.,Background image of Paraty for Brazil immigration and relocation planning.
about,/about/about/,About,6,section-6-legal-integration,Legal Integration,a,assets/images/sections/about/about/section-06-legal-integration,about-section-06-legal-integration-skyline-civic-spaces-bridge-brazil-bg-primary.webp,/assets/images/sections/about/about/section-06-legal-integration/about-section-06-legal-integration-skyline-civic-spaces-bridge-brazil-bg-primary.webp,the skyline and civic spaces of JK Bridge in Brasilia,the skyline and civic spaces of JK Bridge in Brasilia.,Background image of the skyline and civic spaces of JK Bridge in Brasilia for Brazil immigration and relocation planning.
about,/about/about/,About,7,section-7-our-approach-to-communication,Our Approach to Communication,a,assets/images/sections/about/about/section-07-our-approach-to-communication,about-section-07-our-approach-to-communication-jericoacoara-ceara-northeast-brazil-bg-primary.webp,/assets/images/sections/about/about/section-07-our-approach-to-communication/about-section-07-our-approach-to-communication-jericoacoara-ceara-northeast-brazil-bg-primary.webp,the dunes and lagoons of Jericoacoara,the dunes and lagoons of Jericoacoara.,Background image of the dunes and lagoons of Jericoacoara for Brazil immigration and relocation planning.
about,/about/about/,About,8,section-8-international-perspective,International Perspective,a,assets/images/sections/about/about/section-08-international-perspective,about-section-08-international-perspective-janeiro-skyline-sugarloaf-guanabara-brazil-bg-primary.webp,/assets/images/sections/about/about/section-08-international-perspective/about-section-08-international-perspective-janeiro-skyline-sugarloaf-guanabara-brazil-bg-primary.webp,Rio de Janeiro,Rio de Janeiro.,Background image of Rio de Janeiro for Brazil immigration and relocation planning.
about,/about/about/,About,9,section-9-what-defines-us,What Defines Us,a,assets/images/sections/about/about/section-09-what-defines-us,about-section-09-what-defines-us-shoreline-janeiro-skyline-sugarloaf-brazil-bg-primary.webp,/assets/images/sections/about/about/section-09-what-defines-us/about-section-09-what-defines-us-shoreline-janeiro-skyline-sugarloaf-brazil-bg-primary.webp,the shoreline of Rio de Janeiro skyline from Sugarloaf Mountain in warm evening light,the shoreline of Rio de Janeiro skyline from Sugarloaf Mountain in warm evening light.,Background image of the shoreline of Rio de Janeiro skyline from Sugarloaf Mountain in warm evening light for Brazil immigration and relocation planning.
about,/about/about/,About,10,section-10-what-you-can-expect,What You Can Expect,a,assets/images/sections/about/about/section-10-what-you-can-expect,about-section-10-what-you-can-expect-indigenous-nations-campo-grande-brazil-bg-primary.webp,/assets/images/sections/about/about/section-10-what-you-can-expect/about-section-10-what-you-can-expect-indigenous-nations-campo-grande-brazil-bg-primary.webp,the Park of Indigenous Nations in Campo Grande,the Park of Indigenous Nations in Campo Grande.,Background image of the Park of Indigenous Nations in Campo Grande for Brazil immigration and relocation planning.
about,/about/clients/,Clients,1,section-1-overview,Overview,a,assets/images/sections/about/clients/section-01-overview,clients-section-01-overview-natural-negro-palace-manaus-brazil-bg-primary.webp,/assets/images/sections/about/clients/section-01-overview/clients-section-01-overview-natural-negro-palace-manaus-brazil-bg-primary.webp,the wide natural landscape of Rio Negro Palace in Manaus,the wide natural landscape of Rio Negro Palace in Manaus.,Background image of the wide natural landscape of Rio Negro Palace in Manaus for Brazil immigration and relocation planning.
about,/about/clients/,Clients,2,section-2-individuals-applying-for-brazil-visas,Individuals Applying for Brazil Visas,a,assets/images/sections/about/clients/section-02-individuals-applying-for-brazil-visas,clients-section-02-individuals-applying-for-brazil-visas-skyline-waterfront-balneario-camboriu-brazil-bg-primary.webp,/assets/images/sections/about/clients/section-02-individuals-applying-for-brazil-visas/clients-section-02-individuals-applying-for-brazil-visas-skyline-waterfront-balneario-camboriu-brazil-bg-primary.webp,the skyline and waterfront of Balneario Camboriu,the skyline and waterfront of Balneario Camboriu.,Background image of the skyline and waterfront of Balneario Camboriu for Brazil immigration and relocation planning.
about,/about/clients/,Clients,3,section-3-residency-and-regularisation-clients,Residency and Regularisation Clients,a,assets/images/sections/about/clients/section-03-residency-and-regularisation-clients,clients-section-03-residency-and-regularisation-clients-shoreline-balneario-camboriu-skyline-brazil-bg-primary.webp,/assets/images/sections/about/clients/section-03-residency-and-regularisation-clients/clients-section-03-residency-and-regularisation-clients-shoreline-balneario-camboriu-skyline-brazil-bg-primary.webp,the shoreline of Balneario Camboriu skyline in warm evening light,the shoreline of Balneario Camboriu skyline in warm evening light.,Background image of the shoreline of Balneario Camboriu skyline in warm evening light for Brazil immigration and relocation planning.
about,/about/clients/,Clients,4,section-4-naturalisation-and-nationality-pathways,Naturalisation and Nationality Pathways,a,assets/images/sections/about/clients/section-04-naturalisation-and-nationality-pathways,clients-section-04-naturalisation-and-nationality-pathways-sunrise-amazonas-manaus-northern-brazil-bg-primary.webp,/assets/images/sections/about/clients/section-04-naturalisation-and-nationality-pathways/clients-section-04-naturalisation-and-nationality-pathways-sunrise-amazonas-manaus-northern-brazil-bg-primary.webp,the sunrise landscape of Teatro Amazonas in Manaus,the sunrise landscape of Teatro Amazonas in Manaus.,Background image of the sunrise landscape of Teatro Amazonas in Manaus for Brazil immigration and relocation planning.
about,/about/clients/,Clients,5,section-5-family-based-immigration-and-reunification,Family-Based Immigration and Reunification,a,assets/images/sections/about/clients/section-05-family-based-immigration-and-reunification,clients-section-05-family-based-immigration-and-reunification-sunrise-botanical-garden-curitiba-brazil-bg-primary.webp,/assets/images/sections/about/clients/section-05-family-based-immigration-and-reunification/clients-section-05-family-based-immigration-and-reunification-sunrise-botanical-garden-curitiba-brazil-bg-primary.webp,the sunrise landscape of Botanical Garden of Curitiba,the sunrise landscape of Botanical Garden of Curitiba.,Background image of the sunrise landscape of Botanical Garden of Curitiba for Brazil immigration and relocation planning.
about,/about/clients/,Clients,6,section-6-digital-nomads-and-remote-professionals,Digital Nomads and Remote Professionals,a,assets/images/sections/about/clients/section-06-digital-nomads-and-remote-professionals,clients-section-06-digital-nomads-and-remote-professionals-cerrado-aguas-emendadas-ecological-brazil-bg-primary.webp,/assets/images/sections/about/clients/section-06-digital-nomads-and-remote-professionals/clients-section-06-digital-nomads-and-remote-professionals-cerrado-aguas-emendadas-ecological-brazil-bg-primary.webp,the cerrado landscape of Aguas Emendadas,the cerrado landscape of Aguas Emendadas.,Background image of the cerrado landscape of Aguas Emendadas for Brazil immigration and relocation planning.
about,/about/clients/,Clients,7,section-7-entrepreneurs-investors-and-business-owners,"Entrepreneurs, Investors, and Business Owners",a,assets/images/sections/about/clients/section-07-entrepreneurs-investors-and-business-owners,clients-section-07-entrepreneurs-investors-and-business-owners-streets-cathedral-brasilia-modern-brazil-bg-primary.webp,/assets/images/sections/about/clients/section-07-entrepreneurs-investors-and-business-owners/clients-section-07-entrepreneurs-investors-and-business-owners-streets-cathedral-brasilia-modern-brazil-bg-primary.webp,the architecture and streets of Cathedral of Brasilia,the architecture and streets of Cathedral of Brasilia.,Background image of the architecture and streets of Cathedral of Brasilia for Brazil immigration and relocation planning.
about,/about/clients/,Clients,8,section-8-legal-defence-and-complex-situations,Legal Defence and Complex Situations,a,assets/images/sections/about/clients/section-08-legal-defence-and-complex-situations,clients-section-08-legal-defence-and-complex-situations-civic-avenues-goiania-goias-brazil-bg-primary.webp,/assets/images/sections/about/clients/section-08-legal-defence-and-complex-situations/clients-section-08-legal-defence-and-complex-situations-civic-avenues-goiania-goias-brazil-bg-primary.webp,the civic center and avenues of Goiania,the civic center and avenues of Goiania.,Background image of the civic center and avenues of Goiania for Brazil immigration and relocation planning.
about,/about/clients/,Clients,9,section-9-cross-border-and-multi-jurisdiction-clients,Cross-Border and Multi-Jurisdiction Clients,a,assets/images/sections/about/clients/section-09-cross-border-and-multi-jurisdiction-clients,clients-section-09-cross-border-and-multi-jurisdiction-clients-streets-aguas-emendadas-ecological-brazil-bg-primary.webp,/assets/images/sections/about/clients/section-09-cross-border-and-multi-jurisdiction-clients/clients-section-09-cross-border-and-multi-jurisdiction-clients-streets-aguas-emendadas-ecological-brazil-bg-primary.webp,the architecture and streets of Aguas Emendadas ecological station,the architecture and streets of Aguas Emendadas ecological station.,Background image of the architecture and streets of Aguas Emendadas ecological station for Brazil immigration and relocation planning.
about,/about/clients/,Clients,10,section-10-clients-who-value-structure-clarity-and-bilingual-support,"Clients Who Value Structure, Clarity, and Bilingual Support",a,assets/images/sections/about/clients/section-10-clients-who-value-structure-clarity-and-bilingual-support,clients-section-10-clients-who-value-structure-clarity-and-bilingual-support-waterfront-skyline-parque-povo-brazil-bg-primary.webp,/assets/images/sections/about/clients/section-10-clients-who-value-structure-clarity-and-bilingual-support/clients-section-10-clients-who-value-structure-clarity-and-bilingual-support-waterfront-skyline-parque-povo-brazil-bg-primary.webp,the waterfront and skyline of Parque do Povo in Campina Grande,the waterfront and skyline of Parque do Povo in Campina Grande.,Background image of the waterfront and skyline of Parque do Povo in Campina Grande for Brazil immigration and relocation planning.
about,/about/ethics/,Ethics,1,section-1-overview,Overview,a,assets/images/sections/about/ethics/section-01-overview,ethics-section-01-overview-indigenous-nations-campo-grande-brazil-bg-primary.webp,/assets/images/sections/about/ethics/section-01-overview/ethics-section-01-overview-indigenous-nations-campo-grande-brazil-bg-primary.webp,the Park of Indigenous Nations in Campo Grande,the Park of Indigenous Nations in Campo Grande.,Background image of the Park of Indigenous Nations in Campo Grande for Brazil immigration and relocation planning.
about,/about/ethics/,Ethics,2,section-2-honest-positioning-in-brazil-immigration,Honest Positioning in Brazil Immigration,a,assets/images/sections/about/ethics/section-02-honest-positioning-in-brazil-immigration,ethics-section-02-honest-positioning-in-brazil-immigration-coastline-water-arraial-ajuda-brazil-bg-primary.webp,/assets/images/sections/about/ethics/section-02-honest-positioning-in-brazil-immigration/ethics-section-02-honest-positioning-in-brazil-immigration-coastline-water-arraial-ajuda-brazil-bg-primary.webp,the wide coastline and water of Arraial d'Ajuda coastline,the wide coastline and water of Arraial d'Ajuda coastline.,Background image of the wide coastline and water of Arraial d'Ajuda coastline for Brazil immigration and relocation planning.
about,/about/ethics/,Ethics,3,section-3-respect-for-each-immigration-situation,Respect for Each Immigration Situation,a,assets/images/sections/about/ethics/section-03-respect-for-each-immigration-situation,ethics-section-03-respect-for-each-immigration-situation-shoreline-janeiro-skyline-sugarloaf-brazil-bg-primary.webp,/assets/images/sections/about/ethics/section-03-respect-for-each-immigration-situation/ethics-section-03-respect-for-each-immigration-situation-shoreline-janeiro-skyline-sugarloaf-brazil-bg-primary.webp,the shoreline of Rio de Janeiro skyline from Sugarloaf Mountain in warm evening light,the shoreline of Rio de Janeiro skyline from Sugarloaf Mountain in warm evening light.,Background image of the shoreline of Rio de Janeiro skyline from Sugarloaf Mountain in warm evening light for Brazil immigration and relocation planning.
about,/about/ethics/,Ethics,4,section-4-responsible-guidance-across-services,Responsible Guidance Across Services,a,assets/images/sections/about/ethics/section-04-responsible-guidance-across-services,ethics-section-04-responsible-guidance-across-services-manaus-amazonas-northern-mission-brazil-bg-primary.webp,/assets/images/sections/about/ethics/section-04-responsible-guidance-across-services/ethics-section-04-responsible-guidance-across-services-manaus-amazonas-northern-mission-brazil-bg-primary.webp,Manaus,Manaus.,Background image of Manaus for Brazil immigration and relocation planning.
about,/about/ethics/,Ethics,5,section-5-clear-scope-across-advisory-and-legal-work,Clear Scope Across Advisory and Legal Work,a,assets/images/sections/about/ethics/section-05-clear-scope-across-advisory-and-legal-work,ethics-section-05-clear-scope-across-advisory-and-legal-work-facades-joao-minas-gerais-brazil-bg-primary.webp,/assets/images/sections/about/ethics/section-05-clear-scope-across-advisory-and-legal-work/ethics-section-05-clear-scope-across-advisory-and-legal-work-facades-joao-minas-gerais-brazil-bg-primary.webp,the heritage facades of Sao Joao del Rei,the heritage facades of Sao Joao del Rei.,Background image of the heritage facades of Sao Joao del Rei for Brazil immigration and relocation planning.
about,/about/ethics/,Ethics,6,section-6-respect-for-brazilian-immigration-law,Respect for Brazilian Immigration Law,a,assets/images/sections/about/ethics/section-06-respect-for-brazilian-immigration-law,ethics-section-06-respect-for-brazilian-immigration-law-avenida-paulista-paulo-avenue-brazil-bg-primary.webp,/assets/images/sections/about/ethics/section-06-respect-for-brazilian-immigration-law/ethics-section-06-respect-for-brazilian-immigration-law-avenida-paulista-paulo-avenue-brazil-bg-primary.webp,Avenida Paulista in Sao Paulo,Avenida Paulista in Sao Paulo.,Background image of Avenida Paulista in Sao Paulo for Brazil immigration and relocation planning.
about,/about/ethics/,Ethics,7,section-7-confidentiality-in-immigration-and-legal-matters,Confidentiality in Immigration and Legal Matters,a,assets/images/sections/about/ethics/section-07-confidentiality-in-immigration-and-legal-matters,ethics-section-07-confidentiality-in-immigration-and-legal-matters-palacio-alvorada-brasilia-central-brazil-bg-primary.webp,/assets/images/sections/about/ethics/section-07-confidentiality-in-immigration-and-legal-matters/ethics-section-07-confidentiality-in-immigration-and-legal-matters-palacio-alvorada-brasilia-central-brazil-bg-primary.webp,the Palacio da Alvorada in Brasilia,the Palacio da Alvorada in Brasilia.,Background image of the Palacio da Alvorada in Brasilia for Brazil immigration and relocation planning.
about,/about/ethics/,Ethics,8,section-8-fair-and-consistent-handling-across-cases,Fair and Consistent Handling Across Cases,a,assets/images/sections/about/ethics/section-08-fair-and-consistent-handling-across-cases,ethics-section-08-fair-and-consistent-handling-across-cases-coastline-atlantic-ubatuba-paulo-brazil-bg-primary.webp,/assets/images/sections/about/ethics/section-08-fair-and-consistent-handling-across-cases/ethics-section-08-fair-and-consistent-handling-across-cases-coastline-atlantic-ubatuba-paulo-brazil-bg-primary.webp,the coastline and Atlantic forest of Ubatuba,the coastline and Atlantic forest of Ubatuba.,Background image of the coastline and Atlantic forest of Ubatuba for Brazil immigration and relocation planning.
about,/about/ethics/,Ethics,9,section-9-transparency-about-limitations-and-outcomes,Transparency About Limitations and Outcomes,a,assets/images/sections/about/ethics/section-09-transparency-about-limitations-and-outcomes,ethics-section-09-transparency-about-limitations-and-outcomes-canyons-aparados-serra-southern-brazil-bg-primary.webp,/assets/images/sections/about/ethics/section-09-transparency-about-limitations-and-outcomes/ethics-section-09-transparency-about-limitations-and-outcomes-canyons-aparados-serra-southern-brazil-bg-primary.webp,the canyons of Aparados da Serra,the canyons of Aparados da Serra.,Background image of the canyons of Aparados da Serra for Brazil immigration and relocation planning.
about,/about/ethics/,Ethics,10,section-10-ethics-in-practice-at-immigrate-to-brazil,Ethics in Practice at Immigrate to Brazil,a,assets/images/sections/about/ethics/section-10-ethics-in-practice-at-immigrate-to-brazil,ethics-section-10-ethics-in-practice-at-immigrate-to-brazil-canyons-lake-scenery-capitolio-brazil-bg-primary.webp,/assets/images/sections/about/ethics/section-10-ethics-in-practice-at-immigrate-to-brazil/ethics-section-10-ethics-in-practice-at-immigrate-to-brazil-canyons-lake-scenery-capitolio-brazil-bg-primary.webp,the canyons and lake scenery of Capitolio,the canyons and lake scenery of Capitolio.,Background image of the canyons and lake scenery of Capitolio for Brazil immigration and relocation planning.
about,/about/lawyer/,Lawyer,1,section-1-overview,Overview,a,assets/images/sections/about/lawyer/section-01-overview,lawyer-section-01-overview-shoreline-alter-chao-warm-brazil-bg-primary.webp,/assets/images/sections/about/lawyer/section-01-overview/lawyer-section-01-overview-shoreline-alter-chao-warm-brazil-bg-primary.webp,the shoreline of Alter do Chao in warm evening light,the shoreline of Alter do Chao in warm evening light.,Background image of the shoreline of Alter do Chao in warm evening light for Brazil immigration and relocation planning.
about,/about/lawyer/,Lawyer,2,section-2-professional-identity,Professional Identity,a,assets/images/sections/about/lawyer/section-02-professional-identity,lawyer-section-02-professional-identity-shoreline-bombinhas-peninsula-warm-brazil-bg-primary.webp,/assets/images/sections/about/lawyer/section-02-professional-identity/lawyer-section-02-professional-identity-shoreline-bombinhas-peninsula-warm-brazil-bg-primary.webp,the shoreline of Bombinhas peninsula in warm evening light,the shoreline of Bombinhas peninsula in warm evening light.,Background image of the shoreline of Bombinhas peninsula in warm evening light for Brazil immigration and relocation planning.
about,/about/lawyer/,Lawyer,3,section-3-areas-of-practice,Areas of Practice,a,assets/images/sections/about/lawyer/section-03-areas-of-practice,lawyer-section-03-areas-of-practice-coastline-water-baia-sancho-brazil-bg-primary.webp,/assets/images/sections/about/lawyer/section-03-areas-of-practice/lawyer-section-03-areas-of-practice-coastline-water-baia-sancho-brazil-bg-primary.webp,the wide coastline and water of Baia do Sancho in Fernando de Noronha,the wide coastline and water of Baia do Sancho in Fernando de Noronha.,Background image of the wide coastline and water of Baia do Sancho in Fernando de Noronha for Brazil immigration and relocation planning.
about,/about/lawyer/,Lawyer,4,section-4-approach-to-legal-work,Approach to Legal Work,a,assets/images/sections/about/lawyer/section-04-approach-to-legal-work,lawyer-section-04-approach-to-legal-work-curitiba-skyline-parana-southern-brazil-bg-primary.webp,/assets/images/sections/about/lawyer/section-04-approach-to-legal-work/lawyer-section-04-approach-to-legal-work-curitiba-skyline-parana-southern-brazil-bg-primary.webp,Curitiba,Curitiba.,Background image of Curitiba for Brazil immigration and relocation planning.
about,/about/lawyer/,Lawyer,5,section-5-documentation-and-case-integrity,Documentation and Case Integrity,a,assets/images/sections/about/lawyer/section-05-documentation-and-case-integrity,lawyer-section-05-documentation-and-case-integrity-cathedral-town-canela-grande-brazil-bg-primary.webp,/assets/images/sections/about/lawyer/section-05-documentation-and-case-integrity/lawyer-section-05-documentation-and-case-integrity-cathedral-town-canela-grande-brazil-bg-primary.webp,the cathedral and town center of Canela,the cathedral and town center of Canela.,Background image of the cathedral and town center of Canela for Brazil immigration and relocation planning.
about,/about/lawyer/,Lawyer,6,section-6-cross-border-legal-practice,Cross-Border Legal Practice,a,assets/images/sections/about/lawyer/section-06-cross-border-legal-practice,lawyer-section-06-cross-border-legal-practice-streets-fervedouro-jalapao-tocantins-brazil-bg-primary.webp,/assets/images/sections/about/lawyer/section-06-cross-border-legal-practice/lawyer-section-06-cross-border-legal-practice-streets-fervedouro-jalapao-tocantins-brazil-bg-primary.webp,the architecture and streets of Fervedouro in Jalapao,the architecture and streets of Fervedouro in Jalapao.,Background image of the architecture and streets of Fervedouro in Jalapao for Brazil immigration and relocation planning.
about,/about/lawyer/,Lawyer,7,section-7-communication-and-language,Communication and Language,a,assets/images/sections/about/lawyer/section-07-communication-and-language,lawyer-section-07-communication-and-language-coastline-water-janeiro-skyline-brazil-bg-primary.webp,/assets/images/sections/about/lawyer/section-07-communication-and-language/lawyer-section-07-communication-and-language-coastline-water-janeiro-skyline-brazil-bg-primary.webp,the wide coastline and water of Rio de Janeiro skyline from Sugarloaf Mountain,the wide coastline and water of Rio de Janeiro skyline from Sugarloaf Mountain.,Background image of the wide coastline and water of Rio de Janeiro skyline from Sugarloaf Mountain for Brazil immigration and relocation planning.
about,/about/lawyer/,Lawyer,8,section-8-professional-standards-and-ethics,Professional Standards and Ethics,a,assets/images/sections/about/lawyer/section-08-professional-standards-and-ethics,lawyer-section-08-professional-standards-and-ethics-petropolis-imperial-museum-district-brazil-bg-primary.webp,/assets/images/sections/about/lawyer/section-08-professional-standards-and-ethics/lawyer-section-08-professional-standards-and-ethics-petropolis-imperial-museum-district-brazil-bg-primary.webp,Petropolis and the imperial museum district,Petropolis and the imperial museum district.,Background image of Petropolis and the imperial museum district for Brazil immigration and relocation planning.
about,/about/lawyer/,Lawyer,9,section-9-method-of-case-handling,Method of Case Handling,a,assets/images/sections/about/lawyer/section-09-method-of-case-handling,lawyer-section-09-method-of-case-handling-shoreline-arraial-ajuda-coastline-brazil-bg-primary.webp,/assets/images/sections/about/lawyer/section-09-method-of-case-handling/lawyer-section-09-method-of-case-handling-shoreline-arraial-ajuda-coastline-brazil-bg-primary.webp,the shoreline of Arraial d'Ajuda coastline in warm evening light,the shoreline of Arraial d'Ajuda coastline in warm evening light.,Background image of the shoreline of Arraial d'Ajuda coastline in warm evening light for Brazil immigration and relocation planning.
about,/about/lawyer/,Lawyer,10,section-10-legal-work-in-practice,Legal Work in Practice,a,assets/images/sections/about/lawyer/section-10-legal-work-in-practice,lawyer-section-10-legal-work-in-practice-bridge-over-lake-paranoa-brazil-bg-primary.webp,/assets/images/sections/about/lawyer/section-10-legal-work-in-practice/lawyer-section-10-legal-work-in-practice-bridge-over-lake-paranoa-brazil-bg-primary.webp,the JK Bridge over Lake Paranoa,the JK Bridge over Lake Paranoa.,Background image of the JK Bridge over Lake Paranoa for Brazil immigration and relocation planning.
about,/about/mission/,Mission,1,section-1-overview,Overview,a,assets/images/sections/about/mission/section-01-overview,mission-section-01-overview-francisco-canyons-canions-alagoas-brazil-bg-primary.webp,/assets/images/sections/about/mission/section-01-overview/mission-section-01-overview-francisco-canyons-canions-alagoas-brazil-bg-primary.webp,the Sao Francisco river canyons,the Sao Francisco river canyons.,Background image of the Sao Francisco river canyons for Brazil immigration and relocation planning.
about,/about/mission/,Mission,2,section-2-defined-purpose,Defined Purpose,a,assets/images/sections/about/mission/section-02-defined-purpose,mission-section-02-defined-purpose-forests-waters-chapada-guimaraes-brazil-bg-primary.webp,/assets/images/sections/about/mission/section-02-defined-purpose/mission-section-02-defined-purpose-forests-waters-chapada-guimaraes-brazil-bg-primary.webp,the forests and waters of Chapada dos Guimaraes,the forests and waters of Chapada dos Guimaraes.,Background image of the forests and waters of Chapada dos Guimaraes for Brazil immigration and relocation planning.
about,/about/mission/,Mission,3,section-3-role-in-the-immigration-context,Role in the Immigration Context,a,assets/images/sections/about/mission/section-03-role-in-the-immigration-context,mission-section-03-role-in-the-immigration-context-cliffs-shore-morro-branco-brazil-bg-primary.webp,/assets/images/sections/about/mission/section-03-role-in-the-immigration-context/mission-section-03-role-in-the-immigration-context-cliffs-shore-morro-branco-brazil-bg-primary.webp,the cliffs and shore of Morro Branco,the cliffs and shore of Morro Branco.,Background image of the cliffs and shore of Morro Branco for Brazil immigration and relocation planning.
about,/about/mission/,Mission,4,section-4-approach-to-service-delivery,Approach to Service Delivery,a,assets/images/sections/about/mission/section-04-approach-to-service-delivery,mission-section-04-approach-to-service-delivery-shoreline-baia-sancho-fernando-brazil-bg-primary.webp,/assets/images/sections/about/mission/section-04-approach-to-service-delivery/mission-section-04-approach-to-service-delivery-shoreline-baia-sancho-fernando-brazil-bg-primary.webp,the shoreline of Baia do Sancho in Fernando de Noronha in warm evening light,the shoreline of Baia do Sancho in Fernando de Noronha in warm evening light.,Background image of the shoreline of Baia do Sancho in Fernando de Noronha in warm evening light for Brazil immigration and relocation planning.
about,/about/mission/,Mission,5,section-5-process-and-sequence,Process and Sequence,a,assets/images/sections/about/mission/section-05-process-and-sequence,mission-section-05-process-and-sequence-cerrado-emas-goias-central-brazil-bg-primary.webp,/assets/images/sections/about/mission/section-05-process-and-sequence/mission-section-05-process-and-sequence-cerrado-emas-goias-central-brazil-bg-primary.webp,the cerrado landscape of Emas National Park,the cerrado landscape of Emas National Park.,Background image of the cerrado landscape of Emas National Park for Brazil immigration and relocation planning.
about,/about/mission/,Mission,6,section-6-relationship-to-legal-frameworks,Relationship to Legal Frameworks,a,assets/images/sections/about/mission/section-06-relationship-to-legal-frameworks,mission-section-06-relationship-to-legal-frameworks-clear-springs-jalapao-fervedouro-brazil-bg-primary.webp,/assets/images/sections/about/mission/section-06-relationship-to-legal-frameworks/mission-section-06-relationship-to-legal-frameworks-clear-springs-jalapao-fervedouro-brazil-bg-primary.webp,the clear springs of Jalapao,the clear springs of Jalapao.,Background image of the clear springs of Jalapao for Brazil immigration and relocation planning.
about,/about/mission/,Mission,7,section-7-standards-of-care,Standards of Care,a,assets/images/sections/about/mission/section-07-standards-of-care,mission-section-07-standards-of-care-cabo-branco-seafront-joao-brazil-bg-primary.webp,/assets/images/sections/about/mission/section-07-standards-of-care/mission-section-07-standards-of-care-cabo-branco-seafront-joao-brazil-bg-primary.webp,the Cabo Branco seafront in Joao Pessoa,the Cabo Branco seafront in Joao Pessoa.,Background image of the Cabo Branco seafront in Joao Pessoa for Brazil immigration and relocation planning.
about,/about/mission/,Mission,8,section-8-cross-border-perspective,Cross-Border Perspective,a,assets/images/sections/about/mission/section-08-cross-border-perspective,mission-section-08-cross-border-perspective-beachfront-cliffs-canoa-quebrada-brazil-bg-primary.webp,/assets/images/sections/about/mission/section-08-cross-border-perspective/mission-section-08-cross-border-perspective-beachfront-cliffs-canoa-quebrada-brazil-bg-primary.webp,the beachfront and sea of Cliffs of Canoa Quebrada,the beachfront and sea of Cliffs of Canoa Quebrada.,Background image of the beachfront and sea of Cliffs of Canoa Quebrada for Brazil immigration and relocation planning.
about,/about/mission/,Mission,9,section-9-what-progress-looks-like,What progress looks like,a,assets/images/sections/about/mission/section-09-what-progress-looks-like,mission-section-09-what-progress-looks-like-valleys-plateaus-chapada-diamantina-brazil-bg-primary.webp,/assets/images/sections/about/mission/section-09-what-progress-looks-like/mission-section-09-what-progress-looks-like-valleys-plateaus-chapada-diamantina-brazil-bg-primary.webp,the valleys and plateaus of Chapada Diamantina,the valleys and plateaus of Chapada Diamantina.,Background image of the valleys and plateaus of Chapada Diamantina for Brazil immigration and relocation planning.
about,/about/mission/,Mission,10,section-10-mission-in-practice,Mission in practice,a,assets/images/sections/about/mission/section-10-mission-in-practice,mission-section-10-mission-in-practice-cliffs-coastline-pipa-grande-brazil-bg-primary.webp,/assets/images/sections/about/mission/section-10-mission-in-practice/mission-section-10-mission-in-practice-cliffs-coastline-pipa-grande-brazil-bg-primary.webp,the cliffs and coastline of Pipa,the cliffs and coastline of Pipa.,Background image of the cliffs and coastline of Pipa for Brazil immigration and relocation planning.
about,/about/philosophy/,Philosophy,1,section-1-overview,Overview,a,assets/images/sections/about/philosophy/section-01-overview,philosophy-section-01-overview-shoreline-estacao-docas-belem-brazil-bg-primary.webp,/assets/images/sections/about/philosophy/section-01-overview/philosophy-section-01-overview-shoreline-estacao-docas-belem-brazil-bg-primary.webp,the shoreline of Estacao das Docas in Belem in warm evening light,the shoreline of Estacao das Docas in Belem in warm evening light.,Background image of the shoreline of Estacao das Docas in Belem in warm evening light for Brazil immigration and relocation planning.
about,/about/philosophy/,Philosophy,2,section-2-clarity-before-action,Clarity Before Action,a,assets/images/sections/about/philosophy/section-02-clarity-before-action,philosophy-section-02-clarity-before-action-genipabu-near-natal-grande-brazil-bg-primary.webp,/assets/images/sections/about/philosophy/section-02-clarity-before-action/philosophy-section-02-clarity-before-action-genipabu-near-natal-grande-brazil-bg-primary.webp,the Genipabu dunes near Natal,the Genipabu dunes near Natal.,Background image of the Genipabu dunes near Natal for Brazil immigration and relocation planning.
about,/about/philosophy/,Philosophy,3,section-3-structure-before-speed,Structure Before Speed,a,assets/images/sections/about/philosophy/section-03-structure-before-speed,philosophy-section-03-structure-before-speed-trails-cliffs-ibitipoca-minas-brazil-bg-primary.webp,/assets/images/sections/about/philosophy/section-03-structure-before-speed/philosophy-section-03-structure-before-speed-trails-cliffs-ibitipoca-minas-brazil-bg-primary.webp,the trails and cliffs of Ibitipoca,the trails and cliffs of Ibitipoca.,Background image of the trails and cliffs of Ibitipoca for Brazil immigration and relocation planning.
about,/about/philosophy/,Philosophy,4,section-4-procedures-as-protection,Procedures as Protection,a,assets/images/sections/about/philosophy/section-04-procedures-as-protection,philosophy-section-04-procedures-as-protection-streets-facades-pirenopolis-goias-brazil-bg-primary.webp,/assets/images/sections/about/philosophy/section-04-procedures-as-protection/philosophy-section-04-procedures-as-protection-streets-facades-pirenopolis-goias-brazil-bg-primary.webp,the historic streets and facades of Historic center of Pirenopolis,the historic streets and facades of Historic center of Pirenopolis.,Background image of the historic streets and facades of Historic center of Pirenopolis for Brazil immigration and relocation planning.
about,/about/philosophy/,Philosophy,5,section-5-method-of-case-handling,Method of Case Handling,a,assets/images/sections/about/philosophy/section-05-method-of-case-handling,philosophy-section-05-method-of-case-handling-riverfront-district-gameleira-branco-brazil-bg-primary.webp,/assets/images/sections/about/philosophy/section-05-method-of-case-handling/philosophy-section-05-method-of-case-handling-riverfront-district-gameleira-branco-brazil-bg-primary.webp,the riverfront district of Gameleira in Rio Branco,the riverfront district of Gameleira in Rio Branco.,Background image of the riverfront district of Gameleira in Rio Branco for Brazil immigration and relocation planning.
about,/about/philosophy/,Philosophy,6,section-6-position-on-documentation,Position on Documentation,a,assets/images/sections/about/philosophy/section-06-position-on-documentation,philosophy-section-06-position-on-documentation-streets-liberdade-district-paulo-brazil-bg-primary.webp,/assets/images/sections/about/philosophy/section-06-position-on-documentation/philosophy-section-06-position-on-documentation-streets-liberdade-district-paulo-brazil-bg-primary.webp,the architecture and streets of Liberdade district in Sao Paulo,the architecture and streets of Liberdade district in Sao Paulo.,Background image of the architecture and streets of Liberdade district in Sao Paulo for Brazil immigration and relocation planning.
about,/about/philosophy/,Philosophy,7,section-7-view-on-compliance,View on Compliance,a,assets/images/sections/about/philosophy/section-07-view-on-compliance,philosophy-section-07-view-on-compliance-goias-velho-central-west-brazil-bg-primary.webp,/assets/images/sections/about/philosophy/section-07-view-on-compliance/philosophy-section-07-view-on-compliance-goias-velho-central-west-brazil-bg-primary.webp,the historic center of Goias Velho,the historic center of Goias Velho.,Background image of the historic center of Goias Velho for Brazil immigration and relocation planning.
about,/about/philosophy/,Philosophy,8,section-8-communication-as-structure,Communication as Structure,a,assets/images/sections/about/philosophy/section-08-communication-as-structure,philosophy-section-08-communication-as-structure-beaches-lighthouse-ilha-parana-brazil-bg-primary.webp,/assets/images/sections/about/philosophy/section-08-communication-as-structure/philosophy-section-08-communication-as-structure-beaches-lighthouse-ilha-parana-brazil-bg-primary.webp,the beaches and lighthouse of Ilha do Mel,the beaches and lighthouse of Ilha do Mel.,Background image of the beaches and lighthouse of Ilha do Mel for Brazil immigration and relocation planning.
about,/about/philosophy/,Philosophy,9,section-9-long-term-perspective,Long-Term Perspective,a,assets/images/sections/about/philosophy/section-09-long-term-perspective,philosophy-section-09-long-term-perspective-ipanema-dois-irmaos-janeiro-brazil-bg-primary.webp,/assets/images/sections/about/philosophy/section-09-long-term-perspective/philosophy-section-09-long-term-perspective-ipanema-dois-irmaos-janeiro-brazil-bg-primary.webp,Ipanema beach with Dois Irmaos in the background,Ipanema beach with Dois Irmaos in the background.,Background image of Ipanema beach with Dois Irmaos in the background for Brazil immigration and relocation planning.
about,/about/philosophy/,Philosophy,10,section-10-philosophy-in-practice,Philosophy in Practice,a,assets/images/sections/about/philosophy/section-10-philosophy-in-practice,philosophy-section-10-philosophy-in-practice-island-coastline-ilhabela-paulo-brazil-bg-primary.webp,/assets/images/sections/about/philosophy/section-10-philosophy-in-practice/philosophy-section-10-philosophy-in-practice-island-coastline-ilhabela-paulo-brazil-bg-primary.webp,the island coastline of Ilhabela,the island coastline of Ilhabela.,Background image of the island coastline of Ilhabela for Brazil immigration and relocation planning.
about,/about/profile/,Profile,1,section-1-overview,Overview,a,assets/images/sections/about/profile/section-01-overview,profile-section-01-overview-coastline-water-ipanema-dois-brazil-bg-primary.webp,/assets/images/sections/about/profile/section-01-overview/profile-section-01-overview-coastline-water-ipanema-dois-brazil-bg-primary.webp,the wide coastline and water of Ipanema beach and Dois Irmaos,the wide coastline and water of Ipanema beach and Dois Irmaos.,Background image of the wide coastline and water of Ipanema beach and Dois Irmaos for Brazil immigration and relocation planning.
about,/about/profile/,Profile,2,section-2-company-identity,Company Identity,a,assets/images/sections/about/profile/section-02-company-identity,profile-section-02-company-identity-sunrise-itaimbezinho-canyon-aparados-brazil-bg-primary.webp,/assets/images/sections/about/profile/section-02-company-identity/profile-section-02-company-identity-sunrise-itaimbezinho-canyon-aparados-brazil-bg-primary.webp,the sunrise landscape of Itaimbezinho canyon,the sunrise landscape of Itaimbezinho canyon.,Background image of the sunrise landscape of Itaimbezinho canyon for Brazil immigration and relocation planning.
about,/about/profile/,Profile,3,section-3-core-work-areas,Core Work Areas,a,assets/images/sections/about/profile/section-03-core-work-areas,profile-section-03-core-work-areas-niteroi-contemporary-museum-over-brazil-bg-primary.webp,/assets/images/sections/about/profile/section-03-core-work-areas/profile-section-03-core-work-areas-niteroi-contemporary-museum-over-brazil-bg-primary.webp,the Niteroi Contemporary Art Museum over Guanabara Bay,the Niteroi Contemporary Art Museum over Guanabara Bay.,Background image of the Niteroi Contemporary Art Museum over Guanabara Bay for Brazil immigration and relocation planning.
about,/about/profile/,Profile,4,section-4-immigration-focus,Immigration Focus,a,assets/images/sections/about/profile/section-04-immigration-focus,profile-section-04-immigration-focus-atlantic-coastline-around-itacare-brazil-bg-primary.webp,/assets/images/sections/about/profile/section-04-immigration-focus/profile-section-04-immigration-focus-atlantic-coastline-around-itacare-brazil-bg-primary.webp,the Atlantic coastline around Itacare,the Atlantic coastline around Itacare.,Background image of the Atlantic coastline around Itacare for Brazil immigration and relocation planning.
about,/about/profile/,Profile,5,section-5-scope-and-structure,Scope and Structure,a,assets/images/sections/about/profile/section-05-scope-and-structure,profile-section-05-scope-and-structure-pampulha-architectural-belo-horizonte-brazil-bg-primary.webp,/assets/images/sections/about/profile/section-05-scope-and-structure/profile-section-05-scope-and-structure-pampulha-architectural-belo-horizonte-brazil-bg-primary.webp,the Pampulha architectural complex in Belo Horizonte,the Pampulha architectural complex in Belo Horizonte.,Background image of the Pampulha architectural complex in Belo Horizonte for Brazil immigration and relocation planning.
about,/about/profile/,Profile,6,section-6-language-and-communication-approach,Language and Communication Approach,a,assets/images/sections/about/profile/section-06-language-and-communication-approach,profile-section-06-language-and-communication-approach-riverfront-landscapes-marajo-island-brazil-bg-primary.webp,/assets/images/sections/about/profile/section-06-language-and-communication-approach/profile-section-06-language-and-communication-approach-riverfront-landscapes-marajo-island-brazil-bg-primary.webp,the riverfront landscapes of Marajo Island,the riverfront landscapes of Marajo Island.,Background image of the riverfront landscapes of Marajo Island for Brazil immigration and relocation planning.
about,/about/profile/,Profile,7,section-7-operational-method,Operational Method,a,assets/images/sections/about/profile/section-07-operational-method,profile-section-07-operational-method-meeting-negro-solimoes-near-brazil-bg-primary.webp,/assets/images/sections/about/profile/section-07-operational-method/profile-section-07-operational-method-meeting-negro-solimoes-near-brazil-bg-primary.webp,the meeting of the Rio Negro and Solimoes near Manaus,the meeting of the Rio Negro and Solimoes near Manaus.,Background image of the meeting of the Rio Negro and Solimoes near Manaus for Brazil immigration and relocation planning.
about,/about/profile/,Profile,8,section-8-standards-of-work,Standards of Work,a,assets/images/sections/about/profile/section-08-standards-of-work,profile-section-08-standards-of-work-pampulha-belo-horizonte-minas-brazil-bg-primary.webp,/assets/images/sections/about/profile/section-08-standards-of-work/profile-section-08-standards-of-work-pampulha-belo-horizonte-minas-brazil-bg-primary.webp,the urban panorama of Pampulha in Belo Horizonte,the urban panorama of Pampulha in Belo Horizonte.,Background image of the urban panorama of Pampulha in Belo Horizonte for Brazil immigration and relocation planning.
about,/about/profile/,Profile,9,section-9-how-we-operate-in-practice,How we operate in practice,a,assets/images/sections/about/profile/section-09-how-we-operate-in-practice,profile-section-09-how-we-operate-in-practice-forests-waters-madeira-porto-brazil-bg-primary.webp,/assets/images/sections/about/profile/section-09-how-we-operate-in-practice/profile-section-09-how-we-operate-in-practice-forests-waters-madeira-porto-brazil-bg-primary.webp,the forests and waters of Madeira river in Porto Velho,the forests and waters of Madeira river in Porto Velho.,Background image of the forests and waters of Madeira river in Porto Velho for Brazil immigration and relocation planning.
about,/about/profile/,Profile,10,section-10-immigrate-to-brazil-as-a-whole,Immigrate to Brazil as a whole,a,assets/images/sections/about/profile/section-10-immigrate-to-brazil-as-a-whole,profile-section-10-immigrate-to-brazil-as-a-whole-diamantina-minas-gerais-southeast-brazil-bg-primary.webp,/assets/images/sections/about/profile/section-10-immigrate-to-brazil-as-a-whole/profile-section-10-immigrate-to-brazil-as-a-whole-diamantina-minas-gerais-southeast-brazil-bg-primary.webp,the colonial center of Diamantina,the colonial center of Diamantina.,Background image of the colonial center of Diamantina for Brazil immigration and relocation planning.
about,/about/results/,Results,1,section-1-overview,Overview,a,assets/images/sections/about/results/section-01-overview,results-section-01-overview-beachfront-museum-contemporary-niteroi-brazil-bg-primary.webp,/assets/images/sections/about/results/section-01-overview/results-section-01-overview-beachfront-museum-contemporary-niteroi-brazil-bg-primary.webp,the beachfront and sea of Museum of Contemporary Art in Niteroi,the beachfront and sea of Museum of Contemporary Art in Niteroi.,Background image of the beachfront and sea of Museum of Contemporary Art in Niteroi for Brazil immigration and relocation planning.
about,/about/results/,Results,2,section-2-the-first-result-clarity,The First Result: Clarity,a,assets/images/sections/about/results/section-02-the-first-result-clarity,results-section-02-the-first-result-clarity-liberdade-district-paulo-southeast-brazil-bg-primary.webp,/assets/images/sections/about/results/section-02-the-first-result-clarity/results-section-02-the-first-result-clarity-liberdade-district-paulo-southeast-brazil-bg-primary.webp,the Liberdade district in Sao Paulo,the Liberdade district in Sao Paulo.,Background image of the Liberdade district in Sao Paulo for Brazil immigration and relocation planning.
about,/about/results/,Results,3,section-3-structured-direction,Structured Direction,a,assets/images/sections/about/results/section-03-structured-direction,results-section-03-structured-direction-natural-pools-maragogi-alagoas-brazil-bg-primary.webp,/assets/images/sections/about/results/section-03-structured-direction/results-section-03-structured-direction-natural-pools-maragogi-alagoas-brazil-bg-primary.webp,the natural pools of Maragogi,the natural pools of Maragogi.,Background image of the natural pools of Maragogi for Brazil immigration and relocation planning.
about,/about/results/,Results,4,section-4-stronger-case-preparation,Stronger Case Preparation,a,assets/images/sections/about/results/section-04-stronger-case-preparation,results-section-04-stronger-case-preparation-forests-waters-orla-taumanan-brazil-bg-primary.webp,/assets/images/sections/about/results/section-04-stronger-case-preparation/results-section-04-stronger-case-preparation-forests-waters-orla-taumanan-brazil-bg-primary.webp,the forests and waters of Orla Taumanan in Boa Vista,the forests and waters of Orla Taumanan in Boa Vista.,Background image of the forests and waters of Orla Taumanan in Boa Vista for Brazil immigration and relocation planning.
about,/about/results/,Results,5,section-5-reduced-process-friction,Reduced Process Friction,a,assets/images/sections/about/results/section-05-reduced-process-friction,results-section-05-reduced-process-friction-gardens-contemporary-pavilions-inhotim-brazil-bg-primary.webp,/assets/images/sections/about/results/section-05-reduced-process-friction/results-section-05-reduced-process-friction-gardens-contemporary-pavilions-inhotim-brazil-bg-primary.webp,the gardens and contemporary art pavilions of Inhotim,the gardens and contemporary art pavilions of Inhotim.,Background image of the gardens and contemporary art pavilions of Inhotim for Brazil immigration and relocation planning.
about,/about/results/,Results,6,section-6-realistic-positioning,Realistic Positioning,a,assets/images/sections/about/results/section-06-realistic-positioning,results-section-06-realistic-positioning-salvador-pelourinho-bahia-northeast-brazil-bg-primary.webp,/assets/images/sections/about/results/section-06-realistic-positioning/results-section-06-realistic-positioning-salvador-pelourinho-bahia-northeast-brazil-bg-primary.webp,Salvador,Salvador.,Background image of Salvador for Brazil immigration and relocation planning.
about,/about/results/,Results,7,section-7-alignment-with-brazil,Alignment with Brazil,a,assets/images/sections/about/results/section-07-alignment-with-brazil,results-section-07-alignment-with-brazil-coastline-water-pajucara-waterfront-brazil-bg-primary.webp,/assets/images/sections/about/results/section-07-alignment-with-brazil/results-section-07-alignment-with-brazil-coastline-water-pajucara-waterfront-brazil-bg-primary.webp,the wide coastline and water of Pajucara waterfront in Maceio,the wide coastline and water of Pajucara waterfront in Maceio.,Background image of the wide coastline and water of Pajucara waterfront in Maceio for Brazil immigration and relocation planning.
about,/about/results/,Results,8,section-8-cross-border-coherence,Cross-Border Coherence,a,assets/images/sections/about/results/section-08-cross-border-coherence,results-section-08-cross-border-coherence-coastline-rosa-santa-catarina-brazil-bg-primary.webp,/assets/images/sections/about/results/section-08-cross-border-coherence/results-section-08-cross-border-coherence-coastline-rosa-santa-catarina-brazil-bg-primary.webp,the bay and coastline of Praia do Rosa,the bay and coastline of Praia do Rosa.,Background image of the bay and coastline of Praia do Rosa for Brazil immigration and relocation planning.
about,/about/results/,Results,9,section-9-confidence-and-stability,Confidence and Stability,a,assets/images/sections/about/results/section-09-confidence-and-stability,results-section-09-confidence-and-stability-porto-alegre-skyline-grande-brazil-bg-primary.webp,/assets/images/sections/about/results/section-09-confidence-and-stability/results-section-09-confidence-and-stability-porto-alegre-skyline-grande-brazil-bg-primary.webp,Porto Alegre,Porto Alegre.,Background image of Porto Alegre for Brazil immigration and relocation planning.
about,/about/results/,Results,10,section-10-results-in-context,Results in Context,a,assets/images/sections/about/results/section-10-results-in-context,results-section-10-results-in-context-colorful-quadrado-trancoso-bahia-brazil-bg-primary.webp,/assets/images/sections/about/results/section-10-results-in-context/results-section-10-results-in-context-colorful-quadrado-trancoso-bahia-brazil-bg-primary.webp,the colorful Quadrado of Trancoso,the colorful Quadrado of Trancoso.,Background image of the colorful Quadrado of Trancoso for Brazil immigration and relocation planning.
about,/about/stories/,Stories,1,section-1-overview,Overview,a,assets/images/sections/about/stories/section-01-overview,stories-section-01-overview-cultural-grounds-parque-povo-brazil-bg-primary.webp,/assets/images/sections/about/stories/section-01-overview/stories-section-01-overview-cultural-grounds-parque-povo-brazil-bg-primary.webp,the cultural grounds of Parque do Povo,the cultural grounds of Parque do Povo.,Background image of the cultural grounds of Parque do Povo for Brazil immigration and relocation planning.
about,/about/stories/,Stories,2,section-2-digital-nomad-visa-finding-a-clear-path,Digital Nomad Visa - Finding a Clear Path,a,assets/images/sections/about/stories/section-02-digital-nomad-visa-finding-a-clear-path,stories-section-02-digital-nomad-visa-finding-a-clear-path-sanctuary-sculptures-congonhas-minas-brazil-bg-primary.webp,/assets/images/sections/about/stories/section-02-digital-nomad-visa-finding-a-clear-path/stories-section-02-digital-nomad-visa-finding-a-clear-path-sanctuary-sculptures-congonhas-minas-brazil-bg-primary.webp,the sanctuary and sculptures of Congonhas,the sanctuary and sculptures of Congonhas.,Background image of the sanctuary and sculptures of Congonhas for Brazil immigration and relocation planning.
about,/about/stories/,Stories,3,section-3-family-reunion-aligning-legal-and-personal-realities,Family Reunion - Aligning Legal and Personal Realities,a,assets/images/sections/about/stories/section-03-family-reunion-aligning-legal-and-personal-realities,stories-section-03-family-reunion-aligning-legal-and-personal-realities-streets-monte-roraima-northern-brazil-bg-primary.webp,/assets/images/sections/about/stories/section-03-family-reunion-aligning-legal-and-personal-realities/stories-section-03-family-reunion-aligning-legal-and-personal-realities-streets-monte-roraima-northern-brazil-bg-primary.webp,the architecture and streets of Monte Roraima in Brazil,the architecture and streets of Monte Roraima in Brazil.,Background image of the architecture and streets of Monte Roraima in Brazil for Brazil immigration and relocation planning.
about,/about/stories/,Stories,4,section-4-company-registration-turning-an-idea-into-structure,Company Registration - Turning an Idea into Structure,a,assets/images/sections/about/stories/section-04-company-registration-turning-an-idea-into-structure,stories-section-04-company-registration-turning-an-idea-into-structure-coastline-water-miguel-milagres-brazil-bg-primary.webp,/assets/images/sections/about/stories/section-04-company-registration-turning-an-idea-into-structure/stories-section-04-company-registration-turning-an-idea-into-structure-coastline-water-miguel-milagres-brazil-bg-primary.webp,the wide coastline and water of Sao Miguel dos Milagres,the wide coastline and water of Sao Miguel dos Milagres.,Background image of the wide coastline and water of Sao Miguel dos Milagres for Brazil immigration and relocation planning.
about,/about/stories/,Stories,5,section-5-residency-through-marriage-correcting-misinformation,Residency Through Marriage - Correcting Misinformation,a,assets/images/sections/about/stories/section-05-residency-through-marriage-correcting-misinformation,stories-section-05-residency-through-marriage-correcting-misinformation-paulo-skyline-avenida-paulista-brazil-bg-primary.webp,/assets/images/sections/about/stories/section-05-residency-through-marriage-correcting-misinformation/stories-section-05-residency-through-marriage-correcting-misinformation-paulo-skyline-avenida-paulista-brazil-bg-primary.webp,Sao Paulo,Sao Paulo.,Background image of Sao Paulo for Brazil immigration and relocation planning.
about,/about/stories/,Stories,6,section-6-investor-pathway-aligning-financial-and-legal-steps,Investor Pathway - Aligning Financial and Legal Steps,a,assets/images/sections/about/stories/section-06-investor-pathway-aligning-financial-and-legal-steps,stories-section-06-investor-pathway-aligning-financial-and-legal-steps-road-serra-rastro-santa-brazil-bg-primary.webp,/assets/images/sections/about/stories/section-06-investor-pathway-aligning-financial-and-legal-steps/stories-section-06-investor-pathway-aligning-financial-and-legal-steps-road-serra-rastro-santa-brazil-bg-primary.webp,the mountain road of Serra do Rio do Rastro,the mountain road of Serra do Rio do Rastro.,Background image of the mountain road of Serra do Rio do Rastro for Brazil immigration and relocation planning.
about,/about/stories/,Stories,7,section-7-rebuilding-a-stalled-process,Rebuilding a Stalled Process,a,assets/images/sections/about/stories/section-07-rebuilding-a-stalled-process,stories-section-07-rebuilding-a-stalled-process-highland-views-morro-igreja-brazil-bg-primary.webp,/assets/images/sections/about/stories/section-07-rebuilding-a-stalled-process/stories-section-07-rebuilding-a-stalled-process-highland-views-morro-igreja-brazil-bg-primary.webp,the highland views from Morro da Igreja,the highland views from Morro da Igreja.,Background image of the highland views from Morro da Igreja for Brazil immigration and relocation planning.
about,/about/stories/,Stories,8,section-8-cross-border-documentation-bringing-everything-together,Cross-Border Documentation - Bringing Everything Together,a,assets/images/sections/about/stories/section-08-cross-border-documentation-bringing-everything-together,stories-section-08-cross-border-documentation-bringing-everything-together-vila-germanica-district-blumenau-brazil-bg-primary.webp,/assets/images/sections/about/stories/section-08-cross-border-documentation-bringing-everything-together/stories-section-08-cross-border-documentation-bringing-everything-together-vila-germanica-district-blumenau-brazil-bg-primary.webp,the Vila Germanica district in Blumenau,the Vila Germanica district in Blumenau.,Background image of the Vila Germanica district in Blumenau for Brazil immigration and relocation planning.
about,/about/stories/,Stories,9,section-9-planning-for-nationality-thinking-long-term,Planning for Nationality - Thinking Long-Term,a,assets/images/sections/about/stories/section-09-planning-for-nationality-thinking-long-term,stories-section-09-planning-for-nationality-thinking-long-term-meeting-waters-near-santarem-brazil-bg-primary.webp,/assets/images/sections/about/stories/section-09-planning-for-nationality-thinking-long-term/stories-section-09-planning-for-nationality-thinking-long-term-meeting-waters-near-santarem-brazil-bg-primary.webp,the meeting of waters near Santarem,the meeting of waters near Santarem.,Background image of the meeting of waters near Santarem for Brazil immigration and relocation planning.
about,/about/stories/,Stories,10,section-10-why-these-stories-matter,Why These Stories Matter,a,assets/images/sections/about/stories/section-10-why-these-stories-matter,stories-section-10-why-these-stories-matter-coastline-water-rosa-santa-brazil-bg-primary.webp,/assets/images/sections/about/stories/section-10-why-these-stories-matter/stories-section-10-why-these-stories-matter-coastline-water-rosa-santa-brazil-bg-primary.webp,the wide coastline and water of Praia do Rosa,the wide coastline and water of Praia do Rosa.,Background image of the wide coastline and water of Praia do Rosa for Brazil immigration and relocation planning.
about,/about/story/,Story,1,section-1-overview,Overview,a,assets/images/sections/about/story/section-01-overview,story-section-01-overview-rock-formations-parks-serra-brazil-bg-primary.webp,/assets/images/sections/about/story/section-01-overview/story-section-01-overview-rock-formations-parks-serra-brazil-bg-primary.webp,the rock formations and parks of Serra da Capivara,the rock formations and parks of Serra da Capivara.,Background image of the rock formations and parks of Serra da Capivara for Brazil immigration and relocation planning.
about,/about/story/,Story,2,section-2-origin,Origin,a,assets/images/sections/about/story/section-02-origin,story-section-02-origin-beaches-alter-chao-tapajos-brazil-bg-primary.webp,/assets/images/sections/about/story/section-02-origin/story-section-02-origin-beaches-alter-chao-tapajos-brazil-bg-primary.webp,the beaches of Alter do Chao on the Tapajos River,the beaches of Alter do Chao on the Tapajos River.,Background image of the beaches of Alter do Chao on the Tapajos River for Brazil immigration and relocation planning.
about,/about/story/,Story,3,section-3-early-development,Early Development,a,assets/images/sections/about/story/section-03-early-development,story-section-03-early-development-guaiba-waterfront-porto-alegre-brazil-bg-primary.webp,/assets/images/sections/about/story/section-03-early-development/story-section-03-early-development-guaiba-waterfront-porto-alegre-brazil-bg-primary.webp,the Guaiba waterfront in Porto Alegre,the Guaiba waterfront in Porto Alegre.,Background image of the Guaiba waterfront in Porto Alegre for Brazil immigration and relocation planning.
about,/about/story/,Story,4,section-4-recognizing-the-impact-of-poor-guidance,Recognizing the Impact of Poor Guidance,a,assets/images/sections/about/story/section-04-recognizing-the-impact-of-poor-guidance,story-section-04-recognizing-the-impact-of-poor-guidance-coastline-coves-ilha-grande-brazil-bg-primary.webp,/assets/images/sections/about/story/section-04-recognizing-the-impact-of-poor-guidance/story-section-04-recognizing-the-impact-of-poor-guidance-coastline-coves-ilha-grande-brazil-bg-primary.webp,the coastline and coves of Ilha Grande,the coastline and coves of Ilha Grande.,Background image of the coastline and coves of Ilha Grande for Brazil immigration and relocation planning.
about,/about/story/,Story,5,section-5-transition-to-a-structured-approach,Transition to a Structured Approach,a,assets/images/sections/about/story/section-05-transition-to-a-structured-approach,story-section-05-transition-to-a-structured-approach-botanical-garden-curitiba-parana-brazil-bg-primary.webp,/assets/images/sections/about/story/section-05-transition-to-a-structured-approach/story-section-05-transition-to-a-structured-approach-botanical-garden-curitiba-parana-brazil-bg-primary.webp,the Botanical Garden of Curitiba,the Botanical Garden of Curitiba.,Background image of the Botanical Garden of Curitiba for Brazil immigration and relocation planning.
about,/about/story/,Story,6,section-6-expansion-through-real-needs,Expansion Through Real Needs,a,assets/images/sections/about/story/section-06-expansion-through-real-needs,story-section-06-expansion-through-real-needs-coastline-atlantic-ubatuba-paulo-brazil-bg-primary.webp,/assets/images/sections/about/story/section-06-expansion-through-real-needs/story-section-06-expansion-through-real-needs-coastline-atlantic-ubatuba-paulo-brazil-bg-primary.webp,the coastline and Atlantic forest of Ubatuba,the coastline and Atlantic forest of Ubatuba.,Background image of the coastline and Atlantic forest of Ubatuba for Brazil immigration and relocation planning.
about,/about/story/,Story,7,section-7-refining-the-method,Refining the Method,a,assets/images/sections/about/story/section-07-refining-the-method,story-section-07-refining-the-method-indigenous-nations-campo-grande-brazil-bg-primary.webp,/assets/images/sections/about/story/section-07-refining-the-method/story-section-07-refining-the-method-indigenous-nations-campo-grande-brazil-bg-primary.webp,the Park of Indigenous Nations in Campo Grande,the Park of Indigenous Nations in Campo Grande.,Background image of the Park of Indigenous Nations in Campo Grande for Brazil immigration and relocation planning.
about,/about/story/,Story,8,section-8-present-structure,Present Structure,a,assets/images/sections/about/story/section-08-present-structure,story-section-08-present-structure-sunrise-amazonas-manaus-northern-brazil-bg-primary.webp,/assets/images/sections/about/story/section-08-present-structure/story-section-08-present-structure-sunrise-amazonas-manaus-northern-brazil-bg-primary.webp,the sunrise landscape of Teatro Amazonas in Manaus,the sunrise landscape of Teatro Amazonas in Manaus.,Background image of the sunrise landscape of Teatro Amazonas in Manaus for Brazil immigration and relocation planning.
about,/about/story/,Story,9,section-9-ongoing-direction,Ongoing Direction,a,assets/images/sections/about/story/section-09-ongoing-direction,story-section-09-ongoing-direction-janeiro-skyline-sugarloaf-guanabara-brazil-bg-primary.webp,/assets/images/sections/about/story/section-09-ongoing-direction/story-section-09-ongoing-direction-janeiro-skyline-sugarloaf-guanabara-brazil-bg-primary.webp,Rio de Janeiro,Rio de Janeiro.,Background image of Rio de Janeiro for Brazil immigration and relocation planning.
about,/about/story/,Story,10,section-10-looking-forward,Looking Forward,a,assets/images/sections/about/story/section-10-looking-forward,story-section-10-looking-forward-avenida-paulista-paulo-avenue-brazil-bg-primary.webp,/assets/images/sections/about/story/section-10-looking-forward/story-section-10-looking-forward-avenida-paulista-paulo-avenue-brazil-bg-primary.webp,Avenida Paulista in Sao Paulo,Avenida Paulista in Sao Paulo.,Background image of Avenida Paulista in Sao Paulo for Brazil immigration and relocation planning.
about,/about/testimonials/,Testimonials,1,section-1-when-everything-finally-made-sense,When Everything Finally Made Sense,a,assets/images/sections/about/testimonials/section-01-when-everything-finally-made-sense,testimonials-section-01-when-everything-finally-made-sense-canyons-aparados-serra-southern-brazil-bg-primary.webp,/assets/images/sections/about/testimonials/section-01-when-everything-finally-made-sense/testimonials-section-01-when-everything-finally-made-sense-canyons-aparados-serra-southern-brazil-bg-primary.webp,the canyons of Aparados da Serra,the canyons of Aparados da Serra.,Background image of the canyons of Aparados da Serra for Brazil immigration and relocation planning.
about,/about/testimonials/,Testimonials,2,section-2-a-process-that-felt-safe,A Process That Felt Safe,a,assets/images/sections/about/testimonials/section-02-a-process-that-felt-safe,testimonials-section-02-a-process-that-felt-safe-brasilia-monumental-axis-central-brazil-bg-primary.webp,/assets/images/sections/about/testimonials/section-02-a-process-that-felt-safe/testimonials-section-02-a-process-that-felt-safe-brasilia-monumental-axis-central-brazil-bg-primary.webp,Brasilia,Brasilia.,Background image of Brasilia for Brazil immigration and relocation planning.
about,/about/testimonials/,Testimonials,3,section-3-avoiding-a-costly-investor-mistake,Avoiding a Costly Investor Mistake,a,assets/images/sections/about/testimonials/section-03-avoiding-a-costly-investor-mistake,testimonials-section-03-avoiding-a-costly-investor-mistake-coastline-water-arraial-ajuda-brazil-bg-primary.webp,/assets/images/sections/about/testimonials/section-03-avoiding-a-costly-investor-mistake/testimonials-section-03-avoiding-a-costly-investor-mistake-coastline-water-arraial-ajuda-brazil-bg-primary.webp,the wide coastline and water of Arraial d'Ajuda coastline,the wide coastline and water of Arraial d'Ajuda coastline.,Background image of the wide coastline and water of Arraial d'Ajuda coastline for Brazil immigration and relocation planning.
about,/about/testimonials/,Testimonials,4,section-4-seeing-the-bigger-picture,Seeing the Bigger Picture,a,assets/images/sections/about/testimonials/section-04-seeing-the-bigger-picture,testimonials-section-04-seeing-the-bigger-picture-shoreline-arraial-ajuda-coastline-brazil-bg-primary.webp,/assets/images/sections/about/testimonials/section-04-seeing-the-bigger-picture/testimonials-section-04-seeing-the-bigger-picture-shoreline-arraial-ajuda-coastline-brazil-bg-primary.webp,the shoreline of Arraial d'Ajuda coastline in warm evening light,the shoreline of Arraial d'Ajuda coastline in warm evening light.,Background image of the shoreline of Arraial d'Ajuda coastline in warm evening light for Brazil immigration and relocation planning.
about,/about/testimonials/,Testimonials,5,section-5-from-idea-to-structure,From Idea to Structure,a,assets/images/sections/about/testimonials/section-05-from-idea-to-structure,testimonials-section-05-from-idea-to-structure-shoreline-buzios-peninsula-warm-brazil-bg-primary.webp,/assets/images/sections/about/testimonials/section-05-from-idea-to-structure/testimonials-section-05-from-idea-to-structure-shoreline-buzios-peninsula-warm-brazil-bg-primary.webp,the shoreline of Buzios peninsula in warm evening light,the shoreline of Buzios peninsula in warm evening light.,Background image of the shoreline of Buzios peninsula in warm evening light for Brazil immigration and relocation planning.
about,/about/testimonials/,Testimonials,6,section-6-getting-unstuck,Getting Unstuck,a,assets/images/sections/about/testimonials/section-06-getting-unstuck,testimonials-section-06-getting-unstuck-streets-aguas-emendadas-ecological-brazil-bg-primary.webp,/assets/images/sections/about/testimonials/section-06-getting-unstuck/testimonials-section-06-getting-unstuck-streets-aguas-emendadas-ecological-brazil-bg-primary.webp,the architecture and streets of Aguas Emendadas ecological station,the architecture and streets of Aguas Emendadas ecological station.,Background image of the architecture and streets of Aguas Emendadas ecological station for Brazil immigration and relocation planning.
about,/about/testimonials/,Testimonials,7,section-7-making-sense-of-a-complicated-case,Making Sense of a Complicated Case,a,assets/images/sections/about/testimonials/section-07-making-sense-of-a-complicated-case,testimonials-section-07-making-sense-of-a-complicated-case-sunrise-negro-palace-manaus-brazil-bg-primary.webp,/assets/images/sections/about/testimonials/section-07-making-sense-of-a-complicated-case/testimonials-section-07-making-sense-of-a-complicated-case-sunrise-negro-palace-manaus-brazil-bg-primary.webp,the sunrise landscape of Rio Negro Palace in Manaus,the sunrise landscape of Rio Negro Palace in Manaus.,Background image of the sunrise landscape of Rio Negro Palace in Manaus for Brazil immigration and relocation planning.
about,/about/testimonials/,Testimonials,8,section-8-quiet-confidence,Quiet Confidence,a,assets/images/sections/about/testimonials/section-08-quiet-confidence,testimonials-section-08-quiet-confidence-cathedral-town-canela-grande-brazil-bg-primary.webp,/assets/images/sections/about/testimonials/section-08-quiet-confidence/testimonials-section-08-quiet-confidence-cathedral-town-canela-grande-brazil-bg-primary.webp,the cathedral and town center of Canela,the cathedral and town center of Canela.,Background image of the cathedral and town center of Canela for Brazil immigration and relocation planning.
about,/about/testimonials/,Testimonials,9,section-9-a-message-one-year-later,A Message One Year Later,a,assets/images/sections/about/testimonials/section-09-a-message-one-year-later,testimonials-section-09-a-message-one-year-later-sunrise-anavilhanas-archipelago-amazonas-brazil-bg-primary.webp,/assets/images/sections/about/testimonials/section-09-a-message-one-year-later/testimonials-section-09-a-message-one-year-later-sunrise-anavilhanas-archipelago-amazonas-brazil-bg-primary.webp,the sunrise landscape of Anavilhanas archipelago,the sunrise landscape of Anavilhanas archipelago.,Background image of the sunrise landscape of Anavilhanas archipelago for Brazil immigration and relocation planning.
about,/about/testimonials/,Testimonials,10,section-10-listening-and-improving,Listening and Improving,a,assets/images/sections/about/testimonials/section-10-listening-and-improving,testimonials-section-10-listening-and-improving-curitiba-skyline-parana-southern-brazil-bg-primary.webp,/assets/images/sections/about/testimonials/section-10-listening-and-improving/testimonials-section-10-listening-and-improving-curitiba-skyline-parana-southern-brazil-bg-primary.webp,Curitiba,Curitiba.,Background image of Curitiba for Brazil immigration and relocation planning.
about,/about/values/,Values,1,section-1-overview,Overview,a,assets/images/sections/about/values/section-01-overview,values-section-01-overview-streets-cathedral-canela-grande-brazil-bg-primary.webp,/assets/images/sections/about/values/section-01-overview/values-section-01-overview-streets-cathedral-canela-grande-brazil-bg-primary.webp,the architecture and streets of Cathedral of Canela,the architecture and streets of Cathedral of Canela.,Background image of the architecture and streets of Cathedral of Canela for Brazil immigration and relocation planning.
about,/about/values/,Values,2,section-2-human-first,Human First,a,assets/images/sections/about/values/section-02-human-first,values-section-02-human-first-sunrise-chapada-guimaraes-mato-brazil-bg-primary.webp,/assets/images/sections/about/values/section-02-human-first/values-section-02-human-first-sunrise-chapada-guimaraes-mato-brazil-bg-primary.webp,the sunrise landscape of Chapada dos Guimaraes,the sunrise landscape of Chapada dos Guimaraes.,Background image of the sunrise landscape of Chapada dos Guimaraes for Brazil immigration and relocation planning.
about,/about/values/,Values,3,section-3-excellence-in-execution,Excellence in Execution,a,assets/images/sections/about/values/section-03-excellence-in-execution,values-section-03-excellence-in-execution-sunrise-delta-parnaiba-piaui-brazil-bg-primary.webp,/assets/images/sections/about/values/section-03-excellence-in-execution/values-section-03-excellence-in-execution-sunrise-delta-parnaiba-piaui-brazil-bg-primary.webp,the sunrise landscape of Delta do Parnaiba,the sunrise landscape of Delta do Parnaiba.,Background image of the sunrise landscape of Delta do Parnaiba for Brazil immigration and relocation planning.
about,/about/values/,Values,4,section-4-personalisation,Personalisation,a,assets/images/sections/about/values/section-04-personalisation,values-section-04-personalisation-cliffs-shore-morro-branco-brazil-bg-primary.webp,/assets/images/sections/about/values/section-04-personalisation/values-section-04-personalisation-cliffs-shore-morro-branco-brazil-bg-primary.webp,the cliffs and shore of Morro Branco,the cliffs and shore of Morro Branco.,Background image of the cliffs and shore of Morro Branco for Brazil immigration and relocation planning.
about,/about/values/,Values,5,section-5-inclusion-and-diversity,Inclusion and Diversity,a,assets/images/sections/about/values/section-05-inclusion-and-diversity,values-section-05-inclusion-and-diversity-sunrise-aparados-serra-canyons-brazil-bg-primary.webp,/assets/images/sections/about/values/section-05-inclusion-and-diversity/values-section-05-inclusion-and-diversity-sunrise-aparados-serra-canyons-brazil-bg-primary.webp,the sunrise landscape of Aparados da Serra,the sunrise landscape of Aparados da Serra.,Background image of the sunrise landscape of Aparados da Serra for Brazil immigration and relocation planning.
about,/about/values/,Values,6,section-6-transparency,Transparency,a,assets/images/sections/about/values/section-06-transparency,values-section-06-transparency-farol-barra-seafront-salvador-brazil-bg-primary.webp,/assets/images/sections/about/values/section-06-transparency/values-section-06-transparency-farol-barra-seafront-salvador-brazil-bg-primary.webp,Farol da Barra and the seafront of Salvador,Farol da Barra and the seafront of Salvador.,Background image of Farol da Barra and the seafront of Salvador for Brazil immigration and relocation planning.
about,/about/values/,Values,7,section-7-respect-for-brazil,Respect for Brazil,a,assets/images/sections/about/values/section-07-respect-for-brazil,values-section-07-respect-for-brazil-streets-fervedouro-jalapao-tocantins-brazil-bg-primary.webp,/assets/images/sections/about/values/section-07-respect-for-brazil/values-section-07-respect-for-brazil-streets-fervedouro-jalapao-tocantins-brazil-bg-primary.webp,the architecture and streets of Fervedouro in Jalapao,the architecture and streets of Fervedouro in Jalapao.,Background image of the architecture and streets of Fervedouro in Jalapao for Brazil immigration and relocation planning.
about,/about/values/,Values,8,section-8-promoting-brazil-through-clarity,Promoting Brazil Through Clarity,a,assets/images/sections/about/values/section-08-promoting-brazil-through-clarity,values-section-08-promoting-brazil-through-clarity-streets-facades-pirenopolis-goias-brazil-bg-primary.webp,/assets/images/sections/about/values/section-08-promoting-brazil-through-clarity/values-section-08-promoting-brazil-through-clarity-streets-facades-pirenopolis-goias-brazil-bg-primary.webp,the historic streets and facades of Historic center of Pirenopolis,the historic streets and facades of Historic center of Pirenopolis.,Background image of the historic streets and facades of Historic center of Pirenopolis for Brazil immigration and relocation planning.
about,/about/values/,Values,9,section-9-calm-and-control,Calm and Control,a,assets/images/sections/about/values/section-09-calm-and-control,values-section-09-calm-and-control-beaches-lighthouse-ilha-parana-brazil-bg-primary.webp,/assets/images/sections/about/values/section-09-calm-and-control/values-section-09-calm-and-control-beaches-lighthouse-ilha-parana-brazil-bg-primary.webp,the beaches and lighthouse of Ilha do Mel,the beaches and lighthouse of Ilha do Mel.,Background image of the beaches and lighthouse of Ilha do Mel for Brazil immigration and relocation planning.
about,/about/values/,Values,10,section-10-long-term-thinking,Long-Term Thinking,a,assets/images/sections/about/values/section-10-long-term-thinking,values-section-10-long-term-thinking-coastline-water-itacare-bahia-brazil-bg-primary.webp,/assets/images/sections/about/values/section-10-long-term-thinking/values-section-10-long-term-thinking-coastline-water-itacare-bahia-brazil-bg-primary.webp,the wide coastline and water of Itacare coastline,the wide coastline and water of Itacare coastline.,Background image of the wide coastline and water of Itacare coastline for Brazil immigration and relocation planning.
about,/about/whyus/,Why Us,1,section-1-overview,Overview,a,assets/images/sections/about/whyus/section-01-overview,why-us-section-01-overview-beachfront-cliffs-canoa-quebrada-brazil-bg-primary.webp,/assets/images/sections/about/whyus/section-01-overview/why-us-section-01-overview-beachfront-cliffs-canoa-quebrada-brazil-bg-primary.webp,the beachfront and sea of Cliffs of Canoa Quebrada,the beachfront and sea of Cliffs of Canoa Quebrada.,Background image of the beachfront and sea of Cliffs of Canoa Quebrada for Brazil immigration and relocation planning.
about,/about/whyus/,Why Us,2,section-2-a-structured-way-to-move-forward,A Structured Way to Move Forward,a,assets/images/sections/about/whyus/section-02-a-structured-way-to-move-forward,why-us-section-02-a-structured-way-to-move-forward-trails-cliffs-ibitipoca-minas-brazil-bg-primary.webp,/assets/images/sections/about/whyus/section-02-a-structured-way-to-move-forward/why-us-section-02-a-structured-way-to-move-forward-trails-cliffs-ibitipoca-minas-brazil-bg-primary.webp,the trails and cliffs of Ibitipoca,the trails and cliffs of Ibitipoca.,Background image of the trails and cliffs of Ibitipoca for Brazil immigration and relocation planning.
about,/about/whyus/,Why Us,3,section-3-clarity-before-action,Clarity Before Action,a,assets/images/sections/about/whyus/section-03-clarity-before-action,why-us-section-03-clarity-before-action-genipabu-near-natal-grande-brazil-bg-primary.webp,/assets/images/sections/about/whyus/section-03-clarity-before-action/why-us-section-03-clarity-before-action-genipabu-near-natal-grande-brazil-bg-primary.webp,the Genipabu dunes near Natal,the Genipabu dunes near Natal.,Background image of the Genipabu dunes near Natal for Brazil immigration and relocation planning.
about,/about/whyus/,Why Us,4,section-4-brazil-focused-expertise,Brazil-Focused Expertise,a,assets/images/sections/about/whyus/section-04-brazil-focused-expertise,why-us-section-04-brazil-focused-expertise-sunrise-itaimbezinho-canyon-aparados-brazil-bg-primary.webp,/assets/images/sections/about/whyus/section-04-brazil-focused-expertise/why-us-section-04-brazil-focused-expertise-sunrise-itaimbezinho-canyon-aparados-brazil-bg-primary.webp,the sunrise landscape of Itaimbezinho canyon,the sunrise landscape of Itaimbezinho canyon.,Background image of the sunrise landscape of Itaimbezinho canyon for Brazil immigration and relocation planning.
about,/about/whyus/,Why Us,5,section-5-integration-of-legal-work,Integration of Legal Work,a,assets/images/sections/about/whyus/section-05-integration-of-legal-work,why-us-section-05-integration-of-legal-work-palacio-alvorada-brasilia-central-brazil-bg-primary.webp,/assets/images/sections/about/whyus/section-05-integration-of-legal-work/why-us-section-05-integration-of-legal-work-palacio-alvorada-brasilia-central-brazil-bg-primary.webp,the Palacio da Alvorada in Brasilia,the Palacio da Alvorada in Brasilia.,Background image of the Palacio da Alvorada in Brasilia for Brazil immigration and relocation planning.
about,/about/whyus/,Why Us,6,section-6-a-process-that-reflects-real-life,A Process That Reflects Real Life,a,assets/images/sections/about/whyus/section-06-a-process-that-reflects-real-life,why-us-section-06-a-process-that-reflects-real-life-bridge-over-lake-paranoa-brazil-bg-primary.webp,/assets/images/sections/about/whyus/section-06-a-process-that-reflects-real-life/why-us-section-06-a-process-that-reflects-real-life-bridge-over-lake-paranoa-brazil-bg-primary.webp,the JK Bridge over Lake Paranoa,the JK Bridge over Lake Paranoa.,Background image of the JK Bridge over Lake Paranoa for Brazil immigration and relocation planning.
about,/about/whyus/,Why Us,7,section-7-clear-and-structured-communication,Clear and Structured Communication,b,assets/images/sections/about/whyus/section-07-clear-and-structured-communication,why-us-section-07-clear-and-structured-communication-clear-waters-lagoa-azul-brazil-bg-alternate.webp,/assets/images/sections/about/whyus/section-07-clear-and-structured-communication/why-us-section-07-clear-and-structured-communication-clear-waters-lagoa-azul-brazil-bg-alternate.webp,the clear waters of Lagoa Azul in Nobres,the clear waters of Lagoa Azul in Nobres.,Background image of the clear waters of Lagoa Azul in Nobres for Brazil immigration and relocation planning.
about,/about/whyus/,Why Us,8,section-8-cross-border-understanding,Cross-Border Understanding,a,assets/images/sections/about/whyus/section-08-cross-border-understanding,why-us-section-08-cross-border-understanding-forests-waters-madeira-porto-brazil-bg-primary.webp,/assets/images/sections/about/whyus/section-08-cross-border-understanding/why-us-section-08-cross-border-understanding-forests-waters-madeira-porto-brazil-bg-primary.webp,the forests and waters of Madeira river in Porto Velho,the forests and waters of Madeira river in Porto Velho.,Background image of the forests and waters of Madeira river in Porto Velho for Brazil immigration and relocation planning.
about,/about/whyus/,Why Us,9,section-9-calm-controlled-progression,"Calm, Controlled Progression",a,assets/images/sections/about/whyus/section-09-calm-controlled-progression,why-us-section-09-calm-controlled-progression-beachfront-museum-contemporary-niteroi-brazil-bg-primary.webp,/assets/images/sections/about/whyus/section-09-calm-controlled-progression/why-us-section-09-calm-controlled-progression-beachfront-museum-contemporary-niteroi-brazil-bg-primary.webp,the beachfront and sea of Museum of Contemporary Art in Niteroi,the beachfront and sea of Museum of Contemporary Art in Niteroi.,Background image of the beachfront and sea of Museum of Contemporary Art in Niteroi for Brazil immigration and relocation planning.
about,/about/whyus/,Why Us,10,section-10-a-more-reliable-path-to-brazil,A More Reliable Path to Brazil,a,assets/images/sections/about/whyus/section-10-a-more-reliable-path-to-brazil,why-us-section-10-a-more-reliable-path-to-brazil-riverfront-landscapes-marajo-island-brazil-bg-primary.webp,/assets/images/sections/about/whyus/section-10-a-more-reliable-path-to-brazil/why-us-section-10-a-more-reliable-path-to-brazil-riverfront-landscapes-marajo-island-brazil-bg-primary.webp,the riverfront landscapes of Marajo Island,the riverfront landscapes of Marajo Island.,Background image of the riverfront landscapes of Marajo Island for Brazil immigration and relocation planning.
brazil,/brazil/,"Brazil Planning Hub For Relocation, Lifestyle, And Regional Decision-Making",1,section-1-overview,Overview,a,assets/images/sections/brazil/section-01-overview,brazil-planning-hub-for-relocation-lifestyle-and-regional-decision-making-section-01-overview-sanctuary-sculptures-congonhas-minas-brazil-bg-primary.webp,/assets/images/sections/brazil/section-01-overview/brazil-planning-hub-for-relocation-lifestyle-and-regional-decision-making-section-01-overview-sanctuary-sculptures-congonhas-minas-brazil-bg-primary.webp,the sanctuary and sculptures of Congonhas,the sanctuary and sculptures of Congonhas.,Background image of the sanctuary and sculptures of Congonhas for Brazil immigration and relocation planning.
brazil,/brazil/,"Brazil Planning Hub For Relocation, Lifestyle, And Regional Decision-Making",2,section-2-explore-the-main-topics,Explore The Main Topics,a,assets/images/sections/brazil/section-02-explore-the-main-topics,brazil-planning-hub-for-relocation-lifestyle-and-regional-decision-making-section-02-explore-the-main-topics-guaiba-waterfront-porto-alegre-brazil-bg-primary.webp,/assets/images/sections/brazil/section-02-explore-the-main-topics/brazil-planning-hub-for-relocation-lifestyle-and-regional-decision-making-section-02-explore-the-main-topics-guaiba-waterfront-porto-alegre-brazil-bg-primary.webp,the Guaiba waterfront in Porto Alegre,the Guaiba waterfront in Porto Alegre.,Background image of the Guaiba waterfront in Porto Alegre for Brazil immigration and relocation planning.
brazil,/brazil/,"Brazil Planning Hub For Relocation, Lifestyle, And Regional Decision-Making",3,section-3-how-to-use-this-hub,How To Use This Hub,a,assets/images/sections/brazil/section-03-how-to-use-this-hub,brazil-planning-hub-for-relocation-lifestyle-and-regional-decision-making-section-03-how-to-use-this-hub-florianopolis-coastline-brava-atlantic-brazil-bg-primary.webp,/assets/images/sections/brazil/section-03-how-to-use-this-hub/brazil-planning-hub-for-relocation-lifestyle-and-regional-decision-making-section-03-how-to-use-this-hub-florianopolis-coastline-brava-atlantic-brazil-bg-primary.webp,Florianopolis,Florianopolis.,Background image of Florianopolis for Brazil immigration and relocation planning.
brazil,/brazil/,"Brazil Planning Hub For Relocation, Lifestyle, And Regional Decision-Making",4,section-4-reading-lens,Reading Lens,a,assets/images/sections/brazil/section-04-reading-lens,brazil-planning-hub-for-relocation-lifestyle-and-regional-decision-making-section-04-reading-lens-copacabana-waterfront-promenade-janeiro-brazil-bg-primary.webp,/assets/images/sections/brazil/section-04-reading-lens/brazil-planning-hub-for-relocation-lifestyle-and-regional-decision-making-section-04-reading-lens-copacabana-waterfront-promenade-janeiro-brazil-bg-primary.webp,Copacabana beach and the Rio waterfront,Copacabana beach and the Rio waterfront.,Background image of Copacabana beach and the Rio waterfront for Brazil immigration and relocation planning.
brazil,/brazil/,"Brazil Planning Hub For Relocation, Lifestyle, And Regional Decision-Making",5,section-5-best-next-step,Best Next Step,a,assets/images/sections/brazil/section-05-best-next-step,brazil-planning-hub-for-relocation-lifestyle-and-regional-decision-making-section-05-best-next-step-manaus-amazonas-northern-mission-brazil-bg-primary.webp,/assets/images/sections/brazil/section-05-best-next-step/brazil-planning-hub-for-relocation-lifestyle-and-regional-decision-making-section-05-best-next-step-manaus-amazonas-northern-mission-brazil-bg-primary.webp,Manaus,Manaus.,Background image of Manaus for Brazil immigration and relocation planning.
brazil,/brazil/brazil/,Brazil,1,section-1-overview,Overview,a,assets/images/sections/brazil/brazil/section-01-overview,brazil-section-01-overview-florianopolis-coastline-brava-atlantic-brazil-bg-primary.webp,/assets/images/sections/brazil/brazil/section-01-overview/brazil-section-01-overview-florianopolis-coastline-brava-atlantic-brazil-bg-primary.webp,Florianopolis,Florianopolis.,Background image of Florianopolis for Brazil immigration and relocation planning.
brazil,/brazil/brazil/,Brazil,2,section-2-identity,Identity,a,assets/images/sections/brazil/brazil/section-02-identity,brazil-section-02-identity-iguazu-iguacu-southern-economy-brazil-bg-primary.webp,/assets/images/sections/brazil/brazil/section-02-identity/brazil-section-02-identity-iguazu-iguacu-southern-economy-brazil-bg-primary.webp,Iguazu Falls,Iguazu Falls.,Background image of Iguazu Falls for Brazil immigration and relocation planning.
brazil,/brazil/brazil/,Brazil,3,section-3-regions,Regions,a,assets/images/sections/brazil/brazil/section-03-regions,brazil-section-03-regions-pantanal-mato-grosso-central-brazil-bg-primary.webp,/assets/images/sections/brazil/brazil/section-03-regions/brazil-section-03-regions-pantanal-mato-grosso-central-brazil-bg-primary.webp,Pantanal,Pantanal.,Background image of Pantanal for Brazil immigration and relocation planning.
brazil,/brazil/brazil/,Brazil,4,section-4-lifestyle,Lifestyle,a,assets/images/sections/brazil/brazil/section-04-lifestyle,brazil-section-04-lifestyle-petropolis-imperial-museum-district-brazil-bg-primary.webp,/assets/images/sections/brazil/brazil/section-04-lifestyle/brazil-section-04-lifestyle-petropolis-imperial-museum-district-brazil-bg-primary.webp,Petropolis and the imperial museum district,Petropolis and the imperial museum district.,Background image of Petropolis and the imperial museum district for Brazil immigration and relocation planning.
brazil,/brazil/brazil/,Brazil,5,section-5-opportunities,Opportunities,a,assets/images/sections/brazil/brazil/section-05-opportunities,brazil-section-05-opportunities-pampulha-belo-horizonte-minas-brazil-bg-primary.webp,/assets/images/sections/brazil/brazil/section-05-opportunities/brazil-section-05-opportunities-pampulha-belo-horizonte-minas-brazil-bg-primary.webp,the urban panorama of Pampulha in Belo Horizonte,the urban panorama of Pampulha in Belo Horizonte.,Background image of the urban panorama of Pampulha in Belo Horizonte for Brazil immigration and relocation planning.
brazil,/brazil/brazil/,Brazil,6,section-6-climate,Climate,a,assets/images/sections/brazil/brazil/section-06-climate,brazil-section-06-climate-forests-waters-meeting-manaus-brazil-bg-primary.webp,/assets/images/sections/brazil/brazil/section-06-climate/brazil-section-06-climate-forests-waters-meeting-manaus-brazil-bg-primary.webp,the forests and waters of Meeting of the Waters in Manaus,the forests and waters of Meeting of the Waters in Manaus.,Background image of the forests and waters of Meeting of the Waters in Manaus for Brazil immigration and relocation planning.
brazil,/brazil/brazil/,Brazil,7,section-7-diversity,Diversity,a,assets/images/sections/brazil/brazil/section-07-diversity,brazil-section-07-diversity-lencois-maranhenses-maranhao-sand-brazil-bg-primary.webp,/assets/images/sections/brazil/brazil/section-07-diversity/brazil-section-07-diversity-lencois-maranhenses-maranhao-sand-brazil-bg-primary.webp,Lençois Maranhenses,Lençois Maranhenses.,Background image of Lençois Maranhenses for Brazil immigration and relocation planning.
brazil,/brazil/brazil/,Brazil,8,section-8-accessibility,Accessibility,a,assets/images/sections/brazil/brazil/section-08-accessibility,brazil-section-08-accessibility-natural-orla-taumanan-roraima-brazil-bg-primary.webp,/assets/images/sections/brazil/brazil/section-08-accessibility/brazil-section-08-accessibility-natural-orla-taumanan-roraima-brazil-bg-primary.webp,the wide natural landscape of Orla Taumanan in Boa Vista,the wide natural landscape of Orla Taumanan in Boa Vista.,Background image of the wide natural landscape of Orla Taumanan in Boa Vista for Brazil immigration and relocation planning.
brazil,/brazil/brazil/,Brazil,9,section-9-perception,Perception,a,assets/images/sections/brazil/brazil/section-09-perception,brazil-section-09-perception-shores-lake-paranoa-brasilia-brazil-bg-primary.webp,/assets/images/sections/brazil/brazil/section-09-perception/brazil-section-09-perception-shores-lake-paranoa-brasilia-brazil-bg-primary.webp,the shores of Lake Paranoa in Brasilia,the shores of Lake Paranoa in Brasilia.,Background image of the shores of Lake Paranoa in Brasilia for Brazil immigration and relocation planning.
brazil,/brazil/brazil/,Brazil,10,section-10-future,Future,a,assets/images/sections/brazil/brazil/section-10-future,brazil-section-10-future-meeting-negro-solimoes-near-brazil-bg-primary.webp,/assets/images/sections/brazil/brazil/section-10-future/brazil-section-10-future-meeting-negro-solimoes-near-brazil-bg-primary.webp,the meeting of the Rio Negro and Solimoes near Manaus,the meeting of the Rio Negro and Solimoes near Manaus.,Background image of the meeting of the Rio Negro and Solimoes near Manaus for Brazil immigration and relocation planning.
brazil,/brazil/central-west/,Central-West,1,section-1-overview,Overview,a,assets/images/sections/brazil/central-west/section-01-overview,central-west-section-01-overview-cerrado-aguas-emendadas-ecological-brazil-bg-primary.webp,/assets/images/sections/brazil/central-west/section-01-overview/central-west-section-01-overview-cerrado-aguas-emendadas-ecological-brazil-bg-primary.webp,the cerrado landscape of Aguas Emendadas,the cerrado landscape of Aguas Emendadas.,Background image of the cerrado landscape of Aguas Emendadas for Brazil immigration and relocation planning.
brazil,/brazil/central-west/,Central-West,2,section-2-geography,Geography,a,assets/images/sections/brazil/central-west/section-02-geography,central-west-section-02-geography-clear-waters-lagoa-azul-brazil-bg-primary.webp,/assets/images/sections/brazil/central-west/section-02-geography/central-west-section-02-geography-clear-waters-lagoa-azul-brazil-bg-primary.webp,the clear waters of Lagoa Azul in Nobres,the clear waters of Lagoa Azul in Nobres.,Background image of the clear waters of Lagoa Azul in Nobres for Brazil immigration and relocation planning.
brazil,/brazil/central-west/,Central-West,3,section-3-climate,Climate,a,assets/images/sections/brazil/central-west/section-03-climate,central-west-section-03-climate-forests-waters-chapada-guimaraes-brazil-bg-primary.webp,/assets/images/sections/brazil/central-west/section-03-climate/central-west-section-03-climate-forests-waters-chapada-guimaraes-brazil-bg-primary.webp,the forests and waters of Chapada dos Guimaraes,the forests and waters of Chapada dos Guimaraes.,Background image of the forests and waters of Chapada dos Guimaraes for Brazil immigration and relocation planning.
brazil,/brazil/central-west/,Central-West,4,section-4-cities,Cities,a,assets/images/sections/brazil/central-west/section-04-cities,central-west-section-04-cities-brasilia-monumental-axis-central-brazil-bg-primary.webp,/assets/images/sections/brazil/central-west/section-04-cities/central-west-section-04-cities-brasilia-monumental-axis-central-brazil-bg-primary.webp,Brasilia,Brasilia.,Background image of Brasilia for Brazil immigration and relocation planning.
brazil,/brazil/central-west/,Central-West,5,section-5-lifestyle,Lifestyle,a,assets/images/sections/brazil/central-west/section-05-lifestyle,central-west-section-05-lifestyle-lencois-maranhenses-maranhao-sand-brazil-bg-primary.webp,/assets/images/sections/brazil/central-west/section-05-lifestyle/central-west-section-05-lifestyle-lencois-maranhenses-maranhao-sand-brazil-bg-primary.webp,Lençois Maranhenses,Lençois Maranhenses.,Background image of Lençois Maranhenses for Brazil immigration and relocation planning.
brazil,/brazil/central-west/,Central-West,6,section-6-economy,Economy,a,assets/images/sections/brazil/central-west/section-06-economy,central-west-section-06-economy-bridge-over-lake-paranoa-brazil-bg-primary.webp,/assets/images/sections/brazil/central-west/section-06-economy/central-west-section-06-economy-bridge-over-lake-paranoa-brazil-bg-primary.webp,the JK Bridge over Lake Paranoa,the JK Bridge over Lake Paranoa.,Background image of the JK Bridge over Lake Paranoa for Brazil immigration and relocation planning.
brazil,/brazil/central-west/,Central-West,7,section-7-culture,Culture,a,assets/images/sections/brazil/central-west/section-07-culture,central-west-section-07-culture-civic-avenues-goiania-goias-brazil-bg-primary.webp,/assets/images/sections/brazil/central-west/section-07-culture/central-west-section-07-culture-civic-avenues-goiania-goias-brazil-bg-primary.webp,the civic center and avenues of Goiania,the civic center and avenues of Goiania.,Background image of the civic center and avenues of Goiania for Brazil immigration and relocation planning.
brazil,/brazil/central-west/,Central-West,8,section-8-opportunities,Opportunities,a,assets/images/sections/brazil/central-west/section-08-opportunities,central-west-section-08-opportunities-museum-tomorrow-janeiro-port-brazil-bg-primary.webp,/assets/images/sections/brazil/central-west/section-08-opportunities/central-west-section-08-opportunities-museum-tomorrow-janeiro-port-brazil-bg-primary.webp,the urban panorama of Museum of Tomorrow in Rio de Janeiro,the urban panorama of Museum of Tomorrow in Rio de Janeiro.,Background image of the urban panorama of Museum of Tomorrow in Rio de Janeiro for Brazil immigration and relocation planning.
brazil,/brazil/central-west/,Central-West,9,section-9-advantages,Advantages,a,assets/images/sections/brazil/central-west/section-09-advantages,central-west-section-09-advantages-cultural-grounds-parque-povo-brazil-bg-primary.webp,/assets/images/sections/brazil/central-west/section-09-advantages/central-west-section-09-advantages-cultural-grounds-parque-povo-brazil-bg-primary.webp,the cultural grounds of Parque do Povo,the cultural grounds of Parque do Povo.,Background image of the cultural grounds of Parque do Povo for Brazil immigration and relocation planning.
brazil,/brazil/central-west/,Central-West,10,section-10-considerations,Considerations,a,assets/images/sections/brazil/central-west/section-10-considerations,central-west-section-10-considerations-sanctuary-sculptures-congonhas-minas-brazil-bg-primary.webp,/assets/images/sections/brazil/central-west/section-10-considerations/central-west-section-10-considerations-sanctuary-sculptures-congonhas-minas-brazil-bg-primary.webp,the sanctuary and sculptures of Congonhas,the sanctuary and sculptures of Congonhas.,Background image of the sanctuary and sculptures of Congonhas for Brazil immigration and relocation planning.
brazil,/brazil/cities/,Cities,1,section-1-overview,Overview,a,assets/images/sections/brazil/cities/section-01-overview,cities-section-01-overview-natural-iguazu-iguacu-southern-brazil-bg-primary.webp,/assets/images/sections/brazil/cities/section-01-overview/cities-section-01-overview-natural-iguazu-iguacu-southern-brazil-bg-primary.webp,the wide natural landscape of Iguazu Falls on the Brazilian side,the wide natural landscape of Iguazu Falls on the Brazilian side.,Background image of the wide natural landscape of Iguazu Falls on the Brazilian side for Brazil immigration and relocation planning.
brazil,/brazil/cities/,Cities,2,section-2-location,Location,a,assets/images/sections/brazil/cities/section-02-location,cities-section-02-location-salvador-pelourinho-bahia-northeast-brazil-bg-primary.webp,/assets/images/sections/brazil/cities/section-02-location/cities-section-02-location-salvador-pelourinho-bahia-northeast-brazil-bg-primary.webp,Salvador,Salvador.,Background image of Salvador for Brazil immigration and relocation planning.
brazil,/brazil/cities/,Cities,3,section-3-population,Population,a,assets/images/sections/brazil/cities/section-03-population,cities-section-03-population-colorful-quadrado-trancoso-bahia-brazil-bg-primary.webp,/assets/images/sections/brazil/cities/section-03-population/cities-section-03-population-colorful-quadrado-trancoso-bahia-brazil-bg-primary.webp,the colorful Quadrado of Trancoso,the colorful Quadrado of Trancoso.,Background image of the colorful Quadrado of Trancoso for Brazil immigration and relocation planning.
brazil,/brazil/cities/,Cities,4,section-4-lifestyle,Lifestyle,a,assets/images/sections/brazil/cities/section-04-lifestyle,cities-section-04-lifestyle-district-recife-antigo-pernambuco-brazil-bg-primary.webp,/assets/images/sections/brazil/cities/section-04-lifestyle/cities-section-04-lifestyle-district-recife-antigo-pernambuco-brazil-bg-primary.webp,the historic district of Recife Antigo,the historic district of Recife Antigo.,Background image of the historic district of Recife Antigo for Brazil immigration and relocation planning.
brazil,/brazil/cities/,Cities,5,section-5-economy,Economy,a,assets/images/sections/brazil/cities/section-05-economy,cities-section-05-economy-shoreline-santos-waterfront-warm-brazil-bg-primary.webp,/assets/images/sections/brazil/cities/section-05-economy/cities-section-05-economy-shoreline-santos-waterfront-warm-brazil-bg-primary.webp,the shoreline of Santos waterfront in warm evening light,the shoreline of Santos waterfront in warm evening light.,Background image of the shoreline of Santos waterfront in warm evening light for Brazil immigration and relocation planning.
brazil,/brazil/cities/,Cities,6,section-6-housing,Housing,a,assets/images/sections/brazil/cities/section-06-housing,cities-section-06-housing-museum-tomorrow-janeiro-port-brazil-bg-primary.webp,/assets/images/sections/brazil/cities/section-06-housing/cities-section-06-housing-museum-tomorrow-janeiro-port-brazil-bg-primary.webp,the Museum of Tomorrow in Rio de Janeiro,the Museum of Tomorrow in Rio de Janeiro.,Background image of the Museum of Tomorrow in Rio de Janeiro for Brazil immigration and relocation planning.
brazil,/brazil/cities/,Cities,7,section-7-safety,Safety,a,assets/images/sections/brazil/cities/section-07-safety,cities-section-07-safety-paulo-skyline-avenida-paulista-brazil-bg-primary.webp,/assets/images/sections/brazil/cities/section-07-safety/cities-section-07-safety-paulo-skyline-avenida-paulista-brazil-bg-primary.webp,Sao Paulo,Sao Paulo.,Background image of Sao Paulo for Brazil immigration and relocation planning.
brazil,/brazil/cities/,Cities,8,section-8-services,Services,a,assets/images/sections/brazil/cities/section-08-services,cities-section-08-services-mission-ruins-miguel-missoes-brazil-bg-primary.webp,/assets/images/sections/brazil/cities/section-08-services/cities-section-08-services-mission-ruins-miguel-missoes-brazil-bg-primary.webp,the mission ruins of Sao Miguel das Missoes,the mission ruins of Sao Miguel das Missoes.,Background image of the mission ruins of Sao Miguel das Missoes for Brazil immigration and relocation planning.
brazil,/brazil/cities/,Cities,9,section-9-culture,Culture,a,assets/images/sections/brazil/cities/section-09-culture,cities-section-09-culture-natural-inhotim-brumadinho-minas-brazil-bg-primary.webp,/assets/images/sections/brazil/cities/section-09-culture/cities-section-09-culture-natural-inhotim-brumadinho-minas-brazil-bg-primary.webp,the wide natural landscape of Inhotim in Brumadinho,the wide natural landscape of Inhotim in Brumadinho.,Background image of the wide natural landscape of Inhotim in Brumadinho for Brazil immigration and relocation planning.
brazil,/brazil/cities/,Cities,10,section-10-appeal,Appeal,a,assets/images/sections/brazil/cities/section-10-appeal,cities-section-10-appeal-streets-serra-rastro-santa-brazil-bg-primary.webp,/assets/images/sections/brazil/cities/section-10-appeal/cities-section-10-appeal-streets-serra-rastro-santa-brazil-bg-primary.webp,the architecture and streets of Serra do Rio do Rastro,the architecture and streets of Serra do Rio do Rastro.,Background image of the architecture and streets of Serra do Rio do Rastro for Brazil immigration and relocation planning.
brazil,/brazil/cost/,Cost,1,section-1-overview,Overview,a,assets/images/sections/brazil/cost/section-01-overview,cost-section-01-overview-botanical-garden-curitiba-parana-brazil-bg-primary.webp,/assets/images/sections/brazil/cost/section-01-overview/cost-section-01-overview-botanical-garden-curitiba-parana-brazil-bg-primary.webp,the Botanical Garden of Curitiba,the Botanical Garden of Curitiba.,Background image of the Botanical Garden of Curitiba for Brazil immigration and relocation planning.
brazil,/brazil/cost/,Cost,2,section-2-housing,Housing,a,assets/images/sections/brazil/cost/section-02-housing,cost-section-02-housing-skyline-waterfront-balneario-camboriu-brazil-bg-primary.webp,/assets/images/sections/brazil/cost/section-02-housing/cost-section-02-housing-skyline-waterfront-balneario-camboriu-brazil-bg-primary.webp,the skyline and waterfront of Balneario Camboriu,the skyline and waterfront of Balneario Camboriu.,Background image of the skyline and waterfront of Balneario Camboriu for Brazil immigration and relocation planning.
brazil,/brazil/cost/,Cost,3,section-3-food,Food,a,assets/images/sections/brazil/cost/section-03-food,cost-section-03-food-paraty-waterfront-janeiro-southeast-brazil-bg-primary.webp,/assets/images/sections/brazil/cost/section-03-food/cost-section-03-food-paraty-waterfront-janeiro-southeast-brazil-bg-primary.webp,Paraty,Paraty.,Background image of Paraty for Brazil immigration and relocation planning.
brazil,/brazil/cost/,Cost,4,section-4-transport,Transport,a,assets/images/sections/brazil/cost/section-04-transport,cost-section-04-transport-beaches-alter-chao-tapajos-brazil-bg-primary.webp,/assets/images/sections/brazil/cost/section-04-transport/cost-section-04-transport-beaches-alter-chao-tapajos-brazil-bg-primary.webp,the beaches of Alter do Chao on the Tapajos River,the beaches of Alter do Chao on the Tapajos River.,Background image of the beaches of Alter do Chao on the Tapajos River for Brazil immigration and relocation planning.
brazil,/brazil/cost/,Cost,5,section-5-healthcare,Healthcare,a,assets/images/sections/brazil/cost/section-05-healthcare,cost-section-05-healthcare-forests-waters-amazon-northern-brazil-bg-primary.webp,/assets/images/sections/brazil/cost/section-05-healthcare/cost-section-05-healthcare-forests-waters-amazon-northern-brazil-bg-primary.webp,the forests and waters of Amazon river basin,the forests and waters of Amazon river basin.,Background image of the forests and waters of Amazon river basin for Brazil immigration and relocation planning.
brazil,/brazil/cost/,Cost,6,section-6-education,Education,a,assets/images/sections/brazil/cost/section-06-education,cost-section-06-education-canyons-aparados-serra-southern-brazil-bg-primary.webp,/assets/images/sections/brazil/cost/section-06-education/cost-section-06-education-canyons-aparados-serra-southern-brazil-bg-primary.webp,the canyons of Aparados da Serra,the canyons of Aparados da Serra.,Background image of the canyons of Aparados da Serra for Brazil immigration and relocation planning.
brazil,/brazil/cost/,Cost,7,section-7-lifestyle,Lifestyle,a,assets/images/sections/brazil/cost/section-07-lifestyle,cost-section-07-lifestyle-coastline-water-baia-sancho-brazil-bg-primary.webp,/assets/images/sections/brazil/cost/section-07-lifestyle/cost-section-07-lifestyle-coastline-water-baia-sancho-brazil-bg-primary.webp,the wide coastline and water of Baia do Sancho in Fernando de Noronha,the wide coastline and water of Baia do Sancho in Fernando de Noronha.,Background image of the wide coastline and water of Baia do Sancho in Fernando de Noronha for Brazil immigration and relocation planning.
brazil,/brazil/cost/,Cost,8,section-8-comparison,Comparison,a,assets/images/sections/brazil/cost/section-08-comparison,cost-section-08-comparison-baia-sancho-fernando-noronha-brazil-bg-primary.webp,/assets/images/sections/brazil/cost/section-08-comparison/cost-section-08-comparison-baia-sancho-fernando-noronha-brazil-bg-primary.webp,Baia do Sancho in Fernando de Noronha,Baia do Sancho in Fernando de Noronha.,Background image of Baia do Sancho in Fernando de Noronha for Brazil immigration and relocation planning.
brazil,/brazil/cost/,Cost,9,section-9-variation,Variation,a,assets/images/sections/brazil/cost/section-09-variation,cost-section-09-variation-avenida-paulista-paulo-avenue-brazil-bg-primary.webp,/assets/images/sections/brazil/cost/section-09-variation/cost-section-09-variation-avenida-paulista-paulo-avenue-brazil-bg-primary.webp,Avenida Paulista in Sao Paulo,Avenida Paulista in Sao Paulo.,Background image of Avenida Paulista in Sao Paulo for Brazil immigration and relocation planning.
brazil,/brazil/cost/,Cost,10,section-10-budgeting,Budgeting,a,assets/images/sections/brazil/cost/section-10-budgeting,cost-section-10-budgeting-canyons-lake-scenery-capitolio-brazil-bg-primary.webp,/assets/images/sections/brazil/cost/section-10-budgeting/cost-section-10-budgeting-canyons-lake-scenery-capitolio-brazil-bg-primary.webp,the canyons and lake scenery of Capitolio,the canyons and lake scenery of Capitolio.,Background image of the canyons and lake scenery of Capitolio for Brazil immigration and relocation planning.
brazil,/brazil/cuisine/,Cuisine,1,section-1-overview,Overview,a,assets/images/sections/brazil/cuisine/section-01-overview,cuisine-section-01-overview-sunrise-chapada-diamantina-bahia-brazil-bg-primary.webp,/assets/images/sections/brazil/cuisine/section-01-overview/cuisine-section-01-overview-sunrise-chapada-diamantina-bahia-brazil-bg-primary.webp,the sunrise landscape of Chapada Diamantina,the sunrise landscape of Chapada Diamantina.,Background image of the sunrise landscape of Chapada Diamantina for Brazil immigration and relocation planning.
brazil,/brazil/cuisine/,Cuisine,2,section-2-staples,Staples,a,assets/images/sections/brazil/cuisine/section-02-staples,cuisine-section-02-staples-copacabana-waterfront-promenade-janeiro-brazil-bg-primary.webp,/assets/images/sections/brazil/cuisine/section-02-staples/cuisine-section-02-staples-copacabana-waterfront-promenade-janeiro-brazil-bg-primary.webp,Copacabana beach and the Rio waterfront,Copacabana beach and the Rio waterfront.,Background image of Copacabana beach and the Rio waterfront for Brazil immigration and relocation planning.
brazil,/brazil/cuisine/,Cuisine,3,section-3-regional,Regional,a,assets/images/sections/brazil/cuisine/section-03-regional,cuisine-section-03-regional-farol-barra-seafront-salvador-brazil-bg-primary.webp,/assets/images/sections/brazil/cuisine/section-03-regional/cuisine-section-03-regional-farol-barra-seafront-salvador-brazil-bg-primary.webp,Farol da Barra and the seafront of Salvador,Farol da Barra and the seafront of Salvador.,Background image of Farol da Barra and the seafront of Salvador for Brazil immigration and relocation planning.
brazil,/brazil/cuisine/,Cuisine,4,section-4-street-food,Street Food,a,assets/images/sections/brazil/cuisine/section-04-street-food,cuisine-section-04-street-food-florianopolis-coastline-brava-atlantic-brazil-bg-primary.webp,/assets/images/sections/brazil/cuisine/section-04-street-food/cuisine-section-04-street-food-florianopolis-coastline-brava-atlantic-brazil-bg-primary.webp,Florianopolis,Florianopolis.,Background image of Florianopolis for Brazil immigration and relocation planning.
brazil,/brazil/cuisine/,Cuisine,5,section-5-dining,Dining,a,assets/images/sections/brazil/cuisine/section-05-dining,cuisine-section-05-dining-streets-paulo-skyline-avenida-brazil-bg-primary.webp,/assets/images/sections/brazil/cuisine/section-05-dining/cuisine-section-05-dining-streets-paulo-skyline-avenida-brazil-bg-primary.webp,the architecture and streets of Sao Paulo skyline,the architecture and streets of Sao Paulo skyline.,Background image of the architecture and streets of Sao Paulo skyline for Brazil immigration and relocation planning.
brazil,/brazil/cuisine/,Cuisine,6,section-6-diversity,Diversity,a,assets/images/sections/brazil/cuisine/section-06-diversity,cuisine-section-06-diversity-iguazu-iguacu-southern-economy-brazil-bg-primary.webp,/assets/images/sections/brazil/cuisine/section-06-diversity/cuisine-section-06-diversity-iguazu-iguacu-southern-economy-brazil-bg-primary.webp,Iguazu Falls,Iguazu Falls.,Background image of Iguazu Falls for Brazil immigration and relocation planning.
brazil,/brazil/cuisine/,Cuisine,7,section-7-lifestyle,Lifestyle,a,assets/images/sections/brazil/cuisine/section-07-lifestyle,cuisine-section-07-lifestyle-waterways-delta-parnaiba-piaui-brazil-bg-primary.webp,/assets/images/sections/brazil/cuisine/section-07-lifestyle/cuisine-section-07-lifestyle-waterways-delta-parnaiba-piaui-brazil-bg-primary.webp,the waterways and dunes of the Delta do Parnaiba,the waterways and dunes of the Delta do Parnaiba.,Background image of the waterways and dunes of the Delta do Parnaiba for Brazil immigration and relocation planning.
brazil,/brazil/cuisine/,Cuisine,8,section-8-affordability,Affordability,a,assets/images/sections/brazil/cuisine/section-08-affordability,cuisine-section-08-affordability-trails-cliffs-ibitipoca-minas-brazil-bg-primary.webp,/assets/images/sections/brazil/cuisine/section-08-affordability/cuisine-section-08-affordability-trails-cliffs-ibitipoca-minas-brazil-bg-primary.webp,the trails and cliffs of Ibitipoca,the trails and cliffs of Ibitipoca.,Background image of the trails and cliffs of Ibitipoca for Brazil immigration and relocation planning.
brazil,/brazil/cuisine/,Cuisine,9,section-9-favorites,Favorites,a,assets/images/sections/brazil/cuisine/section-09-favorites,cuisine-section-09-favorites-town-campos-jordao-paulo-brazil-bg-primary.webp,/assets/images/sections/brazil/cuisine/section-09-favorites/cuisine-section-09-favorites-town-campos-jordao-paulo-brazil-bg-primary.webp,the mountain town of Campos do Jordao,the mountain town of Campos do Jordao.,Background image of the mountain town of Campos do Jordao for Brazil immigration and relocation planning.
brazil,/brazil/cuisine/,Cuisine,10,section-10-experience,Experience,a,assets/images/sections/brazil/cuisine/section-10-experience,cuisine-section-10-experience-sunrise-negro-palace-manaus-brazil-bg-primary.webp,/assets/images/sections/brazil/cuisine/section-10-experience/cuisine-section-10-experience-sunrise-negro-palace-manaus-brazil-bg-primary.webp,the sunrise landscape of Rio Negro Palace in Manaus,the sunrise landscape of Rio Negro Palace in Manaus.,Background image of the sunrise landscape of Rio Negro Palace in Manaus for Brazil immigration and relocation planning.
brazil,/brazil/culture/,Culture,1,section-1-overview,Overview,a,assets/images/sections/brazil/culture/section-01-overview,culture-section-01-overview-beaches-lighthouse-ilha-parana-brazil-bg-primary.webp,/assets/images/sections/brazil/culture/section-01-overview/culture-section-01-overview-beaches-lighthouse-ilha-parana-brazil-bg-primary.webp,the beaches and lighthouse of Ilha do Mel,the beaches and lighthouse of Ilha do Mel.,Background image of the beaches and lighthouse of Ilha do Mel for Brazil immigration and relocation planning.
brazil,/brazil/culture/,Culture,2,section-2-identity,Identity,a,assets/images/sections/brazil/culture/section-02-identity,culture-section-02-identity-genipabu-near-natal-grande-brazil-bg-primary.webp,/assets/images/sections/brazil/culture/section-02-identity/culture-section-02-identity-genipabu-near-natal-grande-brazil-bg-primary.webp,the Genipabu dunes near Natal,the Genipabu dunes near Natal.,Background image of the Genipabu dunes near Natal for Brazil immigration and relocation planning.
brazil,/brazil/culture/,Culture,3,section-3-diversity,Diversity,a,assets/images/sections/brazil/culture/section-03-diversity,culture-section-03-diversity-natural-iguazu-iguacu-southern-brazil-bg-primary.webp,/assets/images/sections/brazil/culture/section-03-diversity/culture-section-03-diversity-natural-iguazu-iguacu-southern-brazil-bg-primary.webp,the wide natural landscape of Iguazu Falls on the Brazilian side,the wide natural landscape of Iguazu Falls on the Brazilian side.,Background image of the wide natural landscape of Iguazu Falls on the Brazilian side for Brazil immigration and relocation planning.
brazil,/brazil/culture/,Culture,4,section-4-traditions,Traditions,a,assets/images/sections/brazil/culture/section-04-traditions,culture-section-04-traditions-meeting-negro-solimoes-near-brazil-bg-primary.webp,/assets/images/sections/brazil/culture/section-04-traditions/culture-section-04-traditions-meeting-negro-solimoes-near-brazil-bg-primary.webp,the meeting of the Rio Negro and Solimoes near Manaus,the meeting of the Rio Negro and Solimoes near Manaus.,Background image of the meeting of the Rio Negro and Solimoes near Manaus for Brazil immigration and relocation planning.
brazil,/brazil/culture/,Culture,5,section-5-language,Language,a,assets/images/sections/brazil/culture/section-05-language,culture-section-05-language-forests-waters-meeting-manaus-brazil-bg-primary.webp,/assets/images/sections/brazil/culture/section-05-language/culture-section-05-language-forests-waters-meeting-manaus-brazil-bg-primary.webp,the forests and waters of Meeting of the Waters in Manaus,the forests and waters of Meeting of the Waters in Manaus.,Background image of the forests and waters of Meeting of the Waters in Manaus for Brazil immigration and relocation planning.
brazil,/brazil/culture/,Culture,6,section-6-music,Music,a,assets/images/sections/brazil/culture/section-06-music,culture-section-06-music-island-village-beaches-morro-brazil-bg-primary.webp,/assets/images/sections/brazil/culture/section-06-music/culture-section-06-music-island-village-beaches-morro-brazil-bg-primary.webp,the island village and beaches of Morro de Sao Paulo,the island village and beaches of Morro de Sao Paulo.,Background image of the island village and beaches of Morro de Sao Paulo for Brazil immigration and relocation planning.
brazil,/brazil/culture/,Culture,7,section-7-social-norms,Social Norms,a,assets/images/sections/brazil/culture/section-07-social-norms,culture-section-07-social-norms-forests-waters-madeira-porto-brazil-bg-primary.webp,/assets/images/sections/brazil/culture/section-07-social-norms/culture-section-07-social-norms-forests-waters-madeira-porto-brazil-bg-primary.webp,the forests and waters of Madeira river in Porto Velho,the forests and waters of Madeira river in Porto Velho.,Background image of the forests and waters of Madeira river in Porto Velho for Brazil immigration and relocation planning.
brazil,/brazil/culture/,Culture,8,section-8-daily-life,Daily Life,a,assets/images/sections/brazil/culture/section-08-daily-life,culture-section-08-daily-life-coastline-water-pajucara-waterfront-brazil-bg-primary.webp,/assets/images/sections/brazil/culture/section-08-daily-life/culture-section-08-daily-life-coastline-water-pajucara-waterfront-brazil-bg-primary.webp,the wide coastline and water of Pajucara waterfront in Maceio,the wide coastline and water of Pajucara waterfront in Maceio.,Background image of the wide coastline and water of Pajucara waterfront in Maceio for Brazil immigration and relocation planning.
brazil,/brazil/culture/,Culture,9,section-9-integration,Integration,a,assets/images/sections/brazil/culture/section-09-integration,culture-section-09-integration-niteroi-contemporary-museum-over-brazil-bg-primary.webp,/assets/images/sections/brazil/culture/section-09-integration/culture-section-09-integration-niteroi-contemporary-museum-over-brazil-bg-primary.webp,the Niteroi Contemporary Art Museum over Guanabara Bay,the Niteroi Contemporary Art Museum over Guanabara Bay.,Background image of the Niteroi Contemporary Art Museum over Guanabara Bay for Brazil immigration and relocation planning.
brazil,/brazil/culture/,Culture,10,section-10-richness,Richness,a,assets/images/sections/brazil/culture/section-10-richness,culture-section-10-richness-pampulha-belo-horizonte-minas-brazil-bg-primary.webp,/assets/images/sections/brazil/culture/section-10-richness/culture-section-10-richness-pampulha-belo-horizonte-minas-brazil-bg-primary.webp,the urban panorama of Pampulha in Belo Horizonte,the urban panorama of Pampulha in Belo Horizonte.,Background image of the urban panorama of Pampulha in Belo Horizonte for Brazil immigration and relocation planning.
brazil,/brazil/directory/,Directory,1,section-1-overview,Overview,a,assets/images/sections/brazil/directory/section-01-overview,directory-section-01-overview-petropolis-imperial-museum-district-brazil-bg-primary.webp,/assets/images/sections/brazil/directory/section-01-overview/directory-section-01-overview-petropolis-imperial-museum-district-brazil-bg-primary.webp,Petropolis and the imperial museum district,Petropolis and the imperial museum district.,Background image of Petropolis and the imperial museum district for Brazil immigration and relocation planning.
brazil,/brazil/directory/,Directory,2,section-2-services,Services,a,assets/images/sections/brazil/directory/section-02-services,directory-section-02-services-cultural-grounds-parque-povo-brazil-bg-primary.webp,/assets/images/sections/brazil/directory/section-02-services/directory-section-02-services-cultural-grounds-parque-povo-brazil-bg-primary.webp,the cultural grounds of Parque do Povo,the cultural grounds of Parque do Povo.,Background image of the cultural grounds of Parque do Povo for Brazil immigration and relocation planning.
brazil,/brazil/directory/,Directory,3,section-3-categories,Categories,a,assets/images/sections/brazil/directory/section-03-categories,directory-section-03-categories-sanctuary-sculptures-congonhas-minas-brazil-bg-primary.webp,/assets/images/sections/brazil/directory/section-03-categories/directory-section-03-categories-sanctuary-sculptures-congonhas-minas-brazil-bg-primary.webp,the sanctuary and sculptures of Congonhas,the sanctuary and sculptures of Congonhas.,Background image of the sanctuary and sculptures of Congonhas for Brazil immigration and relocation planning.
brazil,/brazil/directory/,Directory,4,section-4-locations,Locations,a,assets/images/sections/brazil/directory/section-04-locations,directory-section-04-locations-coastline-rosa-santa-catarina-brazil-bg-primary.webp,/assets/images/sections/brazil/directory/section-04-locations/directory-section-04-locations-coastline-rosa-santa-catarina-brazil-bg-primary.webp,the bay and coastline of Praia do Rosa,the bay and coastline of Praia do Rosa.,Background image of the bay and coastline of Praia do Rosa for Brazil immigration and relocation planning.
brazil,/brazil/directory/,Directory,5,section-5-usage,Usage,a,assets/images/sections/brazil/directory/section-05-usage,directory-section-05-usage-paulo-skyline-avenida-paulista-brazil-bg-primary.webp,/assets/images/sections/brazil/directory/section-05-usage/directory-section-05-usage-paulo-skyline-avenida-paulista-brazil-bg-primary.webp,Sao Paulo,Sao Paulo.,Background image of Sao Paulo for Brazil immigration and relocation planning.
brazil,/brazil/directory/,Directory,6,section-6-relevance,Relevance,a,assets/images/sections/brazil/directory/section-06-relevance,directory-section-06-relevance-coastline-water-itacare-bahia-brazil-bg-primary.webp,/assets/images/sections/brazil/directory/section-06-relevance/directory-section-06-relevance-coastline-water-itacare-bahia-brazil-bg-primary.webp,the wide coastline and water of Itacare coastline,the wide coastline and water of Itacare coastline.,Background image of the wide coastline and water of Itacare coastline for Brazil immigration and relocation planning.
brazil,/brazil/directory/,Directory,7,section-7-trust,Trust,a,assets/images/sections/brazil/directory/section-07-trust,directory-section-07-trust-vila-germanica-district-blumenau-brazil-bg-primary.webp,/assets/images/sections/brazil/directory/section-07-trust/directory-section-07-trust-vila-germanica-district-blumenau-brazil-bg-primary.webp,the Vila Germanica district in Blumenau,the Vila Germanica district in Blumenau.,Background image of the Vila Germanica district in Blumenau for Brazil immigration and relocation planning.
brazil,/brazil/directory/,Directory,8,section-8-updates,Updates,a,assets/images/sections/brazil/directory/section-08-updates,directory-section-08-updates-coastline-water-miguel-milagres-brazil-bg-primary.webp,/assets/images/sections/brazil/directory/section-08-updates/directory-section-08-updates-coastline-water-miguel-milagres-brazil-bg-primary.webp,the wide coastline and water of Sao Miguel dos Milagres,the wide coastline and water of Sao Miguel dos Milagres.,Background image of the wide coastline and water of Sao Miguel dos Milagres for Brazil immigration and relocation planning.
brazil,/brazil/directory/,Directory,9,section-9-navigation,Navigation,a,assets/images/sections/brazil/directory/section-09-navigation,directory-section-09-navigation-guaiba-waterfront-porto-alegre-brazil-bg-primary.webp,/assets/images/sections/brazil/directory/section-09-navigation/directory-section-09-navigation-guaiba-waterfront-porto-alegre-brazil-bg-primary.webp,the Guaiba waterfront in Porto Alegre,the Guaiba waterfront in Porto Alegre.,Background image of the Guaiba waterfront in Porto Alegre for Brazil immigration and relocation planning.
brazil,/brazil/directory/,Directory,10,section-10-support,Support,a,assets/images/sections/brazil/directory/section-10-support,directory-section-10-support-meeting-waters-near-santarem-brazil-bg-primary.webp,/assets/images/sections/brazil/directory/section-10-support/directory-section-10-support-meeting-waters-near-santarem-brazil-bg-primary.webp,the meeting of waters near Santarem,the meeting of waters near Santarem.,Background image of the meeting of waters near Santarem for Brazil immigration and relocation planning.
brazil,/brazil/economy/,Economy,1,section-1-overview,Overview,a,assets/images/sections/brazil/economy/section-01-overview,economy-section-01-overview-paraty-waterfront-janeiro-southeast-brazil-bg-primary.webp,/assets/images/sections/brazil/economy/section-01-overview/economy-section-01-overview-paraty-waterfront-janeiro-southeast-brazil-bg-primary.webp,Paraty,Paraty.,Background image of Paraty for Brazil immigration and relocation planning.
brazil,/brazil/economy/,Economy,2,section-2-industries,Industries,a,assets/images/sections/brazil/economy/section-02-industries,economy-section-02-industries-cerrado-aguas-emendadas-ecological-brazil-bg-primary.webp,/assets/images/sections/brazil/economy/section-02-industries/economy-section-02-industries-cerrado-aguas-emendadas-ecological-brazil-bg-primary.webp,the cerrado landscape of Aguas Emendadas,the cerrado landscape of Aguas Emendadas.,Background image of the cerrado landscape of Aguas Emendadas for Brazil immigration and relocation planning.
brazil,/brazil/economy/,Economy,3,section-3-employment,Employment,a,assets/images/sections/brazil/economy/section-03-employment,economy-section-03-employment-baia-sancho-fernando-noronha-brazil-bg-primary.webp,/assets/images/sections/brazil/economy/section-03-employment/economy-section-03-employment-baia-sancho-fernando-noronha-brazil-bg-primary.webp,Baia do Sancho in Fernando de Noronha,Baia do Sancho in Fernando de Noronha.,Background image of Baia do Sancho in Fernando de Noronha for Brazil immigration and relocation planning.
brazil,/brazil/economy/,Economy,4,section-4-currency,Currency,a,assets/images/sections/brazil/economy/section-04-currency,economy-section-04-currency-buzios-peninsula-janeiro-beaches-brazil-bg-primary.webp,/assets/images/sections/brazil/economy/section-04-currency/economy-section-04-currency-buzios-peninsula-janeiro-beaches-brazil-bg-primary.webp,the Buzios peninsula on the coast of Rio de Janeiro state,the Buzios peninsula on the coast of Rio de Janeiro state.,Background image of the Buzios peninsula on the coast of Rio de Janeiro state for Brazil immigration and relocation planning.
brazil,/brazil/economy/,Economy,5,section-5-trade,Trade,a,assets/images/sections/brazil/economy/section-05-trade,economy-section-05-trade-cathedral-town-canela-grande-brazil-bg-primary.webp,/assets/images/sections/brazil/economy/section-05-trade/economy-section-05-trade-cathedral-town-canela-grande-brazil-bg-primary.webp,the cathedral and town center of Canela,the cathedral and town center of Canela.,Background image of the cathedral and town center of Canela for Brazil immigration and relocation planning.
brazil,/brazil/economy/,Economy,6,section-6-regional-differences,Regional Differences,a,assets/images/sections/brazil/economy/section-06-regional-differences,economy-section-06-regional-differences-coastline-atlantic-ubatuba-paulo-brazil-bg-primary.webp,/assets/images/sections/brazil/economy/section-06-regional-differences/economy-section-06-regional-differences-coastline-atlantic-ubatuba-paulo-brazil-bg-primary.webp,the coastline and Atlantic forest of Ubatuba,the coastline and Atlantic forest of Ubatuba.,Background image of the coastline and Atlantic forest of Ubatuba for Brazil immigration and relocation planning.
brazil,/brazil/economy/,Economy,7,section-7-business-climate,Business Climate,a,assets/images/sections/brazil/economy/section-07-business-climate,economy-section-07-business-climate-florianopolis-coastline-brava-atlantic-brazil-bg-primary.webp,/assets/images/sections/brazil/economy/section-07-business-climate/economy-section-07-business-climate-florianopolis-coastline-brava-atlantic-brazil-bg-primary.webp,Florianopolis,Florianopolis.,Background image of Florianopolis for Brazil immigration and relocation planning.
brazil,/brazil/economy/,Economy,8,section-8-challenges,Challenges,a,assets/images/sections/brazil/economy/section-08-challenges,economy-section-08-challenges-coastline-water-baia-sancho-brazil-bg-primary.webp,/assets/images/sections/brazil/economy/section-08-challenges/economy-section-08-challenges-coastline-water-baia-sancho-brazil-bg-primary.webp,the wide coastline and water of Baia do Sancho in Fernando de Noronha,the wide coastline and water of Baia do Sancho in Fernando de Noronha.,Background image of the wide coastline and water of Baia do Sancho in Fernando de Noronha for Brazil immigration and relocation planning.
brazil,/brazil/economy/,Economy,9,section-9-growth,Growth,a,assets/images/sections/brazil/economy/section-09-growth,economy-section-09-growth-canyons-aparados-serra-southern-brazil-bg-primary.webp,/assets/images/sections/brazil/economy/section-09-growth/economy-section-09-growth-canyons-aparados-serra-southern-brazil-bg-primary.webp,the canyons of Aparados da Serra,the canyons of Aparados da Serra.,Background image of the canyons of Aparados da Serra for Brazil immigration and relocation planning.
brazil,/brazil/economy/,Economy,10,section-10-relevance-for-immigrants,Relevance For Immigrants,a,assets/images/sections/brazil/economy/section-10-relevance-for-immigrants,economy-section-10-relevance-for-immigrants-sunrise-delta-parnaiba-piaui-brazil-bg-primary.webp,/assets/images/sections/brazil/economy/section-10-relevance-for-immigrants/economy-section-10-relevance-for-immigrants-sunrise-delta-parnaiba-piaui-brazil-bg-primary.webp,the sunrise landscape of Delta do Parnaiba,the sunrise landscape of Delta do Parnaiba.,Background image of the sunrise landscape of Delta do Parnaiba for Brazil immigration and relocation planning.
brazil,/brazil/education/,Education,1,section-1-overview,Overview,a,assets/images/sections/brazil/education/section-01-overview,education-section-01-overview-shoreline-estacao-docas-belem-brazil-bg-primary.webp,/assets/images/sections/brazil/education/section-01-overview/education-section-01-overview-shoreline-estacao-docas-belem-brazil-bg-primary.webp,the shoreline of Estacao das Docas in Belem in warm evening light,the shoreline of Estacao das Docas in Belem in warm evening light.,Background image of the shoreline of Estacao das Docas in Belem in warm evening light for Brazil immigration and relocation planning.
brazil,/brazil/education/,Education,2,section-2-public,Public,a,assets/images/sections/brazil/education/section-02-public,education-section-02-public-fortaleza-beira-coastline-ceara-brazil-bg-primary.webp,/assets/images/sections/brazil/education/section-02-public/education-section-02-public-fortaleza-beira-coastline-ceara-brazil-bg-primary.webp,Fortaleza and the Beira Mar coastline,Fortaleza and the Beira Mar coastline.,Background image of Fortaleza and the Beira Mar coastline for Brazil immigration and relocation planning.
brazil,/brazil/education/,Education,3,section-3-private,Private,a,assets/images/sections/brazil/education/section-03-private,education-section-03-private-iguazu-iguacu-southern-economy-brazil-bg-primary.webp,/assets/images/sections/brazil/education/section-03-private/education-section-03-private-iguazu-iguacu-southern-economy-brazil-bg-primary.webp,Iguazu Falls,Iguazu Falls.,Background image of Iguazu Falls for Brazil immigration and relocation planning.
brazil,/brazil/education/,Education,4,section-4-higher,Higher,a,assets/images/sections/brazil/education/section-04-higher,education-section-04-higher-beaches-lighthouse-ilha-parana-brazil-bg-primary.webp,/assets/images/sections/brazil/education/section-04-higher/education-section-04-higher-beaches-lighthouse-ilha-parana-brazil-bg-primary.webp,the beaches and lighthouse of Ilha do Mel,the beaches and lighthouse of Ilha do Mel.,Background image of the beaches and lighthouse of Ilha do Mel for Brazil immigration and relocation planning.
brazil,/brazil/education/,Education,5,section-5-language,Language,a,assets/images/sections/brazil/education/section-05-language,education-section-05-language-ipanema-dois-irmaos-janeiro-brazil-bg-primary.webp,/assets/images/sections/brazil/education/section-05-language/education-section-05-language-ipanema-dois-irmaos-janeiro-brazil-bg-primary.webp,Ipanema beach with Dois Irmaos in the background,Ipanema beach with Dois Irmaos in the background.,Background image of Ipanema beach with Dois Irmaos in the background for Brazil immigration and relocation planning.
brazil,/brazil/education/,Education,6,section-6-expats,Expats,a,assets/images/sections/brazil/education/section-06-expats,education-section-06-expats-clear-waters-lagoa-azul-brazil-bg-primary.webp,/assets/images/sections/brazil/education/section-06-expats/education-section-06-expats-clear-waters-lagoa-azul-brazil-bg-primary.webp,the clear waters of Lagoa Azul in Nobres,the clear waters of Lagoa Azul in Nobres.,Background image of the clear waters of Lagoa Azul in Nobres for Brazil immigration and relocation planning.
brazil,/brazil/education/,Education,7,section-7-quality,Quality,a,assets/images/sections/brazil/education/section-07-quality,education-section-07-quality-sunrise-itaimbezinho-canyon-aparados-brazil-bg-primary.webp,/assets/images/sections/brazil/education/section-07-quality/education-section-07-quality-sunrise-itaimbezinho-canyon-aparados-brazil-bg-primary.webp,the sunrise landscape of Itaimbezinho canyon,the sunrise landscape of Itaimbezinho canyon.,Background image of the sunrise landscape of Itaimbezinho canyon for Brazil immigration and relocation planning.
brazil,/brazil/education/,Education,8,section-8-costs,Costs,a,assets/images/sections/brazil/education/section-08-costs,education-section-08-costs-petropolis-imperial-museum-district-brazil-bg-primary.webp,/assets/images/sections/brazil/education/section-08-costs/education-section-08-costs-petropolis-imperial-museum-district-brazil-bg-primary.webp,Petropolis and the imperial museum district,Petropolis and the imperial museum district.,Background image of Petropolis and the imperial museum district for Brazil immigration and relocation planning.
brazil,/brazil/education/,Education,9,section-9-cities,Cities,a,assets/images/sections/brazil/education/section-09-cities,education-section-09-cities-sunrise-marajo-island-riverfront-brazil-bg-primary.webp,/assets/images/sections/brazil/education/section-09-cities/education-section-09-cities-sunrise-marajo-island-riverfront-brazil-bg-primary.webp,the sunrise landscape of Marajo Island riverfront,the sunrise landscape of Marajo Island riverfront.,Background image of the sunrise landscape of Marajo Island riverfront for Brazil immigration and relocation planning.
brazil,/brazil/education/,Education,10,section-10-future,Future,a,assets/images/sections/brazil/education/section-10-future,education-section-10-future-madeira-riverfront-porto-velho-brazil-bg-primary.webp,/assets/images/sections/brazil/education/section-10-future/education-section-10-future-madeira-riverfront-porto-velho-brazil-bg-primary.webp,the Madeira riverfront in Porto Velho,the Madeira riverfront in Porto Velho.,Background image of the Madeira riverfront in Porto Velho for Brazil immigration and relocation planning.
brazil,/brazil/events/,Events,1,section-1-overview,Overview,a,assets/images/sections/brazil/events/section-01-overview,events-section-01-overview-forests-waters-chapada-guimaraes-brazil-bg-primary.webp,/assets/images/sections/brazil/events/section-01-overview/events-section-01-overview-forests-waters-chapada-guimaraes-brazil-bg-primary.webp,the forests and waters of Chapada dos Guimaraes,the forests and waters of Chapada dos Guimaraes.,Background image of the forests and waters of Chapada dos Guimaraes for Brazil immigration and relocation planning.
brazil,/brazil/events/,Events,2,section-2-music,Music,a,assets/images/sections/brazil/events/section-02-music,events-section-02-music-sunrise-chapada-diamantina-bahia-brazil-bg-primary.webp,/assets/images/sections/brazil/events/section-02-music/events-section-02-music-sunrise-chapada-diamantina-bahia-brazil-bg-primary.webp,the sunrise landscape of Chapada Diamantina,the sunrise landscape of Chapada Diamantina.,Background image of the sunrise landscape of Chapada Diamantina for Brazil immigration and relocation planning.
brazil,/brazil/events/,Events,3,section-3-sports,Sports,a,assets/images/sections/brazil/events/section-03-sports,events-section-03-sports-pampulha-belo-horizonte-minas-brazil-bg-primary.webp,/assets/images/sections/brazil/events/section-03-sports/events-section-03-sports-pampulha-belo-horizonte-minas-brazil-bg-primary.webp,the urban panorama of Pampulha in Belo Horizonte,the urban panorama of Pampulha in Belo Horizonte.,Background image of the urban panorama of Pampulha in Belo Horizonte for Brazil immigration and relocation planning.
brazil,/brazil/events/,Events,4,section-4-cultural,Cultural,a,assets/images/sections/brazil/events/section-04-cultural,events-section-04-cultural-meeting-negro-solimoes-near-brazil-bg-primary.webp,/assets/images/sections/brazil/events/section-04-cultural/events-section-04-cultural-meeting-negro-solimoes-near-brazil-bg-primary.webp,the meeting of the Rio Negro and Solimoes near Manaus,the meeting of the Rio Negro and Solimoes near Manaus.,Background image of the meeting of the Rio Negro and Solimoes near Manaus for Brazil immigration and relocation planning.
brazil,/brazil/events/,Events,5,section-5-nightlife,Nightlife,a,assets/images/sections/brazil/events/section-05-nightlife,events-section-05-nightlife-pantanal-mato-grosso-central-brazil-bg-primary.webp,/assets/images/sections/brazil/events/section-05-nightlife/events-section-05-nightlife-pantanal-mato-grosso-central-brazil-bg-primary.webp,Pantanal,Pantanal.,Background image of Pantanal for Brazil immigration and relocation planning.
brazil,/brazil/events/,Events,6,section-6-cities,Cities,a,assets/images/sections/brazil/events/section-06-cities,events-section-06-cities-beachfront-museum-contemporary-niteroi-brazil-bg-primary.webp,/assets/images/sections/brazil/events/section-06-cities/events-section-06-cities-beachfront-museum-contemporary-niteroi-brazil-bg-primary.webp,the beachfront and sea of Museum of Contemporary Art in Niteroi,the beachfront and sea of Museum of Contemporary Art in Niteroi.,Background image of the beachfront and sea of Museum of Contemporary Art in Niteroi for Brazil immigration and relocation planning.
brazil,/brazil/events/,Events,7,section-7-frequency,Frequency,a,assets/images/sections/brazil/events/section-07-frequency,events-section-07-frequency-sanctuary-sculptures-congonhas-minas-brazil-bg-primary.webp,/assets/images/sections/brazil/events/section-07-frequency/events-section-07-frequency-sanctuary-sculptures-congonhas-minas-brazil-bg-primary.webp,the sanctuary and sculptures of Congonhas,the sanctuary and sculptures of Congonhas.,Background image of the sanctuary and sculptures of Congonhas for Brazil immigration and relocation planning.
brazil,/brazil/events/,Events,8,section-8-accessibility,Accessibility,a,assets/images/sections/brazil/events/section-08-accessibility,events-section-08-accessibility-district-recife-antigo-pernambuco-brazil-bg-primary.webp,/assets/images/sections/brazil/events/section-08-accessibility/events-section-08-accessibility-district-recife-antigo-pernambuco-brazil-bg-primary.webp,the historic district of Recife Antigo,the historic district of Recife Antigo.,Background image of the historic district of Recife Antigo for Brazil immigration and relocation planning.
brazil,/brazil/events/,Events,9,section-9-variety,Variety,a,assets/images/sections/brazil/events/section-09-variety,events-section-09-variety-paulo-skyline-avenida-paulista-brazil-bg-primary.webp,/assets/images/sections/brazil/events/section-09-variety/events-section-09-variety-paulo-skyline-avenida-paulista-brazil-bg-primary.webp,Sao Paulo,Sao Paulo.,Background image of Sao Paulo for Brazil immigration and relocation planning.
brazil,/brazil/events/,Events,10,section-10-experience,Experience,a,assets/images/sections/brazil/events/section-10-experience,events-section-10-experience-coastline-water-carneiros-pernambuco-brazil-bg-primary.webp,/assets/images/sections/brazil/events/section-10-experience/events-section-10-experience-coastline-water-carneiros-pernambuco-brazil-bg-primary.webp,the wide coastline and water of Praia dos Carneiros,the wide coastline and water of Praia dos Carneiros.,Background image of the wide coastline and water of Praia dos Carneiros for Brazil immigration and relocation planning.
brazil,/brazil/faqs/,FAQs,1,section-1-overview,Overview,a,assets/images/sections/brazil/faqs/section-01-overview,faqs-section-01-overview-cultural-grounds-parque-povo-brazil-bg-primary.webp,/assets/images/sections/brazil/faqs/section-01-overview/faqs-section-01-overview-cultural-grounds-parque-povo-brazil-bg-primary.webp,the cultural grounds of Parque do Povo,the cultural grounds of Parque do Povo.,Background image of the cultural grounds of Parque do Povo for Brazil immigration and relocation planning.
brazil,/brazil/faqs/,FAQs,2,section-2-visas,Visas,a,assets/images/sections/brazil/faqs/section-02-visas,faqs-section-02-visas-guaiba-waterfront-porto-alegre-brazil-bg-primary.webp,/assets/images/sections/brazil/faqs/section-02-visas/faqs-section-02-visas-guaiba-waterfront-porto-alegre-brazil-bg-primary.webp,the Guaiba waterfront in Porto Alegre,the Guaiba waterfront in Porto Alegre.,Background image of the Guaiba waterfront in Porto Alegre for Brazil immigration and relocation planning.
brazil,/brazil/faqs/,FAQs,3,section-3-residency,Residency,a,assets/images/sections/brazil/faqs/section-03-residency,faqs-section-03-residency-coastline-coves-ilha-grande-brazil-bg-primary.webp,/assets/images/sections/brazil/faqs/section-03-residency/faqs-section-03-residency-coastline-coves-ilha-grande-brazil-bg-primary.webp,the coastline and coves of Ilha Grande,the coastline and coves of Ilha Grande.,Background image of the coastline and coves of Ilha Grande for Brazil immigration and relocation planning.
brazil,/brazil/faqs/,FAQs,4,section-4-cost,Cost,a,assets/images/sections/brazil/faqs/section-04-cost,faqs-section-04-cost-forests-waters-madeira-porto-brazil-bg-primary.webp,/assets/images/sections/brazil/faqs/section-04-cost/faqs-section-04-cost-forests-waters-madeira-porto-brazil-bg-primary.webp,the forests and waters of Madeira river in Porto Velho,the forests and waters of Madeira river in Porto Velho.,Background image of the forests and waters of Madeira river in Porto Velho for Brazil immigration and relocation planning.
brazil,/brazil/faqs/,FAQs,5,section-5-safety,Safety,a,assets/images/sections/brazil/faqs/section-05-safety,faqs-section-05-safety-cerrado-aguas-emendadas-ecological-brazil-bg-primary.webp,/assets/images/sections/brazil/faqs/section-05-safety/faqs-section-05-safety-cerrado-aguas-emendadas-ecological-brazil-bg-primary.webp,the cerrado landscape of Aguas Emendadas,the cerrado landscape of Aguas Emendadas.,Background image of the cerrado landscape of Aguas Emendadas for Brazil immigration and relocation planning.
brazil,/brazil/faqs/,FAQs,6,section-6-language,Language,a,assets/images/sections/brazil/faqs/section-06-language,faqs-section-06-language-meeting-waters-near-santarem-brazil-bg-primary.webp,/assets/images/sections/brazil/faqs/section-06-language/faqs-section-06-language-meeting-waters-near-santarem-brazil-bg-primary.webp,the meeting of waters near Santarem,the meeting of waters near Santarem.,Background image of the meeting of waters near Santarem for Brazil immigration and relocation planning.
brazil,/brazil/faqs/,FAQs,7,section-7-work,Work,a,assets/images/sections/brazil/faqs/section-07-work,faqs-section-07-work-brasilia-monumental-axis-central-brazil-bg-primary.webp,/assets/images/sections/brazil/faqs/section-07-work/faqs-section-07-work-brasilia-monumental-axis-central-brazil-bg-primary.webp,Brasilia,Brasilia.,Background image of Brasilia for Brazil immigration and relocation planning.
brazil,/brazil/faqs/,FAQs,8,section-8-lifestyle,Lifestyle,a,assets/images/sections/brazil/faqs/section-08-lifestyle,faqs-section-08-lifestyle-canyons-lake-scenery-capitolio-brazil-bg-primary.webp,/assets/images/sections/brazil/faqs/section-08-lifestyle/faqs-section-08-lifestyle-canyons-lake-scenery-capitolio-brazil-bg-primary.webp,the canyons and lake scenery of Capitolio,the canyons and lake scenery of Capitolio.,Background image of the canyons and lake scenery of Capitolio for Brazil immigration and relocation planning.
brazil,/brazil/faqs/,FAQs,9,section-9-mistakes,Mistakes,a,assets/images/sections/brazil/faqs/section-09-mistakes,faqs-section-09-mistakes-iguazu-iguacu-southern-economy-brazil-bg-primary.webp,/assets/images/sections/brazil/faqs/section-09-mistakes/faqs-section-09-mistakes-iguazu-iguacu-southern-economy-brazil-bg-primary.webp,Iguazu Falls,Iguazu Falls.,Background image of Iguazu Falls for Brazil immigration and relocation planning.
brazil,/brazil/faqs/,FAQs,10,section-10-clarity,Clarity,a,assets/images/sections/brazil/faqs/section-10-clarity,faqs-section-10-clarity-forests-waters-meeting-manaus-brazil-bg-primary.webp,/assets/images/sections/brazil/faqs/section-10-clarity/faqs-section-10-clarity-forests-waters-meeting-manaus-brazil-bg-primary.webp,the forests and waters of Meeting of the Waters in Manaus,the forests and waters of Meeting of the Waters in Manaus.,Background image of the forests and waters of Meeting of the Waters in Manaus for Brazil immigration and relocation planning.
brazil,/brazil/festivals/,Festivals,1,section-1-overview,Overview,a,assets/images/sections/brazil/festivals/section-01-overview,festivals-section-01-overview-copacabana-waterfront-promenade-janeiro-brazil-bg-primary.webp,/assets/images/sections/brazil/festivals/section-01-overview/festivals-section-01-overview-copacabana-waterfront-promenade-janeiro-brazil-bg-primary.webp,Copacabana beach and the Rio waterfront,Copacabana beach and the Rio waterfront.,Background image of Copacabana beach and the Rio waterfront for Brazil immigration and relocation planning.
brazil,/brazil/festivals/,Festivals,2,section-2-carnaval,Carnaval,a,assets/images/sections/brazil/festivals/section-02-carnaval,festivals-section-02-carnaval-florianopolis-coastline-brava-atlantic-brazil-bg-primary.webp,/assets/images/sections/brazil/festivals/section-02-carnaval/festivals-section-02-carnaval-florianopolis-coastline-brava-atlantic-brazil-bg-primary.webp,Florianopolis,Florianopolis.,Background image of Florianopolis for Brazil immigration and relocation planning.
brazil,/brazil/festivals/,Festivals,3,section-3-regional,Regional,a,assets/images/sections/brazil/festivals/section-03-regional,festivals-section-03-regional-clear-waters-lagoa-azul-brazil-bg-primary.webp,/assets/images/sections/brazil/festivals/section-03-regional/festivals-section-03-regional-clear-waters-lagoa-azul-brazil-bg-primary.webp,the clear waters of Lagoa Azul in Nobres,the clear waters of Lagoa Azul in Nobres.,Background image of the clear waters of Lagoa Azul in Nobres for Brazil immigration and relocation planning.
brazil,/brazil/festivals/,Festivals,4,section-4-music,Music,a,assets/images/sections/brazil/festivals/section-04-music,festivals-section-04-music-beaches-lighthouse-ilha-parana-brazil-bg-primary.webp,/assets/images/sections/brazil/festivals/section-04-music/festivals-section-04-music-beaches-lighthouse-ilha-parana-brazil-bg-primary.webp,the beaches and lighthouse of Ilha do Mel,the beaches and lighthouse of Ilha do Mel.,Background image of the beaches and lighthouse of Ilha do Mel for Brazil immigration and relocation planning.
brazil,/brazil/festivals/,Festivals,5,section-5-community,Community,a,assets/images/sections/brazil/festivals/section-05-community,festivals-section-05-community-pantanal-mato-grosso-central-brazil-bg-primary.webp,/assets/images/sections/brazil/festivals/section-05-community/festivals-section-05-community-pantanal-mato-grosso-central-brazil-bg-primary.webp,Pantanal,Pantanal.,Background image of Pantanal for Brazil immigration and relocation planning.
brazil,/brazil/festivals/,Festivals,6,section-6-tourism,Tourism,a,assets/images/sections/brazil/festivals/section-06-tourism,festivals-section-06-tourism-ipanema-dois-irmaos-janeiro-brazil-bg-primary.webp,/assets/images/sections/brazil/festivals/section-06-tourism/festivals-section-06-tourism-ipanema-dois-irmaos-janeiro-brazil-bg-primary.webp,Ipanema beach with Dois Irmaos in the background,Ipanema beach with Dois Irmaos in the background.,Background image of Ipanema beach with Dois Irmaos in the background for Brazil immigration and relocation planning.
brazil,/brazil/festivals/,Festivals,7,section-7-calendar,Calendar,a,assets/images/sections/brazil/festivals/section-07-calendar,festivals-section-07-calendar-district-recife-antigo-pernambuco-brazil-bg-primary.webp,/assets/images/sections/brazil/festivals/section-07-calendar/festivals-section-07-calendar-district-recife-antigo-pernambuco-brazil-bg-primary.webp,the historic district of Recife Antigo,the historic district of Recife Antigo.,Background image of the historic district of Recife Antigo for Brazil immigration and relocation planning.
brazil,/brazil/festivals/,Festivals,8,section-8-experience,Experience,a,assets/images/sections/brazil/festivals/section-08-experience,festivals-section-08-experience-sanctuary-sculptures-congonhas-minas-brazil-bg-primary.webp,/assets/images/sections/brazil/festivals/section-08-experience/festivals-section-08-experience-sanctuary-sculptures-congonhas-minas-brazil-bg-primary.webp,the sanctuary and sculptures of Congonhas,the sanctuary and sculptures of Congonhas.,Background image of the sanctuary and sculptures of Congonhas for Brazil immigration and relocation planning.
brazil,/brazil/festivals/,Festivals,9,section-9-variation,Variation,a,assets/images/sections/brazil/festivals/section-09-variation,festivals-section-09-variation-riverfront-landscapes-marajo-island-brazil-bg-primary.webp,/assets/images/sections/brazil/festivals/section-09-variation/festivals-section-09-variation-riverfront-landscapes-marajo-island-brazil-bg-primary.webp,the riverfront landscapes of Marajo Island,the riverfront landscapes of Marajo Island.,Background image of the riverfront landscapes of Marajo Island for Brazil immigration and relocation planning.
brazil,/brazil/festivals/,Festivals,10,section-10-impact,Impact,a,assets/images/sections/brazil/festivals/section-10-impact,festivals-section-10-impact-guaiba-waterfront-porto-alegre-brazil-bg-primary.webp,/assets/images/sections/brazil/festivals/section-10-impact/festivals-section-10-impact-guaiba-waterfront-porto-alegre-brazil-bg-primary.webp,the Guaiba waterfront in Porto Alegre,the Guaiba waterfront in Porto Alegre.,Background image of the Guaiba waterfront in Porto Alegre for Brazil immigration and relocation planning.
brazil,/brazil/guides/,Guides,1,section-1-overview,Overview,a,assets/images/sections/brazil/guides/section-01-overview,guides-section-01-overview-road-serra-rastro-santa-brazil-bg-primary.webp,/assets/images/sections/brazil/guides/section-01-overview/guides-section-01-overview-road-serra-rastro-santa-brazil-bg-primary.webp,the mountain road of Serra do Rio do Rastro,the mountain road of Serra do Rio do Rastro.,Background image of the mountain road of Serra do Rio do Rastro for Brazil immigration and relocation planning.
brazil,/brazil/guides/,Guides,2,section-2-relocation,Relocation,a,assets/images/sections/brazil/guides/section-02-relocation,guides-section-02-relocation-salvador-pelourinho-bahia-northeast-brazil-bg-primary.webp,/assets/images/sections/brazil/guides/section-02-relocation/guides-section-02-relocation-salvador-pelourinho-bahia-northeast-brazil-bg-primary.webp,Salvador,Salvador.,Background image of Salvador for Brazil immigration and relocation planning.
brazil,/brazil/guides/,Guides,3,section-3-settling,Settling,a,assets/images/sections/brazil/guides/section-03-settling,guides-section-03-settling-manaus-amazonas-northern-mission-brazil-bg-primary.webp,/assets/images/sections/brazil/guides/section-03-settling/guides-section-03-settling-manaus-amazonas-northern-mission-brazil-bg-primary.webp,Manaus,Manaus.,Background image of Manaus for Brazil immigration and relocation planning.
brazil,/brazil/guides/,Guides,4,section-4-documentation,Documentation,a,assets/images/sections/brazil/guides/section-04-documentation,guides-section-04-documentation-civic-avenues-goiania-goias-brazil-bg-primary.webp,/assets/images/sections/brazil/guides/section-04-documentation/guides-section-04-documentation-civic-avenues-goiania-goias-brazil-bg-primary.webp,the civic center and avenues of Goiania,the civic center and avenues of Goiania.,Background image of the civic center and avenues of Goiania for Brazil immigration and relocation planning.
brazil,/brazil/guides/,Guides,5,section-5-lifestyle,Lifestyle,a,assets/images/sections/brazil/guides/section-05-lifestyle,guides-section-05-lifestyle-baia-sancho-fernando-noronha-brazil-bg-primary.webp,/assets/images/sections/brazil/guides/section-05-lifestyle/guides-section-05-lifestyle-baia-sancho-fernando-noronha-brazil-bg-primary.webp,Baia do Sancho in Fernando de Noronha,Baia do Sancho in Fernando de Noronha.,Background image of Baia do Sancho in Fernando de Noronha for Brazil immigration and relocation planning.
brazil,/brazil/guides/,Guides,6,section-6-language,Language,a,assets/images/sections/brazil/guides/section-06-language,guides-section-06-language-cerrado-aguas-emendadas-ecological-brazil-bg-primary.webp,/assets/images/sections/brazil/guides/section-06-language/guides-section-06-language-cerrado-aguas-emendadas-ecological-brazil-bg-primary.webp,the cerrado landscape of Aguas Emendadas,the cerrado landscape of Aguas Emendadas.,Background image of the cerrado landscape of Aguas Emendadas for Brazil immigration and relocation planning.
brazil,/brazil/guides/,Guides,7,section-7-services,Services,a,assets/images/sections/brazil/guides/section-07-services,guides-section-07-services-coastline-coves-ilha-grande-brazil-bg-primary.webp,/assets/images/sections/brazil/guides/section-07-services/guides-section-07-services-coastline-coves-ilha-grande-brazil-bg-primary.webp,the coastline and coves of Ilha Grande,the coastline and coves of Ilha Grande.,Background image of the coastline and coves of Ilha Grande for Brazil immigration and relocation planning.
brazil,/brazil/guides/,Guides,8,section-8-mistakes,Mistakes,a,assets/images/sections/brazil/guides/section-08-mistakes,guides-section-08-mistakes-brasilia-monumental-axis-central-brazil-bg-primary.webp,/assets/images/sections/brazil/guides/section-08-mistakes/guides-section-08-mistakes-brasilia-monumental-axis-central-brazil-bg-primary.webp,Brasilia,Brasilia.,Background image of Brasilia for Brazil immigration and relocation planning.
brazil,/brazil/guides/,Guides,9,section-9-tips,Tips,a,assets/images/sections/brazil/guides/section-09-tips,guides-section-09-tips-buzios-peninsula-janeiro-beaches-brazil-bg-primary.webp,/assets/images/sections/brazil/guides/section-09-tips/guides-section-09-tips-buzios-peninsula-janeiro-beaches-brazil-bg-primary.webp,the Buzios peninsula on the coast of Rio de Janeiro state,the Buzios peninsula on the coast of Rio de Janeiro state.,Background image of the Buzios peninsula on the coast of Rio de Janeiro state for Brazil immigration and relocation planning.
brazil,/brazil/guides/,Guides,10,section-10-support,Support,a,assets/images/sections/brazil/guides/section-10-support,guides-section-10-support-fortaleza-beira-coastline-ceara-brazil-bg-primary.webp,/assets/images/sections/brazil/guides/section-10-support/guides-section-10-support-fortaleza-beira-coastline-ceara-brazil-bg-primary.webp,Fortaleza and the Beira Mar coastline,Fortaleza and the Beira Mar coastline.,Background image of Fortaleza and the Beira Mar coastline for Brazil immigration and relocation planning.
brazil,/brazil/healthcare/,Healthcare,1,section-1-overview,Overview,a,assets/images/sections/brazil/healthcare/section-01-overview,healthcare-section-01-overview-paraty-waterfront-janeiro-southeast-brazil-bg-primary.webp,/assets/images/sections/brazil/healthcare/section-01-overview/healthcare-section-01-overview-paraty-waterfront-janeiro-southeast-brazil-bg-primary.webp,Paraty,Paraty.,Background image of Paraty for Brazil immigration and relocation planning.
brazil,/brazil/healthcare/,Healthcare,2,section-2-public,Public,a,assets/images/sections/brazil/healthcare/section-02-public,healthcare-section-02-public-beaches-lighthouse-ilha-parana-brazil-bg-primary.webp,/assets/images/sections/brazil/healthcare/section-02-public/healthcare-section-02-public-beaches-lighthouse-ilha-parana-brazil-bg-primary.webp,the beaches and lighthouse of Ilha do Mel,the beaches and lighthouse of Ilha do Mel.,Background image of the beaches and lighthouse of Ilha do Mel for Brazil immigration and relocation planning.
brazil,/brazil/healthcare/,Healthcare,3,section-3-private,Private,a,assets/images/sections/brazil/healthcare/section-03-private,healthcare-section-03-private-madeira-riverfront-porto-velho-brazil-bg-primary.webp,/assets/images/sections/brazil/healthcare/section-03-private/healthcare-section-03-private-madeira-riverfront-porto-velho-brazil-bg-primary.webp,the Madeira riverfront in Porto Velho,the Madeira riverfront in Porto Velho.,Background image of the Madeira riverfront in Porto Velho for Brazil immigration and relocation planning.
brazil,/brazil/healthcare/,Healthcare,4,section-4-quality,Quality,a,assets/images/sections/brazil/healthcare/section-04-quality,healthcare-section-04-quality-canyons-aparados-serra-southern-brazil-bg-primary.webp,/assets/images/sections/brazil/healthcare/section-04-quality/healthcare-section-04-quality-canyons-aparados-serra-southern-brazil-bg-primary.webp,the canyons of Aparados da Serra,the canyons of Aparados da Serra.,Background image of the canyons of Aparados da Serra for Brazil immigration and relocation planning.
brazil,/brazil/healthcare/,Healthcare,5,section-5-access,Access,a,assets/images/sections/brazil/healthcare/section-05-access,healthcare-section-05-access-meeting-negro-solimoes-near-brazil-bg-primary.webp,/assets/images/sections/brazil/healthcare/section-05-access/healthcare-section-05-access-meeting-negro-solimoes-near-brazil-bg-primary.webp,the meeting of the Rio Negro and Solimoes near Manaus,the meeting of the Rio Negro and Solimoes near Manaus.,Background image of the meeting of the Rio Negro and Solimoes near Manaus for Brazil immigration and relocation planning.
brazil,/brazil/healthcare/,Healthcare,6,section-6-insurance,Insurance,a,assets/images/sections/brazil/healthcare/section-06-insurance,healthcare-section-06-insurance-salvador-pelourinho-bahia-northeast-brazil-bg-primary.webp,/assets/images/sections/brazil/healthcare/section-06-insurance/healthcare-section-06-insurance-salvador-pelourinho-bahia-northeast-brazil-bg-primary.webp,Salvador,Salvador.,Background image of Salvador for Brazil immigration and relocation planning.
brazil,/brazil/healthcare/,Healthcare,7,section-7-costs,Costs,a,assets/images/sections/brazil/healthcare/section-07-costs,healthcare-section-07-costs-sanctuary-sculptures-congonhas-minas-brazil-bg-primary.webp,/assets/images/sections/brazil/healthcare/section-07-costs/healthcare-section-07-costs-sanctuary-sculptures-congonhas-minas-brazil-bg-primary.webp,the sanctuary and sculptures of Congonhas,the sanctuary and sculptures of Congonhas.,Background image of the sanctuary and sculptures of Congonhas for Brazil immigration and relocation planning.
brazil,/brazil/healthcare/,Healthcare,8,section-8-cities,Cities,a,assets/images/sections/brazil/healthcare/section-08-cities,healthcare-section-08-cities-road-serra-rastro-santa-brazil-bg-primary.webp,/assets/images/sections/brazil/healthcare/section-08-cities/healthcare-section-08-cities-road-serra-rastro-santa-brazil-bg-primary.webp,the mountain road of Serra do Rio do Rastro,the mountain road of Serra do Rio do Rastro.,Background image of the mountain road of Serra do Rio do Rastro for Brazil immigration and relocation planning.
brazil,/brazil/healthcare/,Healthcare,9,section-9-comparison,Comparison,a,assets/images/sections/brazil/healthcare/section-09-comparison,healthcare-section-09-comparison-beaches-alter-chao-tapajos-brazil-bg-primary.webp,/assets/images/sections/brazil/healthcare/section-09-comparison/healthcare-section-09-comparison-beaches-alter-chao-tapajos-brazil-bg-primary.webp,the beaches of Alter do Chao on the Tapajos River,the beaches of Alter do Chao on the Tapajos River.,Background image of the beaches of Alter do Chao on the Tapajos River for Brazil immigration and relocation planning.
brazil,/brazil/healthcare/,Healthcare,10,section-10-reality,Reality,a,assets/images/sections/brazil/healthcare/section-10-reality,healthcare-section-10-reality-guaiba-waterfront-porto-alegre-brazil-bg-primary.webp,/assets/images/sections/brazil/healthcare/section-10-reality/healthcare-section-10-reality-guaiba-waterfront-porto-alegre-brazil-bg-primary.webp,the Guaiba waterfront in Porto Alegre,the Guaiba waterfront in Porto Alegre.,Background image of the Guaiba waterfront in Porto Alegre for Brazil immigration and relocation planning.
brazil,/brazil/housing/,Housing,1,section-1-overview,Overview,a,assets/images/sections/brazil/housing/section-01-overview,housing-section-01-overview-baia-sancho-fernando-noronha-brazil-bg-primary.webp,/assets/images/sections/brazil/housing/section-01-overview/housing-section-01-overview-baia-sancho-fernando-noronha-brazil-bg-primary.webp,Baia do Sancho in Fernando de Noronha,Baia do Sancho in Fernando de Noronha.,Background image of Baia do Sancho in Fernando de Noronha for Brazil immigration and relocation planning.
brazil,/brazil/housing/,Housing,2,section-2-types,Types,a,assets/images/sections/brazil/housing/section-02-types,housing-section-02-types-civic-avenues-goiania-goias-brazil-bg-primary.webp,/assets/images/sections/brazil/housing/section-02-types/housing-section-02-types-civic-avenues-goiania-goias-brazil-bg-primary.webp,the civic center and avenues of Goiania,the civic center and avenues of Goiania.,Background image of the civic center and avenues of Goiania for Brazil immigration and relocation planning.
brazil,/brazil/housing/,Housing,3,section-3-renting,Renting,a,assets/images/sections/brazil/housing/section-03-renting,housing-section-03-renting-copacabana-waterfront-promenade-janeiro-brazil-bg-primary.webp,/assets/images/sections/brazil/housing/section-03-renting/housing-section-03-renting-copacabana-waterfront-promenade-janeiro-brazil-bg-primary.webp,Copacabana beach and the Rio waterfront,Copacabana beach and the Rio waterfront.,Background image of Copacabana beach and the Rio waterfront for Brazil immigration and relocation planning.
brazil,/brazil/housing/,Housing,4,section-4-buying,Buying,a,assets/images/sections/brazil/housing/section-04-buying,housing-section-04-buying-amazon-northern-aerial-relocation-brazil-bg-primary.webp,/assets/images/sections/brazil/housing/section-04-buying/housing-section-04-buying-amazon-northern-aerial-relocation-brazil-bg-primary.webp,Amazon river,Amazon river.,Background image of Amazon river for Brazil immigration and relocation planning.
brazil,/brazil/housing/,Housing,5,section-5-locations,Locations,a,assets/images/sections/brazil/housing/section-05-locations,housing-section-05-locations-canyons-lake-scenery-capitolio-brazil-bg-primary.webp,/assets/images/sections/brazil/housing/section-05-locations/housing-section-05-locations-canyons-lake-scenery-capitolio-brazil-bg-primary.webp,the canyons and lake scenery of Capitolio,the canyons and lake scenery of Capitolio.,Background image of the canyons and lake scenery of Capitolio for Brazil immigration and relocation planning.
brazil,/brazil/housing/,Housing,6,section-6-costs,Costs,a,assets/images/sections/brazil/housing/section-06-costs,housing-section-06-costs-vila-germanica-district-blumenau-brazil-bg-primary.webp,/assets/images/sections/brazil/housing/section-06-costs/housing-section-06-costs-vila-germanica-district-blumenau-brazil-bg-primary.webp,the Vila Germanica district in Blumenau,the Vila Germanica district in Blumenau.,Background image of the Vila Germanica district in Blumenau for Brazil immigration and relocation planning.
brazil,/brazil/housing/,Housing,7,section-7-contracts,Contracts,a,assets/images/sections/brazil/housing/section-07-contracts,housing-section-07-contracts-fortaleza-beira-coastline-ceara-brazil-bg-primary.webp,/assets/images/sections/brazil/housing/section-07-contracts/housing-section-07-contracts-fortaleza-beira-coastline-ceara-brazil-bg-primary.webp,Fortaleza and the Beira Mar coastline,Fortaleza and the Beira Mar coastline.,Background image of Fortaleza and the Beira Mar coastline for Brazil immigration and relocation planning.
brazil,/brazil/housing/,Housing,8,section-8-challenges,Challenges,a,assets/images/sections/brazil/housing/section-08-challenges,housing-section-08-challenges-clear-waters-lagoa-azul-brazil-bg-primary.webp,/assets/images/sections/brazil/housing/section-08-challenges/housing-section-08-challenges-clear-waters-lagoa-azul-brazil-bg-primary.webp,the clear waters of Lagoa Azul in Nobres,the clear waters of Lagoa Azul in Nobres.,Background image of the clear waters of Lagoa Azul in Nobres for Brazil immigration and relocation planning.
brazil,/brazil/housing/,Housing,9,section-9-lifestyle,Lifestyle,a,assets/images/sections/brazil/housing/section-09-lifestyle,housing-section-09-lifestyle-paraty-waterfront-janeiro-southeast-brazil-bg-primary.webp,/assets/images/sections/brazil/housing/section-09-lifestyle/housing-section-09-lifestyle-paraty-waterfront-janeiro-southeast-brazil-bg-primary.webp,Paraty,Paraty.,Background image of Paraty for Brazil immigration and relocation planning.
brazil,/brazil/housing/,Housing,10,section-10-advice,Advice,a,assets/images/sections/brazil/housing/section-10-advice,housing-section-10-advice-district-recife-antigo-pernambuco-brazil-bg-primary.webp,/assets/images/sections/brazil/housing/section-10-advice/housing-section-10-advice-district-recife-antigo-pernambuco-brazil-bg-primary.webp,the historic district of Recife Antigo,the historic district of Recife Antigo.,Background image of the historic district of Recife Antigo for Brazil immigration and relocation planning.
brazil,/brazil/investment/,Investment,1,section-1-overview,Overview,a,assets/images/sections/brazil/investment/section-01-overview,investment-section-01-overview-madeira-riverfront-porto-velho-brazil-bg-primary.webp,/assets/images/sections/brazil/investment/section-01-overview/investment-section-01-overview-madeira-riverfront-porto-velho-brazil-bg-primary.webp,the Madeira riverfront in Porto Velho,the Madeira riverfront in Porto Velho.,Background image of the Madeira riverfront in Porto Velho for Brazil immigration and relocation planning.
brazil,/brazil/investment/,Investment,2,section-2-sectors,Sectors,a,assets/images/sections/brazil/investment/section-02-sectors,investment-section-02-sectors-bridge-over-lake-paranoa-brazil-bg-primary.webp,/assets/images/sections/brazil/investment/section-02-sectors/investment-section-02-sectors-bridge-over-lake-paranoa-brazil-bg-primary.webp,the JK Bridge over Lake Paranoa,the JK Bridge over Lake Paranoa.,Background image of the JK Bridge over Lake Paranoa for Brazil immigration and relocation planning.
brazil,/brazil/investment/,Investment,3,section-3-opportunities,Opportunities,a,assets/images/sections/brazil/investment/section-03-opportunities,investment-section-03-opportunities-civic-avenues-goiania-goias-brazil-bg-primary.webp,/assets/images/sections/brazil/investment/section-03-opportunities/investment-section-03-opportunities-civic-avenues-goiania-goias-brazil-bg-primary.webp,the civic center and avenues of Goiania,the civic center and avenues of Goiania.,Background image of the civic center and avenues of Goiania for Brazil immigration and relocation planning.
brazil,/brazil/investment/,Investment,4,section-4-entry,Entry,a,assets/images/sections/brazil/investment/section-04-entry,investment-section-04-entry-iguazu-iguacu-southern-economy-brazil-bg-primary.webp,/assets/images/sections/brazil/investment/section-04-entry/investment-section-04-entry-iguazu-iguacu-southern-economy-brazil-bg-primary.webp,Iguazu Falls,Iguazu Falls.,Background image of Iguazu Falls for Brazil immigration and relocation planning.
brazil,/brazil/investment/,Investment,5,section-5-structure,Structure,a,assets/images/sections/brazil/investment/section-05-structure,investment-section-05-structure-manaus-amazonas-northern-mission-brazil-bg-primary.webp,/assets/images/sections/brazil/investment/section-05-structure/investment-section-05-structure-manaus-amazonas-northern-mission-brazil-bg-primary.webp,Manaus,Manaus.,Background image of Manaus for Brazil immigration and relocation planning.
brazil,/brazil/investment/,Investment,6,section-6-risks,Risks,a,assets/images/sections/brazil/investment/section-06-risks,investment-section-06-risks-brasilia-monumental-axis-central-brazil-bg-primary.webp,/assets/images/sections/brazil/investment/section-06-risks/investment-section-06-risks-brasilia-monumental-axis-central-brazil-bg-primary.webp,Brasilia,Brasilia.,Background image of Brasilia for Brazil immigration and relocation planning.
brazil,/brazil/investment/,Investment,7,section-7-returns,Returns,a,assets/images/sections/brazil/investment/section-07-returns,investment-section-07-returns-copacabana-waterfront-promenade-janeiro-brazil-bg-primary.webp,/assets/images/sections/brazil/investment/section-07-returns/investment-section-07-returns-copacabana-waterfront-promenade-janeiro-brazil-bg-primary.webp,Copacabana beach and the Rio waterfront,Copacabana beach and the Rio waterfront.,Background image of Copacabana beach and the Rio waterfront for Brazil immigration and relocation planning.
brazil,/brazil/investment/,Investment,8,section-8-regions,Regions,a,assets/images/sections/brazil/investment/section-08-regions,investment-section-08-regions-coastline-coves-ilha-grande-brazil-bg-primary.webp,/assets/images/sections/brazil/investment/section-08-regions/investment-section-08-regions-coastline-coves-ilha-grande-brazil-bg-primary.webp,the coastline and coves of Ilha Grande,the coastline and coves of Ilha Grande.,Background image of the coastline and coves of Ilha Grande for Brazil immigration and relocation planning.
brazil,/brazil/investment/,Investment,9,section-9-examples,Examples,a,assets/images/sections/brazil/investment/section-09-examples,investment-section-09-examples-salvador-pelourinho-bahia-northeast-brazil-bg-primary.webp,/assets/images/sections/brazil/investment/section-09-examples/investment-section-09-examples-salvador-pelourinho-bahia-northeast-brazil-bg-primary.webp,Salvador,Salvador.,Background image of Salvador for Brazil immigration and relocation planning.
brazil,/brazil/investment/,Investment,10,section-10-future,Future,a,assets/images/sections/brazil/investment/section-10-future,investment-section-10-future-riverfront-landscapes-marajo-island-brazil-bg-primary.webp,/assets/images/sections/brazil/investment/section-10-future/investment-section-10-future-riverfront-landscapes-marajo-island-brazil-bg-primary.webp,the riverfront landscapes of Marajo Island,the riverfront landscapes of Marajo Island.,Background image of the riverfront landscapes of Marajo Island for Brazil immigration and relocation planning.
brazil,/brazil/living/,Living,1,section-1-overview,Overview,a,assets/images/sections/brazil/living/section-01-overview,living-section-01-overview-canyons-aparados-serra-southern-brazil-bg-primary.webp,/assets/images/sections/brazil/living/section-01-overview/living-section-01-overview-canyons-aparados-serra-southern-brazil-bg-primary.webp,the canyons of Aparados da Serra,the canyons of Aparados da Serra.,Background image of the canyons of Aparados da Serra for Brazil immigration and relocation planning.
brazil,/brazil/living/,Living,2,section-2-routine,Routine,a,assets/images/sections/brazil/living/section-02-routine,living-section-02-routine-skyline-waterfront-balneario-camboriu-brazil-bg-primary.webp,/assets/images/sections/brazil/living/section-02-routine/living-section-02-routine-skyline-waterfront-balneario-camboriu-brazil-bg-primary.webp,the skyline and waterfront of Balneario Camboriu,the skyline and waterfront of Balneario Camboriu.,Background image of the skyline and waterfront of Balneario Camboriu for Brazil immigration and relocation planning.
brazil,/brazil/living/,Living,3,section-3-social-life,Social Life,a,assets/images/sections/brazil/living/section-03-social-life,living-section-03-social-life-sanctuary-sculptures-congonhas-minas-brazil-bg-primary.webp,/assets/images/sections/brazil/living/section-03-social-life/living-section-03-social-life-sanctuary-sculptures-congonhas-minas-brazil-bg-primary.webp,the sanctuary and sculptures of Congonhas,the sanctuary and sculptures of Congonhas.,Background image of the sanctuary and sculptures of Congonhas for Brazil immigration and relocation planning.
brazil,/brazil/living/,Living,4,section-4-work-style,Work Style,a,assets/images/sections/brazil/living/section-04-work-style,living-section-04-work-style-brasilia-monumental-axis-central-brazil-bg-primary.webp,/assets/images/sections/brazil/living/section-04-work-style/living-section-04-work-style-brasilia-monumental-axis-central-brazil-bg-primary.webp,Brasilia,Brasilia.,Background image of Brasilia for Brazil immigration and relocation planning.
brazil,/brazil/living/,Living,5,section-5-mobility,Mobility,a,assets/images/sections/brazil/living/section-05-mobility,living-section-05-mobility-road-serra-rastro-santa-brazil-bg-primary.webp,/assets/images/sections/brazil/living/section-05-mobility/living-section-05-mobility-road-serra-rastro-santa-brazil-bg-primary.webp,the mountain road of Serra do Rio do Rastro,the mountain road of Serra do Rio do Rastro.,Background image of the mountain road of Serra do Rio do Rastro for Brazil immigration and relocation planning.
brazil,/brazil/living/,Living,6,section-6-services,Services,a,assets/images/sections/brazil/living/section-06-services,living-section-06-services-coastline-coves-ilha-grande-brazil-bg-primary.webp,/assets/images/sections/brazil/living/section-06-services/living-section-06-services-coastline-coves-ilha-grande-brazil-bg-primary.webp,the coastline and coves of Ilha Grande,the coastline and coves of Ilha Grande.,Background image of the coastline and coves of Ilha Grande for Brazil immigration and relocation planning.
brazil,/brazil/living/,Living,7,section-7-pace,Pace,a,assets/images/sections/brazil/living/section-07-pace,living-section-07-pace-coastline-atlantic-ubatuba-paulo-brazil-bg-primary.webp,/assets/images/sections/brazil/living/section-07-pace/living-section-07-pace-coastline-atlantic-ubatuba-paulo-brazil-bg-primary.webp,the coastline and Atlantic forest of Ubatuba,the coastline and Atlantic forest of Ubatuba.,Background image of the coastline and Atlantic forest of Ubatuba for Brazil immigration and relocation planning.
brazil,/brazil/living/,Living,8,section-8-adaptation,Adaptation,a,assets/images/sections/brazil/living/section-08-adaptation,living-section-08-adaptation-canyons-lake-scenery-capitolio-brazil-bg-primary.webp,/assets/images/sections/brazil/living/section-08-adaptation/living-section-08-adaptation-canyons-lake-scenery-capitolio-brazil-bg-primary.webp,the canyons and lake scenery of Capitolio,the canyons and lake scenery of Capitolio.,Background image of the canyons and lake scenery of Capitolio for Brazil immigration and relocation planning.
brazil,/brazil/living/,Living,9,section-9-benefits,Benefits,a,assets/images/sections/brazil/living/section-09-benefits,living-section-09-benefits-manaus-amazonas-northern-mission-brazil-bg-primary.webp,/assets/images/sections/brazil/living/section-09-benefits/living-section-09-benefits-manaus-amazonas-northern-mission-brazil-bg-primary.webp,Manaus,Manaus.,Background image of Manaus for Brazil immigration and relocation planning.
brazil,/brazil/living/,Living,10,section-10-reality,Reality,a,assets/images/sections/brazil/living/section-10-reality,living-section-10-reality-copacabana-waterfront-promenade-janeiro-brazil-bg-primary.webp,/assets/images/sections/brazil/living/section-10-reality/living-section-10-reality-copacabana-waterfront-promenade-janeiro-brazil-bg-primary.webp,Copacabana beach and the Rio waterfront,Copacabana beach and the Rio waterfront.,Background image of Copacabana beach and the Rio waterfront for Brazil immigration and relocation planning.
brazil,/brazil/municipalities/,Municipalities,1,section-1-overview,Overview,a,assets/images/sections/brazil/municipalities/section-01-overview,municipalities-section-01-overview-fortaleza-beira-coastline-ceara-brazil-bg-primary.webp,/assets/images/sections/brazil/municipalities/section-01-overview/municipalities-section-01-overview-fortaleza-beira-coastline-ceara-brazil-bg-primary.webp,Fortaleza and the Beira Mar coastline,Fortaleza and the Beira Mar coastline.,Background image of Fortaleza and the Beira Mar coastline for Brazil immigration and relocation planning.
brazil,/brazil/municipalities/,Municipalities,2,section-2-location,Location,a,assets/images/sections/brazil/municipalities/section-02-location,municipalities-section-02-location-riverfront-landscapes-marajo-island-brazil-bg-primary.webp,/assets/images/sections/brazil/municipalities/section-02-location/municipalities-section-02-location-riverfront-landscapes-marajo-island-brazil-bg-primary.webp,the riverfront landscapes of Marajo Island,the riverfront landscapes of Marajo Island.,Background image of the riverfront landscapes of Marajo Island for Brazil immigration and relocation planning.
brazil,/brazil/municipalities/,Municipalities,3,section-3-population,Population,a,assets/images/sections/brazil/municipalities/section-03-population,municipalities-section-03-population-skyline-waterfront-balneario-camboriu-brazil-bg-primary.webp,/assets/images/sections/brazil/municipalities/section-03-population/municipalities-section-03-population-skyline-waterfront-balneario-camboriu-brazil-bg-primary.webp,the skyline and waterfront of Balneario Camboriu,the skyline and waterfront of Balneario Camboriu.,Background image of the skyline and waterfront of Balneario Camboriu for Brazil immigration and relocation planning.
brazil,/brazil/municipalities/,Municipalities,4,section-4-lifestyle,Lifestyle,a,assets/images/sections/brazil/municipalities/section-04-lifestyle,municipalities-section-04-lifestyle-clear-waters-lagoa-azul-brazil-bg-primary.webp,/assets/images/sections/brazil/municipalities/section-04-lifestyle/municipalities-section-04-lifestyle-clear-waters-lagoa-azul-brazil-bg-primary.webp,the clear waters of Lagoa Azul in Nobres,the clear waters of Lagoa Azul in Nobres.,Background image of the clear waters of Lagoa Azul in Nobres for Brazil immigration and relocation planning.
brazil,/brazil/municipalities/,Municipalities,5,section-5-economy,Economy,a,assets/images/sections/brazil/municipalities/section-05-economy,municipalities-section-05-economy-madeira-riverfront-porto-velho-brazil-bg-primary.webp,/assets/images/sections/brazil/municipalities/section-05-economy/municipalities-section-05-economy-madeira-riverfront-porto-velho-brazil-bg-primary.webp,the Madeira riverfront in Porto Velho,the Madeira riverfront in Porto Velho.,Background image of the Madeira riverfront in Porto Velho for Brazil immigration and relocation planning.
brazil,/brazil/municipalities/,Municipalities,6,section-6-housing,Housing,a,assets/images/sections/brazil/municipalities/section-06-housing,municipalities-section-06-housing-paraty-waterfront-janeiro-southeast-brazil-bg-primary.webp,/assets/images/sections/brazil/municipalities/section-06-housing/municipalities-section-06-housing-paraty-waterfront-janeiro-southeast-brazil-bg-primary.webp,Paraty,Paraty.,Background image of Paraty for Brazil immigration and relocation planning.
brazil,/brazil/municipalities/,Municipalities,7,section-7-safety,Safety,a,assets/images/sections/brazil/municipalities/section-07-safety,municipalities-section-07-safety-cerrado-aguas-emendadas-ecological-brazil-bg-primary.webp,/assets/images/sections/brazil/municipalities/section-07-safety/municipalities-section-07-safety-cerrado-aguas-emendadas-ecological-brazil-bg-primary.webp,the cerrado landscape of Aguas Emendadas,the cerrado landscape of Aguas Emendadas.,Background image of the cerrado landscape of Aguas Emendadas for Brazil immigration and relocation planning.
brazil,/brazil/municipalities/,Municipalities,8,section-8-services,Services,a,assets/images/sections/brazil/municipalities/section-08-services,municipalities-section-08-services-copacabana-waterfront-promenade-janeiro-brazil-bg-primary.webp,/assets/images/sections/brazil/municipalities/section-08-services/municipalities-section-08-services-copacabana-waterfront-promenade-janeiro-brazil-bg-primary.webp,Copacabana beach and the Rio waterfront,Copacabana beach and the Rio waterfront.,Background image of Copacabana beach and the Rio waterfront for Brazil immigration and relocation planning.
brazil,/brazil/municipalities/,Municipalities,9,section-9-culture,Culture,a,assets/images/sections/brazil/municipalities/section-09-culture,municipalities-section-09-culture-canyons-lake-scenery-capitolio-brazil-bg-primary.webp,/assets/images/sections/brazil/municipalities/section-09-culture/municipalities-section-09-culture-canyons-lake-scenery-capitolio-brazil-bg-primary.webp,the canyons and lake scenery of Capitolio,the canyons and lake scenery of Capitolio.,Background image of the canyons and lake scenery of Capitolio for Brazil immigration and relocation planning.
brazil,/brazil/municipalities/,Municipalities,10,section-10-appeal,Appeal,a,assets/images/sections/brazil/municipalities/section-10-appeal,municipalities-section-10-appeal-road-serra-rastro-santa-brazil-bg-primary.webp,/assets/images/sections/brazil/municipalities/section-10-appeal/municipalities-section-10-appeal-road-serra-rastro-santa-brazil-bg-primary.webp,the mountain road of Serra do Rio do Rastro,the mountain road of Serra do Rio do Rastro.,Background image of the mountain road of Serra do Rio do Rastro for Brazil immigration and relocation planning.
brazil,/brazil/north/,North,1,section-1-overview,Overview,a,assets/images/sections/brazil/north/section-01-overview,north-section-01-overview-civic-avenues-goiania-goias-brazil-bg-primary.webp,/assets/images/sections/brazil/north/section-01-overview/north-section-01-overview-civic-avenues-goiania-goias-brazil-bg-primary.webp,the civic center and avenues of Goiania,the civic center and avenues of Goiania.,Background image of the civic center and avenues of Goiania for Brazil immigration and relocation planning.
brazil,/brazil/north/,North,2,section-2-geography,Geography,a,assets/images/sections/brazil/north/section-02-geography,north-section-02-geography-florianopolis-coastline-brava-atlantic-brazil-bg-primary.webp,/assets/images/sections/brazil/north/section-02-geography/north-section-02-geography-florianopolis-coastline-brava-atlantic-brazil-bg-primary.webp,Florianopolis,Florianopolis.,Background image of Florianopolis for Brazil immigration and relocation planning.
brazil,/brazil/north/,North,3,section-3-climate,Climate,a,assets/images/sections/brazil/north/section-03-climate,north-section-03-climate-ipanema-dois-irmaos-janeiro-brazil-bg-primary.webp,/assets/images/sections/brazil/north/section-03-climate/north-section-03-climate-ipanema-dois-irmaos-janeiro-brazil-bg-primary.webp,Ipanema beach with Dois Irmaos in the background,Ipanema beach with Dois Irmaos in the background.,Background image of Ipanema beach with Dois Irmaos in the background for Brazil immigration and relocation planning.
brazil,/brazil/north/,North,4,section-4-cities,Cities,a,assets/images/sections/brazil/north/section-04-cities,north-section-04-cities-manaus-amazonas-northern-mission-brazil-bg-primary.webp,/assets/images/sections/brazil/north/section-04-cities/north-section-04-cities-manaus-amazonas-northern-mission-brazil-bg-primary.webp,Manaus,Manaus.,Background image of Manaus for Brazil immigration and relocation planning.
brazil,/brazil/north/,North,5,section-5-lifestyle,Lifestyle,a,assets/images/sections/brazil/north/section-05-lifestyle,north-section-05-lifestyle-coastline-coves-ilha-grande-brazil-bg-primary.webp,/assets/images/sections/brazil/north/section-05-lifestyle/north-section-05-lifestyle-coastline-coves-ilha-grande-brazil-bg-primary.webp,the coastline and coves of Ilha Grande,the coastline and coves of Ilha Grande.,Background image of the coastline and coves of Ilha Grande for Brazil immigration and relocation planning.
brazil,/brazil/north/,North,6,section-6-economy,Economy,a,assets/images/sections/brazil/north/section-06-economy,north-section-06-economy-sanctuary-sculptures-congonhas-minas-brazil-bg-primary.webp,/assets/images/sections/brazil/north/section-06-economy/north-section-06-economy-sanctuary-sculptures-congonhas-minas-brazil-bg-primary.webp,the sanctuary and sculptures of Congonhas,the sanctuary and sculptures of Congonhas.,Background image of the sanctuary and sculptures of Congonhas for Brazil immigration and relocation planning.
brazil,/brazil/north/,North,7,section-7-culture,Culture,a,assets/images/sections/brazil/north/section-07-culture,north-section-07-culture-brasilia-monumental-axis-central-brazil-bg-primary.webp,/assets/images/sections/brazil/north/section-07-culture/north-section-07-culture-brasilia-monumental-axis-central-brazil-bg-primary.webp,Brasilia,Brasilia.,Background image of Brasilia for Brazil immigration and relocation planning.
brazil,/brazil/north/,North,8,section-8-opportunities,Opportunities,a,assets/images/sections/brazil/north/section-08-opportunities,north-section-08-opportunities-bridge-over-lake-paranoa-brazil-bg-primary.webp,/assets/images/sections/brazil/north/section-08-opportunities/north-section-08-opportunities-bridge-over-lake-paranoa-brazil-bg-primary.webp,the JK Bridge over Lake Paranoa,the JK Bridge over Lake Paranoa.,Background image of the JK Bridge over Lake Paranoa for Brazil immigration and relocation planning.
brazil,/brazil/north/,North,9,section-9-advantages,Advantages,a,assets/images/sections/brazil/north/section-09-advantages,north-section-09-advantages-road-serra-rastro-santa-brazil-bg-primary.webp,/assets/images/sections/brazil/north/section-09-advantages/north-section-09-advantages-road-serra-rastro-santa-brazil-bg-primary.webp,the mountain road of Serra do Rio do Rastro,the mountain road of Serra do Rio do Rastro.,Background image of the mountain road of Serra do Rio do Rastro for Brazil immigration and relocation planning.
brazil,/brazil/north/,North,10,section-10-considerations,Considerations,a,assets/images/sections/brazil/north/section-10-considerations,north-section-10-considerations-copacabana-waterfront-promenade-janeiro-brazil-bg-primary.webp,/assets/images/sections/brazil/north/section-10-considerations/north-section-10-considerations-copacabana-waterfront-promenade-janeiro-brazil-bg-primary.webp,Copacabana beach and the Rio waterfront,Copacabana beach and the Rio waterfront.,Background image of Copacabana beach and the Rio waterfront for Brazil immigration and relocation planning.
brazil,/brazil/northeast/,Northeast,1,section-1-overview,Overview,a,assets/images/sections/brazil/northeast/section-01-overview,northeast-section-01-overview-clear-waters-lagoa-azul-brazil-bg-primary.webp,/assets/images/sections/brazil/northeast/section-01-overview/northeast-section-01-overview-clear-waters-lagoa-azul-brazil-bg-primary.webp,the clear waters of Lagoa Azul in Nobres,the clear waters of Lagoa Azul in Nobres.,Background image of the clear waters of Lagoa Azul in Nobres for Brazil immigration and relocation planning.
brazil,/brazil/northeast/,Northeast,2,section-2-geography,Geography,a,assets/images/sections/brazil/northeast/section-02-geography,northeast-section-02-geography-riverfront-landscapes-marajo-island-brazil-bg-primary.webp,/assets/images/sections/brazil/northeast/section-02-geography/northeast-section-02-geography-riverfront-landscapes-marajo-island-brazil-bg-primary.webp,the riverfront landscapes of Marajo Island,the riverfront landscapes of Marajo Island.,Background image of the riverfront landscapes of Marajo Island for Brazil immigration and relocation planning.
brazil,/brazil/northeast/,Northeast,3,section-3-climate,Climate,a,assets/images/sections/brazil/northeast/section-03-climate,northeast-section-03-climate-district-recife-antigo-pernambuco-brazil-bg-primary.webp,/assets/images/sections/brazil/northeast/section-03-climate/northeast-section-03-climate-district-recife-antigo-pernambuco-brazil-bg-primary.webp,the historic district of Recife Antigo,the historic district of Recife Antigo.,Background image of the historic district of Recife Antigo for Brazil immigration and relocation planning.
brazil,/brazil/northeast/,Northeast,4,section-4-cities,Cities,a,assets/images/sections/brazil/northeast/section-04-cities,northeast-section-04-cities-copacabana-waterfront-promenade-janeiro-brazil-bg-primary.webp,/assets/images/sections/brazil/northeast/section-04-cities/northeast-section-04-cities-copacabana-waterfront-promenade-janeiro-brazil-bg-primary.webp,Copacabana beach and the Rio waterfront,Copacabana beach and the Rio waterfront.,Background image of Copacabana beach and the Rio waterfront for Brazil immigration and relocation planning.
brazil,/brazil/northeast/,Northeast,5,section-5-lifestyle,Lifestyle,a,assets/images/sections/brazil/northeast/section-05-lifestyle,northeast-section-05-lifestyle-brasilia-monumental-axis-central-brazil-bg-primary.webp,/assets/images/sections/brazil/northeast/section-05-lifestyle/northeast-section-05-lifestyle-brasilia-monumental-axis-central-brazil-bg-primary.webp,Brasilia,Brasilia.,Background image of Brasilia for Brazil immigration and relocation planning.
brazil,/brazil/northeast/,Northeast,6,section-6-economy,Economy,a,assets/images/sections/brazil/northeast/section-06-economy,northeast-section-06-economy-bridge-over-lake-paranoa-brazil-bg-primary.webp,/assets/images/sections/brazil/northeast/section-06-economy/northeast-section-06-economy-bridge-over-lake-paranoa-brazil-bg-primary.webp,the JK Bridge over Lake Paranoa,the JK Bridge over Lake Paranoa.,Background image of the JK Bridge over Lake Paranoa for Brazil immigration and relocation planning.
brazil,/brazil/northeast/,Northeast,7,section-7-culture,Culture,a,assets/images/sections/brazil/northeast/section-07-culture,northeast-section-07-culture-brasilia-monumental-axis-central-brazil-bg-primary.webp,/assets/images/sections/brazil/northeast/section-07-culture/northeast-section-07-culture-brasilia-monumental-axis-central-brazil-bg-primary.webp,Brasilia,Brasilia.,Background image of Brasilia for Brazil immigration and relocation planning.
brazil,/brazil/northeast/,Northeast,8,section-8-opportunities,Opportunities,a,assets/images/sections/brazil/northeast/section-08-opportunities,northeast-section-08-opportunities-canyons-lake-scenery-capitolio-brazil-bg-primary.webp,/assets/images/sections/brazil/northeast/section-08-opportunities/northeast-section-08-opportunities-canyons-lake-scenery-capitolio-brazil-bg-primary.webp,the canyons and lake scenery of Capitolio,the canyons and lake scenery of Capitolio.,Background image of the canyons and lake scenery of Capitolio for Brazil immigration and relocation planning.
brazil,/brazil/northeast/,Northeast,9,section-9-advantages,Advantages,a,assets/images/sections/brazil/northeast/section-09-advantages,northeast-section-09-advantages-cerrado-aguas-emendadas-ecological-brazil-bg-primary.webp,/assets/images/sections/brazil/northeast/section-09-advantages/northeast-section-09-advantages-cerrado-aguas-emendadas-ecological-brazil-bg-primary.webp,the cerrado landscape of Aguas Emendadas,the cerrado landscape of Aguas Emendadas.,Background image of the cerrado landscape of Aguas Emendadas for Brazil immigration and relocation planning.
brazil,/brazil/northeast/,Northeast,10,section-10-considerations,Considerations,a,assets/images/sections/brazil/northeast/section-10-considerations,northeast-section-10-considerations-brasilia-monumental-axis-central-brazil-bg-primary.webp,/assets/images/sections/brazil/northeast/section-10-considerations/northeast-section-10-considerations-brasilia-monumental-axis-central-brazil-bg-primary.webp,Brasilia,Brasilia.,Background image of Brasilia for Brazil immigration and relocation planning.
brazil,/brazil/places/,Places,1,section-1-overview,Overview,a,assets/images/sections/brazil/places/section-01-overview,places-section-01-overview-iguazu-iguacu-southern-economy-brazil-bg-primary.webp,/assets/images/sections/brazil/places/section-01-overview/places-section-01-overview-iguazu-iguacu-southern-economy-brazil-bg-primary.webp,Iguazu Falls,Iguazu Falls.,Background image of Iguazu Falls for Brazil immigration and relocation planning.
brazil,/brazil/places/,Places,2,section-2-explore-the-main-topics,Explore The Main Topics,a,assets/images/sections/brazil/places/section-02-explore-the-main-topics,places-section-02-explore-the-main-topics-road-serra-rastro-santa-brazil-bg-primary.webp,/assets/images/sections/brazil/places/section-02-explore-the-main-topics/places-section-02-explore-the-main-topics-road-serra-rastro-santa-brazil-bg-primary.webp,the mountain road of Serra do Rio do Rastro,the mountain road of Serra do Rio do Rastro.,Background image of the mountain road of Serra do Rio do Rastro for Brazil immigration and relocation planning.
brazil,/brazil/places/,Places,3,section-3-how-to-use-this-hub,How To Use This Hub,a,assets/images/sections/brazil/places/section-03-how-to-use-this-hub,places-section-03-how-to-use-this-hub-poty-bridges-teresina-piaui-brazil-bg-primary.webp,/assets/images/sections/brazil/places/section-03-how-to-use-this-hub/places-section-03-how-to-use-this-hub-poty-bridges-teresina-piaui-brazil-bg-primary.webp,the Poty river and bridges of Teresina,the Poty river and bridges of Teresina.,Background image of the Poty river and bridges of Teresina for Brazil immigration and relocation planning.
brazil,/brazil/places/,Places,4,section-4-reading-lens,Reading Lens,a,assets/images/sections/brazil/places/section-04-reading-lens,places-section-04-reading-lens-estacao-docas-waterfront-belem-brazil-bg-primary.webp,/assets/images/sections/brazil/places/section-04-reading-lens/places-section-04-reading-lens-estacao-docas-waterfront-belem-brazil-bg-primary.webp,the Estacao das Docas waterfront in Belem,the Estacao das Docas waterfront in Belem.,Background image of the Estacao das Docas waterfront in Belem for Brazil immigration and relocation planning.
brazil,/brazil/places/,Places,5,section-5-best-next-step,Best Next Step,a,assets/images/sections/brazil/places/section-05-best-next-step,places-section-05-best-next-step-lago-negro-gramado-grande-brazil-bg-primary.webp,/assets/images/sections/brazil/places/section-05-best-next-step/places-section-05-best-next-step-lago-negro-gramado-grande-brazil-bg-primary.webp,Lago Negro in Gramado,Lago Negro in Gramado.,Background image of Lago Negro in Gramado for Brazil immigration and relocation planning.
brazil,/brazil/quality/,Quality,1,section-1-overview,Overview,a,assets/images/sections/brazil/quality/section-01-overview,quality-section-01-overview-lakefront-palmas-lake-tocantins-brazil-bg-primary.webp,/assets/images/sections/brazil/quality/section-01-overview/quality-section-01-overview-lakefront-palmas-lake-tocantins-brazil-bg-primary.webp,the lakefront of Palmas,the lakefront of Palmas.,Background image of the lakefront of Palmas for Brazil immigration and relocation planning.
brazil,/brazil/quality/,Quality,2,section-2-lifestyle,Lifestyle,a,assets/images/sections/brazil/quality/section-02-lifestyle,quality-section-02-lifestyle-alcantara-maranhao-northeast-brazil-bg-primary.webp,/assets/images/sections/brazil/quality/section-02-lifestyle/quality-section-02-lifestyle-alcantara-maranhao-northeast-brazil-bg-primary.webp,the historic center of Alcantara,the historic center of Alcantara.,Background image of the historic center of Alcantara for Brazil immigration and relocation planning.
brazil,/brazil/quality/,Quality,3,section-3-environment,Environment,a,assets/images/sections/brazil/quality/section-03-environment,quality-section-03-environment-gruta-lago-azul-bonito-brazil-bg-primary.webp,/assets/images/sections/brazil/quality/section-03-environment/quality-section-03-environment-gruta-lago-azul-bonito-brazil-bg-primary.webp,the Gruta do Lago Azul in Bonito,the Gruta do Lago Azul in Bonito.,Background image of the Gruta do Lago Azul in Bonito for Brazil immigration and relocation planning.
brazil,/brazil/quality/,Quality,4,section-4-community,Community,a,assets/images/sections/brazil/quality/section-04-community,quality-section-04-community-tiled-streets-luis-maranhao-brazil-bg-primary.webp,/assets/images/sections/brazil/quality/section-04-community/quality-section-04-community-tiled-streets-luis-maranhao-brazil-bg-primary.webp,the tiled colonial streets of Sao Luis,the tiled colonial streets of Sao Luis.,Background image of the tiled colonial streets of Sao Luis for Brazil immigration and relocation planning.
brazil,/brazil/quality/,Quality,5,section-5-flexibility,Flexibility,a,assets/images/sections/brazil/quality/section-05-flexibility,quality-section-05-flexibility-belem-para-northern-brazil-bg-primary.webp,/assets/images/sections/brazil/quality/section-05-flexibility/quality-section-05-flexibility-belem-para-northern-brazil-bg-primary.webp,the Teatro da Paz in Belem,the Teatro da Paz in Belem.,Background image of the Teatro da Paz in Belem for Brazil immigration and relocation planning.
brazil,/brazil/quality/,Quality,6,section-6-comparison,Comparison,b,assets/images/sections/brazil/quality/section-06-comparison,quality-section-06-comparison-itaimbezinho-canyon-aparados-serra-brazil-bg-alternate.webp,/assets/images/sections/brazil/quality/section-06-comparison/quality-section-06-comparison-itaimbezinho-canyon-aparados-serra-brazil-bg-alternate.webp,the Itaimbezinho canyon in Aparados da Serra,the Itaimbezinho canyon in Aparados da Serra.,Background image of the Itaimbezinho canyon in Aparados da Serra for Brazil immigration and relocation planning.
brazil,/brazil/quality/,Quality,7,section-7-affordability,Affordability,a,assets/images/sections/brazil/quality/section-07-affordability,quality-section-07-affordability-coastline-forte-bahia-northeast-brazil-bg-primary.webp,/assets/images/sections/brazil/quality/section-07-affordability/quality-section-07-affordability-coastline-forte-bahia-northeast-brazil-bg-primary.webp,the coastline of Praia do Forte,the coastline of Praia do Forte.,Background image of the coastline of Praia do Forte for Brazil immigration and relocation planning.
brazil,/brazil/quality/,Quality,8,section-8-variation,Variation,a,assets/images/sections/brazil/quality/section-08-variation,quality-section-08-variation-coastline-guarapari-espirito-santo-brazil-bg-primary.webp,/assets/images/sections/brazil/quality/section-08-variation/quality-section-08-variation-coastline-guarapari-espirito-santo-brazil-bg-primary.webp,the coastline of Guarapari,the coastline of Guarapari.,Background image of the coastline of Guarapari for Brazil immigration and relocation planning.
brazil,/brazil/quality/,Quality,9,section-9-perception,Perception,a,assets/images/sections/brazil/quality/section-09-perception,quality-section-09-perception-orange-springs-jalapao-tocantins-brazil-bg-primary.webp,/assets/images/sections/brazil/quality/section-09-perception/quality-section-09-perception-orange-springs-jalapao-tocantins-brazil-bg-primary.webp,the orange dunes and springs of Jalapao,the orange dunes and springs of Jalapao.,Background image of the orange dunes and springs of Jalapao for Brazil immigration and relocation planning.
brazil,/brazil/quality/,Quality,10,section-10-conclusion,Conclusion,a,assets/images/sections/brazil/quality/section-10-conclusion,quality-section-10-conclusion-shoreline-balneario-camboriu-skyline-brazil-bg-primary.webp,/assets/images/sections/brazil/quality/section-10-conclusion/quality-section-10-conclusion-shoreline-balneario-camboriu-skyline-brazil-bg-primary.webp,the shoreline of Balneario Camboriu skyline in warm evening light,the shoreline of Balneario Camboriu skyline in warm evening light.,Background image of the shoreline of Balneario Camboriu skyline in warm evening light for Brazil immigration and relocation planning.
brazil,/brazil/safety/,Safety,1,section-1-overview,Overview,a,assets/images/sections/brazil/safety/section-01-overview,safety-section-01-overview-jericoacoara-ceara-northeast-brazil-bg-primary.webp,/assets/images/sections/brazil/safety/section-01-overview/safety-section-01-overview-jericoacoara-ceara-northeast-brazil-bg-primary.webp,the dunes and lagoons of Jericoacoara,the dunes and lagoons of Jericoacoara.,Background image of the dunes and lagoons of Jericoacoara for Brazil immigration and relocation planning.
brazil,/brazil/safety/,Safety,2,section-2-perception,Perception,a,assets/images/sections/brazil/safety/section-02-perception,safety-section-02-perception-streets-avenida-paulista-paulo-brazil-bg-primary.webp,/assets/images/sections/brazil/safety/section-02-perception/safety-section-02-perception-streets-avenida-paulista-paulo-brazil-bg-primary.webp,the architecture and streets of Avenida Paulista in Sao Paulo,the architecture and streets of Avenida Paulista in Sao Paulo.,Background image of the architecture and streets of Avenida Paulista in Sao Paulo for Brazil immigration and relocation planning.
brazil,/brazil/safety/,Safety,3,section-3-regions,Regions,a,assets/images/sections/brazil/safety/section-03-regions,safety-section-03-regions-waterfront-skyline-parque-povo-brazil-bg-primary.webp,/assets/images/sections/brazil/safety/section-03-regions/safety-section-03-regions-waterfront-skyline-parque-povo-brazil-bg-primary.webp,the waterfront and skyline of Parque do Povo in Campina Grande,the waterfront and skyline of Parque do Povo in Campina Grande.,Background image of the waterfront and skyline of Parque do Povo in Campina Grande for Brazil immigration and relocation planning.
brazil,/brazil/safety/,Safety,4,section-4-cities,Cities,a,assets/images/sections/brazil/safety/section-04-cities,safety-section-04-cities-streets-campos-jordao-paulo-brazil-bg-primary.webp,/assets/images/sections/brazil/safety/section-04-cities/safety-section-04-cities-streets-campos-jordao-paulo-brazil-bg-primary.webp,the architecture and streets of Campos do Jordao,the architecture and streets of Campos do Jordao.,Background image of the architecture and streets of Campos do Jordao for Brazil immigration and relocation planning.
brazil,/brazil/safety/,Safety,5,section-5-lifestyle,Lifestyle,a,assets/images/sections/brazil/safety/section-05-lifestyle,safety-section-05-lifestyle-sunrise-amazon-northern-aerial-brazil-bg-primary.webp,/assets/images/sections/brazil/safety/section-05-lifestyle/safety-section-05-lifestyle-sunrise-amazon-northern-aerial-brazil-bg-primary.webp,the sunrise landscape of Amazon river basin,the sunrise landscape of Amazon river basin.,Background image of the sunrise landscape of Amazon river basin for Brazil immigration and relocation planning.
brazil,/brazil/safety/,Safety,6,section-6-precautions,Precautions,a,assets/images/sections/brazil/safety/section-06-precautions,safety-section-06-precautions-peso-market-belem-waterfront-brazil-bg-primary.webp,/assets/images/sections/brazil/safety/section-06-precautions/safety-section-06-precautions-peso-market-belem-waterfront-brazil-bg-primary.webp,the Ver-o-Peso market on the Belem waterfront,the Ver-o-Peso market on the Belem waterfront.,Background image of the Ver-o-Peso market on the Belem waterfront for Brazil immigration and relocation planning.
brazil,/brazil/safety/,Safety,7,section-7-expat-view,Expat View,a,assets/images/sections/brazil/safety/section-07-expat-view,safety-section-07-expat-view-fort-riverfront-macapa-jose-brazil-bg-primary.webp,/assets/images/sections/brazil/safety/section-07-expat-view/safety-section-07-expat-view-fort-riverfront-macapa-jose-brazil-bg-primary.webp,the fort and riverfront of Macapa,the fort and riverfront of Macapa.,Background image of the fort and riverfront of Macapa for Brazil immigration and relocation planning.
brazil,/brazil/safety/,Safety,8,section-8-comparison,Comparison,a,assets/images/sections/brazil/safety/section-08-comparison,safety-section-08-comparison-valleys-plateaus-chapada-diamantina-brazil-bg-primary.webp,/assets/images/sections/brazil/safety/section-08-comparison/safety-section-08-comparison-valleys-plateaus-chapada-diamantina-brazil-bg-primary.webp,the valleys and plateaus of Chapada Diamantina,the valleys and plateaus of Chapada Diamantina.,Background image of the valleys and plateaus of Chapada Diamantina for Brazil immigration and relocation planning.
brazil,/brazil/safety/,Safety,9,section-9-awareness,Awareness,a,assets/images/sections/brazil/safety/section-09-awareness,safety-section-09-awareness-sunrise-emas-goias-cerrado-brazil-bg-primary.webp,/assets/images/sections/brazil/safety/section-09-awareness/safety-section-09-awareness-sunrise-emas-goias-cerrado-brazil-bg-primary.webp,the sunrise landscape of Emas National Park,the sunrise landscape of Emas National Park.,Background image of the sunrise landscape of Emas National Park for Brazil immigration and relocation planning.
brazil,/brazil/safety/,Safety,10,section-10-balance,Balance,a,assets/images/sections/brazil/safety/section-10-balance,safety-section-10-balance-sunrise-botanical-garden-curitiba-brazil-bg-primary.webp,/assets/images/sections/brazil/safety/section-10-balance/safety-section-10-balance-sunrise-botanical-garden-curitiba-brazil-bg-primary.webp,the sunrise landscape of Botanical Garden of Curitiba,the sunrise landscape of Botanical Garden of Curitiba.,Background image of the sunrise landscape of Botanical Garden of Curitiba for Brazil immigration and relocation planning.
brazil,/brazil/search/,Search,1,section-1-overview,Overview,a,assets/images/sections/brazil/search/section-01-overview,search-section-01-overview-skyline-civic-spaces-bridge-brazil-bg-primary.webp,/assets/images/sections/brazil/search/section-01-overview/search-section-01-overview-skyline-civic-spaces-bridge-brazil-bg-primary.webp,the skyline and civic spaces of JK Bridge in Brasilia,the skyline and civic spaces of JK Bridge in Brasilia.,Background image of the skyline and civic spaces of JK Bridge in Brasilia for Brazil immigration and relocation planning.
brazil,/brazil/search/,Search,2,section-2-filters,Filters,a,assets/images/sections/brazil/search/section-02-filters,search-section-02-filters-streets-liberdade-district-paulo-brazil-bg-primary.webp,/assets/images/sections/brazil/search/section-02-filters/search-section-02-filters-streets-liberdade-district-paulo-brazil-bg-primary.webp,the architecture and streets of Liberdade district in Sao Paulo,the architecture and streets of Liberdade district in Sao Paulo.,Background image of the architecture and streets of Liberdade district in Sao Paulo for Brazil immigration and relocation planning.
brazil,/brazil/search/,Search,3,section-3-categories,Categories,a,assets/images/sections/brazil/search/section-03-categories,search-section-03-categories-cerrado-emas-goias-central-brazil-bg-primary.webp,/assets/images/sections/brazil/search/section-03-categories/search-section-03-categories-cerrado-emas-goias-central-brazil-bg-primary.webp,the cerrado landscape of Emas National Park,the cerrado landscape of Emas National Park.,Background image of the cerrado landscape of Emas National Park for Brazil immigration and relocation planning.
brazil,/brazil/search/,Search,4,section-4-services,Services,a,assets/images/sections/brazil/search/section-04-services,search-section-04-services-pampulha-architectural-belo-horizonte-brazil-bg-primary.webp,/assets/images/sections/brazil/search/section-04-services/search-section-04-services-pampulha-architectural-belo-horizonte-brazil-bg-primary.webp,the Pampulha architectural complex in Belo Horizonte,the Pampulha architectural complex in Belo Horizonte.,Background image of the Pampulha architectural complex in Belo Horizonte for Brazil immigration and relocation planning.
brazil,/brazil/search/,Search,5,section-5-locations,Locations,a,assets/images/sections/brazil/search/section-05-locations,search-section-05-locations-aguas-emendadas-ecological-station-brazil-bg-primary.webp,/assets/images/sections/brazil/search/section-05-locations/search-section-05-locations-aguas-emendadas-ecological-station-brazil-bg-primary.webp,the urban panorama of Aguas Emendadas ecological station,the urban panorama of Aguas Emendadas ecological station.,Background image of the urban panorama of Aguas Emendadas ecological station for Brazil immigration and relocation planning.
brazil,/brazil/search/,Search,6,section-6-keywords,Keywords,a,assets/images/sections/brazil/search/section-06-keywords,search-section-06-keywords-valleys-serra-canastra-minas-brazil-bg-primary.webp,/assets/images/sections/brazil/search/section-06-keywords/search-section-06-keywords-valleys-serra-canastra-minas-brazil-bg-primary.webp,the valleys and waterfalls of Serra da Canastra,the valleys and waterfalls of Serra da Canastra.,Background image of the valleys and waterfalls of Serra da Canastra for Brazil immigration and relocation planning.
brazil,/brazil/search/,Search,7,section-7-results,Results,a,assets/images/sections/brazil/search/section-07-results,search-section-07-results-goias-velho-central-west-brazil-bg-primary.webp,/assets/images/sections/brazil/search/section-07-results/search-section-07-results-goias-velho-central-west-brazil-bg-primary.webp,the historic center of Goias Velho,the historic center of Goias Velho.,Background image of the historic center of Goias Velho for Brazil immigration and relocation planning.
brazil,/brazil/search/,Search,8,section-8-tips,Tips,a,assets/images/sections/brazil/search/section-08-tips,search-section-08-tips-coastline-water-buzios-peninsula-brazil-bg-primary.webp,/assets/images/sections/brazil/search/section-08-tips/search-section-08-tips-coastline-water-buzios-peninsula-brazil-bg-primary.webp,the wide coastline and water of Buzios peninsula,the wide coastline and water of Buzios peninsula.,Background image of the wide coastline and water of Buzios peninsula for Brazil immigration and relocation planning.
brazil,/brazil/search/,Search,9,section-9-efficiency,Efficiency,a,assets/images/sections/brazil/search/section-09-efficiency,search-section-09-efficiency-natural-negro-palace-manaus-brazil-bg-primary.webp,/assets/images/sections/brazil/search/section-09-efficiency/search-section-09-efficiency-natural-negro-palace-manaus-brazil-bg-primary.webp,the wide natural landscape of Rio Negro Palace in Manaus,the wide natural landscape of Rio Negro Palace in Manaus.,Background image of the wide natural landscape of Rio Negro Palace in Manaus for Brazil immigration and relocation planning.
brazil,/brazil/search/,Search,10,section-10-support,Support,a,assets/images/sections/brazil/search/section-10-support,search-section-10-support-beaches-peninsula-bombinhas-santa-brazil-bg-primary.webp,/assets/images/sections/brazil/search/section-10-support/search-section-10-support-beaches-peninsula-bombinhas-santa-brazil-bg-primary.webp,the beaches and peninsula of Bombinhas,the beaches and peninsula of Bombinhas.,Background image of the beaches and peninsula of Bombinhas for Brazil immigration and relocation planning.
brazil,/brazil/south/,South,1,section-1-overview,Overview,a,assets/images/sections/brazil/south/section-01-overview,south-section-01-overview-vitoria-bayfront-espirito-santo-brazil-bg-primary.webp,/assets/images/sections/brazil/south/section-01-overview/south-section-01-overview-vitoria-bayfront-espirito-santo-brazil-bg-primary.webp,Vitoria and the bayfront of Espirito Santo,Vitoria and the bayfront of Espirito Santo.,Background image of Vitoria and the bayfront of Espirito Santo for Brazil immigration and relocation planning.
brazil,/brazil/south/,South,2,section-2-geography,Geography,a,assets/images/sections/brazil/south/section-02-geography,south-section-02-geography-natural-botanical-garden-curitiba-brazil-bg-primary.webp,/assets/images/sections/brazil/south/section-02-geography/south-section-02-geography-natural-botanical-garden-curitiba-brazil-bg-primary.webp,the wide natural landscape of Botanical Garden of Curitiba,the wide natural landscape of Botanical Garden of Curitiba.,Background image of the wide natural landscape of Botanical Garden of Curitiba for Brazil immigration and relocation planning.
brazil,/brazil/south/,South,3,section-3-climate,Climate,a,assets/images/sections/brazil/south/section-03-climate,south-section-03-climate-shoreline-janeiro-skyline-sugarloaf-brazil-bg-primary.webp,/assets/images/sections/brazil/south/section-03-climate/south-section-03-climate-shoreline-janeiro-skyline-sugarloaf-brazil-bg-primary.webp,the shoreline of Rio de Janeiro skyline from Sugarloaf Mountain in warm evening light,the shoreline of Rio de Janeiro skyline from Sugarloaf Mountain in warm evening light.,Background image of the shoreline of Rio de Janeiro skyline from Sugarloaf Mountain in warm evening light for Brazil immigration and relocation planning.
brazil,/brazil/south/,South,4,section-4-cities,Cities,a,assets/images/sections/brazil/south/section-04-cities,south-section-04-cities-antonina-parana-southern-brazil-bg-primary.webp,/assets/images/sections/brazil/south/section-04-cities/south-section-04-cities-antonina-parana-southern-brazil-bg-primary.webp,the historic center of Antonina,the historic center of Antonina.,Background image of the historic center of Antonina for Brazil immigration and relocation planning.
brazil,/brazil/south/,South,5,section-5-lifestyle,Lifestyle,a,assets/images/sections/brazil/south/section-05-lifestyle,south-section-05-lifestyle-coastline-water-ipanema-dois-brazil-bg-primary.webp,/assets/images/sections/brazil/south/section-05-lifestyle/south-section-05-lifestyle-coastline-water-ipanema-dois-brazil-bg-primary.webp,the wide coastline and water of Ipanema beach and Dois Irmaos,the wide coastline and water of Ipanema beach and Dois Irmaos.,Background image of the wide coastline and water of Ipanema beach and Dois Irmaos for Brazil immigration and relocation planning.
brazil,/brazil/south/,South,6,section-6-economy,Economy,a,assets/images/sections/brazil/south/section-06-economy,south-section-06-economy-streets-serra-rastro-santa-brazil-bg-primary.webp,/assets/images/sections/brazil/south/section-06-economy/south-section-06-economy-streets-serra-rastro-santa-brazil-bg-primary.webp,the architecture and streets of Serra do Rio do Rastro,the architecture and streets of Serra do Rio do Rastro.,Background image of the architecture and streets of Serra do Rio do Rastro for Brazil immigration and relocation planning.
brazil,/brazil/south/,South,7,section-7-culture,Culture,a,assets/images/sections/brazil/south/section-07-culture,south-section-07-culture-sunrise-aparados-serra-canyons-brazil-bg-primary.webp,/assets/images/sections/brazil/south/section-07-culture/south-section-07-culture-sunrise-aparados-serra-canyons-brazil-bg-primary.webp,the sunrise landscape of Aparados da Serra,the sunrise landscape of Aparados da Serra.,Background image of the sunrise landscape of Aparados da Serra for Brazil immigration and relocation planning.
brazil,/brazil/south/,South,8,section-8-opportunities,Opportunities,a,assets/images/sections/brazil/south/section-08-opportunities,south-section-08-opportunities-coastline-water-rosa-santa-brazil-bg-primary.webp,/assets/images/sections/brazil/south/section-08-opportunities/south-section-08-opportunities-coastline-water-rosa-santa-brazil-bg-primary.webp,the wide coastline and water of Praia do Rosa,the wide coastline and water of Praia do Rosa.,Background image of the wide coastline and water of Praia do Rosa for Brazil immigration and relocation planning.
brazil,/brazil/south/,South,9,section-9-advantages,Advantages,a,assets/images/sections/brazil/south/section-09-advantages,south-section-09-advantages-coastline-water-bombinhas-peninsula-brazil-bg-primary.webp,/assets/images/sections/brazil/south/section-09-advantages/south-section-09-advantages-coastline-water-bombinhas-peninsula-brazil-bg-primary.webp,the wide coastline and water of Bombinhas peninsula,the wide coastline and water of Bombinhas peninsula.,Background image of the wide coastline and water of Bombinhas peninsula for Brazil immigration and relocation planning.
brazil,/brazil/south/,South,10,section-10-considerations,Considerations,a,assets/images/sections/brazil/south/section-10-considerations,south-section-10-considerations-vineyards-vale-vinhedos-grande-brazil-bg-primary.webp,/assets/images/sections/brazil/south/section-10-considerations/south-section-10-considerations-vineyards-vale-vinhedos-grande-brazil-bg-primary.webp,the vineyards of Vale dos Vinhedos,the vineyards of Vale dos Vinhedos.,Background image of the vineyards of Vale dos Vinhedos for Brazil immigration and relocation planning.
brazil,/brazil/southeast/,Southeast,1,section-1-overview,Overview,a,assets/images/sections/brazil/southeast/section-01-overview,southeast-section-01-overview-natural-inhotim-brumadinho-minas-brazil-bg-primary.webp,/assets/images/sections/brazil/southeast/section-01-overview/southeast-section-01-overview-natural-inhotim-brumadinho-minas-brazil-bg-primary.webp,the wide natural landscape of Inhotim in Brumadinho,the wide natural landscape of Inhotim in Brumadinho.,Background image of the wide natural landscape of Inhotim in Brumadinho for Brazil immigration and relocation planning.
brazil,/brazil/southeast/,Southeast,2,section-2-geography,Geography,a,assets/images/sections/brazil/southeast/section-02-geography,southeast-section-02-geography-facades-joao-minas-gerais-brazil-bg-primary.webp,/assets/images/sections/brazil/southeast/section-02-geography/southeast-section-02-geography-facades-joao-minas-gerais-brazil-bg-primary.webp,the heritage facades of Sao Joao del Rei,the heritage facades of Sao Joao del Rei.,Background image of the heritage facades of Sao Joao del Rei for Brazil immigration and relocation planning.
brazil,/brazil/southeast/,Southeast,3,section-3-climate,Climate,a,assets/images/sections/brazil/southeast/section-03-climate,southeast-section-03-climate-museum-tomorrow-janeiro-port-brazil-bg-primary.webp,/assets/images/sections/brazil/southeast/section-03-climate/southeast-section-03-climate-museum-tomorrow-janeiro-port-brazil-bg-primary.webp,the urban panorama of Museum of Tomorrow in Rio de Janeiro,the urban panorama of Museum of Tomorrow in Rio de Janeiro.,Background image of the urban panorama of Museum of Tomorrow in Rio de Janeiro for Brazil immigration and relocation planning.
brazil,/brazil/southeast/,Southeast,4,section-4-cities,Cities,a,assets/images/sections/brazil/southeast/section-04-cities,southeast-section-04-cities-island-coastline-ilhabela-paulo-brazil-bg-primary.webp,/assets/images/sections/brazil/southeast/section-04-cities/southeast-section-04-cities-island-coastline-ilhabela-paulo-brazil-bg-primary.webp,the island coastline of Ilhabela,the island coastline of Ilhabela.,Background image of the island coastline of Ilhabela for Brazil immigration and relocation planning.
brazil,/brazil/southeast/,Southeast,5,section-5-lifestyle,Lifestyle,a,assets/images/sections/brazil/southeast/section-05-lifestyle,southeast-section-05-lifestyle-petropolis-imperial-museum-district-brazil-bg-primary.webp,/assets/images/sections/brazil/southeast/section-05-lifestyle/southeast-section-05-lifestyle-petropolis-imperial-museum-district-brazil-bg-primary.webp,Petropolis and the imperial museum district,Petropolis and the imperial museum district.,Background image of Petropolis and the imperial museum district for Brazil immigration and relocation planning.
brazil,/brazil/southeast/,Southeast,6,section-6-economy,Economy,a,assets/images/sections/brazil/southeast/section-06-economy,southeast-section-06-economy-shoreline-janeiro-skyline-sugarloaf-brazil-bg-primary.webp,/assets/images/sections/brazil/southeast/section-06-economy/southeast-section-06-economy-shoreline-janeiro-skyline-sugarloaf-brazil-bg-primary.webp,the shoreline of Rio de Janeiro skyline from Sugarloaf Mountain in warm evening light,the shoreline of Rio de Janeiro skyline from Sugarloaf Mountain in warm evening light.,Background image of the shoreline of Rio de Janeiro skyline from Sugarloaf Mountain in warm evening light for Brazil immigration and relocation planning.
brazil,/brazil/southeast/,Southeast,7,section-7-culture,Culture,a,assets/images/sections/brazil/southeast/section-07-culture,southeast-section-07-culture-town-campos-jordao-paulo-brazil-bg-primary.webp,/assets/images/sections/brazil/southeast/section-07-culture/southeast-section-07-culture-town-campos-jordao-paulo-brazil-bg-primary.webp,the mountain town of Campos do Jordao,the mountain town of Campos do Jordao.,Background image of the mountain town of Campos do Jordao for Brazil immigration and relocation planning.
brazil,/brazil/southeast/,Southeast,8,section-8-opportunities,Opportunities,a,assets/images/sections/brazil/southeast/section-08-opportunities,southeast-section-08-opportunities-pampulha-belo-horizonte-minas-brazil-bg-primary.webp,/assets/images/sections/brazil/southeast/section-08-opportunities/southeast-section-08-opportunities-pampulha-belo-horizonte-minas-brazil-bg-primary.webp,the urban panorama of Pampulha in Belo Horizonte,the urban panorama of Pampulha in Belo Horizonte.,Background image of the urban panorama of Pampulha in Belo Horizonte for Brazil immigration and relocation planning.
brazil,/brazil/southeast/,Southeast,9,section-9-advantages,Advantages,a,assets/images/sections/brazil/southeast/section-09-advantages,southeast-section-09-advantages-streets-sanctuary-congonhas-minas-brazil-bg-primary.webp,/assets/images/sections/brazil/southeast/section-09-advantages/southeast-section-09-advantages-streets-sanctuary-congonhas-minas-brazil-bg-primary.webp,the architecture and streets of Sanctuary of Congonhas,the architecture and streets of Sanctuary of Congonhas.,Background image of the architecture and streets of Sanctuary of Congonhas for Brazil immigration and relocation planning.
brazil,/brazil/southeast/,Southeast,10,section-10-considerations,Considerations,a,assets/images/sections/brazil/southeast/section-10-considerations,southeast-section-10-considerations-trails-cliffs-ibitipoca-minas-brazil-bg-primary.webp,/assets/images/sections/brazil/southeast/section-10-considerations/southeast-section-10-considerations-trails-cliffs-ibitipoca-minas-brazil-bg-primary.webp,the trails and cliffs of Ibitipoca,the trails and cliffs of Ibitipoca.,Background image of the trails and cliffs of Ibitipoca for Brazil immigration and relocation planning.
brazil,/brazil/states/,States,1,section-1-overview,Overview,a,assets/images/sections/brazil/states/section-01-overview,states-section-01-overview-streets-facades-goias-velho-brazil-bg-primary.webp,/assets/images/sections/brazil/states/section-01-overview/states-section-01-overview-streets-facades-goias-velho-brazil-bg-primary.webp,the historic streets and facades of Historic center of Goias,the historic streets and facades of Historic center of Goias.,Background image of the historic streets and facades of Historic center of Goias for Brazil immigration and relocation planning.
brazil,/brazil/states/,States,2,section-2-location,Location,a,assets/images/sections/brazil/states/section-02-location,states-section-02-location-cabo-branco-seafront-joao-brazil-bg-primary.webp,/assets/images/sections/brazil/states/section-02-location/states-section-02-location-cabo-branco-seafront-joao-brazil-bg-primary.webp,the Cabo Branco seafront in Joao Pessoa,the Cabo Branco seafront in Joao Pessoa.,Background image of the Cabo Branco seafront in Joao Pessoa for Brazil immigration and relocation planning.
brazil,/brazil/states/,States,3,section-3-population,Population,a,assets/images/sections/brazil/states/section-03-population,states-section-03-population-francisco-canyons-canions-alagoas-brazil-bg-primary.webp,/assets/images/sections/brazil/states/section-03-population/states-section-03-population-francisco-canyons-canions-alagoas-brazil-bg-primary.webp,the Sao Francisco river canyons,the Sao Francisco river canyons.,Background image of the Sao Francisco river canyons for Brazil immigration and relocation planning.
brazil,/brazil/states/,States,4,section-4-lifestyle,Lifestyle,a,assets/images/sections/brazil/states/section-04-lifestyle,states-section-04-lifestyle-sunrise-meeting-waters-manaus-brazil-bg-primary.webp,/assets/images/sections/brazil/states/section-04-lifestyle/states-section-04-lifestyle-sunrise-meeting-waters-manaus-brazil-bg-primary.webp,the sunrise landscape of Meeting of the Waters in Manaus,the sunrise landscape of Meeting of the Waters in Manaus.,Background image of the sunrise landscape of Meeting of the Waters in Manaus for Brazil immigration and relocation planning.
brazil,/brazil/states/,States,5,section-5-economy,Economy,a,assets/images/sections/brazil/states/section-05-economy,states-section-05-economy-cliffs-coastline-pipa-grande-brazil-bg-primary.webp,/assets/images/sections/brazil/states/section-05-economy/states-section-05-economy-cliffs-coastline-pipa-grande-brazil-bg-primary.webp,the cliffs and coastline of Pipa,the cliffs and coastline of Pipa.,Background image of the cliffs and coastline of Pipa for Brazil immigration and relocation planning.
brazil,/brazil/states/,States,6,section-6-housing,Housing,a,assets/images/sections/brazil/states/section-06-housing,states-section-06-housing-coastline-water-arraial-ajuda-brazil-bg-primary.webp,/assets/images/sections/brazil/states/section-06-housing/states-section-06-housing-coastline-water-arraial-ajuda-brazil-bg-primary.webp,the wide coastline and water of Arraial d'Ajuda coastline,the wide coastline and water of Arraial d'Ajuda coastline.,Background image of the wide coastline and water of Arraial d'Ajuda coastline for Brazil immigration and relocation planning.
brazil,/brazil/states/,States,7,section-7-safety,Safety,a,assets/images/sections/brazil/states/section-07-safety,states-section-07-safety-beachfront-cliffs-canoa-quebrada-brazil-bg-primary.webp,/assets/images/sections/brazil/states/section-07-safety/states-section-07-safety-beachfront-cliffs-canoa-quebrada-brazil-bg-primary.webp,the beachfront and sea of Cliffs of Canoa Quebrada,the beachfront and sea of Cliffs of Canoa Quebrada.,Background image of the beachfront and sea of Cliffs of Canoa Quebrada for Brazil immigration and relocation planning.
brazil,/brazil/states/,States,8,section-8-services,Services,a,assets/images/sections/brazil/states/section-08-services,states-section-08-services-sunrise-amazonas-manaus-northern-brazil-bg-primary.webp,/assets/images/sections/brazil/states/section-08-services/states-section-08-services-sunrise-amazonas-manaus-northern-brazil-bg-primary.webp,the sunrise landscape of Teatro Amazonas in Manaus,the sunrise landscape of Teatro Amazonas in Manaus.,Background image of the sunrise landscape of Teatro Amazonas in Manaus for Brazil immigration and relocation planning.
brazil,/brazil/states/,States,9,section-9-culture,Culture,a,assets/images/sections/brazil/states/section-09-culture,states-section-09-culture-clear-springs-jalapao-fervedouro-brazil-bg-primary.webp,/assets/images/sections/brazil/states/section-09-culture/states-section-09-culture-clear-springs-jalapao-fervedouro-brazil-bg-primary.webp,the clear springs of Jalapao,the clear springs of Jalapao.,Background image of the clear springs of Jalapao for Brazil immigration and relocation planning.
brazil,/brazil/states/,States,10,section-10-appeal,Appeal,a,assets/images/sections/brazil/states/section-10-appeal,states-section-10-appeal-islands-waterways-anavilhanas-archipelago-brazil-bg-primary.webp,/assets/images/sections/brazil/states/section-10-appeal/states-section-10-appeal-islands-waterways-anavilhanas-archipelago-brazil-bg-primary.webp,the islands and waterways of Anavilhanas,the islands and waterways of Anavilhanas.,Background image of the islands and waterways of Anavilhanas for Brazil immigration and relocation planning.
insights,/insights/,Insights,1,section-1-overview,Overview,a,assets/images/sections/insights/section-01-overview,insights-section-01-overview-island-village-beaches-morro-brazil-bg-primary.webp,/assets/images/sections/insights/section-01-overview/insights-section-01-overview-island-village-beaches-morro-brazil-bg-primary.webp,the island village and beaches of Morro de Sao Paulo,the island village and beaches of Morro de Sao Paulo.,Background image of the island village and beaches of Morro de Sao Paulo for Brazil immigration and relocation planning.
insights,/insights/,Insights,2,section-2-explore-the-reading-paths,Explore The Reading Paths,a,assets/images/sections/insights/section-02-explore-the-reading-paths,insights-section-02-explore-the-reading-paths-streets-fervedouro-jalapao-tocantins-brazil-bg-primary.webp,/assets/images/sections/insights/section-02-explore-the-reading-paths/insights-section-02-explore-the-reading-paths-streets-fervedouro-jalapao-tocantins-brazil-bg-primary.webp,the architecture and streets of Fervedouro in Jalapao,the architecture and streets of Fervedouro in Jalapao.,Background image of the architecture and streets of Fervedouro in Jalapao for Brazil immigration and relocation planning.
insights,/insights/,Insights,3,section-3-how-to-read-these-pages,How To Read These Pages,a,assets/images/sections/insights/section-03-how-to-read-these-pages,insights-section-03-how-to-read-these-pages-coastline-water-pajucara-waterfront-brazil-bg-primary.webp,/assets/images/sections/insights/section-03-how-to-read-these-pages/insights-section-03-how-to-read-these-pages-coastline-water-pajucara-waterfront-brazil-bg-primary.webp,the wide coastline and water of Pajucara waterfront in Maceio,the wide coastline and water of Pajucara waterfront in Maceio.,Background image of the wide coastline and water of Pajucara waterfront in Maceio for Brazil immigration and relocation planning.
insights,/insights/,Insights,4,section-4-what-insights-are-for,What Insights Are For,a,assets/images/sections/insights/section-04-what-insights-are-for,insights-section-04-what-insights-are-for-museum-tomorrow-janeiro-port-brazil-bg-primary.webp,/assets/images/sections/insights/section-04-what-insights-are-for/insights-section-04-what-insights-are-for-museum-tomorrow-janeiro-port-brazil-bg-primary.webp,the Museum of Tomorrow in Rio de Janeiro,the Museum of Tomorrow in Rio de Janeiro.,Background image of the Museum of Tomorrow in Rio de Janeiro for Brazil immigration and relocation planning.
insights,/insights/,Insights,5,section-5-best-next-step,Best Next Step,a,assets/images/sections/insights/section-05-best-next-step,insights-section-05-best-next-step-botanical-garden-curitiba-parana-brazil-bg-primary.webp,/assets/images/sections/insights/section-05-best-next-step/insights-section-05-best-next-step-botanical-garden-curitiba-parana-brazil-bg-primary.webp,the Botanical Garden of Curitiba,the Botanical Garden of Curitiba.,Background image of the Botanical Garden of Curitiba for Brazil immigration and relocation planning.
insights,/insights/blog/,Blog,1,section-1-overview,Overview,a,assets/images/sections/insights/blog/section-01-overview,blog-section-01-overview-cliffs-shore-morro-branco-brazil-bg-primary.webp,/assets/images/sections/insights/blog/section-01-overview/blog-section-01-overview-cliffs-shore-morro-branco-brazil-bg-primary.webp,the cliffs and shore of Morro Branco,the cliffs and shore of Morro Branco.,Background image of the cliffs and shore of Morro Branco for Brazil immigration and relocation planning.
insights,/insights/blog/,Blog,2,section-2-commentary,Commentary,a,assets/images/sections/insights/blog/section-02-commentary,blog-section-02-commentary-church-carneiros-pernambuco-northeast-brazil-bg-primary.webp,/assets/images/sections/insights/blog/section-02-commentary/blog-section-02-commentary-church-carneiros-pernambuco-northeast-brazil-bg-primary.webp,the coast and church of Praia dos Carneiros,the coast and church of Praia dos Carneiros.,Background image of the coast and church of Praia dos Carneiros for Brazil immigration and relocation planning.
insights,/insights/blog/,Blog,3,section-3-evergreen-and-timely,Evergreen And Timely,a,assets/images/sections/insights/blog/section-03-evergreen-and-timely,blog-section-03-evergreen-and-timely-ponta-negra-riverfront-manaus-brazil-bg-primary.webp,/assets/images/sections/insights/blog/section-03-evergreen-and-timely/blog-section-03-evergreen-and-timely-ponta-negra-riverfront-manaus-brazil-bg-primary.webp,the Ponta Negra riverfront in Manaus,the Ponta Negra riverfront in Manaus.,Background image of the Ponta Negra riverfront in Manaus for Brazil immigration and relocation planning.
insights,/insights/blog/,Blog,4,section-4-editorial-standards,Editorial Standards,a,assets/images/sections/insights/blog/section-04-editorial-standards,blog-section-04-editorial-standards-natural-pools-maragogi-alagoas-brazil-bg-primary.webp,/assets/images/sections/insights/blog/section-04-editorial-standards/blog-section-04-editorial-standards-natural-pools-maragogi-alagoas-brazil-bg-primary.webp,the natural pools of Maragogi,the natural pools of Maragogi.,Background image of the natural pools of Maragogi for Brazil immigration and relocation planning.
insights,/insights/blog/,Blog,5,section-5-practical-use,Practical Use,a,assets/images/sections/insights/blog/section-05-practical-use,blog-section-05-practical-use-sunrise-negro-palace-manaus-brazil-bg-primary.webp,/assets/images/sections/insights/blog/section-05-practical-use/blog-section-05-practical-use-sunrise-negro-palace-manaus-brazil-bg-primary.webp,the sunrise landscape of Rio Negro Palace in Manaus,the sunrise landscape of Rio Negro Palace in Manaus.,Background image of the sunrise landscape of Rio Negro Palace in Manaus for Brazil immigration and relocation planning.
insights,/insights/blog/,Blog,6,section-6-sources,Sources,a,assets/images/sections/insights/blog/section-06-sources,blog-section-06-sources-atlantic-coastline-around-itacare-brazil-bg-primary.webp,/assets/images/sections/insights/blog/section-06-sources/blog-section-06-sources-atlantic-coastline-around-itacare-brazil-bg-primary.webp,the Atlantic coastline around Itacare,the Atlantic coastline around Itacare.,Background image of the Atlantic coastline around Itacare for Brazil immigration and relocation planning.
insights,/insights/blog/,Blog,7,section-7-context,Context,a,assets/images/sections/insights/blog/section-07-context,blog-section-07-context-coastline-water-arraial-ajuda-brazil-bg-primary.webp,/assets/images/sections/insights/blog/section-07-context/blog-section-07-context-coastline-water-arraial-ajuda-brazil-bg-primary.webp,the wide coastline and water of Arraial d'Ajuda coastline,the wide coastline and water of Arraial d'Ajuda coastline.,Background image of the wide coastline and water of Arraial d'Ajuda coastline for Brazil immigration and relocation planning.
insights,/insights/blog/,Blog,8,section-8-service-connection,Service Connection,a,assets/images/sections/insights/blog/section-08-service-connection,blog-section-08-service-connection-sunrise-anavilhanas-archipelago-amazonas-brazil-bg-primary.webp,/assets/images/sections/insights/blog/section-08-service-connection/blog-section-08-service-connection-sunrise-anavilhanas-archipelago-amazonas-brazil-bg-primary.webp,the sunrise landscape of Anavilhanas archipelago,the sunrise landscape of Anavilhanas archipelago.,Background image of the sunrise landscape of Anavilhanas archipelago for Brazil immigration and relocation planning.
insights,/insights/blog/,Blog,9,section-9-limits,Limits,a,assets/images/sections/insights/blog/section-09-limits,blog-section-09-limits-beachfront-cliffs-canoa-quebrada-brazil-bg-primary.webp,/assets/images/sections/insights/blog/section-09-limits/blog-section-09-limits-beachfront-cliffs-canoa-quebrada-brazil-bg-primary.webp,the beachfront and sea of Cliffs of Canoa Quebrada,the beachfront and sea of Cliffs of Canoa Quebrada.,Background image of the beachfront and sea of Cliffs of Canoa Quebrada for Brazil immigration and relocation planning.
insights,/insights/blog/,Blog,10,section-10-next-step,Next Step,a,assets/images/sections/insights/blog/section-10-next-step,blog-section-10-next-step-indigenous-nations-campo-grande-brazil-bg-primary.webp,/assets/images/sections/insights/blog/section-10-next-step/blog-section-10-next-step-indigenous-nations-campo-grande-brazil-bg-primary.webp,the Park of Indigenous Nations in Campo Grande,the Park of Indigenous Nations in Campo Grande.,Background image of the Park of Indigenous Nations in Campo Grande for Brazil immigration and relocation planning.
insights,/insights/general/,General,1,section-1-system-overview,System Overview,a,assets/images/sections/insights/general/section-01-system-overview,general-section-01-system-overview-natural-botanical-garden-curitiba-brazil-bg-primary.webp,/assets/images/sections/insights/general/section-01-system-overview/general-section-01-system-overview-natural-botanical-garden-curitiba-brazil-bg-primary.webp,the wide natural landscape of Botanical Garden of Curitiba,the wide natural landscape of Botanical Garden of Curitiba.,Background image of the wide natural landscape of Botanical Garden of Curitiba for Brazil immigration and relocation planning.
insights,/insights/general/,General,2,section-2-legal-concepts,Legal Concepts,a,assets/images/sections/insights/general/section-02-legal-concepts,general-section-02-legal-concepts-skyline-civic-spaces-bridge-brazil-bg-primary.webp,/assets/images/sections/insights/general/section-02-legal-concepts/general-section-02-legal-concepts-skyline-civic-spaces-bridge-brazil-bg-primary.webp,the skyline and civic spaces of JK Bridge in Brasilia,the skyline and civic spaces of JK Bridge in Brasilia.,Background image of the skyline and civic spaces of JK Bridge in Brasilia for Brazil immigration and relocation planning.
insights,/insights/general/,General,3,section-3-institutions,Institutions,a,assets/images/sections/insights/general/section-03-institutions,general-section-03-institutions-sunrise-aparados-serra-canyons-brazil-bg-primary.webp,/assets/images/sections/insights/general/section-03-institutions/general-section-03-institutions-sunrise-aparados-serra-canyons-brazil-bg-primary.webp,the sunrise landscape of Aparados da Serra,the sunrise landscape of Aparados da Serra.,Background image of the sunrise landscape of Aparados da Serra for Brazil immigration and relocation planning.
insights,/insights/general/,General,4,section-4-visa-residency-and-citizenship,"Visa, Residency, And Citizenship",a,assets/images/sections/insights/general/section-04-visa-residency-and-citizenship,general-section-04-visa-residency-and-citizenship-natural-orla-taumanan-roraima-brazil-bg-primary.webp,/assets/images/sections/insights/general/section-04-visa-residency-and-citizenship/general-section-04-visa-residency-and-citizenship-natural-orla-taumanan-roraima-brazil-bg-primary.webp,the wide natural landscape of Orla Taumanan in Boa Vista,the wide natural landscape of Orla Taumanan in Boa Vista.,Background image of the wide natural landscape of Orla Taumanan in Boa Vista for Brazil immigration and relocation planning.
insights,/insights/general/,General,5,section-5-documentation,Documentation,a,assets/images/sections/insights/general/section-05-documentation,general-section-05-documentation-antonina-parana-southern-brazil-bg-primary.webp,/assets/images/sections/insights/general/section-05-documentation/general-section-05-documentation-antonina-parana-southern-brazil-bg-primary.webp,the historic center of Antonina,the historic center of Antonina.,Background image of the historic center of Antonina for Brazil immigration and relocation planning.
insights,/insights/general/,General,6,section-6-authority-logic,Authority Logic,a,assets/images/sections/insights/general/section-06-authority-logic,general-section-06-authority-logic-francisco-canyons-canions-alagoas-brazil-bg-primary.webp,/assets/images/sections/insights/general/section-06-authority-logic/general-section-06-authority-logic-francisco-canyons-canions-alagoas-brazil-bg-primary.webp,the Sao Francisco river canyons,the Sao Francisco river canyons.,Background image of the Sao Francisco river canyons for Brazil immigration and relocation planning.
insights,/insights/general/,General,7,section-7-common-misunderstandings,Common Misunderstandings,a,assets/images/sections/insights/general/section-07-common-misunderstandings,general-section-07-common-misunderstandings-natural-negro-palace-manaus-brazil-bg-primary.webp,/assets/images/sections/insights/general/section-07-common-misunderstandings/general-section-07-common-misunderstandings-natural-negro-palace-manaus-brazil-bg-primary.webp,the wide natural landscape of Rio Negro Palace in Manaus,the wide natural landscape of Rio Negro Palace in Manaus.,Background image of the wide natural landscape of Rio Negro Palace in Manaus for Brazil immigration and relocation planning.
insights,/insights/general/,General,8,section-8-why-this-matters,Why This Matters,a,assets/images/sections/insights/general/section-08-why-this-matters,general-section-08-why-this-matters-natural-pools-maragogi-alagoas-brazil-bg-primary.webp,/assets/images/sections/insights/general/section-08-why-this-matters/general-section-08-why-this-matters-natural-pools-maragogi-alagoas-brazil-bg-primary.webp,the natural pools of Maragogi,the natural pools of Maragogi.,Background image of the natural pools of Maragogi for Brazil immigration and relocation planning.
insights,/insights/general/,General,9,section-9-when-reading-stops-being-enough,When Reading Stops Being Enough,a,assets/images/sections/insights/general/section-09-when-reading-stops-being-enough,general-section-09-when-reading-stops-being-enough-sunrise-marajo-island-riverfront-brazil-bg-primary.webp,/assets/images/sections/insights/general/section-09-when-reading-stops-being-enough/general-section-09-when-reading-stops-being-enough-sunrise-marajo-island-riverfront-brazil-bg-primary.webp,the sunrise landscape of Marajo Island riverfront,the sunrise landscape of Marajo Island riverfront.,Background image of the sunrise landscape of Marajo Island riverfront for Brazil immigration and relocation planning.
insights,/insights/general/,General,10,section-10-next-step,Next Step,a,assets/images/sections/insights/general/section-10-next-step,general-section-10-next-step-shores-lake-paranoa-brasilia-brazil-bg-primary.webp,/assets/images/sections/insights/general/section-10-next-step/general-section-10-next-step-shores-lake-paranoa-brasilia-brazil-bg-primary.webp,the shores of Lake Paranoa in Brasilia,the shores of Lake Paranoa in Brasilia.,Background image of the shores of Lake Paranoa in Brasilia for Brazil immigration and relocation planning.
insights,/insights/guides/,Guides,1,section-1-overview,Overview,a,assets/images/sections/insights/guides/section-01-overview,guides-section-01-overview-natural-delta-parnaiba-piaui-brazil-bg-primary.webp,/assets/images/sections/insights/guides/section-01-overview/guides-section-01-overview-natural-delta-parnaiba-piaui-brazil-bg-primary.webp,the wide natural landscape of Delta do Parnaiba,the wide natural landscape of Delta do Parnaiba.,Background image of the wide natural landscape of Delta do Parnaiba for Brazil immigration and relocation planning.
insights,/insights/guides/,Guides,2,section-2-practical-guidance,Practical Guidance,a,assets/images/sections/insights/guides/section-02-practical-guidance,guides-section-02-practical-guidance-streets-serra-rastro-santa-brazil-bg-primary.webp,/assets/images/sections/insights/guides/section-02-practical-guidance/guides-section-02-practical-guidance-streets-serra-rastro-santa-brazil-bg-primary.webp,the architecture and streets of Serra do Rio do Rastro,the architecture and streets of Serra do Rio do Rastro.,Background image of the architecture and streets of Serra do Rio do Rastro for Brazil immigration and relocation planning.
insights,/insights/guides/,Guides,3,section-3-before-the-move,Before The Move,a,assets/images/sections/insights/guides/section-03-before-the-move,guides-section-03-before-the-move-sunrise-negro-palace-manaus-brazil-bg-primary.webp,/assets/images/sections/insights/guides/section-03-before-the-move/guides-section-03-before-the-move-sunrise-negro-palace-manaus-brazil-bg-primary.webp,the sunrise landscape of Rio Negro Palace in Manaus,the sunrise landscape of Rio Negro Palace in Manaus.,Background image of the sunrise landscape of Rio Negro Palace in Manaus for Brazil immigration and relocation planning.
insights,/insights/guides/,Guides,4,section-4-after-arrival,After Arrival,a,assets/images/sections/insights/guides/section-04-after-arrival,guides-section-04-after-arrival-shoreline-alter-chao-warm-brazil-bg-primary.webp,/assets/images/sections/insights/guides/section-04-after-arrival/guides-section-04-after-arrival-shoreline-alter-chao-warm-brazil-bg-primary.webp,the shoreline of Alter do Chao in warm evening light,the shoreline of Alter do Chao in warm evening light.,Background image of the shoreline of Alter do Chao in warm evening light for Brazil immigration and relocation planning.
insights,/insights/guides/,Guides,5,section-5-documents,Documents,a,assets/images/sections/insights/guides/section-05-documents,guides-section-05-documents-janeiro-skyline-sugarloaf-guanabara-brazil-bg-primary.webp,/assets/images/sections/insights/guides/section-05-documents/guides-section-05-documents-janeiro-skyline-sugarloaf-guanabara-brazil-bg-primary.webp,Rio de Janeiro,Rio de Janeiro.,Background image of Rio de Janeiro for Brazil immigration and relocation planning.
insights,/insights/guides/,Guides,6,section-6-daily-life-questions,Daily-Life Questions,a,assets/images/sections/insights/guides/section-06-daily-life-questions,guides-section-06-daily-life-questions-natural-pools-porto-galinhas-brazil-bg-primary.webp,/assets/images/sections/insights/guides/section-06-daily-life-questions/guides-section-06-daily-life-questions-natural-pools-porto-galinhas-brazil-bg-primary.webp,the beach and natural pools of Porto de Galinhas,the beach and natural pools of Porto de Galinhas.,Background image of the beach and natural pools of Porto de Galinhas for Brazil immigration and relocation planning.
insights,/insights/guides/,Guides,7,section-7-mistakes,Mistakes,a,assets/images/sections/insights/guides/section-07-mistakes,guides-section-07-mistakes-palacio-alvorada-brasilia-central-brazil-bg-primary.webp,/assets/images/sections/insights/guides/section-07-mistakes/guides-section-07-mistakes-palacio-alvorada-brasilia-central-brazil-bg-primary.webp,the Palacio da Alvorada in Brasilia,the Palacio da Alvorada in Brasilia.,Background image of the Palacio da Alvorada in Brasilia for Brazil immigration and relocation planning.
insights,/insights/guides/,Guides,8,section-8-service-connection,Service Connection,a,assets/images/sections/insights/guides/section-08-service-connection,guides-section-08-service-connection-peso-market-belem-waterfront-brazil-bg-primary.webp,/assets/images/sections/insights/guides/section-08-service-connection/guides-section-08-service-connection-peso-market-belem-waterfront-brazil-bg-primary.webp,the Ver-o-Peso market on the Belem waterfront,the Ver-o-Peso market on the Belem waterfront.,Background image of the Ver-o-Peso market on the Belem waterfront for Brazil immigration and relocation planning.
insights,/insights/guides/,Guides,9,section-9-limits,Limits,a,assets/images/sections/insights/guides/section-09-limits,guides-section-09-limits-streets-aguas-emendadas-ecological-brazil-bg-primary.webp,/assets/images/sections/insights/guides/section-09-limits/guides-section-09-limits-streets-aguas-emendadas-ecological-brazil-bg-primary.webp,the architecture and streets of Aguas Emendadas ecological station,the architecture and streets of Aguas Emendadas ecological station.,Background image of the architecture and streets of Aguas Emendadas ecological station for Brazil immigration and relocation planning.
insights,/insights/guides/,Guides,10,section-10-next-step,Next Step,a,assets/images/sections/insights/guides/section-10-next-step,guides-section-10-next-step-waterways-delta-parnaiba-piaui-brazil-bg-primary.webp,/assets/images/sections/insights/guides/section-10-next-step/guides-section-10-next-step-waterways-delta-parnaiba-piaui-brazil-bg-primary.webp,the waterways and dunes of the Delta do Parnaiba,the waterways and dunes of the Delta do Parnaiba.,Background image of the waterways and dunes of the Delta do Parnaiba for Brazil immigration and relocation planning.
insights,/insights/naturalisation/,Naturalisation,1,section-1-overview,Overview,a,assets/images/sections/insights/naturalisation/section-01-overview,naturalisation-section-01-overview-shoreline-janeiro-skyline-sugarloaf-brazil-bg-primary.webp,/assets/images/sections/insights/naturalisation/section-01-overview/naturalisation-section-01-overview-shoreline-janeiro-skyline-sugarloaf-brazil-bg-primary.webp,the shoreline of Rio de Janeiro skyline from Sugarloaf Mountain in warm evening light,the shoreline of Rio de Janeiro skyline from Sugarloaf Mountain in warm evening light.,Background image of the shoreline of Rio de Janeiro skyline from Sugarloaf Mountain in warm evening light for Brazil immigration and relocation planning.
insights,/insights/naturalisation/,Naturalisation,2,section-2-continuity,Continuity,a,assets/images/sections/insights/naturalisation/section-02-continuity,naturalisation-section-02-continuity-shoreline-bombinhas-peninsula-warm-brazil-bg-primary.webp,/assets/images/sections/insights/naturalisation/section-02-continuity/naturalisation-section-02-continuity-shoreline-bombinhas-peninsula-warm-brazil-bg-primary.webp,the shoreline of Bombinhas peninsula in warm evening light,the shoreline of Bombinhas peninsula in warm evening light.,Background image of the shoreline of Bombinhas peninsula in warm evening light for Brazil immigration and relocation planning.
insights,/insights/naturalisation/,Naturalisation,3,section-3-eligibility,Eligibility,a,assets/images/sections/insights/naturalisation/section-03-eligibility,naturalisation-section-03-eligibility-coastline-water-cliffs-canoa-brazil-bg-primary.webp,/assets/images/sections/insights/naturalisation/section-03-eligibility/naturalisation-section-03-eligibility-coastline-water-cliffs-canoa-brazil-bg-primary.webp,the wide coastline and water of Cliffs of Canoa Quebrada,the wide coastline and water of Cliffs of Canoa Quebrada.,Background image of the wide coastline and water of Cliffs of Canoa Quebrada for Brazil immigration and relocation planning.
insights,/insights/naturalisation/,Naturalisation,4,section-4-records,Records,a,assets/images/sections/insights/naturalisation/section-04-records,naturalisation-section-04-records-cultural-grounds-parque-povo-brazil-bg-primary.webp,/assets/images/sections/insights/naturalisation/section-04-records/naturalisation-section-04-records-cultural-grounds-parque-povo-brazil-bg-primary.webp,the cultural grounds of Parque do Povo,the cultural grounds of Parque do Povo.,Background image of the cultural grounds of Parque do Povo for Brazil immigration and relocation planning.
insights,/insights/naturalisation/,Naturalisation,5,section-5-timing,Timing,a,assets/images/sections/insights/naturalisation/section-05-timing,naturalisation-section-05-timing-sunrise-delta-parnaiba-piaui-brazil-bg-primary.webp,/assets/images/sections/insights/naturalisation/section-05-timing/naturalisation-section-05-timing-sunrise-delta-parnaiba-piaui-brazil-bg-primary.webp,the sunrise landscape of Delta do Parnaiba,the sunrise landscape of Delta do Parnaiba.,Background image of the sunrise landscape of Delta do Parnaiba for Brazil immigration and relocation planning.
insights,/insights/naturalisation/,Naturalisation,6,section-6-misconceptions,Misconceptions,a,assets/images/sections/insights/naturalisation/section-06-misconceptions,naturalisation-section-06-misconceptions-porto-alegre-skyline-grande-brazil-bg-primary.webp,/assets/images/sections/insights/naturalisation/section-06-misconceptions/naturalisation-section-06-misconceptions-porto-alegre-skyline-grande-brazil-bg-primary.webp,Porto Alegre,Porto Alegre.,Background image of Porto Alegre for Brazil immigration and relocation planning.
insights,/insights/naturalisation/,Naturalisation,7,section-7-family-and-history,Family And History,a,assets/images/sections/insights/naturalisation/section-07-family-and-history,naturalisation-section-07-family-and-history-island-coastline-ilhabela-paulo-brazil-bg-primary.webp,/assets/images/sections/insights/naturalisation/section-07-family-and-history/naturalisation-section-07-family-and-history-island-coastline-ilhabela-paulo-brazil-bg-primary.webp,the island coastline of Ilhabela,the island coastline of Ilhabela.,Background image of the island coastline of Ilhabela for Brazil immigration and relocation planning.
insights,/insights/naturalisation/,Naturalisation,8,section-8-planning,Planning,a,assets/images/sections/insights/naturalisation/section-08-planning,naturalisation-section-08-planning-farol-barra-seafront-salvador-brazil-bg-primary.webp,/assets/images/sections/insights/naturalisation/section-08-planning/naturalisation-section-08-planning-farol-barra-seafront-salvador-brazil-bg-primary.webp,Farol da Barra and the seafront of Salvador,Farol da Barra and the seafront of Salvador.,Background image of Farol da Barra and the seafront of Salvador for Brazil immigration and relocation planning.
insights,/insights/naturalisation/,Naturalisation,9,section-9-expectations,Expectations,a,assets/images/sections/insights/naturalisation/section-09-expectations,naturalisation-section-09-expectations-coastline-water-itacare-bahia-brazil-bg-primary.webp,/assets/images/sections/insights/naturalisation/section-09-expectations/naturalisation-section-09-expectations-coastline-water-itacare-bahia-brazil-bg-primary.webp,the wide coastline and water of Itacare coastline,the wide coastline and water of Itacare coastline.,Background image of the wide coastline and water of Itacare coastline for Brazil immigration and relocation planning.
insights,/insights/naturalisation/,Naturalisation,10,section-10-next-step,Next Step,a,assets/images/sections/insights/naturalisation/section-10-next-step,naturalisation-section-10-next-step-sunrise-itaimbezinho-canyon-aparados-brazil-bg-primary.webp,/assets/images/sections/insights/naturalisation/section-10-next-step/naturalisation-section-10-next-step-sunrise-itaimbezinho-canyon-aparados-brazil-bg-primary.webp,the sunrise landscape of Itaimbezinho canyon,the sunrise landscape of Itaimbezinho canyon.,Background image of the sunrise landscape of Itaimbezinho canyon for Brazil immigration and relocation planning.
insights,/insights/process/,Process,1,section-1-overview,Overview,a,assets/images/sections/insights/process/section-01-overview,process-section-01-overview-sunrise-amazonas-manaus-northern-brazil-bg-primary.webp,/assets/images/sections/insights/process/section-01-overview/process-section-01-overview-sunrise-amazonas-manaus-northern-brazil-bg-primary.webp,the sunrise landscape of Teatro Amazonas in Manaus,the sunrise landscape of Teatro Amazonas in Manaus.,Background image of the sunrise landscape of Teatro Amazonas in Manaus for Brazil immigration and relocation planning.
insights,/insights/process/,Process,2,section-2-stages,Stages,a,assets/images/sections/insights/process/section-02-stages,process-section-02-stages-natural-delta-parnaiba-piaui-brazil-bg-primary.webp,/assets/images/sections/insights/process/section-02-stages/process-section-02-stages-natural-delta-parnaiba-piaui-brazil-bg-primary.webp,the wide natural landscape of Delta do Parnaiba,the wide natural landscape of Delta do Parnaiba.,Background image of the wide natural landscape of Delta do Parnaiba for Brazil immigration and relocation planning.
insights,/insights/process/,Process,3,section-3-sequence,Sequence,a,assets/images/sections/insights/process/section-03-sequence,process-section-03-sequence-sunrise-emas-goias-cerrado-brazil-bg-primary.webp,/assets/images/sections/insights/process/section-03-sequence/process-section-03-sequence-sunrise-emas-goias-cerrado-brazil-bg-primary.webp,the sunrise landscape of Emas National Park,the sunrise landscape of Emas National Park.,Background image of the sunrise landscape of Emas National Park for Brazil immigration and relocation planning.
insights,/insights/process/,Process,4,section-4-authority-logic,Authority Logic,a,assets/images/sections/insights/process/section-04-authority-logic,process-section-04-authority-logic-coastline-water-ilhabela-paulo-brazil-bg-primary.webp,/assets/images/sections/insights/process/section-04-authority-logic/process-section-04-authority-logic-coastline-water-ilhabela-paulo-brazil-bg-primary.webp,the wide coastline and water of Ilhabela coastline,the wide coastline and water of Ilhabela coastline.,Background image of the wide coastline and water of Ilhabela coastline for Brazil immigration and relocation planning.
insights,/insights/process/,Process,5,section-5-documents,Documents,a,assets/images/sections/insights/process/section-05-documents,process-section-05-documents-mission-ruins-miguel-missoes-brazil-bg-primary.webp,/assets/images/sections/insights/process/section-05-documents/process-section-05-documents-mission-ruins-miguel-missoes-brazil-bg-primary.webp,the mission ruins of Sao Miguel das Missoes,the mission ruins of Sao Miguel das Missoes.,Background image of the mission ruins of Sao Miguel das Missoes for Brazil immigration and relocation planning.
insights,/insights/process/,Process,6,section-6-time,Time,a,assets/images/sections/insights/process/section-06-time,process-section-06-time-meeting-waters-near-santarem-brazil-bg-primary.webp,/assets/images/sections/insights/process/section-06-time/process-section-06-time-meeting-waters-near-santarem-brazil-bg-primary.webp,the meeting of waters near Santarem,the meeting of waters near Santarem.,Background image of the meeting of waters near Santarem for Brazil immigration and relocation planning.
insights,/insights/process/,Process,7,section-7-risk-points,Risk Points,a,assets/images/sections/insights/process/section-07-risk-points,process-section-07-risk-points-fort-riverfront-macapa-jose-brazil-bg-primary.webp,/assets/images/sections/insights/process/section-07-risk-points/process-section-07-risk-points-fort-riverfront-macapa-jose-brazil-bg-primary.webp,the fort and riverfront of Macapa,the fort and riverfront of Macapa.,Background image of the fort and riverfront of Macapa for Brazil immigration and relocation planning.
insights,/insights/process/,Process,8,section-8-communication,Communication,a,assets/images/sections/insights/process/section-08-communication,process-section-08-communication-coastline-water-miguel-milagres-brazil-bg-primary.webp,/assets/images/sections/insights/process/section-08-communication/process-section-08-communication-coastline-water-miguel-milagres-brazil-bg-primary.webp,the wide coastline and water of Sao Miguel dos Milagres,the wide coastline and water of Sao Miguel dos Milagres.,Background image of the wide coastline and water of Sao Miguel dos Milagres for Brazil immigration and relocation planning.
insights,/insights/process/,Process,9,section-9-support,Support,a,assets/images/sections/insights/process/section-09-support,process-section-09-support-diamantina-minas-gerais-southeast-brazil-bg-primary.webp,/assets/images/sections/insights/process/section-09-support/process-section-09-support-diamantina-minas-gerais-southeast-brazil-bg-primary.webp,the colonial center of Diamantina,the colonial center of Diamantina.,Background image of the colonial center of Diamantina for Brazil immigration and relocation planning.
insights,/insights/process/,Process,10,section-10-next-step,Next Step,a,assets/images/sections/insights/process/section-10-next-step,process-section-10-next-step-palacio-alvorada-brasilia-central-brazil-bg-primary.webp,/assets/images/sections/insights/process/section-10-next-step/process-section-10-next-step-palacio-alvorada-brasilia-central-brazil-bg-primary.webp,the Palacio da Alvorada in Brasilia,the Palacio da Alvorada in Brasilia.,Background image of the Palacio da Alvorada in Brasilia for Brazil immigration and relocation planning.
insights,/insights/residency/,Residency,1,section-1-overview,Overview,a,assets/images/sections/insights/residency/section-01-overview,residency-section-01-overview-forests-waters-aparados-serra-brazil-bg-primary.webp,/assets/images/sections/insights/residency/section-01-overview/residency-section-01-overview-forests-waters-aparados-serra-brazil-bg-primary.webp,the forests and waters of Aparados da Serra,the forests and waters of Aparados da Serra.,Background image of the forests and waters of Aparados da Serra for Brazil immigration and relocation planning.
insights,/insights/residency/,Residency,2,section-2-temporary-and-permanent,Temporary And Permanent,a,assets/images/sections/insights/residency/section-02-temporary-and-permanent,residency-section-02-temporary-and-permanent-sunrise-chapada-guimaraes-mato-brazil-bg-primary.webp,/assets/images/sections/insights/residency/section-02-temporary-and-permanent/residency-section-02-temporary-and-permanent-sunrise-chapada-guimaraes-mato-brazil-bg-primary.webp,the sunrise landscape of Chapada dos Guimaraes,the sunrise landscape of Chapada dos Guimaraes.,Background image of the sunrise landscape of Chapada dos Guimaraes for Brazil immigration and relocation planning.
insights,/insights/residency/,Residency,3,section-3-continuity,Continuity,a,assets/images/sections/insights/residency/section-03-continuity,residency-section-03-continuity-natural-emas-goias-cerrado-brazil-bg-primary.webp,/assets/images/sections/insights/residency/section-03-continuity/residency-section-03-continuity-natural-emas-goias-cerrado-brazil-bg-primary.webp,the wide natural landscape of Emas National Park,the wide natural landscape of Emas National Park.,Background image of the wide natural landscape of Emas National Park for Brazil immigration and relocation planning.
insights,/insights/residency/,Residency,4,section-4-documents,Documents,a,assets/images/sections/insights/residency/section-04-documents,residency-section-04-documents-beaches-peninsula-bombinhas-santa-brazil-bg-primary.webp,/assets/images/sections/insights/residency/section-04-documents/residency-section-04-documents-beaches-peninsula-bombinhas-santa-brazil-bg-primary.webp,the beaches and peninsula of Bombinhas,the beaches and peninsula of Bombinhas.,Background image of the beaches and peninsula of Bombinhas for Brazil immigration and relocation planning.
insights,/insights/residency/,Residency,5,section-5-common-route-families,Common Route Families,a,assets/images/sections/insights/residency/section-05-common-route-families,residency-section-05-common-route-families-shoreline-baia-sancho-fernando-brazil-bg-primary.webp,/assets/images/sections/insights/residency/section-05-common-route-families/residency-section-05-common-route-families-shoreline-baia-sancho-fernando-brazil-bg-primary.webp,the shoreline of Baia do Sancho in Fernando de Noronha in warm evening light,the shoreline of Baia do Sancho in Fernando de Noronha in warm evening light.,Background image of the shoreline of Baia do Sancho in Fernando de Noronha in warm evening light for Brazil immigration and relocation planning.
insights,/insights/residency/,Residency,6,section-6-authority-interaction,Authority Interaction,a,assets/images/sections/insights/residency/section-06-authority-interaction,residency-section-06-authority-interaction-streets-facades-goias-velho-brazil-bg-primary.webp,/assets/images/sections/insights/residency/section-06-authority-interaction/residency-section-06-authority-interaction-streets-facades-goias-velho-brazil-bg-primary.webp,the historic streets and facades of Historic center of Goias,the historic streets and facades of Historic center of Goias.,Background image of the historic streets and facades of Historic center of Goias for Brazil immigration and relocation planning.
insights,/insights/residency/,Residency,7,section-7-renewal-logic,Renewal Logic,a,assets/images/sections/insights/residency/section-07-renewal-logic,residency-section-07-renewal-logic-pampulha-architectural-belo-horizonte-brazil-bg-primary.webp,/assets/images/sections/insights/residency/section-07-renewal-logic/residency-section-07-renewal-logic-pampulha-architectural-belo-horizonte-brazil-bg-primary.webp,the Pampulha architectural complex in Belo Horizonte,the Pampulha architectural complex in Belo Horizonte.,Background image of the Pampulha architectural complex in Belo Horizonte for Brazil immigration and relocation planning.
insights,/insights/residency/,Residency,8,section-8-misunderstandings,Misunderstandings,a,assets/images/sections/insights/residency/section-08-misunderstandings,residency-section-08-misunderstandings-liberdade-district-paulo-southeast-brazil-bg-primary.webp,/assets/images/sections/insights/residency/section-08-misunderstandings/residency-section-08-misunderstandings-liberdade-district-paulo-southeast-brazil-bg-primary.webp,the Liberdade district in Sao Paulo,the Liberdade district in Sao Paulo.,Background image of the Liberdade district in Sao Paulo for Brazil immigration and relocation planning.
insights,/insights/residency/,Residency,9,section-9-long-term-view,Long-Term View,a,assets/images/sections/insights/residency/section-09-long-term-view,residency-section-09-long-term-view-church-carneiros-pernambuco-northeast-brazil-bg-primary.webp,/assets/images/sections/insights/residency/section-09-long-term-view/residency-section-09-long-term-view-church-carneiros-pernambuco-northeast-brazil-bg-primary.webp,the coast and church of Praia dos Carneiros,the coast and church of Praia dos Carneiros.,Background image of the coast and church of Praia dos Carneiros for Brazil immigration and relocation planning.
insights,/insights/residency/,Residency,10,section-10-next-step,Next Step,a,assets/images/sections/insights/residency/section-10-next-step,residency-section-10-next-step-vitoria-bayfront-espirito-santo-brazil-bg-primary.webp,/assets/images/sections/insights/residency/section-10-next-step/residency-section-10-next-step-vitoria-bayfront-espirito-santo-brazil-bg-primary.webp,Vitoria and the bayfront of Espirito Santo,Vitoria and the bayfront of Espirito Santo.,Background image of Vitoria and the bayfront of Espirito Santo for Brazil immigration and relocation planning.
insights,/insights/updates/,Updates,1,section-1-overview,Overview,a,assets/images/sections/insights/updates/section-01-overview,updates-section-01-overview-valleys-serra-canastra-minas-brazil-bg-primary.webp,/assets/images/sections/insights/updates/section-01-overview/updates-section-01-overview-valleys-serra-canastra-minas-brazil-bg-primary.webp,the valleys and waterfalls of Serra da Canastra,the valleys and waterfalls of Serra da Canastra.,Background image of the valleys and waterfalls of Serra da Canastra for Brazil immigration and relocation planning.
insights,/insights/updates/,Updates,2,section-2-what-changes,What Changes,a,assets/images/sections/insights/updates/section-02-what-changes,updates-section-02-what-changes-cliffs-canoa-quebrada-ceara-brazil-bg-primary.webp,/assets/images/sections/insights/updates/section-02-what-changes/updates-section-02-what-changes-cliffs-canoa-quebrada-ceara-brazil-bg-primary.webp,the red cliffs and beach of Canoa Quebrada,the red cliffs and beach of Canoa Quebrada.,Background image of the red cliffs and beach of Canoa Quebrada for Brazil immigration and relocation planning.
insights,/insights/updates/,Updates,3,section-3-legal-and-administrative-updates,Legal And Administrative Updates,a,assets/images/sections/insights/updates/section-03-legal-and-administrative-updates,updates-section-03-legal-and-administrative-updates-farol-barra-seafront-salvador-brazil-bg-primary.webp,/assets/images/sections/insights/updates/section-03-legal-and-administrative-updates/updates-section-03-legal-and-administrative-updates-farol-barra-seafront-salvador-brazil-bg-primary.webp,Farol da Barra and the seafront of Salvador,Farol da Barra and the seafront of Salvador.,Background image of Farol da Barra and the seafront of Salvador for Brazil immigration and relocation planning.
insights,/insights/updates/,Updates,4,section-4-authority-practice,Authority Practice,a,assets/images/sections/insights/updates/section-04-authority-practice,updates-section-04-authority-practice-miguel-milagres-alagoas-northeast-brazil-bg-primary.webp,/assets/images/sections/insights/updates/section-04-authority-practice/updates-section-04-authority-practice-miguel-milagres-alagoas-northeast-brazil-bg-primary.webp,the coast of Sao Miguel dos Milagres,the coast of Sao Miguel dos Milagres.,Background image of the coast of Sao Miguel dos Milagres for Brazil immigration and relocation planning.
insights,/insights/updates/,Updates,5,section-5-why-updates-matter,Why Updates Matter,a,assets/images/sections/insights/updates/section-05-why-updates-matter,updates-section-05-why-updates-matter-coastline-water-janeiro-skyline-brazil-bg-primary.webp,/assets/images/sections/insights/updates/section-05-why-updates-matter/updates-section-05-why-updates-matter-coastline-water-janeiro-skyline-brazil-bg-primary.webp,the wide coastline and water of Rio de Janeiro skyline from Sugarloaf Mountain,the wide coastline and water of Rio de Janeiro skyline from Sugarloaf Mountain.,Background image of the wide coastline and water of Rio de Janeiro skyline from Sugarloaf Mountain for Brazil immigration and relocation planning.
insights,/insights/updates/,Updates,6,section-6-instability,Instability,a,assets/images/sections/insights/updates/section-06-instability,updates-section-06-instability-sunrise-serra-canastra-minas-brazil-bg-primary.webp,/assets/images/sections/insights/updates/section-06-instability/updates-section-06-instability-sunrise-serra-canastra-minas-brazil-bg-primary.webp,the sunrise landscape of Serra da Canastra,the sunrise landscape of Serra da Canastra.,Background image of the sunrise landscape of Serra da Canastra for Brazil immigration and relocation planning.
insights,/insights/updates/,Updates,7,section-7-how-we-explain-them,How We Explain Them,a,assets/images/sections/insights/updates/section-07-how-we-explain-them,updates-section-07-how-we-explain-them-waterfront-skyline-aguas-emendadas-brazil-bg-primary.webp,/assets/images/sections/insights/updates/section-07-how-we-explain-them/updates-section-07-how-we-explain-them-waterfront-skyline-aguas-emendadas-brazil-bg-primary.webp,the waterfront and skyline of Aguas Emendadas ecological station,the waterfront and skyline of Aguas Emendadas ecological station.,Background image of the waterfront and skyline of Aguas Emendadas ecological station for Brazil immigration and relocation planning.
insights,/insights/updates/,Updates,8,section-8-no-panic,No Panic,a,assets/images/sections/insights/updates/section-08-no-panic,updates-section-08-no-panic-shoreline-arraial-ajuda-coastline-brazil-bg-primary.webp,/assets/images/sections/insights/updates/section-08-no-panic/updates-section-08-no-panic-shoreline-arraial-ajuda-coastline-brazil-bg-primary.webp,the shoreline of Arraial d'Ajuda coastline in warm evening light,the shoreline of Arraial d'Ajuda coastline in warm evening light.,Background image of the shoreline of Arraial d'Ajuda coastline in warm evening light for Brazil immigration and relocation planning.
insights,/insights/updates/,Updates,9,section-9-current-versus-archived-reading,Current Versus Archived Reading,a,assets/images/sections/insights/updates/section-09-current-versus-archived-reading,updates-section-09-current-versus-archived-reading-sunrise-botanical-garden-curitiba-brazil-bg-primary.webp,/assets/images/sections/insights/updates/section-09-current-versus-archived-reading/updates-section-09-current-versus-archived-reading-sunrise-botanical-garden-curitiba-brazil-bg-primary.webp,the sunrise landscape of Botanical Garden of Curitiba,the sunrise landscape of Botanical Garden of Curitiba.,Background image of the sunrise landscape of Botanical Garden of Curitiba for Brazil immigration and relocation planning.
insights,/insights/updates/,Updates,10,section-10-next-step,Next Step,a,assets/images/sections/insights/updates/section-10-next-step,updates-section-10-next-step-forests-waters-amazon-northern-brazil-bg-primary.webp,/assets/images/sections/insights/updates/section-10-next-step/updates-section-10-next-step-forests-waters-amazon-northern-brazil-bg-primary.webp,the forests and waters of Amazon river basin,the forests and waters of Amazon river basin.,Background image of the forests and waters of Amazon river basin for Brazil immigration and relocation planning.
insights,/insights/visa/,Visa,1,section-1-overview,Overview,a,assets/images/sections/insights/visa/section-01-overview,visa-section-01-overview-shoreline-buzios-peninsula-warm-brazil-bg-primary.webp,/assets/images/sections/insights/visa/section-01-overview/visa-section-01-overview-shoreline-buzios-peninsula-warm-brazil-bg-primary.webp,the shoreline of Buzios peninsula in warm evening light,the shoreline of Buzios peninsula in warm evening light.,Background image of the shoreline of Buzios peninsula in warm evening light for Brazil immigration and relocation planning.
insights,/insights/visa/,Visa,2,section-2-purpose-of-entry,Purpose Of Entry,a,assets/images/sections/insights/visa/section-02-purpose-of-entry,visa-section-02-purpose-of-entry-vineyards-vale-vinhedos-grande-brazil-bg-primary.webp,/assets/images/sections/insights/visa/section-02-purpose-of-entry/visa-section-02-purpose-of-entry-vineyards-vale-vinhedos-grande-brazil-bg-primary.webp,the vineyards of Vale dos Vinhedos,the vineyards of Vale dos Vinhedos.,Background image of the vineyards of Vale dos Vinhedos for Brazil immigration and relocation planning.
insights,/insights/visa/,Visa,3,section-3-category-families,Category Families,a,assets/images/sections/insights/visa/section-03-category-families,visa-section-03-category-families-town-campos-jordao-paulo-brazil-bg-primary.webp,/assets/images/sections/insights/visa/section-03-category-families/visa-section-03-category-families-town-campos-jordao-paulo-brazil-bg-primary.webp,the mountain town of Campos do Jordao,the mountain town of Campos do Jordao.,Background image of the mountain town of Campos do Jordao for Brazil immigration and relocation planning.
insights,/insights/visa/,Visa,4,section-4-consular-logic,Consular Logic,a,assets/images/sections/insights/visa/section-04-consular-logic,visa-section-04-consular-logic-sunrise-amazon-northern-aerial-brazil-bg-primary.webp,/assets/images/sections/insights/visa/section-04-consular-logic/visa-section-04-consular-logic-sunrise-amazon-northern-aerial-brazil-bg-primary.webp,the sunrise landscape of Amazon river basin,the sunrise landscape of Amazon river basin.,Background image of the sunrise landscape of Amazon river basin for Brazil immigration and relocation planning.
insights,/insights/visa/,Visa,5,section-5-documents,Documents,a,assets/images/sections/insights/visa/section-05-documents,visa-section-05-documents-waterways-delta-parnaiba-piaui-brazil-bg-primary.webp,/assets/images/sections/insights/visa/section-05-documents/visa-section-05-documents-waterways-delta-parnaiba-piaui-brazil-bg-primary.webp,the waterways and dunes of the Delta do Parnaiba,the waterways and dunes of the Delta do Parnaiba.,Background image of the waterways and dunes of the Delta do Parnaiba for Brazil immigration and relocation planning.
insights,/insights/visa/,Visa,6,section-6-timing,Timing,a,assets/images/sections/insights/visa/section-06-timing,visa-section-06-timing-shoreline-estacao-docas-belem-brazil-bg-primary.webp,/assets/images/sections/insights/visa/section-06-timing/visa-section-06-timing-shoreline-estacao-docas-belem-brazil-bg-primary.webp,the shoreline of Estacao das Docas in Belem in warm evening light,the shoreline of Estacao das Docas in Belem in warm evening light.,Background image of the shoreline of Estacao das Docas in Belem in warm evening light for Brazil immigration and relocation planning.
insights,/insights/visa/,Visa,7,section-7-common-mistakes,Common Mistakes,a,assets/images/sections/insights/visa/section-07-common-mistakes,visa-section-07-common-mistakes-sunrise-delta-parnaiba-piaui-brazil-bg-primary.webp,/assets/images/sections/insights/visa/section-07-common-mistakes/visa-section-07-common-mistakes-sunrise-delta-parnaiba-piaui-brazil-bg-primary.webp,the sunrise landscape of Delta do Parnaiba,the sunrise landscape of Delta do Parnaiba.,Background image of the sunrise landscape of Delta do Parnaiba for Brazil immigration and relocation planning.
insights,/insights/visa/,Visa,8,section-8-myths,Myths,a,assets/images/sections/insights/visa/section-08-myths,visa-section-08-myths-pirenopolis-goias-town-central-brazil-bg-primary.webp,/assets/images/sections/insights/visa/section-08-myths/visa-section-08-myths-pirenopolis-goias-town-central-brazil-bg-primary.webp,the historic center of Pirenopolis,the historic center of Pirenopolis.,Background image of the historic center of Pirenopolis for Brazil immigration and relocation planning.
insights,/insights/visa/,Visa,9,section-9-route-fit,Route Fit,a,assets/images/sections/insights/visa/section-09-route-fit,visa-section-09-route-fit-streets-facades-pirenopolis-goias-brazil-bg-primary.webp,/assets/images/sections/insights/visa/section-09-route-fit/visa-section-09-route-fit-streets-facades-pirenopolis-goias-brazil-bg-primary.webp,the historic streets and facades of Historic center of Pirenopolis,the historic streets and facades of Historic center of Pirenopolis.,Background image of the historic streets and facades of Historic center of Pirenopolis for Brazil immigration and relocation planning.
insights,/insights/visa/,Visa,10,section-10-next-step,Next Step,a,assets/images/sections/insights/visa/section-10-next-step,visa-section-10-next-step-cathedral-town-canela-grande-brazil-bg-primary.webp,/assets/images/sections/insights/visa/section-10-next-step/visa-section-10-next-step-cathedral-town-canela-grande-brazil-bg-primary.webp,the cathedral and town center of Canela,the cathedral and town center of Canela.,Background image of the cathedral and town center of Canela for Brazil immigration and relocation planning.
legal,/legal/,Legal Notices,1,section-1-overview,Overview,a,assets/images/sections/legal/section-01-overview,legal-notices-section-01-overview-curitiba-skyline-parana-southern-brazil-bg-primary.webp,/assets/images/sections/legal/section-01-overview/legal-notices-section-01-overview-curitiba-skyline-parana-southern-brazil-bg-primary.webp,Curitiba,Curitiba.,Background image of Curitiba for Brazil immigration and relocation planning.
legal,/legal/,Legal Notices,2,section-2-why-this-legal-hub-exists,Why this legal hub exists,a,assets/images/sections/legal/section-02-why-this-legal-hub-exists,legal-notices-section-02-why-this-legal-hub-exists-paulo-skyline-avenida-paulista-brazil-bg-primary.webp,/assets/images/sections/legal/section-02-why-this-legal-hub-exists/legal-notices-section-02-why-this-legal-hub-exists-paulo-skyline-avenida-paulista-brazil-bg-primary.webp,Sao Paulo,Sao Paulo.,Background image of Sao Paulo for Brazil immigration and relocation planning.
legal,/legal/,Legal Notices,3,section-4-how-our-legal-framework-supports-our-service-model,How our legal framework supports our service model,a,assets/images/sections/legal/section-03-how-our-legal-framework-supports-our-service-model,legal-notices-section-03-how-our-legal-framework-supports-our-service-model-fortaleza-canyon-cambara-southern-brazil-bg-primary.webp,/assets/images/sections/legal/section-03-how-our-legal-framework-supports-our-service-model/legal-notices-section-03-how-our-legal-framework-supports-our-service-model-fortaleza-canyon-cambara-southern-brazil-bg-primary.webp,the Fortaleza Canyon in Cambara do Sul,the Fortaleza Canyon in Cambara do Sul.,Background image of the Fortaleza Canyon in Cambara do Sul for Brazil immigration and relocation planning.
legal,/legal/,Legal Notices,4,section-5-questions-about-our-legal-notices,Questions about our legal notices,a,assets/images/sections/legal/section-04-questions-about-our-legal-notices,legal-notices-section-04-questions-about-our-legal-notices-civic-avenues-goiania-goias-brazil-bg-primary.webp,/assets/images/sections/legal/section-04-questions-about-our-legal-notices/legal-notices-section-04-questions-about-our-legal-notices-civic-avenues-goiania-goias-brazil-bg-primary.webp,the civic center and avenues of Goiania,the civic center and avenues of Goiania.,Background image of the civic center and avenues of Goiania for Brazil immigration and relocation planning.
legal,/legal/,Legal Notices,5,section-6-final-transparency-note,Final transparency note,a,assets/images/sections/legal/section-05-final-transparency-note,legal-notices-section-05-final-transparency-note-streets-aguas-emendadas-ecological-brazil-bg-primary.webp,/assets/images/sections/legal/section-05-final-transparency-note/legal-notices-section-05-final-transparency-note-streets-aguas-emendadas-ecological-brazil-bg-primary.webp,the architecture and streets of Aguas Emendadas ecological station,the architecture and streets of Aguas Emendadas ecological station.,Background image of the architecture and streets of Aguas Emendadas ecological station for Brazil immigration and relocation planning.
legal,/legal/404/,Page Not Found,1,section-1-overview,Overview,a,assets/images/sections/legal/404/section-01-overview,page-not-found-section-01-overview-sunrise-chapada-diamantina-bahia-brazil-bg-primary.webp,/assets/images/sections/legal/404/section-01-overview/page-not-found-section-01-overview-sunrise-chapada-diamantina-bahia-brazil-bg-primary.webp,the sunrise landscape of Chapada Diamantina,the sunrise landscape of Chapada Diamantina.,Background image of the sunrise landscape of Chapada Diamantina for Brazil immigration and relocation planning.
legal,/legal/404/,Page Not Found,2,section-2-recovery-routes,Recovery routes,a,assets/images/sections/legal/404/section-02-recovery-routes,page-not-found-section-02-recovery-routes-island-village-beaches-morro-brazil-bg-primary.webp,/assets/images/sections/legal/404/section-02-recovery-routes/page-not-found-section-02-recovery-routes-island-village-beaches-morro-brazil-bg-primary.webp,the island village and beaches of Morro de Sao Paulo,the island village and beaches of Morro de Sao Paulo.,Background image of the island village and beaches of Morro de Sao Paulo for Brazil immigration and relocation planning.
legal,/legal/404/,Page Not Found,3,section-3-if-the-missing-page-relates-to-an-active-matter,If the missing page relates to an active matter,a,assets/images/sections/legal/404/section-03-if-the-missing-page-relates-to-an-active-matter,page-not-found-section-03-if-the-missing-page-relates-to-an-active-matter-sunrise-itaimbezinho-canyon-aparados-brazil-bg-primary.webp,/assets/images/sections/legal/404/section-03-if-the-missing-page-relates-to-an-active-matter/page-not-found-section-03-if-the-missing-page-relates-to-an-active-matter-sunrise-itaimbezinho-canyon-aparados-brazil-bg-primary.webp,the sunrise landscape of Itaimbezinho canyon,the sunrise landscape of Itaimbezinho canyon.,Background image of the sunrise landscape of Itaimbezinho canyon for Brazil immigration and relocation planning.
legal,/legal/404/,Page Not Found,4,section-4-navigation-and-search,Navigation and search,a,assets/images/sections/legal/404/section-04-navigation-and-search,page-not-found-section-04-navigation-and-search-coastline-water-pajucara-waterfront-brazil-bg-primary.webp,/assets/images/sections/legal/404/section-04-navigation-and-search/page-not-found-section-04-navigation-and-search-coastline-water-pajucara-waterfront-brazil-bg-primary.webp,the wide coastline and water of Pajucara waterfront in Maceio,the wide coastline and water of Pajucara waterfront in Maceio.,Background image of the wide coastline and water of Pajucara waterfront in Maceio for Brazil immigration and relocation planning.
legal,/legal/404/,Page Not Found,5,section-5-contact,Contact,a,assets/images/sections/legal/404/section-05-contact,page-not-found-section-05-contact-coastline-water-itacare-bahia-brazil-bg-primary.webp,/assets/images/sections/legal/404/section-05-contact/page-not-found-section-05-contact-coastline-water-itacare-bahia-brazil-bg-primary.webp,the wide coastline and water of Itacare coastline,the wide coastline and water of Itacare coastline.,Background image of the wide coastline and water of Itacare coastline for Brazil immigration and relocation planning.
legal,/legal/accessibility/,Accessibility Statement,1,section-1-commitment-to-accessibility-standards,Commitment to accessibility standards,a,assets/images/sections/legal/accessibility/section-01-commitment-to-accessibility-standards,accessibility-statement-section-01-commitment-to-accessibility-standards-paulo-skyline-avenida-paulista-brazil-bg-primary.webp,/assets/images/sections/legal/accessibility/section-01-commitment-to-accessibility-standards/accessibility-statement-section-01-commitment-to-accessibility-standards-paulo-skyline-avenida-paulista-brazil-bg-primary.webp,Sao Paulo,Sao Paulo.,Background image of Sao Paulo for Brazil immigration and relocation planning.
legal,/legal/accessibility/,Accessibility Statement,2,section-2-accessibility-standards-and-design-approach,Accessibility standards and design approach,a,assets/images/sections/legal/accessibility/section-02-accessibility-standards-and-design-approach,accessibility-statement-section-02-accessibility-standards-and-design-approach-coastline-water-carneiros-pernambuco-brazil-bg-primary.webp,/assets/images/sections/legal/accessibility/section-02-accessibility-standards-and-design-approach/accessibility-statement-section-02-accessibility-standards-and-design-approach-coastline-water-carneiros-pernambuco-brazil-bg-primary.webp,the wide coastline and water of Praia dos Carneiros,the wide coastline and water of Praia dos Carneiros.,Background image of the wide coastline and water of Praia dos Carneiros for Brazil immigration and relocation planning.
legal,/legal/accessibility/,Accessibility Statement,3,section-3-ongoing-improvements,Ongoing improvements,a,assets/images/sections/legal/accessibility/section-03-ongoing-improvements,accessibility-statement-section-03-ongoing-improvements-coastline-water-miguel-milagres-brazil-bg-primary.webp,/assets/images/sections/legal/accessibility/section-03-ongoing-improvements/accessibility-statement-section-03-ongoing-improvements-coastline-water-miguel-milagres-brazil-bg-primary.webp,the wide coastline and water of Sao Miguel dos Milagres,the wide coastline and water of Sao Miguel dos Milagres.,Background image of the wide coastline and water of Sao Miguel dos Milagres for Brazil immigration and relocation planning.
legal,/legal/accessibility/,Accessibility Statement,4,section-4-compatibility-with-assistive-technologies,Compatibility with assistive technologies,a,assets/images/sections/legal/accessibility/section-04-compatibility-with-assistive-technologies,accessibility-statement-section-04-compatibility-with-assistive-technologies-waterfront-skyline-aguas-emendadas-brazil-bg-primary.webp,/assets/images/sections/legal/accessibility/section-04-compatibility-with-assistive-technologies/accessibility-statement-section-04-compatibility-with-assistive-technologies-waterfront-skyline-aguas-emendadas-brazil-bg-primary.webp,the waterfront and skyline of Aguas Emendadas ecological station,the waterfront and skyline of Aguas Emendadas ecological station.,Background image of the waterfront and skyline of Aguas Emendadas ecological station for Brazil immigration and relocation planning.
legal,/legal/accessibility/,Accessibility Statement,5,section-5-third-party-content-and-limitations,Third-party content and limitations,a,assets/images/sections/legal/accessibility/section-05-third-party-content-and-limitations,accessibility-statement-section-05-third-party-content-and-limitations-forests-waters-orla-taumanan-brazil-bg-primary.webp,/assets/images/sections/legal/accessibility/section-05-third-party-content-and-limitations/accessibility-statement-section-05-third-party-content-and-limitations-forests-waters-orla-taumanan-brazil-bg-primary.webp,the forests and waters of Orla Taumanan in Boa Vista,the forests and waters of Orla Taumanan in Boa Vista.,Background image of the forests and waters of Orla Taumanan in Boa Vista for Brazil immigration and relocation planning.
legal,/legal/accessibility/,Accessibility Statement,6,section-6-user-responsibilities-and-environment-considerations,User responsibilities and environment considerations,a,assets/images/sections/legal/accessibility/section-06-user-responsibilities-and-environment-considerations,accessibility-statement-section-06-user-responsibilities-and-environment-considerations-shores-lake-paranoa-brasilia-brazil-bg-primary.webp,/assets/images/sections/legal/accessibility/section-06-user-responsibilities-and-environment-considerations/accessibility-statement-section-06-user-responsibilities-and-environment-considerations-shores-lake-paranoa-brasilia-brazil-bg-primary.webp,the shores of Lake Paranoa in Brasilia,the shores of Lake Paranoa in Brasilia.,Background image of the shores of Lake Paranoa in Brasilia for Brazil immigration and relocation planning.
legal,/legal/accessibility/,Accessibility Statement,7,section-7-reporting-accessibility-issues,Reporting accessibility issues,a,assets/images/sections/legal/accessibility/section-07-reporting-accessibility-issues,accessibility-statement-section-07-reporting-accessibility-issues-trails-cliffs-ibitipoca-minas-brazil-bg-primary.webp,/assets/images/sections/legal/accessibility/section-07-reporting-accessibility-issues/accessibility-statement-section-07-reporting-accessibility-issues-trails-cliffs-ibitipoca-minas-brazil-bg-primary.webp,the trails and cliffs of Ibitipoca,the trails and cliffs of Ibitipoca.,Background image of the trails and cliffs of Ibitipoca for Brazil immigration and relocation planning.
legal,/legal/accessibility/,Accessibility Statement,8,section-8-alternative-access-and-support,Alternative access and support,a,assets/images/sections/legal/accessibility/section-08-alternative-access-and-support,accessibility-statement-section-08-alternative-access-and-support-forests-waters-amazon-northern-brazil-bg-primary.webp,/assets/images/sections/legal/accessibility/section-08-alternative-access-and-support/accessibility-statement-section-08-alternative-access-and-support-forests-waters-amazon-northern-brazil-bg-primary.webp,the forests and waters of Amazon river basin,the forests and waters of Amazon river basin.,Background image of the forests and waters of Amazon river basin for Brazil immigration and relocation planning.
legal,/legal/accessibility/,Accessibility Statement,9,section-9-updates-to-this-statement,Updates to this statement,a,assets/images/sections/legal/accessibility/section-09-updates-to-this-statement,accessibility-statement-section-09-updates-to-this-statement-natural-negro-palace-manaus-brazil-bg-primary.webp,/assets/images/sections/legal/accessibility/section-09-updates-to-this-statement/accessibility-statement-section-09-updates-to-this-statement-natural-negro-palace-manaus-brazil-bg-primary.webp,the wide natural landscape of Rio Negro Palace in Manaus,the wide natural landscape of Rio Negro Palace in Manaus.,Background image of the wide natural landscape of Rio Negro Palace in Manaus for Brazil immigration and relocation planning.
legal,/legal/cookies/,Cookies Policy,1,section-1-purpose-of-cookies-in-platform-operation,Purpose of cookies in platform operation,a,assets/images/sections/legal/cookies/section-01-purpose-of-cookies-in-platform-operation,cookies-policy-section-01-purpose-of-cookies-in-platform-operation-sunrise-negro-palace-manaus-brazil-bg-primary.webp,/assets/images/sections/legal/cookies/section-01-purpose-of-cookies-in-platform-operation/cookies-policy-section-01-purpose-of-cookies-in-platform-operation-sunrise-negro-palace-manaus-brazil-bg-primary.webp,the sunrise landscape of Rio Negro Palace in Manaus,the sunrise landscape of Rio Negro Palace in Manaus.,Background image of the sunrise landscape of Rio Negro Palace in Manaus for Brazil immigration and relocation planning.
legal,/legal/cookies/,Cookies Policy,2,section-2-categories-of-cookies-used,Categories of cookies used,a,assets/images/sections/legal/cookies/section-02-categories-of-cookies-used,cookies-policy-section-02-categories-of-cookies-used-shoreline-alter-chao-warm-brazil-bg-primary.webp,/assets/images/sections/legal/cookies/section-02-categories-of-cookies-used/cookies-policy-section-02-categories-of-cookies-used-shoreline-alter-chao-warm-brazil-bg-primary.webp,the shoreline of Alter do Chao in warm evening light,the shoreline of Alter do Chao in warm evening light.,Background image of the shoreline of Alter do Chao in warm evening light for Brazil immigration and relocation planning.
legal,/legal/cookies/,Cookies Policy,3,section-3-essential-cookies,Essential cookies,a,assets/images/sections/legal/cookies/section-03-essential-cookies,cookies-policy-section-03-essential-cookies-janeiro-skyline-sugarloaf-guanabara-brazil-bg-primary.webp,/assets/images/sections/legal/cookies/section-03-essential-cookies/cookies-policy-section-03-essential-cookies-janeiro-skyline-sugarloaf-guanabara-brazil-bg-primary.webp,Rio de Janeiro,Rio de Janeiro.,Background image of Rio de Janeiro for Brazil immigration and relocation planning.
legal,/legal/cookies/,Cookies Policy,4,section-4-analytical-cookies,Analytical cookies,a,assets/images/sections/legal/cookies/section-04-analytical-cookies,cookies-policy-section-04-analytical-cookies-sunrise-botanical-garden-curitiba-brazil-bg-primary.webp,/assets/images/sections/legal/cookies/section-04-analytical-cookies/cookies-policy-section-04-analytical-cookies-sunrise-botanical-garden-curitiba-brazil-bg-primary.webp,the sunrise landscape of Botanical Garden of Curitiba,the sunrise landscape of Botanical Garden of Curitiba.,Background image of the sunrise landscape of Botanical Garden of Curitiba for Brazil immigration and relocation planning.
legal,/legal/cookies/,Cookies Policy,5,section-5-optional-cookies-and-tracking-systems,Optional cookies and tracking systems,a,assets/images/sections/legal/cookies/section-05-optional-cookies-and-tracking-systems,cookies-policy-section-05-optional-cookies-and-tracking-systems-shoreline-bombinhas-peninsula-warm-brazil-bg-primary.webp,/assets/images/sections/legal/cookies/section-05-optional-cookies-and-tracking-systems/cookies-policy-section-05-optional-cookies-and-tracking-systems-shoreline-bombinhas-peninsula-warm-brazil-bg-primary.webp,the shoreline of Bombinhas peninsula in warm evening light,the shoreline of Bombinhas peninsula in warm evening light.,Background image of the shoreline of Bombinhas peninsula in warm evening light for Brazil immigration and relocation planning.
legal,/legal/cookies/,Cookies Policy,6,section-6-third-party-integrations,Third-party integrations,a,assets/images/sections/legal/cookies/section-06-third-party-integrations,cookies-policy-section-06-third-party-integrations-streets-aguas-emendadas-ecological-brazil-bg-primary.webp,/assets/images/sections/legal/cookies/section-06-third-party-integrations/cookies-policy-section-06-third-party-integrations-streets-aguas-emendadas-ecological-brazil-bg-primary.webp,the architecture and streets of Aguas Emendadas ecological station,the architecture and streets of Aguas Emendadas ecological station.,Background image of the architecture and streets of Aguas Emendadas ecological station for Brazil immigration and relocation planning.
legal,/legal/cookies/,Cookies Policy,7,section-7-user-control-mechanisms,User control mechanisms,a,assets/images/sections/legal/cookies/section-07-user-control-mechanisms,cookies-policy-section-07-user-control-mechanisms-town-campos-jordao-paulo-brazil-bg-primary.webp,/assets/images/sections/legal/cookies/section-07-user-control-mechanisms/cookies-policy-section-07-user-control-mechanisms-town-campos-jordao-paulo-brazil-bg-primary.webp,the mountain town of Campos do Jordao,the mountain town of Campos do Jordao.,Background image of the mountain town of Campos do Jordao for Brazil immigration and relocation planning.
legal,/legal/cookies/,Cookies Policy,8,section-8-relationship-with-the-privacy-policy,Relationship with the Privacy Policy,a,assets/images/sections/legal/cookies/section-08-relationship-with-the-privacy-policy,cookies-policy-section-08-relationship-with-the-privacy-policy-sunrise-delta-parnaiba-piaui-brazil-bg-primary.webp,/assets/images/sections/legal/cookies/section-08-relationship-with-the-privacy-policy/cookies-policy-section-08-relationship-with-the-privacy-policy-sunrise-delta-parnaiba-piaui-brazil-bg-primary.webp,the sunrise landscape of Delta do Parnaiba,the sunrise landscape of Delta do Parnaiba.,Background image of the sunrise landscape of Delta do Parnaiba for Brazil immigration and relocation planning.
legal,/legal/cookies/,Cookies Policy,9,section-9-updates-and-version-control,Updates and version control,a,assets/images/sections/legal/cookies/section-09-updates-and-version-control,cookies-policy-section-09-updates-and-version-control-sunrise-chapada-diamantina-bahia-brazil-bg-primary.webp,/assets/images/sections/legal/cookies/section-09-updates-and-version-control/cookies-policy-section-09-updates-and-version-control-sunrise-chapada-diamantina-bahia-brazil-bg-primary.webp,the sunrise landscape of Chapada Diamantina,the sunrise landscape of Chapada Diamantina.,Background image of the sunrise landscape of Chapada Diamantina for Brazil immigration and relocation planning.
legal,/legal/disclaimer/,Disclaimer & Legal Notice,1,section-1-information-is-general-in-nature,Information is general in nature,a,assets/images/sections/legal/disclaimer/section-01-information-is-general-in-nature,disclaimer-legal-notice-section-01-information-is-general-in-nature-farol-barra-seafront-salvador-brazil-bg-primary.webp,/assets/images/sections/legal/disclaimer/section-01-information-is-general-in-nature/disclaimer-legal-notice-section-01-information-is-general-in-nature-farol-barra-seafront-salvador-brazil-bg-primary.webp,Farol da Barra and the seafront of Salvador,Farol da Barra and the seafront of Salvador.,Background image of Farol da Barra and the seafront of Salvador for Brazil immigration and relocation planning.
legal,/legal/disclaimer/,Disclaimer & Legal Notice,2,section-2-not-a-substitute-for-individualized-legal-advice,Not a substitute for individualized legal advice,a,assets/images/sections/legal/disclaimer/section-02-not-a-substitute-for-individualized-legal-advice,disclaimer-legal-notice-section-02-not-a-substitute-for-individualized-legal-advice-streets-cathedral-brasilia-modern-brazil-bg-primary.webp,/assets/images/sections/legal/disclaimer/section-02-not-a-substitute-for-individualized-legal-advice/disclaimer-legal-notice-section-02-not-a-substitute-for-individualized-legal-advice-streets-cathedral-brasilia-modern-brazil-bg-primary.webp,the architecture and streets of Cathedral of Brasilia,the architecture and streets of Cathedral of Brasilia.,Background image of the architecture and streets of Cathedral of Brasilia for Brazil immigration and relocation planning.
legal,/legal/disclaimer/,Disclaimer & Legal Notice,3,section-3-no-guarantee-of-approval-or-outcome,No guarantee of approval or outcome,a,assets/images/sections/legal/disclaimer/section-03-no-guarantee-of-approval-or-outcome,disclaimer-legal-notice-section-03-no-guarantee-of-approval-or-outcome-cathedral-town-canela-grande-brazil-bg-primary.webp,/assets/images/sections/legal/disclaimer/section-03-no-guarantee-of-approval-or-outcome/disclaimer-legal-notice-section-03-no-guarantee-of-approval-or-outcome-cathedral-town-canela-grande-brazil-bg-primary.webp,the cathedral and town center of Canela,the cathedral and town center of Canela.,Background image of the cathedral and town center of Canela for Brazil immigration and relocation planning.
legal,/legal/disclaimer/,Disclaimer & Legal Notice,4,section-4-government-authorities-control-outcomes,Government authorities control outcomes,a,assets/images/sections/legal/disclaimer/section-04-government-authorities-control-outcomes,disclaimer-legal-notice-section-04-government-authorities-control-outcomes-pampulha-belo-horizonte-minas-brazil-bg-primary.webp,/assets/images/sections/legal/disclaimer/section-04-government-authorities-control-outcomes/disclaimer-legal-notice-section-04-government-authorities-control-outcomes-pampulha-belo-horizonte-minas-brazil-bg-primary.webp,the urban panorama of Pampulha in Belo Horizonte,the urban panorama of Pampulha in Belo Horizonte.,Background image of the urban panorama of Pampulha in Belo Horizonte for Brazil immigration and relocation planning.
legal,/legal/disclaimer/,Disclaimer & Legal Notice,5,section-5-timelines-are-variable-and-external,Timelines are variable and external,a,assets/images/sections/legal/disclaimer/section-05-timelines-are-variable-and-external,disclaimer-legal-notice-section-05-timelines-are-variable-and-external-shoreline-estacao-docas-belem-brazil-bg-primary.webp,/assets/images/sections/legal/disclaimer/section-05-timelines-are-variable-and-external/disclaimer-legal-notice-section-05-timelines-are-variable-and-external-shoreline-estacao-docas-belem-brazil-bg-primary.webp,the shoreline of Estacao das Docas in Belem in warm evening light,the shoreline of Estacao das Docas in Belem in warm evening light.,Background image of the shoreline of Estacao das Docas in Belem in warm evening light for Brazil immigration and relocation planning.
legal,/legal/disclaimer/,Disclaimer & Legal Notice,6,section-6-representation-boundary,Representation boundary,a,assets/images/sections/legal/disclaimer/section-06-representation-boundary,disclaimer-legal-notice-section-06-representation-boundary-coastline-water-itacare-bahia-brazil-bg-primary.webp,/assets/images/sections/legal/disclaimer/section-06-representation-boundary/disclaimer-legal-notice-section-06-representation-boundary-coastline-water-itacare-bahia-brazil-bg-primary.webp,the wide coastline and water of Itacare coastline,the wide coastline and water of Itacare coastline.,Background image of the wide coastline and water of Itacare coastline for Brazil immigration and relocation planning.
legal,/legal/disclaimer/,Disclaimer & Legal Notice,7,section-7-relationship-with-legal-representation-and-governing-contracts,Relationship with legal representation and governing contracts,a,assets/images/sections/legal/disclaimer/section-07-relationship-with-legal-representation-and-governing-contracts,disclaimer-legal-notice-section-07-relationship-with-legal-representation-and-governing-contracts-petropolis-imperial-museum-district-brazil-bg-primary.webp,/assets/images/sections/legal/disclaimer/section-07-relationship-with-legal-representation-and-governing-contracts/disclaimer-legal-notice-section-07-relationship-with-legal-representation-and-governing-contracts-petropolis-imperial-museum-district-brazil-bg-primary.webp,Petropolis and the imperial museum district,Petropolis and the imperial museum district.,Background image of Petropolis and the imperial museum district for Brazil immigration and relocation planning.
legal,/legal/disclaimer/,Disclaimer & Legal Notice,8,section-8-third-party-information-and-external-dependencies,Third-party information and external dependencies,a,assets/images/sections/legal/disclaimer/section-08-third-party-information-and-external-dependencies,disclaimer-legal-notice-section-08-third-party-information-and-external-dependencies-sunrise-marajo-island-riverfront-brazil-bg-primary.webp,/assets/images/sections/legal/disclaimer/section-08-third-party-information-and-external-dependencies/disclaimer-legal-notice-section-08-third-party-information-and-external-dependencies-sunrise-marajo-island-riverfront-brazil-bg-primary.webp,the sunrise landscape of Marajo Island riverfront,the sunrise landscape of Marajo Island riverfront.,Background image of the sunrise landscape of Marajo Island riverfront for Brazil immigration and relocation planning.
legal,/legal/disclaimer/,Disclaimer & Legal Notice,9,section-9-limitation-of-reliance,Limitation of reliance,a,assets/images/sections/legal/disclaimer/section-09-limitation-of-reliance,disclaimer-legal-notice-section-09-limitation-of-reliance-beachfront-museum-contemporary-niteroi-brazil-bg-primary.webp,/assets/images/sections/legal/disclaimer/section-09-limitation-of-reliance/disclaimer-legal-notice-section-09-limitation-of-reliance-beachfront-museum-contemporary-niteroi-brazil-bg-primary.webp,the beachfront and sea of Museum of Contemporary Art in Niteroi,the beachfront and sea of Museum of Contemporary Art in Niteroi.,Background image of the beachfront and sea of Museum of Contemporary Art in Niteroi for Brazil immigration and relocation planning.
legal,/legal/disclaimer/,Disclaimer & Legal Notice,10,section-10-updates-and-accuracy-of-information,Updates and accuracy of information,a,assets/images/sections/legal/disclaimer/section-10-updates-and-accuracy-of-information,disclaimer-legal-notice-section-10-updates-and-accuracy-of-information-shoreline-buzios-peninsula-warm-brazil-bg-primary.webp,/assets/images/sections/legal/disclaimer/section-10-updates-and-accuracy-of-information/disclaimer-legal-notice-section-10-updates-and-accuracy-of-information-shoreline-buzios-peninsula-warm-brazil-bg-primary.webp,the shoreline of Buzios peninsula in warm evening light,the shoreline of Buzios peninsula in warm evening light.,Background image of the shoreline of Buzios peninsula in warm evening light for Brazil immigration and relocation planning.
legal,/legal/emergency/,Emergency Resources,1,section-1-purpose-of-this-page,Purpose of this page,a,assets/images/sections/legal/emergency/section-01-purpose-of-this-page,emergency-resources-section-01-purpose-of-this-page-jericoacoara-ceara-northeast-brazil-bg-primary.webp,/assets/images/sections/legal/emergency/section-01-purpose-of-this-page/emergency-resources-section-01-purpose-of-this-page-jericoacoara-ceara-northeast-brazil-bg-primary.webp,the dunes and lagoons of Jericoacoara,the dunes and lagoons of Jericoacoara.,Background image of the dunes and lagoons of Jericoacoara for Brazil immigration and relocation planning.
legal,/legal/emergency/,Emergency Resources,2,section-2-what-qualifies-as-urgent,What qualifies as urgent,a,assets/images/sections/legal/emergency/section-02-what-qualifies-as-urgent,emergency-resources-section-02-what-qualifies-as-urgent-genipabu-near-natal-grande-brazil-bg-primary.webp,/assets/images/sections/legal/emergency/section-02-what-qualifies-as-urgent/emergency-resources-section-02-what-qualifies-as-urgent-genipabu-near-natal-grande-brazil-bg-primary.webp,the Genipabu dunes near Natal,the Genipabu dunes near Natal.,Background image of the Genipabu dunes near Natal for Brazil immigration and relocation planning.
legal,/legal/emergency/,Emergency Resources,3,section-3-authority-first-rule,Authority-first rule,a,assets/images/sections/legal/emergency/section-03-authority-first-rule,emergency-resources-section-03-authority-first-rule-peso-market-belem-waterfront-brazil-bg-primary.webp,/assets/images/sections/legal/emergency/section-03-authority-first-rule/emergency-resources-section-03-authority-first-rule-peso-market-belem-waterfront-brazil-bg-primary.webp,the Ver-o-Peso market on the Belem waterfront,the Ver-o-Peso market on the Belem waterfront.,Background image of the Ver-o-Peso market on the Belem waterfront for Brazil immigration and relocation planning.
legal,/legal/emergency/,Emergency Resources,4,section-4-emergency-triage-protocol,Emergency triage protocol,a,assets/images/sections/legal/emergency/section-04-emergency-triage-protocol,emergency-resources-section-04-emergency-triage-protocol-beaches-alter-chao-tapajos-brazil-bg-primary.webp,/assets/images/sections/legal/emergency/section-04-emergency-triage-protocol/emergency-resources-section-04-emergency-triage-protocol-beaches-alter-chao-tapajos-brazil-bg-primary.webp,the beaches of Alter do Chao on the Tapajos River,the beaches of Alter do Chao on the Tapajos River.,Background image of the beaches of Alter do Chao on the Tapajos River for Brazil immigration and relocation planning.
legal,/legal/emergency/,Emergency Resources,5,section-5-what-this-page-does-not-promise,What this page does not promise,a,assets/images/sections/legal/emergency/section-05-what-this-page-does-not-promise,emergency-resources-section-05-what-this-page-does-not-promise-meeting-waters-near-santarem-brazil-bg-primary.webp,/assets/images/sections/legal/emergency/section-05-what-this-page-does-not-promise/emergency-resources-section-05-what-this-page-does-not-promise-meeting-waters-near-santarem-brazil-bg-primary.webp,the meeting of waters near Santarem,the meeting of waters near Santarem.,Background image of the meeting of waters near Santarem for Brazil immigration and relocation planning.
legal,/legal/emergency/,Emergency Resources,6,section-6-contact,Contact,a,assets/images/sections/legal/emergency/section-06-contact,emergency-resources-section-06-contact-sunrise-anavilhanas-archipelago-amazonas-brazil-bg-primary.webp,/assets/images/sections/legal/emergency/section-06-contact/emergency-resources-section-06-contact-sunrise-anavilhanas-archipelago-amazonas-brazil-bg-primary.webp,the sunrise landscape of Anavilhanas archipelago,the sunrise landscape of Anavilhanas archipelago.,Background image of the sunrise landscape of Anavilhanas archipelago for Brazil immigration and relocation planning.
legal,/legal/form/,Form & Intake Policy,1,section-1-intake-purpose,Intake purpose,a,assets/images/sections/legal/form/section-01-intake-purpose,form-intake-policy-section-01-intake-purpose-coastline-water-carneiros-pernambuco-brazil-bg-primary.webp,/assets/images/sections/legal/form/section-01-intake-purpose/form-intake-policy-section-01-intake-purpose-coastline-water-carneiros-pernambuco-brazil-bg-primary.webp,the wide coastline and water of Praia dos Carneiros,the wide coastline and water of Praia dos Carneiros.,Background image of the wide coastline and water of Praia dos Carneiros for Brazil immigration and relocation planning.
legal,/legal/form/,Form & Intake Policy,2,section-2-information-requested,Information requested,a,assets/images/sections/legal/form/section-02-information-requested,form-intake-policy-section-02-information-requested-coastline-water-bombinhas-peninsula-brazil-bg-primary.webp,/assets/images/sections/legal/form/section-02-information-requested/form-intake-policy-section-02-information-requested-coastline-water-bombinhas-peninsula-brazil-bg-primary.webp,the wide coastline and water of Bombinhas peninsula,the wide coastline and water of Bombinhas peninsula.,Background image of the wide coastline and water of Bombinhas peninsula for Brazil immigration and relocation planning.
legal,/legal/form/,Form & Intake Policy,3,section-3-document-submission,Document submission,a,assets/images/sections/legal/form/section-03-document-submission,form-intake-policy-section-03-document-submission-cabo-branco-seafront-joao-brazil-bg-primary.webp,/assets/images/sections/legal/form/section-03-document-submission/form-intake-policy-section-03-document-submission-cabo-branco-seafront-joao-brazil-bg-primary.webp,the Cabo Branco seafront in Joao Pessoa,the Cabo Branco seafront in Joao Pessoa.,Background image of the Cabo Branco seafront in Joao Pessoa for Brazil immigration and relocation planning.
legal,/legal/form/,Form & Intake Policy,4,section-4-sensitive-and-excessive-information,Sensitive and excessive information,a,assets/images/sections/legal/form/section-04-sensitive-and-excessive-information,form-intake-policy-section-04-sensitive-and-excessive-information-natural-delta-parnaiba-piaui-brazil-bg-primary.webp,/assets/images/sections/legal/form/section-04-sensitive-and-excessive-information/form-intake-policy-section-04-sensitive-and-excessive-information-natural-delta-parnaiba-piaui-brazil-bg-primary.webp,the wide natural landscape of Delta do Parnaiba,the wide natural landscape of Delta do Parnaiba.,Background image of the wide natural landscape of Delta do Parnaiba for Brazil immigration and relocation planning.
legal,/legal/form/,Form & Intake Policy,5,section-5-manual-review,Manual review,a,assets/images/sections/legal/form/section-05-manual-review,form-intake-policy-section-05-manual-review-francisco-canyons-canions-alagoas-brazil-bg-primary.webp,/assets/images/sections/legal/form/section-05-manual-review/form-intake-policy-section-05-manual-review-francisco-canyons-canions-alagoas-brazil-bg-primary.webp,the Sao Francisco river canyons,the Sao Francisco river canyons.,Background image of the Sao Francisco river canyons for Brazil immigration and relocation planning.
legal,/legal/form/,Form & Intake Policy,6,section-6-no-representation-by-submission-alone,No representation by submission alone,a,assets/images/sections/legal/form/section-06-no-representation-by-submission-alone,form-intake-policy-section-06-no-representation-by-submission-alone-sunrise-chapada-guimaraes-mato-brazil-bg-primary.webp,/assets/images/sections/legal/form/section-06-no-representation-by-submission-alone/form-intake-policy-section-06-no-representation-by-submission-alone-sunrise-chapada-guimaraes-mato-brazil-bg-primary.webp,the sunrise landscape of Chapada dos Guimaraes,the sunrise landscape of Chapada dos Guimaraes.,Background image of the sunrise landscape of Chapada dos Guimaraes for Brazil immigration and relocation planning.
legal,/legal/form/,Form & Intake Policy,7,section-7-accuracy-obligation,Accuracy obligation,a,assets/images/sections/legal/form/section-07-accuracy-obligation,form-intake-policy-section-07-accuracy-obligation-island-coastline-ilhabela-paulo-brazil-bg-primary.webp,/assets/images/sections/legal/form/section-07-accuracy-obligation/form-intake-policy-section-07-accuracy-obligation-island-coastline-ilhabela-paulo-brazil-bg-primary.webp,the island coastline of Ilhabela,the island coastline of Ilhabela.,Background image of the island coastline of Ilhabela for Brazil immigration and relocation planning.
legal,/legal/form/,Form & Intake Policy,8,section-8-technical-issues,Technical issues,a,assets/images/sections/legal/form/section-08-technical-issues,form-intake-policy-section-08-technical-issues-coastline-rosa-santa-catarina-brazil-bg-primary.webp,/assets/images/sections/legal/form/section-08-technical-issues/form-intake-policy-section-08-technical-issues-coastline-rosa-santa-catarina-brazil-bg-primary.webp,the bay and coastline of Praia do Rosa,the bay and coastline of Praia do Rosa.,Background image of the bay and coastline of Praia do Rosa for Brazil immigration and relocation planning.
legal,/legal/gdpr/,GDPR Compliance Notice,1,section-1-statement-of-gdpr-alignment,Statement of GDPR alignment,a,assets/images/sections/legal/gdpr/section-01-statement-of-gdpr-alignment,gdpr-compliance-notice-section-01-statement-of-gdpr-alignment-lencois-maranhenses-maranhao-sand-brazil-bg-primary.webp,/assets/images/sections/legal/gdpr/section-01-statement-of-gdpr-alignment/gdpr-compliance-notice-section-01-statement-of-gdpr-alignment-lencois-maranhenses-maranhao-sand-brazil-bg-primary.webp,Lençois Maranhenses,Lençois Maranhenses.,Background image of Lençois Maranhenses for Brazil immigration and relocation planning.
legal,/legal/gdpr/,GDPR Compliance Notice,2,section-2-data-controller-identification,Data controller identification,a,assets/images/sections/legal/gdpr/section-02-data-controller-identification,gdpr-compliance-notice-section-02-data-controller-identification-coastline-water-ipanema-dois-brazil-bg-primary.webp,/assets/images/sections/legal/gdpr/section-02-data-controller-identification/gdpr-compliance-notice-section-02-data-controller-identification-coastline-water-ipanema-dois-brazil-bg-primary.webp,the wide coastline and water of Ipanema beach and Dois Irmaos,the wide coastline and water of Ipanema beach and Dois Irmaos.,Background image of the wide coastline and water of Ipanema beach and Dois Irmaos for Brazil immigration and relocation planning.
legal,/legal/gdpr/,GDPR Compliance Notice,3,section-3-legal-basis-for-processing,Legal basis for processing,a,assets/images/sections/legal/gdpr/section-03-legal-basis-for-processing,gdpr-compliance-notice-section-03-legal-basis-for-processing-brasilia-monumental-axis-central-brazil-bg-primary.webp,/assets/images/sections/legal/gdpr/section-03-legal-basis-for-processing/gdpr-compliance-notice-section-03-legal-basis-for-processing-brasilia-monumental-axis-central-brazil-bg-primary.webp,the urban panorama of National Congress in Brasilia,the urban panorama of National Congress in Brasilia.,Background image of the urban panorama of National Congress in Brasilia for Brazil immigration and relocation planning.
legal,/legal/gdpr/,GDPR Compliance Notice,4,section-4-categories-of-data-processed-contextual-clarification,Categories of data processed (contextual clarification),a,assets/images/sections/legal/gdpr/section-04-categories-of-data-processed-contextual-clarification,gdpr-compliance-notice-section-04-categories-of-data-processed-contextual-clarification-streets-paulo-skyline-avenida-brazil-bg-primary.webp,/assets/images/sections/legal/gdpr/section-04-categories-of-data-processed-contextual-clarification/gdpr-compliance-notice-section-04-categories-of-data-processed-contextual-clarification-streets-paulo-skyline-avenida-brazil-bg-primary.webp,the architecture and streets of Sao Paulo skyline,the architecture and streets of Sao Paulo skyline.,Background image of the architecture and streets of Sao Paulo skyline for Brazil immigration and relocation planning.
legal,/legal/gdpr/,GDPR Compliance Notice,5,section-5-explicit-eu-client-rights,Explicit EU client rights,b,assets/images/sections/legal/gdpr/section-05-explicit-eu-client-rights,gdpr-compliance-notice-section-05-explicit-eu-client-rights-natural-inhotim-brumadinho-minas-brazil-bg-alternate.webp,/assets/images/sections/legal/gdpr/section-05-explicit-eu-client-rights/gdpr-compliance-notice-section-05-explicit-eu-client-rights-natural-inhotim-brumadinho-minas-brazil-bg-alternate.webp,the wide natural landscape of Inhotim in Brumadinho,the wide natural landscape of Inhotim in Brumadinho.,Background image of the wide natural landscape of Inhotim in Brumadinho for Brazil immigration and relocation planning.
legal,/legal/gdpr/,GDPR Compliance Notice,6,section-6-cross-border-transfer-acknowledgment,Cross-border transfer acknowledgment,a,assets/images/sections/legal/gdpr/section-06-cross-border-transfer-acknowledgment,gdpr-compliance-notice-section-06-cross-border-transfer-acknowledgment-natural-pools-maragogi-alagoas-brazil-bg-primary.webp,/assets/images/sections/legal/gdpr/section-06-cross-border-transfer-acknowledgment/gdpr-compliance-notice-section-06-cross-border-transfer-acknowledgment-natural-pools-maragogi-alagoas-brazil-bg-primary.webp,the natural pools of Maragogi,the natural pools of Maragogi.,Background image of the natural pools of Maragogi for Brazil immigration and relocation planning.
legal,/legal/gdpr/,GDPR Compliance Notice,7,section-7-data-retention-and-minimization-principles,Data retention and minimization principles,a,assets/images/sections/legal/gdpr/section-07-data-retention-and-minimization-principles,gdpr-compliance-notice-section-07-data-retention-and-minimization-principles-porto-alegre-skyline-grande-brazil-bg-primary.webp,/assets/images/sections/legal/gdpr/section-07-data-retention-and-minimization-principles/gdpr-compliance-notice-section-07-data-retention-and-minimization-principles-porto-alegre-skyline-grande-brazil-bg-primary.webp,Porto Alegre,Porto Alegre.,Background image of Porto Alegre for Brazil immigration and relocation planning.
legal,/legal/gdpr/,GDPR Compliance Notice,8,section-8-relationship-with-legal-representation-and-governing-contracts,Relationship with legal representation and governing contracts,a,assets/images/sections/legal/gdpr/section-08-relationship-with-legal-representation-and-governing-contracts,gdpr-compliance-notice-section-08-relationship-with-legal-representation-and-governing-contracts-cathedral-town-canela-grande-brazil-bg-primary.webp,/assets/images/sections/legal/gdpr/section-08-relationship-with-legal-representation-and-governing-contracts/gdpr-compliance-notice-section-08-relationship-with-legal-representation-and-governing-contracts-cathedral-town-canela-grande-brazil-bg-primary.webp,the cathedral and town center of Canela,the cathedral and town center of Canela.,Background image of the cathedral and town center of Canela for Brazil immigration and relocation planning.
legal,/legal/gdpr/,GDPR Compliance Notice,9,section-9-complaint-process,Complaint process,a,assets/images/sections/legal/gdpr/section-09-complaint-process,gdpr-compliance-notice-section-09-complaint-process-natural-botanical-garden-curitiba-brazil-bg-primary.webp,/assets/images/sections/legal/gdpr/section-09-complaint-process/gdpr-compliance-notice-section-09-complaint-process-natural-botanical-garden-curitiba-brazil-bg-primary.webp,the wide natural landscape of Botanical Garden of Curitiba,the wide natural landscape of Botanical Garden of Curitiba.,Background image of the wide natural landscape of Botanical Garden of Curitiba for Brazil immigration and relocation planning.
legal,/legal/gdpr/,GDPR Compliance Notice,10,section-10-contact-point,Contact point,a,assets/images/sections/legal/gdpr/section-10-contact-point,gdpr-compliance-notice-section-10-contact-point-natural-pools-porto-galinhas-brazil-bg-primary.webp,/assets/images/sections/legal/gdpr/section-10-contact-point/gdpr-compliance-notice-section-10-contact-point-natural-pools-porto-galinhas-brazil-bg-primary.webp,the beach and natural pools of Porto de Galinhas,the beach and natural pools of Porto de Galinhas.,Background image of the beach and natural pools of Porto de Galinhas for Brazil immigration and relocation planning.
legal,/legal/lgpd/,LGPD Notice,1,section-1-lgpd-compliance-statement,LGPD compliance statement,a,assets/images/sections/legal/lgpd/section-01-lgpd-compliance-statement,lgpd-notice-section-01-lgpd-compliance-statement-brasilia-monumental-axis-central-brazil-bg-primary.webp,/assets/images/sections/legal/lgpd/section-01-lgpd-compliance-statement/lgpd-notice-section-01-lgpd-compliance-statement-brasilia-monumental-axis-central-brazil-bg-primary.webp,the urban panorama of National Congress in Brasilia,the urban panorama of National Congress in Brasilia.,Background image of the urban panorama of National Congress in Brasilia for Brazil immigration and relocation planning.
legal,/legal/lgpd/,LGPD Notice,2,section-2-identification-of-the-controlador,Identification of the controlador,a,assets/images/sections/legal/lgpd/section-02-identification-of-the-controlador,lgpd-notice-section-02-identification-of-the-controlador-natural-orla-taumanan-roraima-brazil-bg-primary.webp,/assets/images/sections/legal/lgpd/section-02-identification-of-the-controlador/lgpd-notice-section-02-identification-of-the-controlador-natural-orla-taumanan-roraima-brazil-bg-primary.webp,the wide natural landscape of Orla Taumanan in Boa Vista,the wide natural landscape of Orla Taumanan in Boa Vista.,Background image of the wide natural landscape of Orla Taumanan in Boa Vista for Brazil immigration and relocation planning.
legal,/legal/lgpd/,LGPD Notice,3,section-3-data-processing-purpose,Data processing purpose,a,assets/images/sections/legal/lgpd/section-03-data-processing-purpose,lgpd-notice-section-03-data-processing-purpose-sunrise-delta-parnaiba-piaui-brazil-bg-primary.webp,/assets/images/sections/legal/lgpd/section-03-data-processing-purpose/lgpd-notice-section-03-data-processing-purpose-sunrise-delta-parnaiba-piaui-brazil-bg-primary.webp,the sunrise landscape of Delta do Parnaiba,the sunrise landscape of Delta do Parnaiba.,Background image of the sunrise landscape of Delta do Parnaiba for Brazil immigration and relocation planning.
legal,/legal/lgpd/,LGPD Notice,4,section-4-legal-bases-under-brazilian-law,Legal bases under Brazilian law,a,assets/images/sections/legal/lgpd/section-04-legal-bases-under-brazilian-law,lgpd-notice-section-04-legal-bases-under-brazilian-law-farol-barra-seafront-salvador-brazil-bg-primary.webp,/assets/images/sections/legal/lgpd/section-04-legal-bases-under-brazilian-law/lgpd-notice-section-04-legal-bases-under-brazilian-law-farol-barra-seafront-salvador-brazil-bg-primary.webp,Farol da Barra and the seafront of Salvador,Farol da Barra and the seafront of Salvador.,Background image of Farol da Barra and the seafront of Salvador for Brazil immigration and relocation planning.
legal,/legal/lgpd/,LGPD Notice,5,section-5-brazilian-user-rights,Brazilian user rights,a,assets/images/sections/legal/lgpd/section-05-brazilian-user-rights,lgpd-notice-section-05-brazilian-user-rights-shoreline-janeiro-skyline-sugarloaf-brazil-bg-primary.webp,/assets/images/sections/legal/lgpd/section-05-brazilian-user-rights/lgpd-notice-section-05-brazilian-user-rights-shoreline-janeiro-skyline-sugarloaf-brazil-bg-primary.webp,the shoreline of Rio de Janeiro skyline from Sugarloaf Mountain in warm evening light,the shoreline of Rio de Janeiro skyline from Sugarloaf Mountain in warm evening light.,Background image of the shoreline of Rio de Janeiro skyline from Sugarloaf Mountain in warm evening light for Brazil immigration and relocation planning.
legal,/legal/lgpd/,LGPD Notice,6,section-6-data-retention-and-sharing,Data retention and sharing,a,assets/images/sections/legal/lgpd/section-06-data-retention-and-sharing,lgpd-notice-section-06-data-retention-and-sharing-atlantic-coastline-around-itacare-brazil-bg-primary.webp,/assets/images/sections/legal/lgpd/section-06-data-retention-and-sharing/lgpd-notice-section-06-data-retention-and-sharing-atlantic-coastline-around-itacare-brazil-bg-primary.webp,the Atlantic coastline around Itacare,the Atlantic coastline around Itacare.,Background image of the Atlantic coastline around Itacare for Brazil immigration and relocation planning.
legal,/legal/lgpd/,LGPD Notice,7,section-7-anpd-reference,ANPD reference,a,assets/images/sections/legal/lgpd/section-07-anpd-reference,lgpd-notice-section-07-anpd-reference-shoreline-estacao-docas-belem-brazil-bg-primary.webp,/assets/images/sections/legal/lgpd/section-07-anpd-reference/lgpd-notice-section-07-anpd-reference-shoreline-estacao-docas-belem-brazil-bg-primary.webp,the shoreline of Estacao das Docas in Belem in warm evening light,the shoreline of Estacao das Docas in Belem in warm evening light.,Background image of the shoreline of Estacao das Docas in Belem in warm evening light for Brazil immigration and relocation planning.
legal,/legal/lgpd/,LGPD Notice,8,section-8-contact-for-requests,Contact for requests,a,assets/images/sections/legal/lgpd/section-08-contact-for-requests,lgpd-notice-section-08-contact-for-requests-sunrise-itaimbezinho-canyon-aparados-brazil-bg-primary.webp,/assets/images/sections/legal/lgpd/section-08-contact-for-requests/lgpd-notice-section-08-contact-for-requests-sunrise-itaimbezinho-canyon-aparados-brazil-bg-primary.webp,the sunrise landscape of Itaimbezinho canyon,the sunrise landscape of Itaimbezinho canyon.,Background image of the sunrise landscape of Itaimbezinho canyon for Brazil immigration and relocation planning.
legal,/legal/payment/,Payment Terms,1,section-1-pricing-model,Pricing model,a,assets/images/sections/legal/payment/section-01-pricing-model,payment-terms-section-01-pricing-model-meeting-negro-solimoes-near-brazil-bg-primary.webp,/assets/images/sections/legal/payment/section-01-pricing-model/payment-terms-section-01-pricing-model-meeting-negro-solimoes-near-brazil-bg-primary.webp,the meeting of the Rio Negro and Solimoes near Manaus,the meeting of the Rio Negro and Solimoes near Manaus.,Background image of the meeting of the Rio Negro and Solimoes near Manaus for Brazil immigration and relocation planning.
legal,/legal/payment/,Payment Terms,2,section-2-accepted-payment-methods,Accepted payment methods,a,assets/images/sections/legal/payment/section-02-accepted-payment-methods,payment-terms-section-02-accepted-payment-methods-waterways-delta-parnaiba-piaui-brazil-bg-primary.webp,/assets/images/sections/legal/payment/section-02-accepted-payment-methods/payment-terms-section-02-accepted-payment-methods-waterways-delta-parnaiba-piaui-brazil-bg-primary.webp,the waterways and dunes of the Delta do Parnaiba,the waterways and dunes of the Delta do Parnaiba.,Background image of the waterways and dunes of the Delta do Parnaiba for Brazil immigration and relocation planning.
legal,/legal/payment/,Payment Terms,3,section-3-billing-structure,Billing structure,a,assets/images/sections/legal/payment/section-03-billing-structure,payment-terms-section-03-billing-structure-coastline-water-miguel-milagres-brazil-bg-primary.webp,/assets/images/sections/legal/payment/section-03-billing-structure/payment-terms-section-03-billing-structure-coastline-water-miguel-milagres-brazil-bg-primary.webp,the wide coastline and water of Sao Miguel dos Milagres,the wide coastline and water of Sao Miguel dos Milagres.,Background image of the wide coastline and water of Sao Miguel dos Milagres for Brazil immigration and relocation planning.
legal,/legal/payment/,Payment Terms,4,section-4-scope-versus-payment,Scope versus payment,a,assets/images/sections/legal/payment/section-04-scope-versus-payment,payment-terms-section-04-scope-versus-payment-streets-campos-jordao-paulo-brazil-bg-primary.webp,/assets/images/sections/legal/payment/section-04-scope-versus-payment/payment-terms-section-04-scope-versus-payment-streets-campos-jordao-paulo-brazil-bg-primary.webp,the architecture and streets of Campos do Jordao,the architecture and streets of Campos do Jordao.,Background image of the architecture and streets of Campos do Jordao for Brazil immigration and relocation planning.
legal,/legal/payment/,Payment Terms,5,section-5-verification-booking-control-and-scheduling-discipline,"Verification, booking control, and scheduling discipline",a,assets/images/sections/legal/payment/section-05-verification-booking-control-and-scheduling-discipline,payment-terms-section-05-verification-booking-control-and-scheduling-discipline-amazon-northern-aerial-relocation-brazil-bg-primary.webp,/assets/images/sections/legal/payment/section-05-verification-booking-control-and-scheduling-discipline/payment-terms-section-05-verification-booking-control-and-scheduling-discipline-amazon-northern-aerial-relocation-brazil-bg-primary.webp,Amazon river,Amazon river.,Background image of Amazon river for Brazil immigration and relocation planning.
legal,/legal/payment/,Payment Terms,6,section-6-security-and-payment-integrity,Security and payment integrity,a,assets/images/sections/legal/payment/section-06-security-and-payment-integrity,payment-terms-section-06-security-and-payment-integrity-coastline-water-carneiros-pernambuco-brazil-bg-primary.webp,/assets/images/sections/legal/payment/section-06-security-and-payment-integrity/payment-terms-section-06-security-and-payment-integrity-coastline-water-carneiros-pernambuco-brazil-bg-primary.webp,the wide coastline and water of Praia dos Carneiros,the wide coastline and water of Praia dos Carneiros.,Background image of the wide coastline and water of Praia dos Carneiros for Brazil immigration and relocation planning.
legal,/legal/payment/,Payment Terms,7,section-7-non-payment-consequences,Non-payment consequences,a,assets/images/sections/legal/payment/section-07-non-payment-consequences,payment-terms-section-07-non-payment-consequences-palacio-alvorada-brasilia-central-brazil-bg-primary.webp,/assets/images/sections/legal/payment/section-07-non-payment-consequences/payment-terms-section-07-non-payment-consequences-palacio-alvorada-brasilia-central-brazil-bg-primary.webp,the Palacio da Alvorada in Brasilia,the Palacio da Alvorada in Brasilia.,Background image of the Palacio da Alvorada in Brasilia for Brazil immigration and relocation planning.
legal,/legal/payment/,Payment Terms,8,section-8-payment-assistance-and-financial-considerations,Payment assistance and financial considerations,a,assets/images/sections/legal/payment/section-08-payment-assistance-and-financial-considerations,payment-terms-section-08-payment-assistance-and-financial-considerations-streets-sanctuary-congonhas-minas-brazil-bg-primary.webp,/assets/images/sections/legal/payment/section-08-payment-assistance-and-financial-considerations/payment-terms-section-08-payment-assistance-and-financial-considerations-streets-sanctuary-congonhas-minas-brazil-bg-primary.webp,the architecture and streets of Sanctuary of Congonhas,the architecture and streets of Sanctuary of Congonhas.,Background image of the architecture and streets of Sanctuary of Congonhas for Brazil immigration and relocation planning.
legal,/legal/payment/,Payment Terms,9,section-9-relationship-with-legal-contracts-and-governing-terms,Relationship with legal contracts and governing terms,a,assets/images/sections/legal/payment/section-09-relationship-with-legal-contracts-and-governing-terms,payment-terms-section-09-relationship-with-legal-contracts-and-governing-terms-museum-tomorrow-janeiro-port-brazil-bg-primary.webp,/assets/images/sections/legal/payment/section-09-relationship-with-legal-contracts-and-governing-terms/payment-terms-section-09-relationship-with-legal-contracts-and-governing-terms-museum-tomorrow-janeiro-port-brazil-bg-primary.webp,the urban panorama of Museum of Tomorrow in Rio de Janeiro,the urban panorama of Museum of Tomorrow in Rio de Janeiro.,Background image of the urban panorama of Museum of Tomorrow in Rio de Janeiro for Brazil immigration and relocation planning.
legal,/legal/privacy/,Privacy Policy,1,section-1-purpose-of-this-policy,Purpose of this policy,a,assets/images/sections/legal/privacy/section-01-purpose-of-this-policy,privacy-policy-section-01-purpose-of-this-policy-pampulha-belo-horizonte-minas-brazil-bg-primary.webp,/assets/images/sections/legal/privacy/section-01-purpose-of-this-policy/privacy-policy-section-01-purpose-of-this-policy-pampulha-belo-horizonte-minas-brazil-bg-primary.webp,the urban panorama of Pampulha in Belo Horizonte,the urban panorama of Pampulha in Belo Horizonte.,Background image of the urban panorama of Pampulha in Belo Horizonte for Brazil immigration and relocation planning.
legal,/legal/privacy/,Privacy Policy,2,section-2-scope-of-data-collected,Scope of data collected,a,assets/images/sections/legal/privacy/section-02-scope-of-data-collected,privacy-policy-section-02-scope-of-data-collected-avenida-paulista-paulo-avenue-brazil-bg-primary.webp,/assets/images/sections/legal/privacy/section-02-scope-of-data-collected/privacy-policy-section-02-scope-of-data-collected-avenida-paulista-paulo-avenue-brazil-bg-primary.webp,Avenida Paulista in Sao Paulo,Avenida Paulista in Sao Paulo.,Background image of Avenida Paulista in Sao Paulo for Brazil immigration and relocation planning.
legal,/legal/privacy/,Privacy Policy,3,section-3-data-collection-channels,Data collection channels,a,assets/images/sections/legal/privacy/section-03-data-collection-channels,privacy-policy-section-03-data-collection-channels-coastline-atlantic-ubatuba-paulo-brazil-bg-primary.webp,/assets/images/sections/legal/privacy/section-03-data-collection-channels/privacy-policy-section-03-data-collection-channels-coastline-atlantic-ubatuba-paulo-brazil-bg-primary.webp,the coastline and Atlantic forest of Ubatuba,the coastline and Atlantic forest of Ubatuba.,Background image of the coastline and Atlantic forest of Ubatuba for Brazil immigration and relocation planning.
legal,/legal/privacy/,Privacy Policy,4,section-4-purpose-of-processing,Purpose of processing,a,assets/images/sections/legal/privacy/section-04-purpose-of-processing,privacy-policy-section-04-purpose-of-processing-ponta-negra-riverfront-manaus-brazil-bg-primary.webp,/assets/images/sections/legal/privacy/section-04-purpose-of-processing/privacy-policy-section-04-purpose-of-processing-ponta-negra-riverfront-manaus-brazil-bg-primary.webp,the Ponta Negra riverfront in Manaus,the Ponta Negra riverfront in Manaus.,Background image of the Ponta Negra riverfront in Manaus for Brazil immigration and relocation planning.
legal,/legal/privacy/,Privacy Policy,5,section-5-legal-basis-for-processing,Legal basis for processing,a,assets/images/sections/legal/privacy/section-05-legal-basis-for-processing,privacy-policy-section-05-legal-basis-for-processing-highland-views-morro-igreja-brazil-bg-primary.webp,/assets/images/sections/legal/privacy/section-05-legal-basis-for-processing/privacy-policy-section-05-legal-basis-for-processing-highland-views-morro-igreja-brazil-bg-primary.webp,the highland views from Morro da Igreja,the highland views from Morro da Igreja.,Background image of the highland views from Morro da Igreja for Brazil immigration and relocation planning.
legal,/legal/privacy/,Privacy Policy,6,section-6-data-sharing-and-third-parties,Data sharing and third parties,a,assets/images/sections/legal/privacy/section-06-data-sharing-and-third-parties,privacy-policy-section-06-data-sharing-and-third-parties-sunrise-amazonas-manaus-northern-brazil-bg-primary.webp,/assets/images/sections/legal/privacy/section-06-data-sharing-and-third-parties/privacy-policy-section-06-data-sharing-and-third-parties-sunrise-amazonas-manaus-northern-brazil-bg-primary.webp,the sunrise landscape of Teatro Amazonas in Manaus,the sunrise landscape of Teatro Amazonas in Manaus.,Background image of the sunrise landscape of Teatro Amazonas in Manaus for Brazil immigration and relocation planning.
legal,/legal/privacy/,Privacy Policy,7,section-7-international-data-transfers,International data transfers,a,assets/images/sections/legal/privacy/section-07-international-data-transfers,privacy-policy-section-07-international-data-transfers-cliffs-shore-morro-branco-brazil-bg-primary.webp,/assets/images/sections/legal/privacy/section-07-international-data-transfers/privacy-policy-section-07-international-data-transfers-cliffs-shore-morro-branco-brazil-bg-primary.webp,the cliffs and shore of Morro Branco,the cliffs and shore of Morro Branco.,Background image of the cliffs and shore of Morro Branco for Brazil immigration and relocation planning.
legal,/legal/privacy/,Privacy Policy,8,section-8-data-retention-framework,Data retention framework,a,assets/images/sections/legal/privacy/section-08-data-retention-framework,privacy-policy-section-08-data-retention-framework-island-village-beaches-morro-brazil-bg-primary.webp,/assets/images/sections/legal/privacy/section-08-data-retention-framework/privacy-policy-section-08-data-retention-framework-island-village-beaches-morro-brazil-bg-primary.webp,the island village and beaches of Morro de Sao Paulo,the island village and beaches of Morro de Sao Paulo.,Background image of the island village and beaches of Morro de Sao Paulo for Brazil immigration and relocation planning.
legal,/legal/privacy/,Privacy Policy,9,section-9-data-subject-rights,Data subject rights,a,assets/images/sections/legal/privacy/section-09-data-subject-rights,privacy-policy-section-09-data-subject-rights-natural-iguazu-iguacu-southern-brazil-bg-primary.webp,/assets/images/sections/legal/privacy/section-09-data-subject-rights/privacy-policy-section-09-data-subject-rights-natural-iguazu-iguacu-southern-brazil-bg-primary.webp,the wide natural landscape of Iguazu Falls on the Brazilian side,the wide natural landscape of Iguazu Falls on the Brazilian side.,Background image of the wide natural landscape of Iguazu Falls on the Brazilian side for Brazil immigration and relocation planning.
legal,/legal/privacy/,Privacy Policy,10,section-10-security-and-data-protection-measures,Security and data protection measures,a,assets/images/sections/legal/privacy/section-10-security-and-data-protection-measures,privacy-policy-section-10-security-and-data-protection-measures-beachfront-museum-contemporary-niteroi-brazil-bg-primary.webp,/assets/images/sections/legal/privacy/section-10-security-and-data-protection-measures/privacy-policy-section-10-security-and-data-protection-measures-beachfront-museum-contemporary-niteroi-brazil-bg-primary.webp,the beachfront and sea of Museum of Contemporary Art in Niteroi,the beachfront and sea of Museum of Contemporary Art in Niteroi.,Background image of the beachfront and sea of Museum of Contemporary Art in Niteroi for Brazil immigration and relocation planning.
legal,/legal/privacy/,Privacy Policy,11,section-11-contact-for-data-requests,Contact for data requests,a,assets/images/sections/legal/privacy/section-11-contact-for-data-requests,privacy-policy-section-11-contact-for-data-requests-beachfront-cliffs-canoa-quebrada-brazil-bg-primary.webp,/assets/images/sections/legal/privacy/section-11-contact-for-data-requests/privacy-policy-section-11-contact-for-data-requests-beachfront-cliffs-canoa-quebrada-brazil-bg-primary.webp,the beachfront and sea of Cliffs of Canoa Quebrada,the beachfront and sea of Cliffs of Canoa Quebrada.,Background image of the beachfront and sea of Cliffs of Canoa Quebrada for Brazil immigration and relocation planning.
legal,/legal/refund/,Refund Policy,1,section-1-general-principle,General principle,a,assets/images/sections/legal/refund/section-01-general-principle,refund-policy-section-01-general-principle-cabo-branco-seafront-joao-brazil-bg-primary.webp,/assets/images/sections/legal/refund/section-01-general-principle/refund-policy-section-01-general-principle-cabo-branco-seafront-joao-brazil-bg-primary.webp,the Cabo Branco seafront in Joao Pessoa,the Cabo Branco seafront in Joao Pessoa.,Background image of the Cabo Branco seafront in Joao Pessoa for Brazil immigration and relocation planning.
legal,/legal/refund/,Refund Policy,2,section-2-non-refundable-components,Non-refundable components,a,assets/images/sections/legal/refund/section-02-non-refundable-components,refund-policy-section-02-non-refundable-components-atlantic-coastline-around-itacare-brazil-bg-primary.webp,/assets/images/sections/legal/refund/section-02-non-refundable-components/refund-policy-section-02-non-refundable-components-atlantic-coastline-around-itacare-brazil-bg-primary.webp,the Atlantic coastline around Itacare,the Atlantic coastline around Itacare.,Background image of the Atlantic coastline around Itacare for Brazil immigration and relocation planning.
legal,/legal/refund/,Refund Policy,3,section-3-conditional-refunds,Conditional refunds,a,assets/images/sections/legal/refund/section-03-conditional-refunds,refund-policy-section-03-conditional-refunds-cliffs-coastline-pipa-grande-brazil-bg-primary.webp,/assets/images/sections/legal/refund/section-03-conditional-refunds/refund-policy-section-03-conditional-refunds-cliffs-coastline-pipa-grande-brazil-bg-primary.webp,the cliffs and coastline of Pipa,the cliffs and coastline of Pipa.,Background image of the cliffs and coastline of Pipa for Brazil immigration and relocation planning.
legal,/legal/refund/,Refund Policy,4,section-4-client-cancellation-terms,Client cancellation terms,a,assets/images/sections/legal/refund/section-04-client-cancellation-terms,refund-policy-section-04-client-cancellation-terms-natural-inhotim-brumadinho-minas-brazil-bg-primary.webp,/assets/images/sections/legal/refund/section-04-client-cancellation-terms/refund-policy-section-04-client-cancellation-terms-natural-inhotim-brumadinho-minas-brazil-bg-primary.webp,the wide natural landscape of Inhotim in Brumadinho,the wide natural landscape of Inhotim in Brumadinho.,Background image of the wide natural landscape of Inhotim in Brumadinho for Brazil immigration and relocation planning.
legal,/legal/refund/,Refund Policy,5,section-5-no-outcome-based-refunds,No outcome-based refunds,a,assets/images/sections/legal/refund/section-05-no-outcome-based-refunds,refund-policy-section-05-no-outcome-based-refunds-streets-serra-rastro-santa-brazil-bg-primary.webp,/assets/images/sections/legal/refund/section-05-no-outcome-based-refunds/refund-policy-section-05-no-outcome-based-refunds-streets-serra-rastro-santa-brazil-bg-primary.webp,the architecture and streets of Serra do Rio do Rastro,the architecture and streets of Serra do Rio do Rastro.,Background image of the architecture and streets of Serra do Rio do Rastro for Brazil immigration and relocation planning.
legal,/legal/refund/,Refund Policy,6,section-6-external-factors-and-third-party-involvement,External factors and third-party involvement,a,assets/images/sections/legal/refund/section-06-external-factors-and-third-party-involvement,refund-policy-section-06-external-factors-and-third-party-involvement-antonina-parana-southern-brazil-bg-primary.webp,/assets/images/sections/legal/refund/section-06-external-factors-and-third-party-involvement/refund-policy-section-06-external-factors-and-third-party-involvement-antonina-parana-southern-brazil-bg-primary.webp,the historic center of Antonina,the historic center of Antonina.,Background image of the historic center of Antonina for Brazil immigration and relocation planning.
legal,/legal/refund/,Refund Policy,7,section-7-payment-errors-and-chargebacks,Payment errors and chargebacks,a,assets/images/sections/legal/refund/section-07-payment-errors-and-chargebacks,refund-policy-section-07-payment-errors-and-chargebacks-face-monte-roraima-northern-brazil-bg-primary.webp,/assets/images/sections/legal/refund/section-07-payment-errors-and-chargebacks/refund-policy-section-07-payment-errors-and-chargebacks-face-monte-roraima-northern-brazil-bg-primary.webp,the Brazilian face of Monte Roraima,the Brazilian face of Monte Roraima.,Background image of the Brazilian face of Monte Roraima for Brazil immigration and relocation planning.
legal,/legal/refund/,Refund Policy,8,section-8-refund-processing-timeline,Refund processing timeline,a,assets/images/sections/legal/refund/section-08-refund-processing-timeline,refund-policy-section-08-refund-processing-timeline-sunrise-anavilhanas-archipelago-amazonas-brazil-bg-primary.webp,/assets/images/sections/legal/refund/section-08-refund-processing-timeline/refund-policy-section-08-refund-processing-timeline-sunrise-anavilhanas-archipelago-amazonas-brazil-bg-primary.webp,the sunrise landscape of Anavilhanas archipelago,the sunrise landscape of Anavilhanas archipelago.,Background image of the sunrise landscape of Anavilhanas archipelago for Brazil immigration and relocation planning.
legal,/legal/refund/,Refund Policy,9,section-9-how-to-request-a-refund,How to request a refund,a,assets/images/sections/legal/refund/section-09-how-to-request-a-refund,refund-policy-section-09-how-to-request-a-refund-cliffs-valleys-chapada-guimaraes-brazil-bg-primary.webp,/assets/images/sections/legal/refund/section-09-how-to-request-a-refund/refund-policy-section-09-how-to-request-a-refund-cliffs-valleys-chapada-guimaraes-brazil-bg-primary.webp,the cliffs and valleys of Chapada dos Guimaraes,the cliffs and valleys of Chapada dos Guimaraes.,Background image of the cliffs and valleys of Chapada dos Guimaraes for Brazil immigration and relocation planning.
legal,/legal/refund/,Refund Policy,10,section-10-relationship-with-legal-contracts-and-governing-terms,Relationship with legal contracts and governing terms,a,assets/images/sections/legal/refund/section-10-relationship-with-legal-contracts-and-governing-terms,refund-policy-section-10-relationship-with-legal-contracts-and-governing-terms-curitiba-skyline-parana-southern-brazil-bg-primary.webp,/assets/images/sections/legal/refund/section-10-relationship-with-legal-contracts-and-governing-terms/refund-policy-section-10-relationship-with-legal-contracts-and-governing-terms-curitiba-skyline-parana-southern-brazil-bg-primary.webp,Curitiba,Curitiba.,Background image of Curitiba for Brazil immigration and relocation planning.
legal,/legal/search/,Search,1,section-1-overview,Overview,a,assets/images/sections/legal/search/section-01-overview,search-section-01-overview-natural-emas-goias-cerrado-brazil-bg-primary.webp,/assets/images/sections/legal/search/section-01-overview/search-section-01-overview-natural-emas-goias-cerrado-brazil-bg-primary.webp,the wide natural landscape of Emas National Park,the wide natural landscape of Emas National Park.,Background image of the wide natural landscape of Emas National Park for Brazil immigration and relocation planning.
legal,/legal/search/,Search,2,site-search,Search the site,a,assets/images/sections/legal/search/section-02-search-the-site,search-section-02-search-the-site-fort-riverfront-macapa-jose-brazil-bg-primary.webp,/assets/images/sections/legal/search/section-02-search-the-site/search-section-02-search-the-site-fort-riverfront-macapa-jose-brazil-bg-primary.webp,the fort and riverfront of Macapa,the fort and riverfront of Macapa.,Background image of the fort and riverfront of Macapa for Brazil immigration and relocation planning.
legal,/legal/search/,Search,3,section-2-route-shortcuts,Route shortcuts,a,assets/images/sections/legal/search/section-03-route-shortcuts,search-section-03-route-shortcuts-beaches-peninsula-bombinhas-santa-brazil-bg-primary.webp,/assets/images/sections/legal/search/section-03-route-shortcuts/search-section-03-route-shortcuts-beaches-peninsula-bombinhas-santa-brazil-bg-primary.webp,the beaches and peninsula of Bombinhas,the beaches and peninsula of Bombinhas.,Background image of the beaches and peninsula of Bombinhas for Brazil immigration and relocation planning.
legal,/legal/search/,Search,4,section-3-when-search-is-not-enough,When search is not enough,a,assets/images/sections/legal/search/section-04-when-search-is-not-enough,search-section-04-when-search-is-not-enough-coastline-water-arraial-ajuda-brazil-bg-primary.webp,/assets/images/sections/legal/search/section-04-when-search-is-not-enough/search-section-04-when-search-is-not-enough-coastline-water-arraial-ajuda-brazil-bg-primary.webp,the wide coastline and water of Arraial d'Ajuda coastline,the wide coastline and water of Arraial d'Ajuda coastline.,Background image of the wide coastline and water of Arraial d'Ajuda coastline for Brazil immigration and relocation planning.
legal,/legal/terms/,Terms & Conditions,1,section-1-nature-of-service,Nature of service,a,assets/images/sections/legal/terms/section-01-nature-of-service,terms-conditions-section-01-nature-of-service-island-coastline-ilhabela-paulo-brazil-bg-primary.webp,/assets/images/sections/legal/terms/section-01-nature-of-service/terms-conditions-section-01-nature-of-service-island-coastline-ilhabela-paulo-brazil-bg-primary.webp,the island coastline of Ilhabela,the island coastline of Ilhabela.,Background image of the island coastline of Ilhabela for Brazil immigration and relocation planning.
legal,/legal/terms/,Terms & Conditions,2,section-2-service-scope-definition,Service scope definition,a,assets/images/sections/legal/terms/section-02-service-scope-definition,terms-conditions-section-02-service-scope-definition-liberdade-district-paulo-southeast-brazil-bg-primary.webp,/assets/images/sections/legal/terms/section-02-service-scope-definition/terms-conditions-section-02-service-scope-definition-liberdade-district-paulo-southeast-brazil-bg-primary.webp,the Liberdade district in Sao Paulo,the Liberdade district in Sao Paulo.,Background image of the Liberdade district in Sao Paulo for Brazil immigration and relocation planning.
legal,/legal/terms/,Terms & Conditions,3,section-3-process-based-engagement-model,Process-based engagement model,a,assets/images/sections/legal/terms/section-03-process-based-engagement-model,terms-conditions-section-03-process-based-engagement-model-pampulha-architectural-belo-horizonte-brazil-bg-primary.webp,/assets/images/sections/legal/terms/section-03-process-based-engagement-model/terms-conditions-section-03-process-based-engagement-model-pampulha-architectural-belo-horizonte-brazil-bg-primary.webp,the Pampulha architectural complex in Belo Horizonte,the Pampulha architectural complex in Belo Horizonte.,Background image of the Pampulha architectural complex in Belo Horizonte for Brazil immigration and relocation planning.
legal,/legal/terms/,Terms & Conditions,4,section-4-client-obligations,Client obligations,a,assets/images/sections/legal/terms/section-04-client-obligations,terms-conditions-section-04-client-obligations-streets-monte-roraima-northern-brazil-bg-primary.webp,/assets/images/sections/legal/terms/section-04-client-obligations/terms-conditions-section-04-client-obligations-streets-monte-roraima-northern-brazil-bg-primary.webp,the architecture and streets of Monte Roraima in Brazil,the architecture and streets of Monte Roraima in Brazil.,Background image of the architecture and streets of Monte Roraima in Brazil for Brazil immigration and relocation planning.
legal,/legal/terms/,Terms & Conditions,5,section-5-no-guarantee-clause,No guarantee clause,a,assets/images/sections/legal/terms/section-05-no-guarantee-clause,terms-conditions-section-05-no-guarantee-clause-lencois-maranhenses-maranhao-sand-brazil-bg-primary.webp,/assets/images/sections/legal/terms/section-05-no-guarantee-clause/terms-conditions-section-05-no-guarantee-clause-lencois-maranhenses-maranhao-sand-brazil-bg-primary.webp,Lençois Maranhenses,Lençois Maranhenses.,Background image of Lençois Maranhenses for Brazil immigration and relocation planning.
legal,/legal/terms/,Terms & Conditions,6,section-6-limitation-of-liability,Limitation of liability,a,assets/images/sections/legal/terms/section-06-limitation-of-liability,terms-conditions-section-06-limitation-of-liability-coastline-water-buzios-peninsula-brazil-bg-primary.webp,/assets/images/sections/legal/terms/section-06-limitation-of-liability/terms-conditions-section-06-limitation-of-liability-coastline-water-buzios-peninsula-brazil-bg-primary.webp,the wide coastline and water of Buzios peninsula,the wide coastline and water of Buzios peninsula.,Background image of the wide coastline and water of Buzios peninsula for Brazil immigration and relocation planning.
legal,/legal/terms/,Terms & Conditions,7,section-7-relationship-with-legal-representation-and-governing-contract,Relationship with legal representation and governing contract,a,assets/images/sections/legal/terms/section-07-relationship-with-legal-representation-and-governing-contract,terms-conditions-section-07-relationship-with-legal-representation-and-governing-contract-vila-germanica-district-blumenau-brazil-bg-primary.webp,/assets/images/sections/legal/terms/section-07-relationship-with-legal-representation-and-governing-contract/terms-conditions-section-07-relationship-with-legal-representation-and-governing-contract-vila-germanica-district-blumenau-brazil-bg-primary.webp,the Vila Germanica district in Blumenau,the Vila Germanica district in Blumenau.,Background image of the Vila Germanica district in Blumenau for Brazil immigration and relocation planning.
legal,/legal/terms/,Terms & Conditions,8,section-8-use-of-platform,Use of platform,a,assets/images/sections/legal/terms/section-08-use-of-platform,terms-conditions-section-08-use-of-platform-forests-waters-aparados-serra-brazil-bg-primary.webp,/assets/images/sections/legal/terms/section-08-use-of-platform/terms-conditions-section-08-use-of-platform-forests-waters-aparados-serra-brazil-bg-primary.webp,the forests and waters of Aparados da Serra,the forests and waters of Aparados da Serra.,Background image of the forests and waters of Aparados da Serra for Brazil immigration and relocation planning.
legal,/legal/terms/,Terms & Conditions,9,section-9-intellectual-property-protection,Intellectual property protection,a,assets/images/sections/legal/terms/section-09-intellectual-property-protection,terms-conditions-section-09-intellectual-property-protection-valleys-serra-canastra-minas-brazil-bg-primary.webp,/assets/images/sections/legal/terms/section-09-intellectual-property-protection/terms-conditions-section-09-intellectual-property-protection-valleys-serra-canastra-minas-brazil-bg-primary.webp,the valleys and waterfalls of Serra da Canastra,the valleys and waterfalls of Serra da Canastra.,Background image of the valleys and waterfalls of Serra da Canastra for Brazil immigration and relocation planning.
legal,/legal/terms/,Terms & Conditions,10,section-10-jurisdiction-and-applicable-law,Jurisdiction and applicable law,a,assets/images/sections/legal/terms/section-10-jurisdiction-and-applicable-law,terms-conditions-section-10-jurisdiction-and-applicable-law-vineyards-vale-vinhedos-grande-brazil-bg-primary.webp,/assets/images/sections/legal/terms/section-10-jurisdiction-and-applicable-law/terms-conditions-section-10-jurisdiction-and-applicable-law-vineyards-vale-vinhedos-grande-brazil-bg-primary.webp,the vineyards of Vale dos Vinhedos,the vineyards of Vale dos Vinhedos.,Background image of the vineyards of Vale dos Vinhedos for Brazil immigration and relocation planning.
legal,/legal/terms/,Terms & Conditions,11,section-11-modifications,Modifications,a,assets/images/sections/legal/terms/section-11-modifications,terms-conditions-section-11-modifications-pirenopolis-goias-town-central-brazil-bg-primary.webp,/assets/images/sections/legal/terms/section-11-modifications/terms-conditions-section-11-modifications-pirenopolis-goias-town-central-brazil-bg-primary.webp,the historic center of Pirenopolis,the historic center of Pirenopolis.,Background image of the historic center of Pirenopolis for Brazil immigration and relocation planning.
process,/process/,Brazil Immigration Process Explained Step By Step,1,section-1-overview,Overview,a,assets/images/sections/process/section-01-overview,brazil-immigration-process-explained-step-by-step-section-01-overview-shoreline-estacao-docas-belem-brazil-bg-primary.webp,/assets/images/sections/process/section-01-overview/brazil-immigration-process-explained-step-by-step-section-01-overview-shoreline-estacao-docas-belem-brazil-bg-primary.webp,the shoreline of Estacao das Docas in Belem in warm evening light,the shoreline of Estacao das Docas in Belem in warm evening light.,Background image of the shoreline of Estacao das Docas in Belem in warm evening light for Brazil immigration and relocation planning.
process,/process/,Brazil Immigration Process Explained Step By Step,2,section-2-how-to-use-this-hub,How To Use This Hub,a,assets/images/sections/process/section-02-how-to-use-this-hub,brazil-immigration-process-explained-step-by-step-section-02-how-to-use-this-hub-sunrise-itaimbezinho-canyon-aparados-brazil-bg-primary.webp,/assets/images/sections/process/section-02-how-to-use-this-hub/brazil-immigration-process-explained-step-by-step-section-02-how-to-use-this-hub-sunrise-itaimbezinho-canyon-aparados-brazil-bg-primary.webp,the sunrise landscape of Itaimbezinho canyon,the sunrise landscape of Itaimbezinho canyon.,Background image of the sunrise landscape of Itaimbezinho canyon for Brazil immigration and relocation planning.
process,/process/,Brazil Immigration Process Explained Step By Step,3,section-3-why-process-clarity-matters,Why Process Clarity Matters,a,assets/images/sections/process/section-03-why-process-clarity-matters,brazil-immigration-process-explained-step-by-step-section-03-why-process-clarity-matters-sunrise-meeting-waters-manaus-brazil-bg-primary.webp,/assets/images/sections/process/section-03-why-process-clarity-matters/brazil-immigration-process-explained-step-by-step-section-03-why-process-clarity-matters-sunrise-meeting-waters-manaus-brazil-bg-primary.webp,the sunrise landscape of Meeting of the Waters in Manaus,the sunrise landscape of Meeting of the Waters in Manaus.,Background image of the sunrise landscape of Meeting of the Waters in Manaus for Brazil immigration and relocation planning.
process,/process/,Brazil Immigration Process Explained Step By Step,4,section-4-what-these-pages-are-designed-to-do,What These Pages Are Designed To Do,a,assets/images/sections/process/section-04-what-these-pages-are-designed-to-do,brazil-immigration-process-explained-step-by-step-section-04-what-these-pages-are-designed-to-do-coastline-water-itacare-bahia-brazil-bg-primary.webp,/assets/images/sections/process/section-04-what-these-pages-are-designed-to-do/brazil-immigration-process-explained-step-by-step-section-04-what-these-pages-are-designed-to-do-coastline-water-itacare-bahia-brazil-bg-primary.webp,the wide coastline and water of Itacare coastline,the wide coastline and water of Itacare coastline.,Background image of the wide coastline and water of Itacare coastline for Brazil immigration and relocation planning.
process,/process/,Brazil Immigration Process Explained Step By Step,5,section-5-best-next-step,Best Next Step,a,assets/images/sections/process/section-05-best-next-step,brazil-immigration-process-explained-step-by-step-section-05-best-next-step-farol-barra-seafront-salvador-brazil-bg-primary.webp,/assets/images/sections/process/section-05-best-next-step/brazil-immigration-process-explained-step-by-step-section-05-best-next-step-farol-barra-seafront-salvador-brazil-bg-primary.webp,Farol da Barra and the seafront of Salvador,Farol da Barra and the seafront of Salvador.,Background image of Farol da Barra and the seafront of Salvador for Brazil immigration and relocation planning.
process,/process/aftercare/,Aftercare,1,section-1-overview,Overview,a,assets/images/sections/process/aftercare/section-01-overview,aftercare-section-01-overview-beachfront-orla-atalaia-aracaju-brazil-bg-primary.webp,/assets/images/sections/process/aftercare/section-01-overview/aftercare-section-01-overview-beachfront-orla-atalaia-aracaju-brazil-bg-primary.webp,the beachfront and sea of Orla de Atalaia in Aracaju,the beachfront and sea of Orla de Atalaia in Aracaju.,Background image of the beachfront and sea of Orla de Atalaia in Aracaju for Brazil immigration and relocation planning.
process,/process/aftercare/,Aftercare,2,section-2-transition,Transition,a,assets/images/sections/process/aftercare/section-02-transition,aftercare-section-02-transition-pajucara-waterfront-maceio-alagoas-brazil-bg-primary.webp,/assets/images/sections/process/aftercare/section-02-transition/aftercare-section-02-transition-pajucara-waterfront-maceio-alagoas-brazil-bg-primary.webp,the Pajucara waterfront in Maceio,the Pajucara waterfront in Maceio.,Background image of the Pajucara waterfront in Maceio for Brazil immigration and relocation planning.
process,/process/aftercare/,Aftercare,3,section-3-support,Support,a,assets/images/sections/process/aftercare/section-03-support,aftercare-section-03-support-miguel-milagres-alagoas-northeast-brazil-bg-primary.webp,/assets/images/sections/process/aftercare/section-03-support/aftercare-section-03-support-miguel-milagres-alagoas-northeast-brazil-bg-primary.webp,the coast of Sao Miguel dos Milagres,the coast of Sao Miguel dos Milagres.,Background image of the coast of Sao Miguel dos Milagres for Brazil immigration and relocation planning.
process,/process/aftercare/,Aftercare,4,section-4-guidance,Guidance,a,assets/images/sections/process/aftercare/section-04-guidance,aftercare-section-04-guidance-amazon-northern-aerial-relocation-brazil-bg-primary.webp,/assets/images/sections/process/aftercare/section-04-guidance/aftercare-section-04-guidance-amazon-northern-aerial-relocation-brazil-bg-primary.webp,Amazon river,Amazon river.,Background image of Amazon river for Brazil immigration and relocation planning.
process,/process/aftercare/,Aftercare,5,section-5-compliance,Compliance,a,assets/images/sections/process/aftercare/section-05-compliance,aftercare-section-05-compliance-civic-avenues-goiania-goias-brazil-bg-primary.webp,/assets/images/sections/process/aftercare/section-05-compliance/aftercare-section-05-compliance-civic-avenues-goiania-goias-brazil-bg-primary.webp,the civic center and avenues of Goiania,the civic center and avenues of Goiania.,Background image of the civic center and avenues of Goiania for Brazil immigration and relocation planning.
process,/process/aftercare/,Aftercare,6,section-6-next-steps,Next Steps,a,assets/images/sections/process/aftercare/section-06-next-steps,aftercare-section-06-next-steps-valleys-plateaus-chapada-diamantina-brazil-bg-primary.webp,/assets/images/sections/process/aftercare/section-06-next-steps/aftercare-section-06-next-steps-valleys-plateaus-chapada-diamantina-brazil-bg-primary.webp,the valleys and plateaus of Chapada Diamantina,the valleys and plateaus of Chapada Diamantina.,Background image of the valleys and plateaus of Chapada Diamantina for Brazil immigration and relocation planning.
process,/process/aftercare/,Aftercare,7,section-7-continuity,Continuity,a,assets/images/sections/process/aftercare/section-07-continuity,aftercare-section-07-continuity-sunrise-amazon-northern-aerial-brazil-bg-primary.webp,/assets/images/sections/process/aftercare/section-07-continuity/aftercare-section-07-continuity-sunrise-amazon-northern-aerial-brazil-bg-primary.webp,the sunrise landscape of Amazon river basin,the sunrise landscape of Amazon river basin.,Background image of the sunrise landscape of Amazon river basin for Brazil immigration and relocation planning.
process,/process/aftercare/,Aftercare,8,section-8-planning,Planning,a,assets/images/sections/process/aftercare/section-08-planning,aftercare-section-08-planning-meeting-negro-solimoes-near-brazil-bg-primary.webp,/assets/images/sections/process/aftercare/section-08-planning/aftercare-section-08-planning-meeting-negro-solimoes-near-brazil-bg-primary.webp,the meeting of the Rio Negro and Solimoes near Manaus,the meeting of the Rio Negro and Solimoes near Manaus.,Background image of the meeting of the Rio Negro and Solimoes near Manaus for Brazil immigration and relocation planning.
process,/process/aftercare/,Aftercare,9,section-9-stability,Stability,a,assets/images/sections/process/aftercare/section-09-stability,aftercare-section-09-stability-beaches-lighthouse-ilha-parana-brazil-bg-primary.webp,/assets/images/sections/process/aftercare/section-09-stability/aftercare-section-09-stability-beaches-lighthouse-ilha-parana-brazil-bg-primary.webp,the beaches and lighthouse of Ilha do Mel,the beaches and lighthouse of Ilha do Mel.,Background image of the beaches and lighthouse of Ilha do Mel for Brazil immigration and relocation planning.
process,/process/aftercare/,Aftercare,10,section-10-outcomes,Outcomes,a,assets/images/sections/process/aftercare/section-10-outcomes,aftercare-section-10-outcomes-rock-formations-parks-serra-brazil-bg-primary.webp,/assets/images/sections/process/aftercare/section-10-outcomes/aftercare-section-10-outcomes-rock-formations-parks-serra-brazil-bg-primary.webp,the rock formations and parks of Serra da Capivara,the rock formations and parks of Serra da Capivara.,Background image of the rock formations and parks of Serra da Capivara for Brazil immigration and relocation planning.
process,/process/alone/,Alone,1,section-1-overview,Overview,a,assets/images/sections/process/alone/section-01-overview,alone-section-01-overview-islands-waterways-anavilhanas-archipelago-brazil-bg-primary.webp,/assets/images/sections/process/alone/section-01-overview/alone-section-01-overview-islands-waterways-anavilhanas-archipelago-brazil-bg-primary.webp,the islands and waterways of Anavilhanas,the islands and waterways of Anavilhanas.,Background image of the islands and waterways of Anavilhanas for Brazil immigration and relocation planning.
process,/process/alone/,Alone,2,section-2-reality,Reality,a,assets/images/sections/process/alone/section-02-reality,alone-section-02-reality-waterfront-gardens-santos-paulo-brazil-bg-primary.webp,/assets/images/sections/process/alone/section-02-reality/alone-section-02-reality-waterfront-gardens-santos-paulo-brazil-bg-primary.webp,the waterfront and gardens of Santos,the waterfront and gardens of Santos.,Background image of the waterfront and gardens of Santos for Brazil immigration and relocation planning.
process,/process/alone/,Alone,3,section-3-challenges,Challenges,a,assets/images/sections/process/alone/section-03-challenges,alone-section-03-challenges-niteroi-contemporary-museum-over-brazil-bg-primary.webp,/assets/images/sections/process/alone/section-03-challenges/alone-section-03-challenges-niteroi-contemporary-museum-over-brazil-bg-primary.webp,the Niteroi Contemporary Art Museum over Guanabara Bay,the Niteroi Contemporary Art Museum over Guanabara Bay.,Background image of the Niteroi Contemporary Art Museum over Guanabara Bay for Brazil immigration and relocation planning.
process,/process/alone/,Alone,4,section-4-confusion,Confusion,a,assets/images/sections/process/alone/section-04-confusion,alone-section-04-confusion-botanical-garden-curitiba-parana-brazil-bg-primary.webp,/assets/images/sections/process/alone/section-04-confusion/alone-section-04-confusion-botanical-garden-curitiba-parana-brazil-bg-primary.webp,the Botanical Garden of Curitiba,the Botanical Garden of Curitiba.,Background image of the Botanical Garden of Curitiba for Brazil immigration and relocation planning.
process,/process/alone/,Alone,5,section-5-risks,Risks,a,assets/images/sections/process/alone/section-05-risks,alone-section-05-risks-museum-tomorrow-janeiro-port-brazil-bg-primary.webp,/assets/images/sections/process/alone/section-05-risks/alone-section-05-risks-museum-tomorrow-janeiro-port-brazil-bg-primary.webp,the Museum of Tomorrow in Rio de Janeiro,the Museum of Tomorrow in Rio de Janeiro.,Background image of the Museum of Tomorrow in Rio de Janeiro for Brazil immigration and relocation planning.
process,/process/alone/,Alone,6,section-6-limitations,Limitations,a,assets/images/sections/process/alone/section-06-limitations,alone-section-06-limitations-vitoria-bayfront-espirito-santo-brazil-bg-primary.webp,/assets/images/sections/process/alone/section-06-limitations/alone-section-06-limitations-vitoria-bayfront-espirito-santo-brazil-bg-primary.webp,Vitoria and the bayfront of Espirito Santo,Vitoria and the bayfront of Espirito Santo.,Background image of Vitoria and the bayfront of Espirito Santo for Brazil immigration and relocation planning.
process,/process/alone/,Alone,7,section-7-outcomes,Outcomes,a,assets/images/sections/process/alone/section-07-outcomes,alone-section-07-outcomes-coastline-water-ilhabela-paulo-brazil-bg-primary.webp,/assets/images/sections/process/alone/section-07-outcomes/alone-section-07-outcomes-coastline-water-ilhabela-paulo-brazil-bg-primary.webp,the wide coastline and water of Ilhabela coastline,the wide coastline and water of Ilhabela coastline.,Background image of the wide coastline and water of Ilhabela coastline for Brazil immigration and relocation planning.
process,/process/alone/,Alone,8,section-8-comparison,Comparison,a,assets/images/sections/process/alone/section-08-comparison,alone-section-08-comparison-shoreline-janeiro-skyline-sugarloaf-brazil-bg-primary.webp,/assets/images/sections/process/alone/section-08-comparison/alone-section-08-comparison-shoreline-janeiro-skyline-sugarloaf-brazil-bg-primary.webp,the shoreline of Rio de Janeiro skyline from Sugarloaf Mountain in warm evening light,the shoreline of Rio de Janeiro skyline from Sugarloaf Mountain in warm evening light.,Background image of the shoreline of Rio de Janeiro skyline from Sugarloaf Mountain in warm evening light for Brazil immigration and relocation planning.
process,/process/alone/,Alone,9,section-9-decision,Decision,a,assets/images/sections/process/alone/section-09-decision,alone-section-09-decision-trails-cliffs-ibitipoca-minas-brazil-bg-primary.webp,/assets/images/sections/process/alone/section-09-decision/alone-section-09-decision-trails-cliffs-ibitipoca-minas-brazil-bg-primary.webp,the trails and cliffs of Ibitipoca,the trails and cliffs of Ibitipoca.,Background image of the trails and cliffs of Ibitipoca for Brazil immigration and relocation planning.
process,/process/alone/,Alone,10,section-10-support,Support,a,assets/images/sections/process/alone/section-10-support,alone-section-10-support-janeiro-skyline-sugarloaf-guanabara-brazil-bg-primary.webp,/assets/images/sections/process/alone/section-10-support/alone-section-10-support-janeiro-skyline-sugarloaf-guanabara-brazil-bg-primary.webp,Rio de Janeiro,Rio de Janeiro.,Background image of Rio de Janeiro for Brazil immigration and relocation planning.
process,/process/approval/,Approval,1,section-1-overview,Overview,a,assets/images/sections/process/approval/section-01-overview,approval-section-01-overview-paraty-waterfront-janeiro-southeast-brazil-bg-primary.webp,/assets/images/sections/process/approval/section-01-overview/approval-section-01-overview-paraty-waterfront-janeiro-southeast-brazil-bg-primary.webp,Paraty,Paraty.,Background image of Paraty for Brazil immigration and relocation planning.
process,/process/approval/,Approval,2,section-2-authority,Authority,a,assets/images/sections/process/approval/section-02-authority,approval-section-02-authority-shoreline-alter-chao-warm-brazil-bg-primary.webp,/assets/images/sections/process/approval/section-02-authority/approval-section-02-authority-shoreline-alter-chao-warm-brazil-bg-primary.webp,the shoreline of Alter do Chao in warm evening light,the shoreline of Alter do Chao in warm evening light.,Background image of the shoreline of Alter do Chao in warm evening light for Brazil immigration and relocation planning.
process,/process/approval/,Approval,3,section-3-criteria,Criteria,a,assets/images/sections/process/approval/section-03-criteria,approval-section-03-criteria-coastline-water-janeiro-skyline-brazil-bg-primary.webp,/assets/images/sections/process/approval/section-03-criteria/approval-section-03-criteria-coastline-water-janeiro-skyline-brazil-bg-primary.webp,the wide coastline and water of Rio de Janeiro skyline from Sugarloaf Mountain,the wide coastline and water of Rio de Janeiro skyline from Sugarloaf Mountain.,Background image of the wide coastline and water of Rio de Janeiro skyline from Sugarloaf Mountain for Brazil immigration and relocation planning.
process,/process/approval/,Approval,4,section-4-review,Review,a,assets/images/sections/process/approval/section-04-review,approval-section-04-review-amazon-northern-aerial-relocation-brazil-bg-primary.webp,/assets/images/sections/process/approval/section-04-review/approval-section-04-review-amazon-northern-aerial-relocation-brazil-bg-primary.webp,Amazon river,Amazon river.,Background image of Amazon river for Brazil immigration and relocation planning.
process,/process/approval/,Approval,5,section-5-variability,Variability,a,assets/images/sections/process/approval/section-05-variability,approval-section-05-variability-pantanal-mato-grosso-central-brazil-bg-primary.webp,/assets/images/sections/process/approval/section-05-variability/approval-section-05-variability-pantanal-mato-grosso-central-brazil-bg-primary.webp,Pantanal,Pantanal.,Background image of Pantanal for Brazil immigration and relocation planning.
process,/process/approval/,Approval,6,section-6-timing,Timing,a,assets/images/sections/process/approval/section-06-timing,approval-section-06-timing-sunrise-negro-palace-manaus-brazil-bg-primary.webp,/assets/images/sections/process/approval/section-06-timing/approval-section-06-timing-sunrise-negro-palace-manaus-brazil-bg-primary.webp,the sunrise landscape of Rio Negro Palace in Manaus,the sunrise landscape of Rio Negro Palace in Manaus.,Background image of the sunrise landscape of Rio Negro Palace in Manaus for Brazil immigration and relocation planning.
process,/process/approval/,Approval,7,section-7-expectations,Expectations,a,assets/images/sections/process/approval/section-07-expectations,approval-section-07-expectations-sunrise-amazonas-manaus-northern-brazil-bg-primary.webp,/assets/images/sections/process/approval/section-07-expectations/approval-section-07-expectations-sunrise-amazonas-manaus-northern-brazil-bg-primary.webp,the sunrise landscape of Teatro Amazonas in Manaus,the sunrise landscape of Teatro Amazonas in Manaus.,Background image of the sunrise landscape of Teatro Amazonas in Manaus for Brazil immigration and relocation planning.
process,/process/approval/,Approval,8,section-8-factors,Factors,a,assets/images/sections/process/approval/section-08-factors,approval-section-08-factors-indigenous-nations-campo-grande-brazil-bg-primary.webp,/assets/images/sections/process/approval/section-08-factors/approval-section-08-factors-indigenous-nations-campo-grande-brazil-bg-primary.webp,the Park of Indigenous Nations in Campo Grande,the Park of Indigenous Nations in Campo Grande.,Background image of the Park of Indigenous Nations in Campo Grande for Brazil immigration and relocation planning.
process,/process/approval/,Approval,9,section-9-outcomes,Outcomes,a,assets/images/sections/process/approval/section-09-outcomes,approval-section-09-outcomes-waterfront-skyline-aguas-emendadas-brazil-bg-primary.webp,/assets/images/sections/process/approval/section-09-outcomes/approval-section-09-outcomes-waterfront-skyline-aguas-emendadas-brazil-bg-primary.webp,the waterfront and skyline of Aguas Emendadas ecological station,the waterfront and skyline of Aguas Emendadas ecological station.,Background image of the waterfront and skyline of Aguas Emendadas ecological station for Brazil immigration and relocation planning.
process,/process/approval/,Approval,10,section-10-next-steps,Next Steps,a,assets/images/sections/process/approval/section-10-next-steps,approval-section-10-next-steps-madeira-riverfront-porto-velho-brazil-bg-primary.webp,/assets/images/sections/process/approval/section-10-next-steps/approval-section-10-next-steps-madeira-riverfront-porto-velho-brazil-bg-primary.webp,the Madeira riverfront in Porto Velho,the Madeira riverfront in Porto Velho.,Background image of the Madeira riverfront in Porto Velho for Brazil immigration and relocation planning.
process,/process/assessment/,Assessment,1,section-1-overview,Overview,a,assets/images/sections/process/assessment/section-01-overview,assessment-section-01-overview-buzios-peninsula-janeiro-beaches-brazil-bg-primary.webp,/assets/images/sections/process/assessment/section-01-overview/assessment-section-01-overview-buzios-peninsula-janeiro-beaches-brazil-bg-primary.webp,the Buzios peninsula on the coast of Rio de Janeiro state,the Buzios peninsula on the coast of Rio de Janeiro state.,Background image of the Buzios peninsula on the coast of Rio de Janeiro state for Brazil immigration and relocation planning.
process,/process/assessment/,Assessment,2,section-2-context,Context,a,assets/images/sections/process/assessment/section-02-context,assessment-section-02-context-facades-joao-minas-gerais-brazil-bg-primary.webp,/assets/images/sections/process/assessment/section-02-context/assessment-section-02-context-facades-joao-minas-gerais-brazil-bg-primary.webp,the heritage facades of Sao Joao del Rei,the heritage facades of Sao Joao del Rei.,Background image of the heritage facades of Sao Joao del Rei for Brazil immigration and relocation planning.
process,/process/assessment/,Assessment,3,section-3-factors,Factors,a,assets/images/sections/process/assessment/section-03-factors,assessment-section-03-factors-district-recife-antigo-pernambuco-brazil-bg-primary.webp,/assets/images/sections/process/assessment/section-03-factors/assessment-section-03-factors-district-recife-antigo-pernambuco-brazil-bg-primary.webp,the historic district of Recife Antigo,the historic district of Recife Antigo.,Background image of the historic district of Recife Antigo for Brazil immigration and relocation planning.
process,/process/assessment/,Assessment,4,section-4-evaluation,Evaluation,a,assets/images/sections/process/assessment/section-04-evaluation,assessment-section-04-evaluation-shoreline-balneario-camboriu-skyline-brazil-bg-primary.webp,/assets/images/sections/process/assessment/section-04-evaluation/assessment-section-04-evaluation-shoreline-balneario-camboriu-skyline-brazil-bg-primary.webp,the shoreline of Balneario Camboriu skyline in warm evening light,the shoreline of Balneario Camboriu skyline in warm evening light.,Background image of the shoreline of Balneario Camboriu skyline in warm evening light for Brazil immigration and relocation planning.
process,/process/assessment/,Assessment,5,section-5-positioning,Positioning,a,assets/images/sections/process/assessment/section-05-positioning,assessment-section-05-positioning-natural-negro-palace-manaus-brazil-bg-primary.webp,/assets/images/sections/process/assessment/section-05-positioning/assessment-section-05-positioning-natural-negro-palace-manaus-brazil-bg-primary.webp,the wide natural landscape of Rio Negro Palace in Manaus,the wide natural landscape of Rio Negro Palace in Manaus.,Background image of the wide natural landscape of Rio Negro Palace in Manaus for Brazil immigration and relocation planning.
process,/process/assessment/,Assessment,6,section-6-risks,Risks,a,assets/images/sections/process/assessment/section-06-risks,assessment-section-06-risks-civic-avenues-goiania-goias-brazil-bg-primary.webp,/assets/images/sections/process/assessment/section-06-risks/assessment-section-06-risks-civic-avenues-goiania-goias-brazil-bg-primary.webp,the civic center and avenues of Goiania,the civic center and avenues of Goiania.,Background image of the civic center and avenues of Goiania for Brazil immigration and relocation planning.
process,/process/assessment/,Assessment,7,section-7-clarity,Clarity,a,assets/images/sections/process/assessment/section-07-clarity,assessment-section-07-clarity-botanical-garden-curitiba-parana-brazil-bg-primary.webp,/assets/images/sections/process/assessment/section-07-clarity/assessment-section-07-clarity-botanical-garden-curitiba-parana-brazil-bg-primary.webp,the Botanical Garden of Curitiba,the Botanical Garden of Curitiba.,Background image of the Botanical Garden of Curitiba for Brazil immigration and relocation planning.
process,/process/assessment/,Assessment,8,section-8-findings,Findings,a,assets/images/sections/process/assessment/section-08-findings,assessment-section-08-findings-peso-market-belem-waterfront-brazil-bg-primary.webp,/assets/images/sections/process/assessment/section-08-findings/assessment-section-08-findings-peso-market-belem-waterfront-brazil-bg-primary.webp,the Ver-o-Peso market on the Belem waterfront,the Ver-o-Peso market on the Belem waterfront.,Background image of the Ver-o-Peso market on the Belem waterfront for Brazil immigration and relocation planning.
process,/process/assessment/,Assessment,9,section-9-direction,Direction,a,assets/images/sections/process/assessment/section-09-direction,assessment-section-09-direction-paulo-skyline-avenida-paulista-brazil-bg-primary.webp,/assets/images/sections/process/assessment/section-09-direction/assessment-section-09-direction-paulo-skyline-avenida-paulista-brazil-bg-primary.webp,Sao Paulo,Sao Paulo.,Background image of Sao Paulo for Brazil immigration and relocation planning.
process,/process/assessment/,Assessment,10,section-10-outcomes,Outcomes,a,assets/images/sections/process/assessment/section-10-outcomes,assessment-section-10-outcomes-shoreline-santos-waterfront-warm-brazil-bg-primary.webp,/assets/images/sections/process/assessment/section-10-outcomes/assessment-section-10-outcomes-shoreline-santos-waterfront-warm-brazil-bg-primary.webp,the shoreline of Santos waterfront in warm evening light,the shoreline of Santos waterfront in warm evening light.,Background image of the shoreline of Santos waterfront in warm evening light for Brazil immigration and relocation planning.
process,/process/compliance/,Compliance,1,section-1-overview,Overview,a,assets/images/sections/process/compliance/section-01-overview,compliance-section-01-overview-streets-facades-pirenopolis-goias-brazil-bg-primary.webp,/assets/images/sections/process/compliance/section-01-overview/compliance-section-01-overview-streets-facades-pirenopolis-goias-brazil-bg-primary.webp,the historic streets and facades of Historic center of Pirenopolis,the historic streets and facades of Historic center of Pirenopolis.,Background image of the historic streets and facades of Historic center of Pirenopolis for Brazil immigration and relocation planning.
process,/process/compliance/,Compliance,2,section-2-alignment,Alignment,a,assets/images/sections/process/compliance/section-02-alignment,compliance-section-02-alignment-coastline-water-ilhabela-paulo-brazil-bg-primary.webp,/assets/images/sections/process/compliance/section-02-alignment/compliance-section-02-alignment-coastline-water-ilhabela-paulo-brazil-bg-primary.webp,the wide coastline and water of Ilhabela coastline,the wide coastline and water of Ilhabela coastline.,Background image of the wide coastline and water of Ilhabela coastline for Brazil immigration and relocation planning.
process,/process/compliance/,Compliance,3,section-3-requirements,Requirements,a,assets/images/sections/process/compliance/section-03-requirements,compliance-section-03-requirements-paraty-waterfront-janeiro-southeast-brazil-bg-primary.webp,/assets/images/sections/process/compliance/section-03-requirements/compliance-section-03-requirements-paraty-waterfront-janeiro-southeast-brazil-bg-primary.webp,Paraty,Paraty.,Background image of Paraty for Brazil immigration and relocation planning.
process,/process/compliance/,Compliance,4,section-4-documentation,Documentation,a,assets/images/sections/process/compliance/section-04-documentation,compliance-section-04-documentation-curitiba-skyline-parana-southern-brazil-bg-primary.webp,/assets/images/sections/process/compliance/section-04-documentation/compliance-section-04-documentation-curitiba-skyline-parana-southern-brazil-bg-primary.webp,Curitiba,Curitiba.,Background image of Curitiba for Brazil immigration and relocation planning.
process,/process/compliance/,Compliance,5,section-5-monitoring,Monitoring,a,assets/images/sections/process/compliance/section-05-monitoring,compliance-section-05-monitoring-forests-waters-amazon-northern-brazil-bg-primary.webp,/assets/images/sections/process/compliance/section-05-monitoring/compliance-section-05-monitoring-forests-waters-amazon-northern-brazil-bg-primary.webp,the forests and waters of Amazon river basin,the forests and waters of Amazon river basin.,Background image of the forests and waters of Amazon river basin for Brazil immigration and relocation planning.
process,/process/compliance/,Compliance,6,section-6-obligations,Obligations,a,assets/images/sections/process/compliance/section-06-obligations,compliance-section-06-obligations-district-recife-antigo-pernambuco-brazil-bg-primary.webp,/assets/images/sections/process/compliance/section-06-obligations/compliance-section-06-obligations-district-recife-antigo-pernambuco-brazil-bg-primary.webp,the historic district of Recife Antigo,the historic district of Recife Antigo.,Background image of the historic district of Recife Antigo for Brazil immigration and relocation planning.
process,/process/compliance/,Compliance,7,section-7-risks,Risks,a,assets/images/sections/process/compliance/section-07-risks,compliance-section-07-risks-streets-cathedral-brasilia-modern-brazil-bg-primary.webp,/assets/images/sections/process/compliance/section-07-risks/compliance-section-07-risks-streets-cathedral-brasilia-modern-brazil-bg-primary.webp,the architecture and streets of Cathedral of Brasilia,the architecture and streets of Cathedral of Brasilia.,Background image of the architecture and streets of Cathedral of Brasilia for Brazil immigration and relocation planning.
process,/process/compliance/,Compliance,8,section-8-consistency,Consistency,a,assets/images/sections/process/compliance/section-08-consistency,compliance-section-08-consistency-canyons-aparados-serra-southern-brazil-bg-primary.webp,/assets/images/sections/process/compliance/section-08-consistency/compliance-section-08-consistency-canyons-aparados-serra-southern-brazil-bg-primary.webp,the canyons of Aparados da Serra,the canyons of Aparados da Serra.,Background image of the canyons of Aparados da Serra for Brazil immigration and relocation planning.
process,/process/compliance/,Compliance,9,section-9-control,Control,a,assets/images/sections/process/compliance/section-09-control,compliance-section-09-control-waterfront-skyline-parque-povo-brazil-bg-primary.webp,/assets/images/sections/process/compliance/section-09-control/compliance-section-09-control-waterfront-skyline-parque-povo-brazil-bg-primary.webp,the waterfront and skyline of Parque do Povo in Campina Grande,the waterfront and skyline of Parque do Povo in Campina Grande.,Background image of the waterfront and skyline of Parque do Povo in Campina Grande for Brazil immigration and relocation planning.
process,/process/compliance/,Compliance,10,section-10-outcomes,Outcomes,a,assets/images/sections/process/compliance/section-10-outcomes,compliance-section-10-outcomes-buzios-peninsula-janeiro-beaches-brazil-bg-primary.webp,/assets/images/sections/process/compliance/section-10-outcomes/compliance-section-10-outcomes-buzios-peninsula-janeiro-beaches-brazil-bg-primary.webp,the Buzios peninsula on the coast of Rio de Janeiro state,the Buzios peninsula on the coast of Rio de Janeiro state.,Background image of the Buzios peninsula on the coast of Rio de Janeiro state for Brazil immigration and relocation planning.
process,/process/consultation/,Consultation,1,section-1-purpose,Purpose,a,assets/images/sections/process/consultation/section-01-purpose,consultation-section-01-purpose-fortaleza-beira-coastline-ceara-brazil-bg-primary.webp,/assets/images/sections/process/consultation/section-01-purpose/consultation-section-01-purpose-fortaleza-beira-coastline-ceara-brazil-bg-primary.webp,Fortaleza and the Beira Mar coastline,Fortaleza and the Beira Mar coastline.,Background image of Fortaleza and the Beira Mar coastline for Brazil immigration and relocation planning.
process,/process/consultation/,Consultation,2,section-2-who,Who,a,assets/images/sections/process/consultation/section-02-who,consultation-section-02-who-ipanema-dois-irmaos-janeiro-brazil-bg-primary.webp,/assets/images/sections/process/consultation/section-02-who/consultation-section-02-who-ipanema-dois-irmaos-janeiro-brazil-bg-primary.webp,Ipanema beach with Dois Irmaos in the background,Ipanema beach with Dois Irmaos in the background.,Background image of Ipanema beach with Dois Irmaos in the background for Brazil immigration and relocation planning.
process,/process/consultation/,Consultation,3,section-3-timing,Timing,a,assets/images/sections/process/consultation/section-03-timing,consultation-section-03-timing-natural-iguazu-iguacu-southern-brazil-bg-primary.webp,/assets/images/sections/process/consultation/section-03-timing/consultation-section-03-timing-natural-iguazu-iguacu-southern-brazil-bg-primary.webp,the wide natural landscape of Iguazu Falls on the Brazilian side,the wide natural landscape of Iguazu Falls on the Brazilian side.,Background image of the wide natural landscape of Iguazu Falls on the Brazilian side for Brazil immigration and relocation planning.
process,/process/consultation/,Consultation,4,section-4-format,Format,a,assets/images/sections/process/consultation/section-04-format,consultation-section-04-format-madeira-riverfront-porto-velho-brazil-bg-primary.webp,/assets/images/sections/process/consultation/section-04-format/consultation-section-04-format-madeira-riverfront-porto-velho-brazil-bg-primary.webp,the Madeira riverfront in Porto Velho,the Madeira riverfront in Porto Velho.,Background image of the Madeira riverfront in Porto Velho for Brazil immigration and relocation planning.
process,/process/consultation/,Consultation,5,section-5-scope,Scope,a,assets/images/sections/process/consultation/section-05-scope,consultation-section-05-scope-streets-aguas-emendadas-ecological-brazil-bg-primary.webp,/assets/images/sections/process/consultation/section-05-scope/consultation-section-05-scope-streets-aguas-emendadas-ecological-brazil-bg-primary.webp,the architecture and streets of Aguas Emendadas ecological station,the architecture and streets of Aguas Emendadas ecological station.,Background image of the architecture and streets of Aguas Emendadas ecological station for Brazil immigration and relocation planning.
process,/process/consultation/,Consultation,6,section-6-clarity,Clarity,a,assets/images/sections/process/consultation/section-06-clarity,consultation-section-06-clarity-riverfront-landscapes-marajo-island-brazil-bg-primary.webp,/assets/images/sections/process/consultation/section-06-clarity/consultation-section-06-clarity-riverfront-landscapes-marajo-island-brazil-bg-primary.webp,the riverfront landscapes of Marajo Island,the riverfront landscapes of Marajo Island.,Background image of the riverfront landscapes of Marajo Island for Brazil immigration and relocation planning.
process,/process/consultation/,Consultation,7,section-7-outcomes,Outcomes,a,assets/images/sections/process/consultation/section-07-outcomes,consultation-section-07-outcomes-skyline-waterfront-balneario-camboriu-brazil-bg-primary.webp,/assets/images/sections/process/consultation/section-07-outcomes/consultation-section-07-outcomes-skyline-waterfront-balneario-camboriu-brazil-bg-primary.webp,the skyline and waterfront of Balneario Camboriu,the skyline and waterfront of Balneario Camboriu.,Background image of the skyline and waterfront of Balneario Camboriu for Brazil immigration and relocation planning.
process,/process/consultation/,Consultation,8,section-8-value,Value,a,assets/images/sections/process/consultation/section-08-value,consultation-section-08-value-shoreline-arraial-ajuda-coastline-brazil-bg-primary.webp,/assets/images/sections/process/consultation/section-08-value/consultation-section-08-value-shoreline-arraial-ajuda-coastline-brazil-bg-primary.webp,the shoreline of Arraial d'Ajuda coastline in warm evening light,the shoreline of Arraial d'Ajuda coastline in warm evening light.,Background image of the shoreline of Arraial d'Ajuda coastline in warm evening light for Brazil immigration and relocation planning.
process,/process/consultation/,Consultation,9,section-9-expectations,Expectations,a,assets/images/sections/process/consultation/section-09-expectations,consultation-section-09-expectations-coastline-water-baia-sancho-brazil-bg-primary.webp,/assets/images/sections/process/consultation/section-09-expectations/consultation-section-09-expectations-coastline-water-baia-sancho-brazil-bg-primary.webp,the wide coastline and water of Baia do Sancho in Fernando de Noronha,the wide coastline and water of Baia do Sancho in Fernando de Noronha.,Background image of the wide coastline and water of Baia do Sancho in Fernando de Noronha for Brazil immigration and relocation planning.
process,/process/consultation/,Consultation,10,section-10-next-steps,Next Steps,a,assets/images/sections/process/consultation/section-10-next-steps,consultation-section-10-next-steps-town-campos-jordao-paulo-brazil-bg-primary.webp,/assets/images/sections/process/consultation/section-10-next-steps/consultation-section-10-next-steps-town-campos-jordao-paulo-brazil-bg-primary.webp,the mountain town of Campos do Jordao,the mountain town of Campos do Jordao.,Background image of the mountain town of Campos do Jordao for Brazil immigration and relocation planning.
process,/process/conversion/,Conversion,1,section-1-overview,Overview,a,assets/images/sections/process/conversion/section-01-overview,conversion-section-01-overview-beaches-alter-chao-tapajos-brazil-bg-primary.webp,/assets/images/sections/process/conversion/section-01-overview/conversion-section-01-overview-beaches-alter-chao-tapajos-brazil-bg-primary.webp,the beaches of Alter do Chao on the Tapajos River,the beaches of Alter do Chao on the Tapajos River.,Background image of the beaches of Alter do Chao on the Tapajos River for Brazil immigration and relocation planning.
process,/process/conversion/,Conversion,2,section-2-transition,Transition,a,assets/images/sections/process/conversion/section-02-transition,conversion-section-02-transition-sunrise-chapada-diamantina-bahia-brazil-bg-primary.webp,/assets/images/sections/process/conversion/section-02-transition/conversion-section-02-transition-sunrise-chapada-diamantina-bahia-brazil-bg-primary.webp,the sunrise landscape of Chapada Diamantina,the sunrise landscape of Chapada Diamantina.,Background image of the sunrise landscape of Chapada Diamantina for Brazil immigration and relocation planning.
process,/process/conversion/,Conversion,3,section-3-eligibility,Eligibility,a,assets/images/sections/process/conversion/section-03-eligibility,conversion-section-03-eligibility-waterways-delta-parnaiba-piaui-brazil-bg-primary.webp,/assets/images/sections/process/conversion/section-03-eligibility/conversion-section-03-eligibility-waterways-delta-parnaiba-piaui-brazil-bg-primary.webp,the waterways and dunes of the Delta do Parnaiba,the waterways and dunes of the Delta do Parnaiba.,Background image of the waterways and dunes of the Delta do Parnaiba for Brazil immigration and relocation planning.
process,/process/conversion/,Conversion,4,section-4-timing,Timing,a,assets/images/sections/process/conversion/section-04-timing,conversion-section-04-timing-meeting-negro-solimoes-near-brazil-bg-primary.webp,/assets/images/sections/process/conversion/section-04-timing/conversion-section-04-timing-meeting-negro-solimoes-near-brazil-bg-primary.webp,the meeting of the Rio Negro and Solimoes near Manaus,the meeting of the Rio Negro and Solimoes near Manaus.,Background image of the meeting of the Rio Negro and Solimoes near Manaus for Brazil immigration and relocation planning.
process,/process/conversion/,Conversion,5,section-5-pathways,Pathways,a,assets/images/sections/process/conversion/section-05-pathways,conversion-section-05-pathways-sunrise-delta-parnaiba-piaui-brazil-bg-primary.webp,/assets/images/sections/process/conversion/section-05-pathways/conversion-section-05-pathways-sunrise-delta-parnaiba-piaui-brazil-bg-primary.webp,the sunrise landscape of Delta do Parnaiba,the sunrise landscape of Delta do Parnaiba.,Background image of the sunrise landscape of Delta do Parnaiba for Brazil immigration and relocation planning.
process,/process/conversion/,Conversion,6,section-6-requirements,Requirements,a,assets/images/sections/process/conversion/section-06-requirements,conversion-section-06-requirements-farol-barra-seafront-salvador-brazil-bg-primary.webp,/assets/images/sections/process/conversion/section-06-requirements/conversion-section-06-requirements-farol-barra-seafront-salvador-brazil-bg-primary.webp,Farol da Barra and the seafront of Salvador,Farol da Barra and the seafront of Salvador.,Background image of Farol da Barra and the seafront of Salvador for Brazil immigration and relocation planning.
process,/process/conversion/,Conversion,7,section-7-risks,Risks,a,assets/images/sections/process/conversion/section-07-risks,conversion-section-07-risks-streets-fervedouro-jalapao-tocantins-brazil-bg-primary.webp,/assets/images/sections/process/conversion/section-07-risks/conversion-section-07-risks-streets-fervedouro-jalapao-tocantins-brazil-bg-primary.webp,the architecture and streets of Fervedouro in Jalapao,the architecture and streets of Fervedouro in Jalapao.,Background image of the architecture and streets of Fervedouro in Jalapao for Brazil immigration and relocation planning.
process,/process/conversion/,Conversion,8,section-8-structure,Structure,a,assets/images/sections/process/conversion/section-08-structure,conversion-section-08-structure-trails-cliffs-ibitipoca-minas-brazil-bg-primary.webp,/assets/images/sections/process/conversion/section-08-structure/conversion-section-08-structure-trails-cliffs-ibitipoca-minas-brazil-bg-primary.webp,the trails and cliffs of Ibitipoca,the trails and cliffs of Ibitipoca.,Background image of the trails and cliffs of Ibitipoca for Brazil immigration and relocation planning.
process,/process/conversion/,Conversion,9,section-9-process,Process,a,assets/images/sections/process/conversion/section-09-process,conversion-section-09-process-sunrise-itaimbezinho-canyon-aparados-brazil-bg-primary.webp,/assets/images/sections/process/conversion/section-09-process/conversion-section-09-process-sunrise-itaimbezinho-canyon-aparados-brazil-bg-primary.webp,the sunrise landscape of Itaimbezinho canyon,the sunrise landscape of Itaimbezinho canyon.,Background image of the sunrise landscape of Itaimbezinho canyon for Brazil immigration and relocation planning.
process,/process/conversion/,Conversion,10,section-10-outcomes,Outcomes,a,assets/images/sections/process/conversion/section-10-outcomes,conversion-section-10-outcomes-forests-waters-madeira-porto-brazil-bg-primary.webp,/assets/images/sections/process/conversion/section-10-outcomes/conversion-section-10-outcomes-forests-waters-madeira-porto-brazil-bg-primary.webp,the forests and waters of Madeira river in Porto Velho,the forests and waters of Madeira river in Porto Velho.,Background image of the forests and waters of Madeira river in Porto Velho for Brazil immigration and relocation planning.
process,/process/deadlines/,Deadlines,1,section-1-overview,Overview,a,assets/images/sections/process/deadlines/section-01-overview,deadlines-section-01-overview-forests-waters-meeting-manaus-brazil-bg-primary.webp,/assets/images/sections/process/deadlines/section-01-overview/deadlines-section-01-overview-forests-waters-meeting-manaus-brazil-bg-primary.webp,the forests and waters of Meeting of the Waters in Manaus,the forests and waters of Meeting of the Waters in Manaus.,Background image of the forests and waters of Meeting of the Waters in Manaus for Brazil immigration and relocation planning.
process,/process/deadlines/,Deadlines,2,section-2-timing,Timing,a,assets/images/sections/process/deadlines/section-02-timing,deadlines-section-02-timing-beachfront-museum-contemporary-niteroi-brazil-bg-primary.webp,/assets/images/sections/process/deadlines/section-02-timing/deadlines-section-02-timing-beachfront-museum-contemporary-niteroi-brazil-bg-primary.webp,the beachfront and sea of Museum of Contemporary Art in Niteroi,the beachfront and sea of Museum of Contemporary Art in Niteroi.,Background image of the beachfront and sea of Museum of Contemporary Art in Niteroi for Brazil immigration and relocation planning.
process,/process/deadlines/,Deadlines,3,section-3-windows,Windows,a,assets/images/sections/process/deadlines/section-03-windows,deadlines-section-03-windows-coastline-water-pajucara-waterfront-brazil-bg-primary.webp,/assets/images/sections/process/deadlines/section-03-windows/deadlines-section-03-windows-coastline-water-pajucara-waterfront-brazil-bg-primary.webp,the wide coastline and water of Pajucara waterfront in Maceio,the wide coastline and water of Pajucara waterfront in Maceio.,Background image of the wide coastline and water of Pajucara waterfront in Maceio for Brazil immigration and relocation planning.
process,/process/deadlines/,Deadlines,4,section-4-limits,Limits,a,assets/images/sections/process/deadlines/section-04-limits,deadlines-section-04-limits-island-village-beaches-morro-brazil-bg-primary.webp,/assets/images/sections/process/deadlines/section-04-limits/deadlines-section-04-limits-island-village-beaches-morro-brazil-bg-primary.webp,the island village and beaches of Morro de Sao Paulo,the island village and beaches of Morro de Sao Paulo.,Background image of the island village and beaches of Morro de Sao Paulo for Brazil immigration and relocation planning.
process,/process/deadlines/,Deadlines,5,section-5-tracking,Tracking,a,assets/images/sections/process/deadlines/section-05-tracking,deadlines-section-05-tracking-sunrise-botanical-garden-curitiba-brazil-bg-primary.webp,/assets/images/sections/process/deadlines/section-05-tracking/deadlines-section-05-tracking-sunrise-botanical-garden-curitiba-brazil-bg-primary.webp,the sunrise landscape of Botanical Garden of Curitiba,the sunrise landscape of Botanical Garden of Curitiba.,Background image of the sunrise landscape of Botanical Garden of Curitiba for Brazil immigration and relocation planning.
process,/process/deadlines/,Deadlines,6,section-6-risks,Risks,a,assets/images/sections/process/deadlines/section-06-risks,deadlines-section-06-risks-palacio-alvorada-brasilia-central-brazil-bg-primary.webp,/assets/images/sections/process/deadlines/section-06-risks/deadlines-section-06-risks-palacio-alvorada-brasilia-central-brazil-bg-primary.webp,the Palacio da Alvorada in Brasilia,the Palacio da Alvorada in Brasilia.,Background image of the Palacio da Alvorada in Brasilia for Brazil immigration and relocation planning.
process,/process/deadlines/,Deadlines,7,section-7-delays,Delays,a,assets/images/sections/process/deadlines/section-07-delays,deadlines-section-07-delays-streets-sanctuary-congonhas-minas-brazil-bg-primary.webp,/assets/images/sections/process/deadlines/section-07-delays/deadlines-section-07-delays-streets-sanctuary-congonhas-minas-brazil-bg-primary.webp,the architecture and streets of Sanctuary of Congonhas,the architecture and streets of Sanctuary of Congonhas.,Background image of the architecture and streets of Sanctuary of Congonhas for Brazil immigration and relocation planning.
process,/process/deadlines/,Deadlines,8,section-8-consequences,Consequences,a,assets/images/sections/process/deadlines/section-08-consequences,deadlines-section-08-consequences-shores-lake-paranoa-brasilia-brazil-bg-primary.webp,/assets/images/sections/process/deadlines/section-08-consequences/deadlines-section-08-consequences-shores-lake-paranoa-brasilia-brazil-bg-primary.webp,the shores of Lake Paranoa in Brasilia,the shores of Lake Paranoa in Brasilia.,Background image of the shores of Lake Paranoa in Brasilia for Brazil immigration and relocation planning.
process,/process/deadlines/,Deadlines,9,section-9-planning,Planning,a,assets/images/sections/process/deadlines/section-09-planning,deadlines-section-09-planning-natural-delta-parnaiba-piaui-brazil-bg-primary.webp,/assets/images/sections/process/deadlines/section-09-planning/deadlines-section-09-planning-natural-delta-parnaiba-piaui-brazil-bg-primary.webp,the wide natural landscape of Delta do Parnaiba,the wide natural landscape of Delta do Parnaiba.,Background image of the wide natural landscape of Delta do Parnaiba for Brazil immigration and relocation planning.
process,/process/deadlines/,Deadlines,10,section-10-control,Control,a,assets/images/sections/process/deadlines/section-10-control,deadlines-section-10-control-coastline-water-miguel-milagres-brazil-bg-primary.webp,/assets/images/sections/process/deadlines/section-10-control/deadlines-section-10-control-coastline-water-miguel-milagres-brazil-bg-primary.webp,the wide coastline and water of Sao Miguel dos Milagres,the wide coastline and water of Sao Miguel dos Milagres.,Background image of the wide coastline and water of Sao Miguel dos Milagres for Brazil immigration and relocation planning.
process,/process/failures/,Failures,1,section-1-overview,Overview,a,assets/images/sections/process/failures/section-01-overview,failures-section-01-overview-sunrise-anavilhanas-archipelago-amazonas-brazil-bg-primary.webp,/assets/images/sections/process/failures/section-01-overview/failures-section-01-overview-sunrise-anavilhanas-archipelago-amazonas-brazil-bg-primary.webp,the sunrise landscape of Anavilhanas archipelago,the sunrise landscape of Anavilhanas archipelago.,Background image of the sunrise landscape of Anavilhanas archipelago for Brazil immigration and relocation planning.
process,/process/failures/,Failures,2,section-2-situations,Situations,a,assets/images/sections/process/failures/section-02-situations,failures-section-02-situations-sunrise-negro-palace-manaus-brazil-bg-primary.webp,/assets/images/sections/process/failures/section-02-situations/failures-section-02-situations-sunrise-negro-palace-manaus-brazil-bg-primary.webp,the sunrise landscape of Rio Negro Palace in Manaus,the sunrise landscape of Rio Negro Palace in Manaus.,Background image of the sunrise landscape of Rio Negro Palace in Manaus for Brazil immigration and relocation planning.
process,/process/failures/,Failures,3,section-3-causes,Causes,a,assets/images/sections/process/failures/section-03-causes,failures-section-03-causes-coastline-water-itacare-bahia-brazil-bg-primary.webp,/assets/images/sections/process/failures/section-03-causes/failures-section-03-causes-coastline-water-itacare-bahia-brazil-bg-primary.webp,the wide coastline and water of Itacare coastline,the wide coastline and water of Itacare coastline.,Background image of the wide coastline and water of Itacare coastline for Brazil immigration and relocation planning.
process,/process/failures/,Failures,4,section-4-refusals,Refusals,a,assets/images/sections/process/failures/section-04-refusals,failures-section-04-refusals-coastline-water-arraial-ajuda-brazil-bg-primary.webp,/assets/images/sections/process/failures/section-04-refusals/failures-section-04-refusals-coastline-water-arraial-ajuda-brazil-bg-primary.webp,the wide coastline and water of Arraial d'Ajuda coastline,the wide coastline and water of Arraial d'Ajuda coastline.,Background image of the wide coastline and water of Arraial d'Ajuda coastline for Brazil immigration and relocation planning.
process,/process/failures/,Failures,5,section-5-delays,Delays,a,assets/images/sections/process/failures/section-05-delays,failures-section-05-delays-coastline-water-janeiro-skyline-brazil-bg-primary.webp,/assets/images/sections/process/failures/section-05-delays/failures-section-05-delays-coastline-water-janeiro-skyline-brazil-bg-primary.webp,the wide coastline and water of Rio de Janeiro skyline from Sugarloaf Mountain,the wide coastline and water of Rio de Janeiro skyline from Sugarloaf Mountain.,Background image of the wide coastline and water of Rio de Janeiro skyline from Sugarloaf Mountain for Brazil immigration and relocation planning.
process,/process/failures/,Failures,6,section-6-consequences,Consequences,a,assets/images/sections/process/failures/section-06-consequences,failures-section-06-consequences-fortaleza-canyon-cambara-southern-brazil-bg-primary.webp,/assets/images/sections/process/failures/section-06-consequences/failures-section-06-consequences-fortaleza-canyon-cambara-southern-brazil-bg-primary.webp,the Fortaleza Canyon in Cambara do Sul,the Fortaleza Canyon in Cambara do Sul.,Background image of the Fortaleza Canyon in Cambara do Sul for Brazil immigration and relocation planning.
process,/process/failures/,Failures,7,section-7-recovery,Recovery,a,assets/images/sections/process/failures/section-07-recovery,failures-section-07-recovery-beachfront-cliffs-canoa-quebrada-brazil-bg-primary.webp,/assets/images/sections/process/failures/section-07-recovery/failures-section-07-recovery-beachfront-cliffs-canoa-quebrada-brazil-bg-primary.webp,the beachfront and sea of Cliffs of Canoa Quebrada,the beachfront and sea of Cliffs of Canoa Quebrada.,Background image of the beachfront and sea of Cliffs of Canoa Quebrada for Brazil immigration and relocation planning.
process,/process/failures/,Failures,8,section-8-options,Options,a,assets/images/sections/process/failures/section-08-options,failures-section-08-options-cliffs-shore-morro-branco-brazil-bg-primary.webp,/assets/images/sections/process/failures/section-08-options/failures-section-08-options-cliffs-shore-morro-branco-brazil-bg-primary.webp,the cliffs and shore of Morro Branco,the cliffs and shore of Morro Branco.,Background image of the cliffs and shore of Morro Branco for Brazil immigration and relocation planning.
process,/process/failures/,Failures,9,section-9-progression,Progression,a,assets/images/sections/process/failures/section-09-progression,failures-section-09-progression-museum-tomorrow-janeiro-port-brazil-bg-primary.webp,/assets/images/sections/process/failures/section-09-progression/failures-section-09-progression-museum-tomorrow-janeiro-port-brazil-bg-primary.webp,the Museum of Tomorrow in Rio de Janeiro,the Museum of Tomorrow in Rio de Janeiro.,Background image of the Museum of Tomorrow in Rio de Janeiro for Brazil immigration and relocation planning.
process,/process/failures/,Failures,10,section-10-lessons,Lessons,a,assets/images/sections/process/failures/section-10-lessons,failures-section-10-lessons-riverfront-district-gameleira-branco-brazil-bg-primary.webp,/assets/images/sections/process/failures/section-10-lessons/failures-section-10-lessons-riverfront-district-gameleira-branco-brazil-bg-primary.webp,the riverfront district of Gameleira in Rio Branco,the riverfront district of Gameleira in Rio Branco.,Background image of the riverfront district of Gameleira in Rio Branco for Brazil immigration and relocation planning.
process,/process/fees/,Fees,1,section-1-overview,Overview,a,assets/images/sections/process/fees/section-01-overview,fees-section-01-overview-face-monte-roraima-northern-brazil-bg-primary.webp,/assets/images/sections/process/fees/section-01-overview/fees-section-01-overview-face-monte-roraima-northern-brazil-bg-primary.webp,the Brazilian face of Monte Roraima,the Brazilian face of Monte Roraima.,Background image of the Brazilian face of Monte Roraima for Brazil immigration and relocation planning.
process,/process/fees/,Fees,2,section-2-structure,Structure,a,assets/images/sections/process/fees/section-02-structure,fees-section-02-structure-museum-tomorrow-janeiro-port-brazil-bg-primary.webp,/assets/images/sections/process/fees/section-02-structure/fees-section-02-structure-museum-tomorrow-janeiro-port-brazil-bg-primary.webp,the urban panorama of Museum of Tomorrow in Rio de Janeiro,the urban panorama of Museum of Tomorrow in Rio de Janeiro.,Background image of the urban panorama of Museum of Tomorrow in Rio de Janeiro for Brazil immigration and relocation planning.
process,/process/fees/,Fees,3,section-3-stages,Stages,a,assets/images/sections/process/fees/section-03-stages,fees-section-03-stages-natural-orla-taumanan-roraima-brazil-bg-primary.webp,/assets/images/sections/process/fees/section-03-stages/fees-section-03-stages-natural-orla-taumanan-roraima-brazil-bg-primary.webp,the wide natural landscape of Orla Taumanan in Boa Vista,the wide natural landscape of Orla Taumanan in Boa Vista.,Background image of the wide natural landscape of Orla Taumanan in Boa Vista for Brazil immigration and relocation planning.
process,/process/fees/,Fees,4,section-4-scope,Scope,a,assets/images/sections/process/fees/section-04-scope,fees-section-04-scope-antonina-parana-southern-brazil-bg-primary.webp,/assets/images/sections/process/fees/section-04-scope/fees-section-04-scope-antonina-parana-southern-brazil-bg-primary.webp,the historic center of Antonina,the historic center of Antonina.,Background image of the historic center of Antonina for Brazil immigration and relocation planning.
process,/process/fees/,Fees,5,section-5-value,Value,a,assets/images/sections/process/fees/section-05-value,fees-section-05-value-porto-alegre-skyline-grande-brazil-bg-primary.webp,/assets/images/sections/process/fees/section-05-value/fees-section-05-value-porto-alegre-skyline-grande-brazil-bg-primary.webp,Porto Alegre,Porto Alegre.,Background image of Porto Alegre for Brazil immigration and relocation planning.
process,/process/fees/,Fees,6,section-6-comparison,Comparison,a,assets/images/sections/process/fees/section-06-comparison,fees-section-06-comparison-atlantic-coastline-around-itacare-brazil-bg-primary.webp,/assets/images/sections/process/fees/section-06-comparison/fees-section-06-comparison-atlantic-coastline-around-itacare-brazil-bg-primary.webp,the Atlantic coastline around Itacare,the Atlantic coastline around Itacare.,Background image of the Atlantic coastline around Itacare for Brazil immigration and relocation planning.
process,/process/fees/,Fees,7,section-7-expectations,Expectations,a,assets/images/sections/process/fees/section-07-expectations,fees-section-07-expectations-streets-serra-rastro-santa-brazil-bg-primary.webp,/assets/images/sections/process/fees/section-07-expectations/fees-section-07-expectations-streets-serra-rastro-santa-brazil-bg-primary.webp,the architecture and streets of Serra do Rio do Rastro,the architecture and streets of Serra do Rio do Rastro.,Background image of the architecture and streets of Serra do Rio do Rastro for Brazil immigration and relocation planning.
process,/process/fees/,Fees,8,section-8-payment,Payment,a,assets/images/sections/process/fees/section-08-payment,fees-section-08-payment-amazon-northern-aerial-relocation-brazil-bg-primary.webp,/assets/images/sections/process/fees/section-08-payment/fees-section-08-payment-amazon-northern-aerial-relocation-brazil-bg-primary.webp,Amazon river,Amazon river.,Background image of Amazon river for Brazil immigration and relocation planning.
process,/process/fees/,Fees,9,section-9-clarity,Clarity,a,assets/images/sections/process/fees/section-09-clarity,fees-section-09-clarity-coastline-water-rosa-santa-brazil-bg-primary.webp,/assets/images/sections/process/fees/section-09-clarity/fees-section-09-clarity-coastline-water-rosa-santa-brazil-bg-primary.webp,the wide coastline and water of Praia do Rosa,the wide coastline and water of Praia do Rosa.,Background image of the wide coastline and water of Praia do Rosa for Brazil immigration and relocation planning.
process,/process/fees/,Fees,10,section-10-transparency,Transparency,a,assets/images/sections/process/fees/section-10-transparency,fees-section-10-transparency-iguazu-iguacu-southern-economy-brazil-bg-primary.webp,/assets/images/sections/process/fees/section-10-transparency/fees-section-10-transparency-iguazu-iguacu-southern-economy-brazil-bg-primary.webp,Iguazu Falls,Iguazu Falls.,Background image of Iguazu Falls for Brazil immigration and relocation planning.
process,/process/filing/,Filing,1,section-1-overview,Overview,a,assets/images/sections/process/filing/section-01-overview,filing-section-01-overview-arraial-ajuda-coastline-bahia-brazil-bg-primary.webp,/assets/images/sections/process/filing/section-01-overview/filing-section-01-overview-arraial-ajuda-coastline-bahia-brazil-bg-primary.webp,the coast of Arraial d'Ajuda,the coast of Arraial d'Ajuda.,Background image of the coast of Arraial d'Ajuda for Brazil immigration and relocation planning.
process,/process/filing/,Filing,2,section-2-preparation,Preparation,a,assets/images/sections/process/filing/section-02-preparation,filing-section-02-preparation-curitiba-skyline-parana-southern-brazil-bg-primary.webp,/assets/images/sections/process/filing/section-02-preparation/filing-section-02-preparation-curitiba-skyline-parana-southern-brazil-bg-primary.webp,Curitiba,Curitiba.,Background image of Curitiba for Brazil immigration and relocation planning.
process,/process/filing/,Filing,3,section-3-sequencing,Sequencing,a,assets/images/sections/process/filing/section-03-sequencing,filing-section-03-sequencing-streets-campos-jordao-paulo-brazil-bg-primary.webp,/assets/images/sections/process/filing/section-03-sequencing/filing-section-03-sequencing-streets-campos-jordao-paulo-brazil-bg-primary.webp,the architecture and streets of Campos do Jordao,the architecture and streets of Campos do Jordao.,Background image of the architecture and streets of Campos do Jordao for Brazil immigration and relocation planning.
process,/process/filing/,Filing,4,section-4-submission,Submission,a,assets/images/sections/process/filing/section-04-submission,filing-section-04-submission-coastline-water-buzios-peninsula-brazil-bg-primary.webp,/assets/images/sections/process/filing/section-04-submission/filing-section-04-submission-coastline-water-buzios-peninsula-brazil-bg-primary.webp,the wide coastline and water of Buzios peninsula,the wide coastline and water of Buzios peninsula.,Background image of the wide coastline and water of Buzios peninsula for Brazil immigration and relocation planning.
process,/process/filing/,Filing,5,section-5-structure,Structure,a,assets/images/sections/process/filing/section-05-structure,filing-section-05-structure-cliffs-valleys-chapada-guimaraes-brazil-bg-primary.webp,/assets/images/sections/process/filing/section-05-structure/filing-section-05-structure-cliffs-valleys-chapada-guimaraes-brazil-bg-primary.webp,the cliffs and valleys of Chapada dos Guimaraes,the cliffs and valleys of Chapada dos Guimaraes.,Background image of the cliffs and valleys of Chapada dos Guimaraes for Brazil immigration and relocation planning.
process,/process/filing/,Filing,6,section-6-accuracy,Accuracy,a,assets/images/sections/process/filing/section-06-accuracy,filing-section-06-accuracy-pirenopolis-goias-town-central-brazil-bg-primary.webp,/assets/images/sections/process/filing/section-06-accuracy/filing-section-06-accuracy-pirenopolis-goias-town-central-brazil-bg-primary.webp,the historic center of Pirenopolis,the historic center of Pirenopolis.,Background image of the historic center of Pirenopolis for Brazil immigration and relocation planning.
process,/process/filing/,Filing,7,section-7-coordination,Coordination,a,assets/images/sections/process/filing/section-07-coordination,filing-section-07-coordination-cerrado-emas-goias-central-brazil-bg-primary.webp,/assets/images/sections/process/filing/section-07-coordination/filing-section-07-coordination-cerrado-emas-goias-central-brazil-bg-primary.webp,the cerrado landscape of Emas National Park,the cerrado landscape of Emas National Park.,Background image of the cerrado landscape of Emas National Park for Brazil immigration and relocation planning.
process,/process/filing/,Filing,8,section-8-risks,Risks,a,assets/images/sections/process/filing/section-08-risks,filing-section-08-risks-valleys-plateaus-chapada-diamantina-brazil-bg-primary.webp,/assets/images/sections/process/filing/section-08-risks/filing-section-08-risks-valleys-plateaus-chapada-diamantina-brazil-bg-primary.webp,the valleys and plateaus of Chapada Diamantina,the valleys and plateaus of Chapada Diamantina.,Background image of the valleys and plateaus of Chapada Diamantina for Brazil immigration and relocation planning.
process,/process/filing/,Filing,9,section-9-tracking,Tracking,a,assets/images/sections/process/filing/section-09-tracking,filing-section-09-tracking-natural-emas-goias-cerrado-brazil-bg-primary.webp,/assets/images/sections/process/filing/section-09-tracking/filing-section-09-tracking-natural-emas-goias-cerrado-brazil-bg-primary.webp,the wide natural landscape of Emas National Park,the wide natural landscape of Emas National Park.,Background image of the wide natural landscape of Emas National Park for Brazil immigration and relocation planning.
process,/process/filing/,Filing,10,section-10-outcomes,Outcomes,a,assets/images/sections/process/filing/section-10-outcomes,filing-section-10-outcomes-waterfront-gardens-santos-paulo-brazil-bg-primary.webp,/assets/images/sections/process/filing/section-10-outcomes/filing-section-10-outcomes-waterfront-gardens-santos-paulo-brazil-bg-primary.webp,the waterfront and gardens of Santos,the waterfront and gardens of Santos.,Background image of the waterfront and gardens of Santos for Brazil immigration and relocation planning.
process,/process/mistakes/,Mistakes,1,section-1-overview,Overview,a,assets/images/sections/process/mistakes/section-01-overview,mistakes-section-01-overview-church-carneiros-pernambuco-northeast-brazil-bg-primary.webp,/assets/images/sections/process/mistakes/section-01-overview/mistakes-section-01-overview-church-carneiros-pernambuco-northeast-brazil-bg-primary.webp,the coast and church of Praia dos Carneiros,the coast and church of Praia dos Carneiros.,Background image of the coast and church of Praia dos Carneiros for Brazil immigration and relocation planning.
process,/process/mistakes/,Mistakes,2,section-2-causes,Causes,a,assets/images/sections/process/mistakes/section-02-causes,mistakes-section-02-causes-liberdade-district-paulo-southeast-brazil-bg-primary.webp,/assets/images/sections/process/mistakes/section-02-causes/mistakes-section-02-causes-liberdade-district-paulo-southeast-brazil-bg-primary.webp,the Liberdade district in Sao Paulo,the Liberdade district in Sao Paulo.,Background image of the Liberdade district in Sao Paulo for Brazil immigration and relocation planning.
process,/process/mistakes/,Mistakes,3,section-3-assumptions,Assumptions,a,assets/images/sections/process/mistakes/section-03-assumptions,mistakes-section-03-assumptions-natural-serra-canastra-minas-brazil-bg-primary.webp,/assets/images/sections/process/mistakes/section-03-assumptions/mistakes-section-03-assumptions-natural-serra-canastra-minas-brazil-bg-primary.webp,the wide natural landscape of Serra da Canastra,the wide natural landscape of Serra da Canastra.,Background image of the wide natural landscape of Serra da Canastra for Brazil immigration and relocation planning.
process,/process/mistakes/,Mistakes,4,section-4-timing,Timing,a,assets/images/sections/process/mistakes/section-04-timing,mistakes-section-04-timing-beachfront-orla-atalaia-aracaju-brazil-bg-primary.webp,/assets/images/sections/process/mistakes/section-04-timing/mistakes-section-04-timing-beachfront-orla-atalaia-aracaju-brazil-bg-primary.webp,the beachfront and sea of Orla de Atalaia in Aracaju,the beachfront and sea of Orla de Atalaia in Aracaju.,Background image of the beachfront and sea of Orla de Atalaia in Aracaju for Brazil immigration and relocation planning.
process,/process/mistakes/,Mistakes,5,section-5-missteps,Missteps,a,assets/images/sections/process/mistakes/section-05-missteps,mistakes-section-05-missteps-natural-iguazu-iguacu-southern-brazil-bg-primary.webp,/assets/images/sections/process/mistakes/section-05-missteps/mistakes-section-05-missteps-natural-iguazu-iguacu-southern-brazil-bg-primary.webp,the wide natural landscape of Iguazu Falls on the Brazilian side,the wide natural landscape of Iguazu Falls on the Brazilian side.,Background image of the wide natural landscape of Iguazu Falls on the Brazilian side for Brazil immigration and relocation planning.
process,/process/mistakes/,Mistakes,6,section-6-examples,Examples,a,assets/images/sections/process/mistakes/section-06-examples,mistakes-section-06-examples-coastline-water-ilhabela-paulo-brazil-bg-primary.webp,/assets/images/sections/process/mistakes/section-06-examples/mistakes-section-06-examples-coastline-water-ilhabela-paulo-brazil-bg-primary.webp,the wide coastline and water of Ilhabela coastline,the wide coastline and water of Ilhabela coastline.,Background image of the wide coastline and water of Ilhabela coastline for Brazil immigration and relocation planning.
process,/process/mistakes/,Mistakes,7,section-7-impact,Impact,a,assets/images/sections/process/mistakes/section-07-impact,mistakes-section-07-impact-diamantina-minas-gerais-southeast-brazil-bg-primary.webp,/assets/images/sections/process/mistakes/section-07-impact/mistakes-section-07-impact-diamantina-minas-gerais-southeast-brazil-bg-primary.webp,the colonial center of Diamantina,the colonial center of Diamantina.,Background image of the colonial center of Diamantina for Brazil immigration and relocation planning.
process,/process/mistakes/,Mistakes,8,section-8-correction,Correction,a,assets/images/sections/process/mistakes/section-08-correction,mistakes-section-08-correction-highland-views-morro-igreja-brazil-bg-primary.webp,/assets/images/sections/process/mistakes/section-08-correction/mistakes-section-08-correction-highland-views-morro-igreja-brazil-bg-primary.webp,the highland views from Morro da Igreja,the highland views from Morro da Igreja.,Background image of the highland views from Morro da Igreja for Brazil immigration and relocation planning.
process,/process/mistakes/,Mistakes,9,section-9-prevention,Prevention,a,assets/images/sections/process/mistakes/section-09-prevention,mistakes-section-09-prevention-baia-sancho-fernando-noronha-brazil-bg-primary.webp,/assets/images/sections/process/mistakes/section-09-prevention/mistakes-section-09-prevention-baia-sancho-fernando-noronha-brazil-bg-primary.webp,Baia do Sancho in Fernando de Noronha,Baia do Sancho in Fernando de Noronha.,Background image of Baia do Sancho in Fernando de Noronha for Brazil immigration and relocation planning.
process,/process/mistakes/,Mistakes,10,section-10-lessons,Lessons,a,assets/images/sections/process/mistakes/section-10-lessons,mistakes-section-10-lessons-buzios-peninsula-janeiro-beaches-brazil-bg-primary.webp,/assets/images/sections/process/mistakes/section-10-lessons/mistakes-section-10-lessons-buzios-peninsula-janeiro-beaches-brazil-bg-primary.webp,the Buzios peninsula on the coast of Rio de Janeiro state,the Buzios peninsula on the coast of Rio de Janeiro state.,Background image of the Buzios peninsula on the coast of Rio de Janeiro state for Brazil immigration and relocation planning.
process,/process/naturalisation/,Naturalisation,1,section-1-overview,Overview,a,assets/images/sections/process/naturalisation/section-01-overview,naturalisation-section-01-overview-fortaleza-beira-coastline-ceara-brazil-bg-primary.webp,/assets/images/sections/process/naturalisation/section-01-overview/naturalisation-section-01-overview-fortaleza-beira-coastline-ceara-brazil-bg-primary.webp,Fortaleza and the Beira Mar coastline,Fortaleza and the Beira Mar coastline.,Background image of Fortaleza and the Beira Mar coastline for Brazil immigration and relocation planning.
process,/process/naturalisation/,Naturalisation,2,section-2-eligibility,Eligibility,a,assets/images/sections/process/naturalisation/section-02-eligibility,naturalisation-section-02-eligibility-rock-formations-parks-serra-brazil-bg-primary.webp,/assets/images/sections/process/naturalisation/section-02-eligibility/naturalisation-section-02-eligibility-rock-formations-parks-serra-brazil-bg-primary.webp,the rock formations and parks of Serra da Capivara,the rock formations and parks of Serra da Capivara.,Background image of the rock formations and parks of Serra da Capivara for Brazil immigration and relocation planning.
process,/process/naturalisation/,Naturalisation,3,section-3-pathway,Pathway,a,assets/images/sections/process/naturalisation/section-03-pathway,naturalisation-section-03-pathway-streets-facades-goias-velho-brazil-bg-primary.webp,/assets/images/sections/process/naturalisation/section-03-pathway/naturalisation-section-03-pathway-streets-facades-goias-velho-brazil-bg-primary.webp,the historic streets and facades of Historic center of Goias,the historic streets and facades of Historic center of Goias.,Background image of the historic streets and facades of Historic center of Goias for Brazil immigration and relocation planning.
process,/process/naturalisation/,Naturalisation,4,section-4-requirements,Requirements,a,assets/images/sections/process/naturalisation/section-04-requirements,naturalisation-section-04-requirements-pampulha-architectural-belo-horizonte-brazil-bg-primary.webp,/assets/images/sections/process/naturalisation/section-04-requirements/naturalisation-section-04-requirements-pampulha-architectural-belo-horizonte-brazil-bg-primary.webp,the Pampulha architectural complex in Belo Horizonte,the Pampulha architectural complex in Belo Horizonte.,Background image of the Pampulha architectural complex in Belo Horizonte for Brazil immigration and relocation planning.
process,/process/naturalisation/,Naturalisation,5,section-5-timeline,Timeline,a,assets/images/sections/process/naturalisation/section-05-timeline,naturalisation-section-05-timeline-madeira-riverfront-porto-velho-brazil-bg-primary.webp,/assets/images/sections/process/naturalisation/section-05-timeline/naturalisation-section-05-timeline-madeira-riverfront-porto-velho-brazil-bg-primary.webp,the Madeira riverfront in Porto Velho,the Madeira riverfront in Porto Velho.,Background image of the Madeira riverfront in Porto Velho for Brazil immigration and relocation planning.
process,/process/naturalisation/,Naturalisation,6,section-6-process,Process,a,assets/images/sections/process/naturalisation/section-06-process,naturalisation-section-06-process-indigenous-nations-campo-grande-brazil-bg-primary.webp,/assets/images/sections/process/naturalisation/section-06-process/naturalisation-section-06-process-indigenous-nations-campo-grande-brazil-bg-primary.webp,the Park of Indigenous Nations in Campo Grande,the Park of Indigenous Nations in Campo Grande.,Background image of the Park of Indigenous Nations in Campo Grande for Brazil immigration and relocation planning.
process,/process/naturalisation/,Naturalisation,7,section-7-benefits,Benefits,a,assets/images/sections/process/naturalisation/section-07-benefits,naturalisation-section-07-benefits-colorful-quadrado-trancoso-bahia-brazil-bg-primary.webp,/assets/images/sections/process/naturalisation/section-07-benefits/naturalisation-section-07-benefits-colorful-quadrado-trancoso-bahia-brazil-bg-primary.webp,the colorful Quadrado of Trancoso,the colorful Quadrado of Trancoso.,Background image of the colorful Quadrado of Trancoso for Brazil immigration and relocation planning.
process,/process/naturalisation/,Naturalisation,8,section-8-considerations,Considerations,a,assets/images/sections/process/naturalisation/section-08-considerations,naturalisation-section-08-considerations-brasilia-monumental-axis-central-brazil-bg-primary.webp,/assets/images/sections/process/naturalisation/section-08-considerations/naturalisation-section-08-considerations-brasilia-monumental-axis-central-brazil-bg-primary.webp,Brasilia,Brasilia.,Background image of Brasilia for Brazil immigration and relocation planning.
process,/process/naturalisation/,Naturalisation,9,section-9-outcomes,Outcomes,a,assets/images/sections/process/naturalisation/section-09-outcomes,naturalisation-section-09-outcomes-gardens-contemporary-pavilions-inhotim-brazil-bg-primary.webp,/assets/images/sections/process/naturalisation/section-09-outcomes/naturalisation-section-09-outcomes-gardens-contemporary-pavilions-inhotim-brazil-bg-primary.webp,the gardens and contemporary art pavilions of Inhotim,the gardens and contemporary art pavilions of Inhotim.,Background image of the gardens and contemporary art pavilions of Inhotim for Brazil immigration and relocation planning.
process,/process/naturalisation/,Naturalisation,10,section-10-future,Future,a,assets/images/sections/process/naturalisation/section-10-future,naturalisation-section-10-future-niteroi-contemporary-museum-over-brazil-bg-primary.webp,/assets/images/sections/process/naturalisation/section-10-future/naturalisation-section-10-future-niteroi-contemporary-museum-over-brazil-bg-primary.webp,the Niteroi Contemporary Art Museum over Guanabara Bay,the Niteroi Contemporary Art Museum over Guanabara Bay.,Background image of the Niteroi Contemporary Art Museum over Guanabara Bay for Brazil immigration and relocation planning.
process,/process/obligations/,Obligations,1,section-1-overview,Overview,a,assets/images/sections/process/obligations/section-01-overview,obligations-section-01-overview-coastline-coves-ilha-grande-brazil-bg-primary.webp,/assets/images/sections/process/obligations/section-01-overview/obligations-section-01-overview-coastline-coves-ilha-grande-brazil-bg-primary.webp,the coastline and coves of Ilha Grande,the coastline and coves of Ilha Grande.,Background image of the coastline and coves of Ilha Grande for Brazil immigration and relocation planning.
process,/process/obligations/,Obligations,2,section-2-duties,Duties,a,assets/images/sections/process/obligations/section-02-duties,obligations-section-02-duties-beaches-alter-chao-tapajos-brazil-bg-primary.webp,/assets/images/sections/process/obligations/section-02-duties/obligations-section-02-duties-beaches-alter-chao-tapajos-brazil-bg-primary.webp,the beaches of Alter do Chao on the Tapajos River,the beaches of Alter do Chao on the Tapajos River.,Background image of the beaches of Alter do Chao on the Tapajos River for Brazil immigration and relocation planning.
process,/process/obligations/,Obligations,3,section-3-compliance,Compliance,a,assets/images/sections/process/obligations/section-03-compliance,obligations-section-03-compliance-cathedral-town-canela-grande-brazil-bg-primary.webp,/assets/images/sections/process/obligations/section-03-compliance/obligations-section-03-compliance-cathedral-town-canela-grande-brazil-bg-primary.webp,the cathedral and town center of Canela,the cathedral and town center of Canela.,Background image of the cathedral and town center of Canela for Brazil immigration and relocation planning.
process,/process/obligations/,Obligations,4,section-4-reporting,Reporting,a,assets/images/sections/process/obligations/section-04-reporting,obligations-section-04-reporting-manaus-amazonas-northern-mission-brazil-bg-primary.webp,/assets/images/sections/process/obligations/section-04-reporting/obligations-section-04-reporting-manaus-amazonas-northern-mission-brazil-bg-primary.webp,Manaus,Manaus.,Background image of Manaus for Brazil immigration and relocation planning.
process,/process/obligations/,Obligations,5,section-5-maintenance,Maintenance,a,assets/images/sections/process/obligations/section-05-maintenance,obligations-section-05-maintenance-sunrise-chapada-diamantina-bahia-brazil-bg-primary.webp,/assets/images/sections/process/obligations/section-05-maintenance/obligations-section-05-maintenance-sunrise-chapada-diamantina-bahia-brazil-bg-primary.webp,the sunrise landscape of Chapada Diamantina,the sunrise landscape of Chapada Diamantina.,Background image of the sunrise landscape of Chapada Diamantina for Brazil immigration and relocation planning.
process,/process/obligations/,Obligations,6,section-6-timelines,Timelines,a,assets/images/sections/process/obligations/section-06-timelines,obligations-section-06-timelines-sunrise-delta-parnaiba-piaui-brazil-bg-primary.webp,/assets/images/sections/process/obligations/section-06-timelines/obligations-section-06-timelines-sunrise-delta-parnaiba-piaui-brazil-bg-primary.webp,the sunrise landscape of Delta do Parnaiba,the sunrise landscape of Delta do Parnaiba.,Background image of the sunrise landscape of Delta do Parnaiba for Brazil immigration and relocation planning.
process,/process/obligations/,Obligations,7,section-7-requirements,Requirements,a,assets/images/sections/process/obligations/section-07-requirements,obligations-section-07-requirements-coastline-water-baia-sancho-brazil-bg-primary.webp,/assets/images/sections/process/obligations/section-07-requirements/obligations-section-07-requirements-coastline-water-baia-sancho-brazil-bg-primary.webp,the wide coastline and water of Baia do Sancho in Fernando de Noronha,the wide coastline and water of Baia do Sancho in Fernando de Noronha.,Background image of the wide coastline and water of Baia do Sancho in Fernando de Noronha for Brazil immigration and relocation planning.
process,/process/obligations/,Obligations,8,section-8-risks,Risks,a,assets/images/sections/process/obligations/section-08-risks,obligations-section-08-risks-avenida-paulista-paulo-avenue-brazil-bg-primary.webp,/assets/images/sections/process/obligations/section-08-risks/obligations-section-08-risks-avenida-paulista-paulo-avenue-brazil-bg-primary.webp,Avenida Paulista in Sao Paulo,Avenida Paulista in Sao Paulo.,Background image of Avenida Paulista in Sao Paulo for Brazil immigration and relocation planning.
process,/process/obligations/,Obligations,9,section-9-continuity,Continuity,a,assets/images/sections/process/obligations/section-09-continuity,obligations-section-09-continuity-town-campos-jordao-paulo-brazil-bg-primary.webp,/assets/images/sections/process/obligations/section-09-continuity/obligations-section-09-continuity-town-campos-jordao-paulo-brazil-bg-primary.webp,the mountain town of Campos do Jordao,the mountain town of Campos do Jordao.,Background image of the mountain town of Campos do Jordao for Brazil immigration and relocation planning.
process,/process/obligations/,Obligations,10,section-10-accountability,Accountability,a,assets/images/sections/process/obligations/section-10-accountability,obligations-section-10-accountability-petropolis-imperial-museum-district-brazil-bg-primary.webp,/assets/images/sections/process/obligations/section-10-accountability/obligations-section-10-accountability-petropolis-imperial-museum-district-brazil-bg-primary.webp,Petropolis and the imperial museum district,Petropolis and the imperial museum district.,Background image of Petropolis and the imperial museum district for Brazil immigration and relocation planning.
process,/process/permanent/,Permanent,1,section-1-overview,Overview,a,assets/images/sections/process/permanent/section-01-overview,permanent-section-01-overview-coastline-water-pajucara-waterfront-brazil-bg-primary.webp,/assets/images/sections/process/permanent/section-01-overview/permanent-section-01-overview-coastline-water-pajucara-waterfront-brazil-bg-primary.webp,the wide coastline and water of Pajucara waterfront in Maceio,the wide coastline and water of Pajucara waterfront in Maceio.,Background image of the wide coastline and water of Pajucara waterfront in Maceio for Brazil immigration and relocation planning.
process,/process/permanent/,Permanent,2,section-2-eligibility,Eligibility,a,assets/images/sections/process/permanent/section-02-eligibility,permanent-section-02-eligibility-island-village-beaches-morro-brazil-bg-primary.webp,/assets/images/sections/process/permanent/section-02-eligibility/permanent-section-02-eligibility-island-village-beaches-morro-brazil-bg-primary.webp,the island village and beaches of Morro de Sao Paulo,the island village and beaches of Morro de Sao Paulo.,Background image of the island village and beaches of Morro de Sao Paulo for Brazil immigration and relocation planning.
process,/process/permanent/,Permanent,3,section-3-pathway,Pathway,a,assets/images/sections/process/permanent/section-03-pathway,permanent-section-03-pathway-coastline-water-miguel-milagres-brazil-bg-primary.webp,/assets/images/sections/process/permanent/section-03-pathway/permanent-section-03-pathway-coastline-water-miguel-milagres-brazil-bg-primary.webp,the wide coastline and water of Sao Miguel dos Milagres,the wide coastline and water of Sao Miguel dos Milagres.,Background image of the wide coastline and water of Sao Miguel dos Milagres for Brazil immigration and relocation planning.
process,/process/permanent/,Permanent,4,section-4-requirements,Requirements,a,assets/images/sections/process/permanent/section-04-requirements,permanent-section-04-requirements-coastline-rosa-santa-catarina-brazil-bg-primary.webp,/assets/images/sections/process/permanent/section-04-requirements/permanent-section-04-requirements-coastline-rosa-santa-catarina-brazil-bg-primary.webp,the bay and coastline of Praia do Rosa,the bay and coastline of Praia do Rosa.,Background image of the bay and coastline of Praia do Rosa for Brazil immigration and relocation planning.
process,/process/permanent/,Permanent,5,section-5-benefits,Benefits,a,assets/images/sections/process/permanent/section-05-benefits,permanent-section-05-benefits-sunrise-anavilhanas-archipelago-amazonas-brazil-bg-primary.webp,/assets/images/sections/process/permanent/section-05-benefits/permanent-section-05-benefits-sunrise-anavilhanas-archipelago-amazonas-brazil-bg-primary.webp,the sunrise landscape of Anavilhanas archipelago,the sunrise landscape of Anavilhanas archipelago.,Background image of the sunrise landscape of Anavilhanas archipelago for Brazil immigration and relocation planning.
process,/process/permanent/,Permanent,6,section-6-limitations,Limitations,a,assets/images/sections/process/permanent/section-06-limitations,permanent-section-06-limitations-clear-springs-jalapao-fervedouro-brazil-bg-primary.webp,/assets/images/sections/process/permanent/section-06-limitations/permanent-section-06-limitations-clear-springs-jalapao-fervedouro-brazil-bg-primary.webp,the clear springs of Jalapao,the clear springs of Jalapao.,Background image of the clear springs of Jalapao for Brazil immigration and relocation planning.
process,/process/permanent/,Permanent,7,section-7-timeline,Timeline,a,assets/images/sections/process/permanent/section-07-timeline,permanent-section-07-timeline-meeting-waters-near-santarem-brazil-bg-primary.webp,/assets/images/sections/process/permanent/section-07-timeline/permanent-section-07-timeline-meeting-waters-near-santarem-brazil-bg-primary.webp,the meeting of waters near Santarem,the meeting of waters near Santarem.,Background image of the meeting of waters near Santarem for Brazil immigration and relocation planning.
process,/process/permanent/,Permanent,8,section-8-progression,Progression,a,assets/images/sections/process/permanent/section-08-progression,permanent-section-08-progression-sunrise-chapada-guimaraes-mato-brazil-bg-primary.webp,/assets/images/sections/process/permanent/section-08-progression/permanent-section-08-progression-sunrise-chapada-guimaraes-mato-brazil-bg-primary.webp,the sunrise landscape of Chapada dos Guimaraes,the sunrise landscape of Chapada dos Guimaraes.,Background image of the sunrise landscape of Chapada dos Guimaraes for Brazil immigration and relocation planning.
process,/process/permanent/,Permanent,9,section-9-status,Status,a,assets/images/sections/process/permanent/section-09-status,permanent-section-09-status-lencois-maranhenses-maranhao-sand-brazil-bg-primary.webp,/assets/images/sections/process/permanent/section-09-status/permanent-section-09-status-lencois-maranhenses-maranhao-sand-brazil-bg-primary.webp,Lençois Maranhenses,Lençois Maranhenses.,Background image of Lençois Maranhenses for Brazil immigration and relocation planning.
process,/process/permanent/,Permanent,10,section-10-outcomes,Outcomes,a,assets/images/sections/process/permanent/section-10-outcomes,permanent-section-10-outcomes-amazon-northern-aerial-relocation-brazil-bg-primary.webp,/assets/images/sections/process/permanent/section-10-outcomes/permanent-section-10-outcomes-amazon-northern-aerial-relocation-brazil-bg-primary.webp,Amazon river,Amazon river.,Background image of Amazon river for Brazil immigration and relocation planning.
process,/process/planning/,Planning,1,section-1-overview,Overview,a,assets/images/sections/process/planning/section-01-overview,planning-section-01-overview-porto-alegre-skyline-grande-brazil-bg-primary.webp,/assets/images/sections/process/planning/section-01-overview/planning-section-01-overview-porto-alegre-skyline-grande-brazil-bg-primary.webp,Porto Alegre,Porto Alegre.,Background image of Porto Alegre for Brazil immigration and relocation planning.
process,/process/planning/,Planning,2,section-2-goals,Goals,a,assets/images/sections/process/planning/section-02-goals,planning-section-02-goals-natural-pools-maragogi-alagoas-brazil-bg-primary.webp,/assets/images/sections/process/planning/section-02-goals/planning-section-02-goals-natural-pools-maragogi-alagoas-brazil-bg-primary.webp,the natural pools of Maragogi,the natural pools of Maragogi.,Background image of the natural pools of Maragogi for Brazil immigration and relocation planning.
process,/process/planning/,Planning,3,section-3-pathways,Pathways,a,assets/images/sections/process/planning/section-03-pathways,planning-section-03-pathways-pantanal-mato-grosso-central-brazil-bg-primary.webp,/assets/images/sections/process/planning/section-03-pathways/planning-section-03-pathways-pantanal-mato-grosso-central-brazil-bg-primary.webp,Pantanal,Pantanal.,Background image of Pantanal for Brazil immigration and relocation planning.
process,/process/planning/,Planning,4,section-4-structure,Structure,a,assets/images/sections/process/planning/section-04-structure,planning-section-04-structure-cliffs-shore-morro-branco-brazil-bg-primary.webp,/assets/images/sections/process/planning/section-04-structure/planning-section-04-structure-cliffs-shore-morro-branco-brazil-bg-primary.webp,the cliffs and shore of Morro Branco,the cliffs and shore of Morro Branco.,Background image of the cliffs and shore of Morro Branco for Brazil immigration and relocation planning.
process,/process/planning/,Planning,5,section-5-timing,Timing,a,assets/images/sections/process/planning/section-05-timing,planning-section-05-timing-ponta-negra-riverfront-manaus-brazil-bg-primary.webp,/assets/images/sections/process/planning/section-05-timing/planning-section-05-timing-ponta-negra-riverfront-manaus-brazil-bg-primary.webp,the Ponta Negra riverfront in Manaus,the Ponta Negra riverfront in Manaus.,Background image of the Ponta Negra riverfront in Manaus for Brazil immigration and relocation planning.
process,/process/planning/,Planning,6,section-6-sequencing,Sequencing,a,assets/images/sections/process/planning/section-06-sequencing,planning-section-06-sequencing-sunrise-aparados-serra-canyons-brazil-bg-primary.webp,/assets/images/sections/process/planning/section-06-sequencing/planning-section-06-sequencing-sunrise-aparados-serra-canyons-brazil-bg-primary.webp,the sunrise landscape of Aparados da Serra,the sunrise landscape of Aparados da Serra.,Background image of the sunrise landscape of Aparados da Serra for Brazil immigration and relocation planning.
process,/process/planning/,Planning,7,section-7-alignment,Alignment,a,assets/images/sections/process/planning/section-07-alignment,planning-section-07-alignment-atlantic-coastline-around-itacare-brazil-bg-primary.webp,/assets/images/sections/process/planning/section-07-alignment/planning-section-07-alignment-atlantic-coastline-around-itacare-brazil-bg-primary.webp,the Atlantic coastline around Itacare,the Atlantic coastline around Itacare.,Background image of the Atlantic coastline around Itacare for Brazil immigration and relocation planning.
process,/process/planning/,Planning,8,section-8-strategy,Strategy,a,assets/images/sections/process/planning/section-08-strategy,planning-section-08-strategy-sunrise-amazonas-manaus-northern-brazil-bg-primary.webp,/assets/images/sections/process/planning/section-08-strategy/planning-section-08-strategy-sunrise-amazonas-manaus-northern-brazil-bg-primary.webp,the sunrise landscape of Teatro Amazonas in Manaus,the sunrise landscape of Teatro Amazonas in Manaus.,Background image of the sunrise landscape of Teatro Amazonas in Manaus for Brazil immigration and relocation planning.
process,/process/planning/,Planning,9,section-9-progression,Progression,a,assets/images/sections/process/planning/section-09-progression,planning-section-09-progression-shoreline-janeiro-skyline-sugarloaf-brazil-bg-primary.webp,/assets/images/sections/process/planning/section-09-progression/planning-section-09-progression-shoreline-janeiro-skyline-sugarloaf-brazil-bg-primary.webp,the shoreline of Rio de Janeiro skyline from Sugarloaf Mountain in warm evening light,the shoreline of Rio de Janeiro skyline from Sugarloaf Mountain in warm evening light.,Background image of the shoreline of Rio de Janeiro skyline from Sugarloaf Mountain in warm evening light for Brazil immigration and relocation planning.
process,/process/planning/,Planning,10,section-10-outcomes,Outcomes,a,assets/images/sections/process/planning/section-10-outcomes,planning-section-10-outcomes-canyons-aparados-serra-southern-brazil-bg-primary.webp,/assets/images/sections/process/planning/section-10-outcomes/planning-section-10-outcomes-canyons-aparados-serra-southern-brazil-bg-primary.webp,the canyons of Aparados da Serra,the canyons of Aparados da Serra.,Background image of the canyons of Aparados da Serra for Brazil immigration and relocation planning.
process,/process/refund/,Refund,1,section-1-overview,Overview,a,assets/images/sections/process/refund/section-01-overview,refund-section-01-overview-fortaleza-beira-coastline-ceara-brazil-bg-primary.webp,/assets/images/sections/process/refund/section-01-overview/refund-section-01-overview-fortaleza-beira-coastline-ceara-brazil-bg-primary.webp,Fortaleza and the Beira Mar coastline,Fortaleza and the Beira Mar coastline.,Background image of Fortaleza and the Beira Mar coastline for Brazil immigration and relocation planning.
process,/process/refund/,Refund,2,section-2-conditions,Conditions,a,assets/images/sections/process/refund/section-02-conditions,refund-section-02-conditions-island-coastline-ilhabela-paulo-brazil-bg-primary.webp,/assets/images/sections/process/refund/section-02-conditions/refund-section-02-conditions-island-coastline-ilhabela-paulo-brazil-bg-primary.webp,the island coastline of Ilhabela,the island coastline of Ilhabela.,Background image of the island coastline of Ilhabela for Brazil immigration and relocation planning.
process,/process/refund/,Refund,3,section-3-eligibility,Eligibility,a,assets/images/sections/process/refund/section-03-eligibility,refund-section-03-eligibility-paraty-waterfront-janeiro-southeast-brazil-bg-primary.webp,/assets/images/sections/process/refund/section-03-eligibility/refund-section-03-eligibility-paraty-waterfront-janeiro-southeast-brazil-bg-primary.webp,Paraty,Paraty.,Background image of Paraty for Brazil immigration and relocation planning.
process,/process/refund/,Refund,4,section-4-stages,Stages,a,assets/images/sections/process/refund/section-04-stages,refund-section-04-stages-brasilia-monumental-axis-central-brazil-bg-primary.webp,/assets/images/sections/process/refund/section-04-stages/refund-section-04-stages-brasilia-monumental-axis-central-brazil-bg-primary.webp,the urban panorama of National Congress in Brasilia,the urban panorama of National Congress in Brasilia.,Background image of the urban panorama of National Congress in Brasilia for Brazil immigration and relocation planning.
process,/process/refund/,Refund,5,section-5-limitations,Limitations,a,assets/images/sections/process/refund/section-05-limitations,refund-section-05-limitations-clear-waters-lagoa-azul-brazil-bg-primary.webp,/assets/images/sections/process/refund/section-05-limitations/refund-section-05-limitations-clear-waters-lagoa-azul-brazil-bg-primary.webp,the clear waters of Lagoa Azul in Nobres,the clear waters of Lagoa Azul in Nobres.,Background image of the clear waters of Lagoa Azul in Nobres for Brazil immigration and relocation planning.
process,/process/refund/,Refund,6,section-6-fairness,Fairness,a,assets/images/sections/process/refund/section-06-fairness,refund-section-06-fairness-beachfront-cliffs-canoa-quebrada-brazil-bg-primary.webp,/assets/images/sections/process/refund/section-06-fairness/refund-section-06-fairness-beachfront-cliffs-canoa-quebrada-brazil-bg-primary.webp,the beachfront and sea of Cliffs of Canoa Quebrada,the beachfront and sea of Cliffs of Canoa Quebrada.,Background image of the beachfront and sea of Cliffs of Canoa Quebrada for Brazil immigration and relocation planning.
process,/process/refund/,Refund,7,section-7-process,Process,a,assets/images/sections/process/refund/section-07-process,refund-section-07-process-madeira-riverfront-porto-velho-brazil-bg-primary.webp,/assets/images/sections/process/refund/section-07-process/refund-section-07-process-madeira-riverfront-porto-velho-brazil-bg-primary.webp,the Madeira riverfront in Porto Velho,the Madeira riverfront in Porto Velho.,Background image of the Madeira riverfront in Porto Velho for Brazil immigration and relocation planning.
process,/process/refund/,Refund,8,section-8-review,Review,a,assets/images/sections/process/refund/section-08-review,refund-section-08-review-riverfront-landscapes-marajo-island-brazil-bg-primary.webp,/assets/images/sections/process/refund/section-08-review/refund-section-08-review-riverfront-landscapes-marajo-island-brazil-bg-primary.webp,the riverfront landscapes of Marajo Island,the riverfront landscapes of Marajo Island.,Background image of the riverfront landscapes of Marajo Island for Brazil immigration and relocation planning.
process,/process/refund/,Refund,9,section-9-timelines,Timelines,a,assets/images/sections/process/refund/section-09-timelines,refund-section-09-timelines-brasilia-monumental-axis-central-brazil-bg-primary.webp,/assets/images/sections/process/refund/section-09-timelines/refund-section-09-timelines-brasilia-monumental-axis-central-brazil-bg-primary.webp,Brasilia,Brasilia.,Background image of Brasilia for Brazil immigration and relocation planning.
process,/process/refund/,Refund,10,section-10-resolution,Resolution,a,assets/images/sections/process/refund/section-10-resolution,refund-section-10-resolution-colorful-quadrado-trancoso-bahia-brazil-bg-primary.webp,/assets/images/sections/process/refund/section-10-resolution/refund-section-10-resolution-colorful-quadrado-trancoso-bahia-brazil-bg-primary.webp,the colorful Quadrado of Trancoso,the colorful Quadrado of Trancoso.,Background image of the colorful Quadrado of Trancoso for Brazil immigration and relocation planning.
process,/process/regularization/,Regularization,1,section-1-overview,Overview,a,assets/images/sections/process/regularization/section-01-overview,regularization-section-01-overview-paulo-skyline-avenida-paulista-brazil-bg-primary.webp,/assets/images/sections/process/regularization/section-01-overview/regularization-section-01-overview-paulo-skyline-avenida-paulista-brazil-bg-primary.webp,Sao Paulo,Sao Paulo.,Background image of Sao Paulo for Brazil immigration and relocation planning.
process,/process/regularization/,Regularization,2,section-2-situations,Situations,a,assets/images/sections/process/regularization/section-02-situations,regularization-section-02-situations-district-recife-antigo-pernambuco-brazil-bg-primary.webp,/assets/images/sections/process/regularization/section-02-situations/regularization-section-02-situations-district-recife-antigo-pernambuco-brazil-bg-primary.webp,the historic district of Recife Antigo,the historic district of Recife Antigo.,Background image of the historic district of Recife Antigo for Brazil immigration and relocation planning.
process,/process/regularization/,Regularization,3,section-3-causes,Causes,a,assets/images/sections/process/regularization/section-03-causes,regularization-section-03-causes-beaches-lighthouse-ilha-parana-brazil-bg-primary.webp,/assets/images/sections/process/regularization/section-03-causes/regularization-section-03-causes-beaches-lighthouse-ilha-parana-brazil-bg-primary.webp,the beaches and lighthouse of Ilha do Mel,the beaches and lighthouse of Ilha do Mel.,Background image of the beaches and lighthouse of Ilha do Mel for Brazil immigration and relocation planning.
process,/process/regularization/,Regularization,4,section-4-options,Options,a,assets/images/sections/process/regularization/section-04-options,regularization-section-04-options-cabo-branco-seafront-joao-brazil-bg-primary.webp,/assets/images/sections/process/regularization/section-04-options/regularization-section-04-options-cabo-branco-seafront-joao-brazil-bg-primary.webp,the Cabo Branco seafront in Joao Pessoa,the Cabo Branco seafront in Joao Pessoa.,Background image of the Cabo Branco seafront in Joao Pessoa for Brazil immigration and relocation planning.
process,/process/regularization/,Regularization,5,section-5-correction,Correction,a,assets/images/sections/process/regularization/section-05-correction,regularization-section-05-correction-shoreline-balneario-camboriu-skyline-brazil-bg-primary.webp,/assets/images/sections/process/regularization/section-05-correction/regularization-section-05-correction-shoreline-balneario-camboriu-skyline-brazil-bg-primary.webp,the shoreline of Balneario Camboriu skyline in warm evening light,the shoreline of Balneario Camboriu skyline in warm evening light.,Background image of the shoreline of Balneario Camboriu skyline in warm evening light for Brazil immigration and relocation planning.
process,/process/regularization/,Regularization,6,section-6-legal,Legal,a,assets/images/sections/process/regularization/section-06-legal,regularization-section-06-legal-skyline-civic-spaces-bridge-brazil-bg-primary.webp,/assets/images/sections/process/regularization/section-06-legal/regularization-section-06-legal-skyline-civic-spaces-bridge-brazil-bg-primary.webp,the skyline and civic spaces of JK Bridge in Brasilia,the skyline and civic spaces of JK Bridge in Brasilia.,Background image of the skyline and civic spaces of JK Bridge in Brasilia for Brazil immigration and relocation planning.
process,/process/regularization/,Regularization,7,section-7-process,Process,a,assets/images/sections/process/regularization/section-07-process,regularization-section-07-process-forests-waters-chapada-guimaraes-brazil-bg-primary.webp,/assets/images/sections/process/regularization/section-07-process/regularization-section-07-process-forests-waters-chapada-guimaraes-brazil-bg-primary.webp,the forests and waters of Chapada dos Guimaraes,the forests and waters of Chapada dos Guimaraes.,Background image of the forests and waters of Chapada dos Guimaraes for Brazil immigration and relocation planning.
process,/process/regularization/,Regularization,8,section-8-risks,Risks,a,assets/images/sections/process/regularization/section-08-risks,regularization-section-08-risks-streets-aguas-emendadas-ecological-brazil-bg-primary.webp,/assets/images/sections/process/regularization/section-08-risks/regularization-section-08-risks-streets-aguas-emendadas-ecological-brazil-bg-primary.webp,the architecture and streets of Aguas Emendadas ecological station,the architecture and streets of Aguas Emendadas ecological station.,Background image of the architecture and streets of Aguas Emendadas ecological station for Brazil immigration and relocation planning.
process,/process/regularization/,Regularization,9,section-9-outcomes,Outcomes,a,assets/images/sections/process/regularization/section-09-outcomes,regularization-section-09-outcomes-guaiba-waterfront-porto-alegre-brazil-bg-primary.webp,/assets/images/sections/process/regularization/section-09-outcomes/regularization-section-09-outcomes-guaiba-waterfront-porto-alegre-brazil-bg-primary.webp,the Guaiba waterfront in Porto Alegre,the Guaiba waterfront in Porto Alegre.,Background image of the Guaiba waterfront in Porto Alegre for Brazil immigration and relocation planning.
process,/process/regularization/,Regularization,10,section-10-recovery,Recovery,a,assets/images/sections/process/regularization/section-10-recovery,regularization-section-10-recovery-coastline-atlantic-ubatuba-paulo-brazil-bg-primary.webp,/assets/images/sections/process/regularization/section-10-recovery/regularization-section-10-recovery-coastline-atlantic-ubatuba-paulo-brazil-bg-primary.webp,the coastline and Atlantic forest of Ubatuba,the coastline and Atlantic forest of Ubatuba.,Background image of the coastline and Atlantic forest of Ubatuba for Brazil immigration and relocation planning.
process,/process/renewal/,Renewal,1,section-1-overview,Overview,a,assets/images/sections/process/renewal/section-01-overview,renewal-section-01-overview-town-campos-jordao-paulo-brazil-bg-primary.webp,/assets/images/sections/process/renewal/section-01-overview/renewal-section-01-overview-town-campos-jordao-paulo-brazil-bg-primary.webp,the mountain town of Campos do Jordao,the mountain town of Campos do Jordao.,Background image of the mountain town of Campos do Jordao for Brazil immigration and relocation planning.
process,/process/renewal/,Renewal,2,section-2-timing,Timing,a,assets/images/sections/process/renewal/section-02-timing,renewal-section-02-timing-waterways-delta-parnaiba-piaui-brazil-bg-primary.webp,/assets/images/sections/process/renewal/section-02-timing/renewal-section-02-timing-waterways-delta-parnaiba-piaui-brazil-bg-primary.webp,the waterways and dunes of the Delta do Parnaiba,the waterways and dunes of the Delta do Parnaiba.,Background image of the waterways and dunes of the Delta do Parnaiba for Brazil immigration and relocation planning.
process,/process/renewal/,Renewal,3,section-3-requirements,Requirements,a,assets/images/sections/process/renewal/section-03-requirements,renewal-section-03-requirements-shoreline-bombinhas-peninsula-warm-brazil-bg-primary.webp,/assets/images/sections/process/renewal/section-03-requirements/renewal-section-03-requirements-shoreline-bombinhas-peninsula-warm-brazil-bg-primary.webp,the shoreline of Bombinhas peninsula in warm evening light,the shoreline of Bombinhas peninsula in warm evening light.,Background image of the shoreline of Bombinhas peninsula in warm evening light for Brazil immigration and relocation planning.
process,/process/renewal/,Renewal,4,section-4-preparation,Preparation,a,assets/images/sections/process/renewal/section-04-preparation,renewal-section-04-preparation-sunrise-chapada-diamantina-bahia-brazil-bg-primary.webp,/assets/images/sections/process/renewal/section-04-preparation/renewal-section-04-preparation-sunrise-chapada-diamantina-bahia-brazil-bg-primary.webp,the sunrise landscape of Chapada Diamantina,the sunrise landscape of Chapada Diamantina.,Background image of the sunrise landscape of Chapada Diamantina for Brazil immigration and relocation planning.
process,/process/renewal/,Renewal,5,section-5-continuity,Continuity,a,assets/images/sections/process/renewal/section-05-continuity,renewal-section-05-continuity-farol-barra-seafront-salvador-brazil-bg-primary.webp,/assets/images/sections/process/renewal/section-05-continuity/renewal-section-05-continuity-farol-barra-seafront-salvador-brazil-bg-primary.webp,Farol da Barra and the seafront of Salvador,Farol da Barra and the seafront of Salvador.,Background image of Farol da Barra and the seafront of Salvador for Brazil immigration and relocation planning.
process,/process/renewal/,Renewal,6,section-6-risks,Risks,a,assets/images/sections/process/renewal/section-06-risks,renewal-section-06-risks-forests-waters-orla-taumanan-brazil-bg-primary.webp,/assets/images/sections/process/renewal/section-06-risks/renewal-section-06-risks-forests-waters-orla-taumanan-brazil-bg-primary.webp,the forests and waters of Orla Taumanan in Boa Vista,the forests and waters of Orla Taumanan in Boa Vista.,Background image of the forests and waters of Orla Taumanan in Boa Vista for Brazil immigration and relocation planning.
process,/process/renewal/,Renewal,7,section-7-delays,Delays,a,assets/images/sections/process/renewal/section-07-delays,renewal-section-07-delays-facades-joao-minas-gerais-brazil-bg-primary.webp,/assets/images/sections/process/renewal/section-07-delays/renewal-section-07-delays-facades-joao-minas-gerais-brazil-bg-primary.webp,the heritage facades of Sao Joao del Rei,the heritage facades of Sao Joao del Rei.,Background image of the heritage facades of Sao Joao del Rei for Brazil immigration and relocation planning.
process,/process/renewal/,Renewal,8,section-8-process,Process,a,assets/images/sections/process/renewal/section-08-process,renewal-section-08-process-streets-sanctuary-congonhas-minas-brazil-bg-primary.webp,/assets/images/sections/process/renewal/section-08-process/renewal-section-08-process-streets-sanctuary-congonhas-minas-brazil-bg-primary.webp,the architecture and streets of Sanctuary of Congonhas,the architecture and streets of Sanctuary of Congonhas.,Background image of the architecture and streets of Sanctuary of Congonhas for Brazil immigration and relocation planning.
process,/process/renewal/,Renewal,9,section-9-outcomes,Outcomes,a,assets/images/sections/process/renewal/section-09-outcomes,renewal-section-09-outcomes-forests-waters-meeting-manaus-brazil-bg-primary.webp,/assets/images/sections/process/renewal/section-09-outcomes/renewal-section-09-outcomes-forests-waters-meeting-manaus-brazil-bg-primary.webp,the forests and waters of Meeting of the Waters in Manaus,the forests and waters of Meeting of the Waters in Manaus.,Background image of the forests and waters of Meeting of the Waters in Manaus for Brazil immigration and relocation planning.
process,/process/renewal/,Renewal,10,section-10-planning,Planning,a,assets/images/sections/process/renewal/section-10-planning,renewal-section-10-planning-pampulha-belo-horizonte-minas-brazil-bg-primary.webp,/assets/images/sections/process/renewal/section-10-planning/renewal-section-10-planning-pampulha-belo-horizonte-minas-brazil-bg-primary.webp,the urban panorama of Pampulha in Belo Horizonte,the urban panorama of Pampulha in Belo Horizonte.,Background image of the urban panorama of Pampulha in Belo Horizonte for Brazil immigration and relocation planning.
process,/process/responsibilities/,Responsibilities,1,section-1-overview,Overview,a,assets/images/sections/process/responsibilities/section-01-overview,responsibilities-section-01-overview-sunrise-delta-parnaiba-piaui-brazil-bg-primary.webp,/assets/images/sections/process/responsibilities/section-01-overview/responsibilities-section-01-overview-sunrise-delta-parnaiba-piaui-brazil-bg-primary.webp,the sunrise landscape of Delta do Parnaiba,the sunrise landscape of Delta do Parnaiba.,Background image of the sunrise landscape of Delta do Parnaiba for Brazil immigration and relocation planning.
process,/process/responsibilities/,Responsibilities,2,section-2-roles,Roles,a,assets/images/sections/process/responsibilities/section-02-roles,responsibilities-section-02-roles-beachfront-museum-contemporary-niteroi-brazil-bg-primary.webp,/assets/images/sections/process/responsibilities/section-02-roles/responsibilities-section-02-roles-beachfront-museum-contemporary-niteroi-brazil-bg-primary.webp,the beachfront and sea of Museum of Contemporary Art in Niteroi,the beachfront and sea of Museum of Contemporary Art in Niteroi.,Background image of the beachfront and sea of Museum of Contemporary Art in Niteroi for Brazil immigration and relocation planning.
process,/process/responsibilities/,Responsibilities,3,section-3-client,Client,a,assets/images/sections/process/responsibilities/section-03-client,responsibilities-section-03-client-forests-waters-madeira-porto-brazil-bg-primary.webp,/assets/images/sections/process/responsibilities/section-03-client/responsibilities-section-03-client-forests-waters-madeira-porto-brazil-bg-primary.webp,the forests and waters of Madeira river in Porto Velho,the forests and waters of Madeira river in Porto Velho.,Background image of the forests and waters of Madeira river in Porto Velho for Brazil immigration and relocation planning.
process,/process/responsibilities/,Responsibilities,4,section-4-provider,Provider,a,assets/images/sections/process/responsibilities/section-04-provider,responsibilities-section-04-provider-sunrise-itaimbezinho-canyon-aparados-brazil-bg-primary.webp,/assets/images/sections/process/responsibilities/section-04-provider/responsibilities-section-04-provider-sunrise-itaimbezinho-canyon-aparados-brazil-bg-primary.webp,the sunrise landscape of Itaimbezinho canyon,the sunrise landscape of Itaimbezinho canyon.,Background image of the sunrise landscape of Itaimbezinho canyon for Brazil immigration and relocation planning.
process,/process/responsibilities/,Responsibilities,5,section-5-cooperation,Cooperation,a,assets/images/sections/process/responsibilities/section-05-cooperation,responsibilities-section-05-cooperation-coastline-water-pajucara-waterfront-brazil-bg-primary.webp,/assets/images/sections/process/responsibilities/section-05-cooperation/responsibilities-section-05-cooperation-coastline-water-pajucara-waterfront-brazil-bg-primary.webp,the wide coastline and water of Pajucara waterfront in Maceio,the wide coastline and water of Pajucara waterfront in Maceio.,Background image of the wide coastline and water of Pajucara waterfront in Maceio for Brazil immigration and relocation planning.
process,/process/responsibilities/,Responsibilities,6,section-6-accuracy,Accuracy,a,assets/images/sections/process/responsibilities/section-06-accuracy,responsibilities-section-06-accuracy-island-village-beaches-morro-brazil-bg-primary.webp,/assets/images/sections/process/responsibilities/section-06-accuracy/responsibilities-section-06-accuracy-island-village-beaches-morro-brazil-bg-primary.webp,the island village and beaches of Morro de Sao Paulo,the island village and beaches of Morro de Sao Paulo.,Background image of the island village and beaches of Morro de Sao Paulo for Brazil immigration and relocation planning.
process,/process/responsibilities/,Responsibilities,7,section-7-timing,Timing,a,assets/images/sections/process/responsibilities/section-07-timing,responsibilities-section-07-timing-amazon-northern-aerial-relocation-brazil-bg-primary.webp,/assets/images/sections/process/responsibilities/section-07-timing/responsibilities-section-07-timing-amazon-northern-aerial-relocation-brazil-bg-primary.webp,Amazon river,Amazon river.,Background image of Amazon river for Brazil immigration and relocation planning.
process,/process/responsibilities/,Responsibilities,8,section-8-communication,Communication,a,assets/images/sections/process/responsibilities/section-08-communication,responsibilities-section-08-communication-meeting-waters-near-santarem-brazil-bg-primary.webp,/assets/images/sections/process/responsibilities/section-08-communication/responsibilities-section-08-communication-meeting-waters-near-santarem-brazil-bg-primary.webp,the meeting of waters near Santarem,the meeting of waters near Santarem.,Background image of the meeting of waters near Santarem for Brazil immigration and relocation planning.
process,/process/responsibilities/,Responsibilities,9,section-9-accountability,Accountability,a,assets/images/sections/process/responsibilities/section-09-accountability,responsibilities-section-09-accountability-coastline-water-carneiros-pernambuco-brazil-bg-primary.webp,/assets/images/sections/process/responsibilities/section-09-accountability/responsibilities-section-09-accountability-coastline-water-carneiros-pernambuco-brazil-bg-primary.webp,the wide coastline and water of Praia dos Carneiros,the wide coastline and water of Praia dos Carneiros.,Background image of the wide coastline and water of Praia dos Carneiros for Brazil immigration and relocation planning.
process,/process/responsibilities/,Responsibilities,10,section-10-alignment,Alignment,a,assets/images/sections/process/responsibilities/section-10-alignment,responsibilities-section-10-alignment-florianopolis-coastline-brava-atlantic-brazil-bg-primary.webp,/assets/images/sections/process/responsibilities/section-10-alignment/responsibilities-section-10-alignment-florianopolis-coastline-brava-atlantic-brazil-bg-primary.webp,Florianopolis,Florianopolis.,Background image of Florianopolis for Brazil immigration and relocation planning.
process,/process/rights/,Rights,1,section-1-overview,Overview,a,assets/images/sections/process/rights/section-01-overview,rights-section-01-overview-pantanal-mato-grosso-central-brazil-bg-primary.webp,/assets/images/sections/process/rights/section-01-overview/rights-section-01-overview-pantanal-mato-grosso-central-brazil-bg-primary.webp,Pantanal,Pantanal.,Background image of Pantanal for Brazil immigration and relocation planning.
process,/process/rights/,Rights,2,section-2-protections,Protections,a,assets/images/sections/process/rights/section-02-protections,rights-section-02-protections-iguazu-iguacu-southern-economy-brazil-bg-primary.webp,/assets/images/sections/process/rights/section-02-protections/rights-section-02-protections-iguazu-iguacu-southern-economy-brazil-bg-primary.webp,Iguazu Falls,Iguazu Falls.,Background image of Iguazu Falls for Brazil immigration and relocation planning.
process,/process/rights/,Rights,3,section-3-access,Access,a,assets/images/sections/process/rights/section-03-access,rights-section-03-access-waterfront-skyline-aguas-emendadas-brazil-bg-primary.webp,/assets/images/sections/process/rights/section-03-access/rights-section-03-access-waterfront-skyline-aguas-emendadas-brazil-bg-primary.webp,the waterfront and skyline of Aguas Emendadas ecological station,the waterfront and skyline of Aguas Emendadas ecological station.,Background image of the waterfront and skyline of Aguas Emendadas ecological station for Brazil immigration and relocation planning.
process,/process/rights/,Rights,4,section-4-process,Process,a,assets/images/sections/process/rights/section-04-process,rights-section-04-process-natural-iguazu-iguacu-southern-brazil-bg-primary.webp,/assets/images/sections/process/rights/section-04-process/rights-section-04-process-natural-iguazu-iguacu-southern-brazil-bg-primary.webp,the wide natural landscape of Iguazu Falls on the Brazilian side,the wide natural landscape of Iguazu Falls on the Brazilian side.,Background image of the wide natural landscape of Iguazu Falls on the Brazilian side for Brazil immigration and relocation planning.
process,/process/rights/,Rights,5,section-5-status,Status,a,assets/images/sections/process/rights/section-05-status,rights-section-05-status-sunrise-amazonas-manaus-northern-brazil-bg-primary.webp,/assets/images/sections/process/rights/section-05-status/rights-section-05-status-sunrise-amazonas-manaus-northern-brazil-bg-primary.webp,the sunrise landscape of Teatro Amazonas in Manaus,the sunrise landscape of Teatro Amazonas in Manaus.,Background image of the sunrise landscape of Teatro Amazonas in Manaus for Brazil immigration and relocation planning.
process,/process/rights/,Rights,6,section-6-entitlements,Entitlements,a,assets/images/sections/process/rights/section-06-entitlements,rights-section-06-entitlements-natural-botanical-garden-curitiba-brazil-bg-primary.webp,/assets/images/sections/process/rights/section-06-entitlements/rights-section-06-entitlements-natural-botanical-garden-curitiba-brazil-bg-primary.webp,the wide natural landscape of Botanical Garden of Curitiba,the wide natural landscape of Botanical Garden of Curitiba.,Background image of the wide natural landscape of Botanical Garden of Curitiba for Brazil immigration and relocation planning.
process,/process/rights/,Rights,7,section-7-limitations,Limitations,a,assets/images/sections/process/rights/section-07-limitations,rights-section-07-limitations-cerrado-aguas-emendadas-ecological-brazil-bg-primary.webp,/assets/images/sections/process/rights/section-07-limitations/rights-section-07-limitations-cerrado-aguas-emendadas-ecological-brazil-bg-primary.webp,the cerrado landscape of Aguas Emendadas,the cerrado landscape of Aguas Emendadas.,Background image of the cerrado landscape of Aguas Emendadas for Brazil immigration and relocation planning.
process,/process/rights/,Rights,8,section-8-awareness,Awareness,a,assets/images/sections/process/rights/section-08-awareness,rights-section-08-awareness-paraty-waterfront-janeiro-southeast-brazil-bg-primary.webp,/assets/images/sections/process/rights/section-08-awareness/rights-section-08-awareness-paraty-waterfront-janeiro-southeast-brazil-bg-primary.webp,Paraty,Paraty.,Background image of Paraty for Brazil immigration and relocation planning.
process,/process/rights/,Rights,9,section-9-application,Application,a,assets/images/sections/process/rights/section-09-application,rights-section-09-application-waterfront-skyline-parque-povo-brazil-bg-primary.webp,/assets/images/sections/process/rights/section-09-application/rights-section-09-application-waterfront-skyline-parque-povo-brazil-bg-primary.webp,the waterfront and skyline of Parque do Povo in Campina Grande,the waterfront and skyline of Parque do Povo in Campina Grande.,Background image of the waterfront and skyline of Parque do Povo in Campina Grande for Brazil immigration and relocation planning.
process,/process/rights/,Rights,10,section-10-confidence,Confidence,a,assets/images/sections/process/rights/section-10-confidence,rights-section-10-confidence-vitoria-bayfront-espirito-santo-brazil-bg-primary.webp,/assets/images/sections/process/rights/section-10-confidence/rights-section-10-confidence-vitoria-bayfront-espirito-santo-brazil-bg-primary.webp,Vitoria and the bayfront of Espirito Santo,Vitoria and the bayfront of Espirito Santo.,Background image of Vitoria and the bayfront of Espirito Santo for Brazil immigration and relocation planning.
process,/process/strategy/,Strategy,1,section-1-overview,Overview,a,assets/images/sections/process/strategy/section-01-overview,strategy-section-01-overview-salvador-pelourinho-bahia-northeast-brazil-bg-primary.webp,/assets/images/sections/process/strategy/section-01-overview/strategy-section-01-overview-salvador-pelourinho-bahia-northeast-brazil-bg-primary.webp,Salvador,Salvador.,Background image of Salvador for Brazil immigration and relocation planning.
process,/process/strategy/,Strategy,2,section-2-pathways,Pathways,a,assets/images/sections/process/strategy/section-02-pathways,strategy-section-02-pathways-coastline-water-janeiro-skyline-brazil-bg-primary.webp,/assets/images/sections/process/strategy/section-02-pathways/strategy-section-02-pathways-coastline-water-janeiro-skyline-brazil-bg-primary.webp,the wide coastline and water of Rio de Janeiro skyline from Sugarloaf Mountain,the wide coastline and water of Rio de Janeiro skyline from Sugarloaf Mountain.,Background image of the wide coastline and water of Rio de Janeiro skyline from Sugarloaf Mountain for Brazil immigration and relocation planning.
process,/process/strategy/,Strategy,3,section-3-options,Options,a,assets/images/sections/process/strategy/section-03-options,strategy-section-03-options-copacabana-waterfront-promenade-janeiro-brazil-bg-primary.webp,/assets/images/sections/process/strategy/section-03-options/strategy-section-03-options-copacabana-waterfront-promenade-janeiro-brazil-bg-primary.webp,Copacabana beach and the Rio waterfront,Copacabana beach and the Rio waterfront.,Background image of Copacabana beach and the Rio waterfront for Brazil immigration and relocation planning.
process,/process/strategy/,Strategy,4,section-4-selection,Selection,a,assets/images/sections/process/strategy/section-04-selection,strategy-section-04-selection-fortaleza-beira-coastline-ceara-brazil-bg-primary.webp,/assets/images/sections/process/strategy/section-04-selection/strategy-section-04-selection-fortaleza-beira-coastline-ceara-brazil-bg-primary.webp,Fortaleza and the Beira Mar coastline,Fortaleza and the Beira Mar coastline.,Background image of Fortaleza and the Beira Mar coastline for Brazil immigration and relocation planning.
process,/process/strategy/,Strategy,5,section-5-alignment,Alignment,a,assets/images/sections/process/strategy/section-05-alignment,strategy-section-05-alignment-district-recife-antigo-pernambuco-brazil-bg-primary.webp,/assets/images/sections/process/strategy/section-05-alignment/strategy-section-05-alignment-district-recife-antigo-pernambuco-brazil-bg-primary.webp,the historic district of Recife Antigo,the historic district of Recife Antigo.,Background image of the historic district of Recife Antigo for Brazil immigration and relocation planning.
process,/process/strategy/,Strategy,6,section-6-timing,Timing,a,assets/images/sections/process/strategy/section-06-timing,strategy-section-06-timing-sanctuary-sculptures-congonhas-minas-brazil-bg-primary.webp,/assets/images/sections/process/strategy/section-06-timing/strategy-section-06-timing-sanctuary-sculptures-congonhas-minas-brazil-bg-primary.webp,the sanctuary and sculptures of Congonhas,the sanctuary and sculptures of Congonhas.,Background image of the sanctuary and sculptures of Congonhas for Brazil immigration and relocation planning.
process,/process/strategy/,Strategy,7,section-7-structure,Structure,a,assets/images/sections/process/strategy/section-07-structure,strategy-section-07-structure-road-serra-rastro-santa-brazil-bg-primary.webp,/assets/images/sections/process/strategy/section-07-structure/strategy-section-07-structure-road-serra-rastro-santa-brazil-bg-primary.webp,the mountain road of Serra do Rio do Rastro,the mountain road of Serra do Rio do Rastro.,Background image of the mountain road of Serra do Rio do Rastro for Brazil immigration and relocation planning.
process,/process/strategy/,Strategy,8,section-8-planning,Planning,a,assets/images/sections/process/strategy/section-08-planning,strategy-section-08-planning-bridge-over-lake-paranoa-brazil-bg-primary.webp,/assets/images/sections/process/strategy/section-08-planning/strategy-section-08-planning-bridge-over-lake-paranoa-brazil-bg-primary.webp,the JK Bridge over Lake Paranoa,the JK Bridge over Lake Paranoa.,Background image of the JK Bridge over Lake Paranoa for Brazil immigration and relocation planning.
process,/process/strategy/,Strategy,9,section-9-comparison,Comparison,a,assets/images/sections/process/strategy/section-09-comparison,strategy-section-09-comparison-beaches-alter-chao-tapajos-brazil-bg-primary.webp,/assets/images/sections/process/strategy/section-09-comparison/strategy-section-09-comparison-beaches-alter-chao-tapajos-brazil-bg-primary.webp,the beaches of Alter do Chao on the Tapajos River,the beaches of Alter do Chao on the Tapajos River.,Background image of the beaches of Alter do Chao on the Tapajos River for Brazil immigration and relocation planning.
process,/process/strategy/,Strategy,10,section-10-direction,Direction,a,assets/images/sections/process/strategy/section-10-direction,strategy-section-10-direction-beaches-lighthouse-ilha-parana-brazil-bg-primary.webp,/assets/images/sections/process/strategy/section-10-direction/strategy-section-10-direction-beaches-lighthouse-ilha-parana-brazil-bg-primary.webp,the beaches and lighthouse of Ilha do Mel,the beaches and lighthouse of Ilha do Mel.,Background image of the beaches and lighthouse of Ilha do Mel for Brazil immigration and relocation planning.
process,/process/timeline/,Timeline,1,section-1-overview,Overview,a,assets/images/sections/process/timeline/section-01-overview,timeline-section-01-overview-guaiba-waterfront-porto-alegre-brazil-bg-primary.webp,/assets/images/sections/process/timeline/section-01-overview/timeline-section-01-overview-guaiba-waterfront-porto-alegre-brazil-bg-primary.webp,the Guaiba waterfront in Porto Alegre,the Guaiba waterfront in Porto Alegre.,Background image of the Guaiba waterfront in Porto Alegre for Brazil immigration and relocation planning.
process,/process/timeline/,Timeline,2,section-2-factors,Factors,a,assets/images/sections/process/timeline/section-02-factors,timeline-section-02-factors-coastline-coves-ilha-grande-brazil-bg-primary.webp,/assets/images/sections/process/timeline/section-02-factors/timeline-section-02-factors-coastline-coves-ilha-grande-brazil-bg-primary.webp,the coastline and coves of Ilha Grande,the coastline and coves of Ilha Grande.,Background image of the coastline and coves of Ilha Grande for Brazil immigration and relocation planning.
process,/process/timeline/,Timeline,3,section-3-stages,Stages,a,assets/images/sections/process/timeline/section-03-stages,timeline-section-03-stages-cathedral-town-canela-grande-brazil-bg-primary.webp,/assets/images/sections/process/timeline/section-03-stages/timeline-section-03-stages-cathedral-town-canela-grande-brazil-bg-primary.webp,the cathedral and town center of Canela,the cathedral and town center of Canela.,Background image of the cathedral and town center of Canela for Brazil immigration and relocation planning.
process,/process/timeline/,Timeline,4,section-4-variability,Variability,a,assets/images/sections/process/timeline/section-04-variability,timeline-section-04-variability-genipabu-near-natal-grande-brazil-bg-primary.webp,/assets/images/sections/process/timeline/section-04-variability/timeline-section-04-variability-genipabu-near-natal-grande-brazil-bg-primary.webp,the Genipabu dunes near Natal,the Genipabu dunes near Natal.,Background image of the Genipabu dunes near Natal for Brazil immigration and relocation planning.
process,/process/timeline/,Timeline,5,section-5-expectations,Expectations,a,assets/images/sections/process/timeline/section-05-expectations,timeline-section-05-expectations-iguazu-iguacu-southern-economy-brazil-bg-primary.webp,/assets/images/sections/process/timeline/section-05-expectations/timeline-section-05-expectations-iguazu-iguacu-southern-economy-brazil-bg-primary.webp,Iguazu Falls,Iguazu Falls.,Background image of Iguazu Falls for Brazil immigration and relocation planning.
process,/process/timeline/,Timeline,6,section-6-delays,Delays,a,assets/images/sections/process/timeline/section-06-delays,timeline-section-06-delays-island-village-beaches-morro-brazil-bg-primary.webp,/assets/images/sections/process/timeline/section-06-delays/timeline-section-06-delays-island-village-beaches-morro-brazil-bg-primary.webp,the island village and beaches of Morro de Sao Paulo,the island village and beaches of Morro de Sao Paulo.,Background image of the island village and beaches of Morro de Sao Paulo for Brazil immigration and relocation planning.
process,/process/timeline/,Timeline,7,section-7-control,Control,a,assets/images/sections/process/timeline/section-07-control,timeline-section-07-control-town-campos-jordao-paulo-brazil-bg-primary.webp,/assets/images/sections/process/timeline/section-07-control/timeline-section-07-control-town-campos-jordao-paulo-brazil-bg-primary.webp,the mountain town of Campos do Jordao,the mountain town of Campos do Jordao.,Background image of the mountain town of Campos do Jordao for Brazil immigration and relocation planning.
process,/process/timeline/,Timeline,8,section-8-planning,Planning,a,assets/images/sections/process/timeline/section-08-planning,timeline-section-08-planning-brasilia-monumental-axis-central-brazil-bg-primary.webp,/assets/images/sections/process/timeline/section-08-planning/timeline-section-08-planning-brasilia-monumental-axis-central-brazil-bg-primary.webp,Brasilia,Brasilia.,Background image of Brasilia for Brazil immigration and relocation planning.
process,/process/timeline/,Timeline,9,section-9-progression,Progression,a,assets/images/sections/process/timeline/section-09-progression,timeline-section-09-progression-shoreline-estacao-docas-belem-brazil-bg-primary.webp,/assets/images/sections/process/timeline/section-09-progression/timeline-section-09-progression-shoreline-estacao-docas-belem-brazil-bg-primary.webp,the shoreline of Estacao das Docas in Belem in warm evening light,the shoreline of Estacao das Docas in Belem in warm evening light.,Background image of the shoreline of Estacao das Docas in Belem in warm evening light for Brazil immigration and relocation planning.
process,/process/timeline/,Timeline,10,section-10-outcomes,Outcomes,a,assets/images/sections/process/timeline/section-10-outcomes,timeline-section-10-outcomes-farol-barra-seafront-salvador-brazil-bg-primary.webp,/assets/images/sections/process/timeline/section-10-outcomes/timeline-section-10-outcomes-farol-barra-seafront-salvador-brazil-bg-primary.webp,Farol da Barra and the seafront of Salvador,Farol da Barra and the seafront of Salvador.,Background image of Farol da Barra and the seafront of Salvador for Brazil immigration and relocation planning.
process,/process/transparency/,Transparency,1,section-1-overview,Overview,a,assets/images/sections/process/transparency/section-01-overview,transparency-section-01-overview-waterways-delta-parnaiba-piaui-brazil-bg-primary.webp,/assets/images/sections/process/transparency/section-01-overview/transparency-section-01-overview-waterways-delta-parnaiba-piaui-brazil-bg-primary.webp,the waterways and dunes of the Delta do Parnaiba,the waterways and dunes of the Delta do Parnaiba.,Background image of the waterways and dunes of the Delta do Parnaiba for Brazil immigration and relocation planning.
process,/process/transparency/,Transparency,2,section-2-communication,Communication,a,assets/images/sections/process/transparency/section-02-communication,transparency-section-02-communication-shoreline-buzios-peninsula-warm-brazil-bg-primary.webp,/assets/images/sections/process/transparency/section-02-communication/transparency-section-02-communication-shoreline-buzios-peninsula-warm-brazil-bg-primary.webp,the shoreline of Buzios peninsula in warm evening light,the shoreline of Buzios peninsula in warm evening light.,Background image of the shoreline of Buzios peninsula in warm evening light for Brazil immigration and relocation planning.
process,/process/transparency/,Transparency,3,section-3-clarity,Clarity,a,assets/images/sections/process/transparency/section-03-clarity,transparency-section-03-clarity-lencois-maranhenses-maranhao-sand-brazil-bg-primary.webp,/assets/images/sections/process/transparency/section-03-clarity/transparency-section-03-clarity-lencois-maranhenses-maranhao-sand-brazil-bg-primary.webp,Lençois Maranhenses,Lençois Maranhenses.,Background image of Lençois Maranhenses for Brazil immigration and relocation planning.
process,/process/transparency/,Transparency,4,section-4-expectations,Expectations,a,assets/images/sections/process/transparency/section-04-expectations,transparency-section-04-expectations-beachfront-museum-contemporary-niteroi-brazil-bg-primary.webp,/assets/images/sections/process/transparency/section-04-expectations/transparency-section-04-expectations-beachfront-museum-contemporary-niteroi-brazil-bg-primary.webp,the beachfront and sea of Museum of Contemporary Art in Niteroi,the beachfront and sea of Museum of Contemporary Art in Niteroi.,Background image of the beachfront and sea of Museum of Contemporary Art in Niteroi for Brazil immigration and relocation planning.
process,/process/transparency/,Transparency,5,section-5-limits,Limits,a,assets/images/sections/process/transparency/section-05-limits,transparency-section-05-limits-ouro-preto-minas-gerais-brazil-bg-primary.webp,/assets/images/sections/process/transparency/section-05-limits/transparency-section-05-limits-ouro-preto-minas-gerais-brazil-bg-primary.webp,Ouro Preto,Ouro Preto.,Background image of Ouro Preto for Brazil immigration and relocation planning.
process,/process/transparency/,Transparency,6,section-6-risks,Risks,a,assets/images/sections/process/transparency/section-06-risks,transparency-section-06-risks-streets-sanctuary-congonhas-minas-brazil-bg-primary.webp,/assets/images/sections/process/transparency/section-06-risks/transparency-section-06-risks-streets-sanctuary-congonhas-minas-brazil-bg-primary.webp,the architecture and streets of Sanctuary of Congonhas,the architecture and streets of Sanctuary of Congonhas.,Background image of the architecture and streets of Sanctuary of Congonhas for Brazil immigration and relocation planning.
process,/process/transparency/,Transparency,7,section-7-honesty,Honesty,a,assets/images/sections/process/transparency/section-07-honesty,transparency-section-07-honesty-coastline-water-cliffs-canoa-brazil-bg-primary.webp,/assets/images/sections/process/transparency/section-07-honesty/transparency-section-07-honesty-coastline-water-cliffs-canoa-brazil-bg-primary.webp,the wide coastline and water of Cliffs of Canoa Quebrada,the wide coastline and water of Cliffs of Canoa Quebrada.,Background image of the wide coastline and water of Cliffs of Canoa Quebrada for Brazil immigration and relocation planning.
process,/process/transparency/,Transparency,8,section-8-disclosure,Disclosure,a,assets/images/sections/process/transparency/section-08-disclosure,transparency-section-08-disclosure-trails-cliffs-ibitipoca-minas-brazil-bg-primary.webp,/assets/images/sections/process/transparency/section-08-disclosure/transparency-section-08-disclosure-trails-cliffs-ibitipoca-minas-brazil-bg-primary.webp,the trails and cliffs of Ibitipoca,the trails and cliffs of Ibitipoca.,Background image of the trails and cliffs of Ibitipoca for Brazil immigration and relocation planning.
process,/process/transparency/,Transparency,9,section-9-alignment,Alignment,a,assets/images/sections/process/transparency/section-09-alignment,transparency-section-09-alignment-coastline-water-pajucara-waterfront-brazil-bg-primary.webp,/assets/images/sections/process/transparency/section-09-alignment/transparency-section-09-alignment-coastline-water-pajucara-waterfront-brazil-bg-primary.webp,the wide coastline and water of Pajucara waterfront in Maceio,the wide coastline and water of Pajucara waterfront in Maceio.,Background image of the wide coastline and water of Pajucara waterfront in Maceio for Brazil immigration and relocation planning.
process,/process/transparency/,Transparency,10,section-10-trust,Trust,a,assets/images/sections/process/transparency/section-10-trust,transparency-section-10-trust-museum-tomorrow-janeiro-port-brazil-bg-primary.webp,/assets/images/sections/process/transparency/section-10-trust/transparency-section-10-trust-museum-tomorrow-janeiro-port-brazil-bg-primary.webp,the Museum of Tomorrow in Rio de Janeiro,the Museum of Tomorrow in Rio de Janeiro.,Background image of the Museum of Tomorrow in Rio de Janeiro for Brazil immigration and relocation planning.
services,/services/,Services,1,section-1-overview,Overview,a,assets/images/sections/services/section-01-overview,services-section-01-overview-forests-waters-madeira-porto-brazil-bg-primary.webp,/assets/images/sections/services/section-01-overview/services-section-01-overview-forests-waters-madeira-porto-brazil-bg-primary.webp,the forests and waters of Madeira river in Porto Velho,the forests and waters of Madeira river in Porto Velho.,Background image of the forests and waters of Madeira river in Porto Velho for Brazil immigration and relocation planning.
services,/services/,Services,2,section-2-explore-the-service-families,Explore The Service Families,a,assets/images/sections/services/section-02-explore-the-service-families,services-section-02-explore-the-service-families-town-campos-jordao-paulo-brazil-bg-primary.webp,/assets/images/sections/services/section-02-explore-the-service-families/services-section-02-explore-the-service-families-town-campos-jordao-paulo-brazil-bg-primary.webp,the mountain town of Campos do Jordao,the mountain town of Campos do Jordao.,Background image of the mountain town of Campos do Jordao for Brazil immigration and relocation planning.
services,/services/,Services,3,section-3-how-to-choose-the-right-starting-point,How To Choose The Right Starting Point,a,assets/images/sections/services/section-03-how-to-choose-the-right-starting-point,services-section-03-how-to-choose-the-right-starting-point-shoreline-alter-chao-warm-brazil-bg-primary.webp,/assets/images/sections/services/section-03-how-to-choose-the-right-starting-point/services-section-03-how-to-choose-the-right-starting-point-shoreline-alter-chao-warm-brazil-bg-primary.webp,the shoreline of Alter do Chao in warm evening light,the shoreline of Alter do Chao in warm evening light.,Background image of the shoreline of Alter do Chao in warm evening light for Brazil immigration and relocation planning.
services,/services/,Services,4,section-4-if-you-are-between-categories,If You Are Between Categories,a,assets/images/sections/services/section-04-if-you-are-between-categories,services-section-04-if-you-are-between-categories-coastline-water-baia-sancho-brazil-bg-primary.webp,/assets/images/sections/services/section-04-if-you-are-between-categories/services-section-04-if-you-are-between-categories-coastline-water-baia-sancho-brazil-bg-primary.webp,the wide coastline and water of Baia do Sancho in Fernando de Noronha,the wide coastline and water of Baia do Sancho in Fernando de Noronha.,Background image of the wide coastline and water of Baia do Sancho in Fernando de Noronha for Brazil immigration and relocation planning.
services,/services/,Services,5,section-5-best-next-step,Best Next Step,a,assets/images/sections/services/section-05-best-next-step,services-section-05-best-next-step-sunrise-itaimbezinho-canyon-aparados-brazil-bg-primary.webp,/assets/images/sections/services/section-05-best-next-step/services-section-05-best-next-step-sunrise-itaimbezinho-canyon-aparados-brazil-bg-primary.webp,the sunrise landscape of Itaimbezinho canyon,the sunrise landscape of Itaimbezinho canyon.,Background image of the sunrise landscape of Itaimbezinho canyon for Brazil immigration and relocation planning.
services,/services/advisory/,Advisory,1,section-1-overview,Overview,a,assets/images/sections/services/advisory/section-01-overview,advisory-section-01-overview-pirenopolis-goias-town-central-brazil-bg-primary.webp,/assets/images/sections/services/advisory/section-01-overview/advisory-section-01-overview-pirenopolis-goias-town-central-brazil-bg-primary.webp,the historic center of Pirenopolis,the historic center of Pirenopolis.,Background image of the historic center of Pirenopolis for Brazil immigration and relocation planning.
services,/services/advisory/,Advisory,2,section-2-explore-the-service-families,Explore The Service Families,a,assets/images/sections/services/advisory/section-02-explore-the-service-families,advisory-section-02-explore-the-service-families-miguel-milagres-alagoas-northeast-brazil-bg-primary.webp,/assets/images/sections/services/advisory/section-02-explore-the-service-families/advisory-section-02-explore-the-service-families-miguel-milagres-alagoas-northeast-brazil-bg-primary.webp,the coast of Sao Miguel dos Milagres,the coast of Sao Miguel dos Milagres.,Background image of the coast of Sao Miguel dos Milagres for Brazil immigration and relocation planning.
services,/services/advisory/,Advisory,3,section-3-how-to-choose-the-right-starting-point,How To Choose The Right Starting Point,a,assets/images/sections/services/advisory/section-03-how-to-choose-the-right-starting-point,advisory-section-03-how-to-choose-the-right-starting-point-church-carneiros-pernambuco-northeast-brazil-bg-primary.webp,/assets/images/sections/services/advisory/section-03-how-to-choose-the-right-starting-point/advisory-section-03-how-to-choose-the-right-starting-point-church-carneiros-pernambuco-northeast-brazil-bg-primary.webp,the coast and church of Praia dos Carneiros,the coast and church of Praia dos Carneiros.,Background image of the coast and church of Praia dos Carneiros for Brazil immigration and relocation planning.
services,/services/advisory/,Advisory,4,section-4-if-you-are-between-categories,If You Are Between Categories,a,assets/images/sections/services/advisory/section-04-if-you-are-between-categories,advisory-section-04-if-you-are-between-categories-coastline-coves-ilha-grande-brazil-bg-primary.webp,/assets/images/sections/services/advisory/section-04-if-you-are-between-categories/advisory-section-04-if-you-are-between-categories-coastline-coves-ilha-grande-brazil-bg-primary.webp,the coastline and coves of Ilha Grande,the coastline and coves of Ilha Grande.,Background image of the coastline and coves of Ilha Grande for Brazil immigration and relocation planning.
services,/services/advisory/,Advisory,5,section-5-best-next-step,Best Next Step,a,assets/images/sections/services/advisory/section-05-best-next-step,advisory-section-05-best-next-step-sunrise-marajo-island-riverfront-brazil-bg-primary.webp,/assets/images/sections/services/advisory/section-05-best-next-step/advisory-section-05-best-next-step-sunrise-marajo-island-riverfront-brazil-bg-primary.webp,the sunrise landscape of Marajo Island riverfront,the sunrise landscape of Marajo Island riverfront.,Background image of the sunrise landscape of Marajo Island riverfront for Brazil immigration and relocation planning.
services,/services/advisory/compliance/,Compliance,1,section-1-overview,Overview,a,assets/images/sections/services/advisory/compliance/section-01-overview,compliance-section-01-overview-sunrise-itaimbezinho-canyon-aparados-brazil-bg-primary.webp,/assets/images/sections/services/advisory/compliance/section-01-overview/compliance-section-01-overview-sunrise-itaimbezinho-canyon-aparados-brazil-bg-primary.webp,the sunrise landscape of Itaimbezinho canyon,the sunrise landscape of Itaimbezinho canyon.,Background image of the sunrise landscape of Itaimbezinho canyon for Brazil immigration and relocation planning.
services,/services/advisory/compliance/,Compliance,2,section-2-who-usually-seeks-this-service,Who Usually Seeks This Service,a,assets/images/sections/services/advisory/compliance/section-02-who-usually-seeks-this-service,compliance-section-02-who-usually-seeks-this-service-islands-waterways-anavilhanas-archipelago-brazil-bg-primary.webp,/assets/images/sections/services/advisory/compliance/section-02-who-usually-seeks-this-service/compliance-section-02-who-usually-seeks-this-service-islands-waterways-anavilhanas-archipelago-brazil-bg-primary.webp,the islands and waterways of Anavilhanas,the islands and waterways of Anavilhanas.,Background image of the islands and waterways of Anavilhanas for Brazil immigration and relocation planning.
services,/services/advisory/compliance/,Compliance,3,section-3-what-this-service-helps-clarify,What This Service Helps Clarify,a,assets/images/sections/services/advisory/compliance/section-03-what-this-service-helps-clarify,compliance-section-03-what-this-service-helps-clarify-baia-sancho-fernando-noronha-brazil-bg-primary.webp,/assets/images/sections/services/advisory/compliance/section-03-what-this-service-helps-clarify/compliance-section-03-what-this-service-helps-clarify-baia-sancho-fernando-noronha-brazil-bg-primary.webp,Baia do Sancho in Fernando de Noronha,Baia do Sancho in Fernando de Noronha.,Background image of Baia do Sancho in Fernando de Noronha for Brazil immigration and relocation planning.
services,/services/advisory/compliance/,Compliance,4,section-4-when-it-usually-makes-sense,When It Usually Makes Sense,a,assets/images/sections/services/advisory/compliance/section-04-when-it-usually-makes-sense,compliance-section-04-when-it-usually-makes-sense-forests-waters-aparados-serra-brazil-bg-primary.webp,/assets/images/sections/services/advisory/compliance/section-04-when-it-usually-makes-sense/compliance-section-04-when-it-usually-makes-sense-forests-waters-aparados-serra-brazil-bg-primary.webp,the forests and waters of Aparados da Serra,the forests and waters of Aparados da Serra.,Background image of the forests and waters of Aparados da Serra for Brazil immigration and relocation planning.
services,/services/advisory/compliance/,Compliance,5,section-5-when-another-service-may-be-better-first,When Another Service May Be Better First,a,assets/images/sections/services/advisory/compliance/section-05-when-another-service-may-be-better-first,compliance-section-05-when-another-service-may-be-better-first-arraial-ajuda-coastline-bahia-brazil-bg-primary.webp,/assets/images/sections/services/advisory/compliance/section-05-when-another-service-may-be-better-first/compliance-section-05-when-another-service-may-be-better-first-arraial-ajuda-coastline-bahia-brazil-bg-primary.webp,the coast of Arraial d'Ajuda,the coast of Arraial d'Ajuda.,Background image of the coast of Arraial d'Ajuda for Brazil immigration and relocation planning.
services,/services/advisory/compliance/,Compliance,6,section-6-common-patterns-and-pain-points,Common Patterns And Pain Points,a,assets/images/sections/services/advisory/compliance/section-06-common-patterns-and-pain-points,compliance-section-06-common-patterns-and-pain-points-coastline-water-itacare-bahia-brazil-bg-primary.webp,/assets/images/sections/services/advisory/compliance/section-06-common-patterns-and-pain-points/compliance-section-06-common-patterns-and-pain-points-coastline-water-itacare-bahia-brazil-bg-primary.webp,the wide coastline and water of Itacare coastline,the wide coastline and water of Itacare coastline.,Background image of the wide coastline and water of Itacare coastline for Brazil immigration and relocation planning.
services,/services/advisory/compliance/,Compliance,7,section-7-how-we-handle-the-work,How We Handle The Work,a,assets/images/sections/services/advisory/compliance/section-07-how-we-handle-the-work,compliance-section-07-how-we-handle-the-work-gardens-contemporary-pavilions-inhotim-brazil-bg-primary.webp,/assets/images/sections/services/advisory/compliance/section-07-how-we-handle-the-work/compliance-section-07-how-we-handle-the-work-gardens-contemporary-pavilions-inhotim-brazil-bg-primary.webp,the gardens and contemporary art pavilions of Inhotim,the gardens and contemporary art pavilions of Inhotim.,Background image of the gardens and contemporary art pavilions of Inhotim for Brazil immigration and relocation planning.
services,/services/advisory/compliance/,Compliance,8,section-8-legal-language-and-service-boundaries,"Legal, Language, And Service Boundaries",a,assets/images/sections/services/advisory/compliance/section-08-legal-language-and-service-boundaries,compliance-section-08-legal-language-and-service-boundaries-streets-campos-jordao-paulo-brazil-bg-primary.webp,/assets/images/sections/services/advisory/compliance/section-08-legal-language-and-service-boundaries/compliance-section-08-legal-language-and-service-boundaries-streets-campos-jordao-paulo-brazil-bg-primary.webp,the architecture and streets of Campos do Jordao,the architecture and streets of Campos do Jordao.,Background image of the architecture and streets of Campos do Jordao for Brazil immigration and relocation planning.
services,/services/advisory/compliance/,Compliance,9,section-9-what-people-usually-feel-before-and-after,What People Usually Feel Before And After,a,assets/images/sections/services/advisory/compliance/section-09-what-people-usually-feel-before-and-after,compliance-section-09-what-people-usually-feel-before-and-after-valleys-plateaus-chapada-diamantina-brazil-bg-primary.webp,/assets/images/sections/services/advisory/compliance/section-09-what-people-usually-feel-before-and-after/compliance-section-09-what-people-usually-feel-before-and-after-valleys-plateaus-chapada-diamantina-brazil-bg-primary.webp,the valleys and plateaus of Chapada Diamantina,the valleys and plateaus of Chapada Diamantina.,Background image of the valleys and plateaus of Chapada Diamantina for Brazil immigration and relocation planning.
services,/services/advisory/compliance/,Compliance,10,section-10-what-happens-next,What Happens Next,a,assets/images/sections/services/advisory/compliance/section-10-what-happens-next,compliance-section-10-what-happens-next-clear-waters-lagoa-azul-brazil-bg-primary.webp,/assets/images/sections/services/advisory/compliance/section-10-what-happens-next/compliance-section-10-what-happens-next-clear-waters-lagoa-azul-brazil-bg-primary.webp,the clear waters of Lagoa Azul in Nobres,the clear waters of Lagoa Azul in Nobres.,Background image of the clear waters of Lagoa Azul in Nobres for Brazil immigration and relocation planning.
services,/services/advisory/consultation/,Consultation,1,section-1-overview,Overview,a,assets/images/sections/services/advisory/consultation/section-01-overview,consultation-section-01-overview-shoreline-arraial-ajuda-coastline-brazil-bg-primary.webp,/assets/images/sections/services/advisory/consultation/section-01-overview/consultation-section-01-overview-shoreline-arraial-ajuda-coastline-brazil-bg-primary.webp,the shoreline of Arraial d'Ajuda coastline in warm evening light,the shoreline of Arraial d'Ajuda coastline in warm evening light.,Background image of the shoreline of Arraial d'Ajuda coastline in warm evening light for Brazil immigration and relocation planning.
services,/services/advisory/consultation/,Consultation,2,section-2-who-usually-seeks-this-service,Who Usually Seeks This Service,a,assets/images/sections/services/advisory/consultation/section-02-who-usually-seeks-this-service,consultation-section-02-who-usually-seeks-this-service-cliffs-valleys-chapada-guimaraes-brazil-bg-primary.webp,/assets/images/sections/services/advisory/consultation/section-02-who-usually-seeks-this-service/consultation-section-02-who-usually-seeks-this-service-cliffs-valleys-chapada-guimaraes-brazil-bg-primary.webp,the cliffs and valleys of Chapada dos Guimaraes,the cliffs and valleys of Chapada dos Guimaraes.,Background image of the cliffs and valleys of Chapada dos Guimaraes for Brazil immigration and relocation planning.
services,/services/advisory/consultation/,Consultation,3,section-3-what-this-service-helps-clarify,What This Service Helps Clarify,a,assets/images/sections/services/advisory/consultation/section-03-what-this-service-helps-clarify,consultation-section-03-what-this-service-helps-clarify-coastline-water-baia-sancho-brazil-bg-primary.webp,/assets/images/sections/services/advisory/consultation/section-03-what-this-service-helps-clarify/consultation-section-03-what-this-service-helps-clarify-coastline-water-baia-sancho-brazil-bg-primary.webp,the wide coastline and water of Baia do Sancho in Fernando de Noronha,the wide coastline and water of Baia do Sancho in Fernando de Noronha.,Background image of the wide coastline and water of Baia do Sancho in Fernando de Noronha for Brazil immigration and relocation planning.
services,/services/advisory/consultation/,Consultation,4,section-4-when-it-usually-makes-sense,When It Usually Makes Sense,a,assets/images/sections/services/advisory/consultation/section-04-when-it-usually-makes-sense,consultation-section-04-when-it-usually-makes-sense-cultural-grounds-parque-povo-brazil-bg-primary.webp,/assets/images/sections/services/advisory/consultation/section-04-when-it-usually-makes-sense/consultation-section-04-when-it-usually-makes-sense-cultural-grounds-parque-povo-brazil-bg-primary.webp,the cultural grounds of Parque do Povo,the cultural grounds of Parque do Povo.,Background image of the cultural grounds of Parque do Povo for Brazil immigration and relocation planning.
services,/services/advisory/consultation/,Consultation,5,section-5-when-another-service-may-be-better-first,When Another Service May Be Better First,a,assets/images/sections/services/advisory/consultation/section-05-when-another-service-may-be-better-first,consultation-section-05-when-another-service-may-be-better-first-goias-velho-central-west-brazil-bg-primary.webp,/assets/images/sections/services/advisory/consultation/section-05-when-another-service-may-be-better-first/consultation-section-05-when-another-service-may-be-better-first-goias-velho-central-west-brazil-bg-primary.webp,the historic center of Goias Velho,the historic center of Goias Velho.,Background image of the historic center of Goias Velho for Brazil immigration and relocation planning.
services,/services/advisory/consultation/,Consultation,6,section-6-common-patterns-and-pain-points,Common Patterns And Pain Points,a,assets/images/sections/services/advisory/consultation/section-06-common-patterns-and-pain-points,consultation-section-06-common-patterns-and-pain-points-sunrise-emas-goias-cerrado-brazil-bg-primary.webp,/assets/images/sections/services/advisory/consultation/section-06-common-patterns-and-pain-points/consultation-section-06-common-patterns-and-pain-points-sunrise-emas-goias-cerrado-brazil-bg-primary.webp,the sunrise landscape of Emas National Park,the sunrise landscape of Emas National Park.,Background image of the sunrise landscape of Emas National Park for Brazil immigration and relocation planning.
services,/services/advisory/consultation/,Consultation,7,section-7-how-we-handle-the-work,How We Handle The Work,a,assets/images/sections/services/advisory/consultation/section-07-how-we-handle-the-work,consultation-section-07-how-we-handle-the-work-cerrado-emas-goias-central-brazil-bg-primary.webp,/assets/images/sections/services/advisory/consultation/section-07-how-we-handle-the-work/consultation-section-07-how-we-handle-the-work-cerrado-emas-goias-central-brazil-bg-primary.webp,the cerrado landscape of Emas National Park,the cerrado landscape of Emas National Park.,Background image of the cerrado landscape of Emas National Park for Brazil immigration and relocation planning.
services,/services/advisory/consultation/,Consultation,8,section-8-legal-language-and-service-boundaries,"Legal, Language, And Service Boundaries",a,assets/images/sections/services/advisory/consultation/section-08-legal-language-and-service-boundaries,consultation-section-08-legal-language-and-service-boundaries-brasilia-monumental-axis-central-brazil-bg-primary.webp,/assets/images/sections/services/advisory/consultation/section-08-legal-language-and-service-boundaries/consultation-section-08-legal-language-and-service-boundaries-brasilia-monumental-axis-central-brazil-bg-primary.webp,the urban panorama of National Congress in Brasilia,the urban panorama of National Congress in Brasilia.,Background image of the urban panorama of National Congress in Brasilia for Brazil immigration and relocation planning.
services,/services/advisory/consultation/,Consultation,9,section-9-what-people-usually-feel-before-and-after,What People Usually Feel Before And After,a,assets/images/sections/services/advisory/consultation/section-09-what-people-usually-feel-before-and-after,consultation-section-09-what-people-usually-feel-before-and-after-coastline-water-buzios-peninsula-brazil-bg-primary.webp,/assets/images/sections/services/advisory/consultation/section-09-what-people-usually-feel-before-and-after/consultation-section-09-what-people-usually-feel-before-and-after-coastline-water-buzios-peninsula-brazil-bg-primary.webp,the wide coastline and water of Buzios peninsula,the wide coastline and water of Buzios peninsula.,Background image of the wide coastline and water of Buzios peninsula for Brazil immigration and relocation planning.
services,/services/advisory/consultation/,Consultation,10,section-10-what-happens-next,What Happens Next,a,assets/images/sections/services/advisory/consultation/section-10-what-happens-next,consultation-section-10-what-happens-next-madeira-riverfront-porto-velho-brazil-bg-primary.webp,/assets/images/sections/services/advisory/consultation/section-10-what-happens-next/consultation-section-10-what-happens-next-madeira-riverfront-porto-velho-brazil-bg-primary.webp,the Madeira riverfront in Porto Velho,the Madeira riverfront in Porto Velho.,Background image of the Madeira riverfront in Porto Velho for Brazil immigration and relocation planning.
services,/services/advisory/corporate/,Corporate,1,section-1-overview,Overview,a,assets/images/sections/services/advisory/corporate/section-01-overview,corporate-section-01-overview-natural-emas-goias-cerrado-brazil-bg-primary.webp,/assets/images/sections/services/advisory/corporate/section-01-overview/corporate-section-01-overview-natural-emas-goias-cerrado-brazil-bg-primary.webp,the wide natural landscape of Emas National Park,the wide natural landscape of Emas National Park.,Background image of the wide natural landscape of Emas National Park for Brazil immigration and relocation planning.
services,/services/advisory/corporate/,Corporate,2,section-2-who-usually-seeks-this-service,Who Usually Seeks This Service,a,assets/images/sections/services/advisory/corporate/section-02-who-usually-seeks-this-service,corporate-section-02-who-usually-seeks-this-service-shoreline-baia-sancho-fernando-brazil-bg-primary.webp,/assets/images/sections/services/advisory/corporate/section-02-who-usually-seeks-this-service/corporate-section-02-who-usually-seeks-this-service-shoreline-baia-sancho-fernando-brazil-bg-primary.webp,the shoreline of Baia do Sancho in Fernando de Noronha in warm evening light,the shoreline of Baia do Sancho in Fernando de Noronha in warm evening light.,Background image of the shoreline of Baia do Sancho in Fernando de Noronha in warm evening light for Brazil immigration and relocation planning.
services,/services/advisory/corporate/,Corporate,3,section-3-what-this-service-helps-clarify,What This Service Helps Clarify,a,assets/images/sections/services/advisory/corporate/section-03-what-this-service-helps-clarify,corporate-section-03-what-this-service-helps-clarify-sunrise-meeting-waters-manaus-brazil-bg-primary.webp,/assets/images/sections/services/advisory/corporate/section-03-what-this-service-helps-clarify/corporate-section-03-what-this-service-helps-clarify-sunrise-meeting-waters-manaus-brazil-bg-primary.webp,the sunrise landscape of Meeting of the Waters in Manaus,the sunrise landscape of Meeting of the Waters in Manaus.,Background image of the sunrise landscape of Meeting of the Waters in Manaus for Brazil immigration and relocation planning.
services,/services/advisory/corporate/,Corporate,4,section-4-when-it-usually-makes-sense,When It Usually Makes Sense,a,assets/images/sections/services/advisory/corporate/section-04-when-it-usually-makes-sense,corporate-section-04-when-it-usually-makes-sense-district-recife-antigo-pernambuco-brazil-bg-primary.webp,/assets/images/sections/services/advisory/corporate/section-04-when-it-usually-makes-sense/corporate-section-04-when-it-usually-makes-sense-district-recife-antigo-pernambuco-brazil-bg-primary.webp,the historic district of Recife Antigo,the historic district of Recife Antigo.,Background image of the historic district of Recife Antigo for Brazil immigration and relocation planning.
services,/services/advisory/corporate/,Corporate,5,section-5-when-another-service-may-be-better-first,When Another Service May Be Better First,a,assets/images/sections/services/advisory/corporate/section-05-when-another-service-may-be-better-first,corporate-section-05-when-another-service-may-be-better-first-sanctuary-sculptures-congonhas-minas-brazil-bg-primary.webp,/assets/images/sections/services/advisory/corporate/section-05-when-another-service-may-be-better-first/corporate-section-05-when-another-service-may-be-better-first-sanctuary-sculptures-congonhas-minas-brazil-bg-primary.webp,the sanctuary and sculptures of Congonhas,the sanctuary and sculptures of Congonhas.,Background image of the sanctuary and sculptures of Congonhas for Brazil immigration and relocation planning.
services,/services/advisory/corporate/,Corporate,6,section-6-common-patterns-and-pain-points,Common Patterns And Pain Points,a,assets/images/sections/services/advisory/corporate/section-06-common-patterns-and-pain-points,corporate-section-06-common-patterns-and-pain-points-natural-pantanal-mato-grosso-brazil-bg-primary.webp,/assets/images/sections/services/advisory/corporate/section-06-common-patterns-and-pain-points/corporate-section-06-common-patterns-and-pain-points-natural-pantanal-mato-grosso-brazil-bg-primary.webp,the wide natural landscape of Pantanal wetlands,the wide natural landscape of Pantanal wetlands.,Background image of the wide natural landscape of Pantanal wetlands for Brazil immigration and relocation planning.
services,/services/advisory/corporate/,Corporate,7,section-7-how-we-handle-the-work,How We Handle The Work,a,assets/images/sections/services/advisory/corporate/section-07-how-we-handle-the-work,corporate-section-07-how-we-handle-the-work-forests-waters-tapajos-santarem-brazil-bg-primary.webp,/assets/images/sections/services/advisory/corporate/section-07-how-we-handle-the-work/corporate-section-07-how-we-handle-the-work-forests-waters-tapajos-santarem-brazil-bg-primary.webp,the forests and waters of Tapajos river in Santarem,the forests and waters of Tapajos river in Santarem.,Background image of the forests and waters of Tapajos river in Santarem for Brazil immigration and relocation planning.
services,/services/advisory/corporate/,Corporate,8,section-8-legal-language-and-service-boundaries,"Legal, Language, And Service Boundaries",a,assets/images/sections/services/advisory/corporate/section-08-legal-language-and-service-boundaries,corporate-section-08-legal-language-and-service-boundaries-civic-avenues-goiania-goias-brazil-bg-primary.webp,/assets/images/sections/services/advisory/corporate/section-08-legal-language-and-service-boundaries/corporate-section-08-legal-language-and-service-boundaries-civic-avenues-goiania-goias-brazil-bg-primary.webp,the civic center and avenues of Goiania,the civic center and avenues of Goiania.,Background image of the civic center and avenues of Goiania for Brazil immigration and relocation planning.
services,/services/advisory/corporate/,Corporate,9,section-9-what-people-usually-feel-before-and-after,What People Usually Feel Before And After,a,assets/images/sections/services/advisory/corporate/section-09-what-people-usually-feel-before-and-after,corporate-section-09-what-people-usually-feel-before-and-after-vineyards-vale-vinhedos-grande-brazil-bg-primary.webp,/assets/images/sections/services/advisory/corporate/section-09-what-people-usually-feel-before-and-after/corporate-section-09-what-people-usually-feel-before-and-after-vineyards-vale-vinhedos-grande-brazil-bg-primary.webp,the vineyards of Vale dos Vinhedos,the vineyards of Vale dos Vinhedos.,Background image of the vineyards of Vale dos Vinhedos for Brazil immigration and relocation planning.
services,/services/advisory/corporate/,Corporate,10,section-10-what-happens-next,What Happens Next,a,assets/images/sections/services/advisory/corporate/section-10-what-happens-next,corporate-section-10-what-happens-next-highland-views-morro-igreja-brazil-bg-primary.webp,/assets/images/sections/services/advisory/corporate/section-10-what-happens-next/corporate-section-10-what-happens-next-highland-views-morro-igreja-brazil-bg-primary.webp,the highland views from Morro da Igreja,the highland views from Morro da Igreja.,Background image of the highland views from Morro da Igreja for Brazil immigration and relocation planning.
services,/services/advisory/representation/,Representation,1,section-1-overview,Overview,a,assets/images/sections/services/advisory/representation/section-01-overview,representation-section-01-overview-avenida-paulista-paulo-avenue-brazil-bg-primary.webp,/assets/images/sections/services/advisory/representation/section-01-overview/representation-section-01-overview-avenida-paulista-paulo-avenue-brazil-bg-primary.webp,Avenida Paulista in Sao Paulo,Avenida Paulista in Sao Paulo.,Background image of Avenida Paulista in Sao Paulo for Brazil immigration and relocation planning.
services,/services/advisory/representation/,Representation,2,section-2-who-usually-seeks-this-service,Who Usually Seeks This Service,a,assets/images/sections/services/advisory/representation/section-02-who-usually-seeks-this-service,representation-section-02-who-usually-seeks-this-service-niteroi-contemporary-museum-over-brazil-bg-primary.webp,/assets/images/sections/services/advisory/representation/section-02-who-usually-seeks-this-service/representation-section-02-who-usually-seeks-this-service-niteroi-contemporary-museum-over-brazil-bg-primary.webp,the Niteroi Contemporary Art Museum over Guanabara Bay,the Niteroi Contemporary Art Museum over Guanabara Bay.,Background image of the Niteroi Contemporary Art Museum over Guanabara Bay for Brazil immigration and relocation planning.
services,/services/advisory/representation/,Representation,3,section-3-what-this-service-helps-clarify,What This Service Helps Clarify,a,assets/images/sections/services/advisory/representation/section-03-what-this-service-helps-clarify,representation-section-03-what-this-service-helps-clarify-coastline-atlantic-ubatuba-paulo-brazil-bg-primary.webp,/assets/images/sections/services/advisory/representation/section-03-what-this-service-helps-clarify/representation-section-03-what-this-service-helps-clarify-coastline-atlantic-ubatuba-paulo-brazil-bg-primary.webp,the coastline and Atlantic forest of Ubatuba,the coastline and Atlantic forest of Ubatuba.,Background image of the coastline and Atlantic forest of Ubatuba for Brazil immigration and relocation planning.
services,/services/advisory/representation/,Representation,4,section-4-when-it-usually-makes-sense,When It Usually Makes Sense,a,assets/images/sections/services/advisory/representation/section-04-when-it-usually-makes-sense,representation-section-04-when-it-usually-makes-sense-forests-waters-amazon-northern-brazil-bg-primary.webp,/assets/images/sections/services/advisory/representation/section-04-when-it-usually-makes-sense/representation-section-04-when-it-usually-makes-sense-forests-waters-amazon-northern-brazil-bg-primary.webp,the forests and waters of Amazon river basin,the forests and waters of Amazon river basin.,Background image of the forests and waters of Amazon river basin for Brazil immigration and relocation planning.
services,/services/advisory/representation/,Representation,5,section-5-when-another-service-may-be-better-first,When Another Service May Be Better First,a,assets/images/sections/services/advisory/representation/section-05-when-another-service-may-be-better-first,representation-section-05-when-another-service-may-be-better-first-botanical-garden-curitiba-parana-brazil-bg-primary.webp,/assets/images/sections/services/advisory/representation/section-05-when-another-service-may-be-better-first/representation-section-05-when-another-service-may-be-better-first-botanical-garden-curitiba-parana-brazil-bg-primary.webp,the Botanical Garden of Curitiba,the Botanical Garden of Curitiba.,Background image of the Botanical Garden of Curitiba for Brazil immigration and relocation planning.
services,/services/advisory/representation/,Representation,6,section-6-common-patterns-and-pain-points,Common Patterns And Pain Points,a,assets/images/sections/services/advisory/representation/section-06-common-patterns-and-pain-points,representation-section-06-common-patterns-and-pain-points-mission-ruins-miguel-missoes-brazil-bg-primary.webp,/assets/images/sections/services/advisory/representation/section-06-common-patterns-and-pain-points/representation-section-06-common-patterns-and-pain-points-mission-ruins-miguel-missoes-brazil-bg-primary.webp,the mission ruins of Sao Miguel das Missoes,the mission ruins of Sao Miguel das Missoes.,Background image of the mission ruins of Sao Miguel das Missoes for Brazil immigration and relocation planning.
services,/services/advisory/representation/,Representation,7,section-7-how-we-handle-the-work,How We Handle The Work,a,assets/images/sections/services/advisory/representation/section-07-how-we-handle-the-work,representation-section-07-how-we-handle-the-work-francisco-canyons-canions-alagoas-brazil-bg-primary.webp,/assets/images/sections/services/advisory/representation/section-07-how-we-handle-the-work/representation-section-07-how-we-handle-the-work-francisco-canyons-canions-alagoas-brazil-bg-primary.webp,the Sao Francisco river canyons,the Sao Francisco river canyons.,Background image of the Sao Francisco river canyons for Brazil immigration and relocation planning.
services,/services/advisory/representation/,Representation,8,section-8-legal-language-and-service-boundaries,"Legal, Language, And Service Boundaries",a,assets/images/sections/services/advisory/representation/section-08-legal-language-and-service-boundaries,representation-section-08-legal-language-and-service-boundaries-face-monte-roraima-northern-brazil-bg-primary.webp,/assets/images/sections/services/advisory/representation/section-08-legal-language-and-service-boundaries/representation-section-08-legal-language-and-service-boundaries-face-monte-roraima-northern-brazil-bg-primary.webp,the Brazilian face of Monte Roraima,the Brazilian face of Monte Roraima.,Background image of the Brazilian face of Monte Roraima for Brazil immigration and relocation planning.
services,/services/advisory/representation/,Representation,9,section-9-what-people-usually-feel-before-and-after,What People Usually Feel Before And After,a,assets/images/sections/services/advisory/representation/section-09-what-people-usually-feel-before-and-after,representation-section-09-what-people-usually-feel-before-and-after-manaus-amazonas-northern-mission-brazil-bg-primary.webp,/assets/images/sections/services/advisory/representation/section-09-what-people-usually-feel-before-and-after/representation-section-09-what-people-usually-feel-before-and-after-manaus-amazonas-northern-mission-brazil-bg-primary.webp,Manaus,Manaus.,Background image of Manaus for Brazil immigration and relocation planning.
services,/services/advisory/representation/,Representation,10,section-10-what-happens-next,What Happens Next,a,assets/images/sections/services/advisory/representation/section-10-what-happens-next,representation-section-10-what-happens-next-natural-inhotim-brumadinho-minas-brazil-bg-primary.webp,/assets/images/sections/services/advisory/representation/section-10-what-happens-next/representation-section-10-what-happens-next-natural-inhotim-brumadinho-minas-brazil-bg-primary.webp,the wide natural landscape of Inhotim in Brumadinho,the wide natural landscape of Inhotim in Brumadinho.,Background image of the wide natural landscape of Inhotim in Brumadinho for Brazil immigration and relocation planning.
services,/services/advisory/strategy/,Strategy,1,section-1-overview,Overview,a,assets/images/sections/services/advisory/strategy/section-01-overview,strategy-section-01-overview-beachfront-orla-atalaia-aracaju-brazil-bg-primary.webp,/assets/images/sections/services/advisory/strategy/section-01-overview/strategy-section-01-overview-beachfront-orla-atalaia-aracaju-brazil-bg-primary.webp,the beachfront and sea of Orla de Atalaia in Aracaju,the beachfront and sea of Orla de Atalaia in Aracaju.,Background image of the beachfront and sea of Orla de Atalaia in Aracaju for Brazil immigration and relocation planning.
services,/services/advisory/strategy/,Strategy,2,section-2-who-usually-seeks-this-service,Who Usually Seeks This Service,a,assets/images/sections/services/advisory/strategy/section-02-who-usually-seeks-this-service,strategy-section-02-who-usually-seeks-this-service-cabo-branco-seafront-joao-brazil-bg-primary.webp,/assets/images/sections/services/advisory/strategy/section-02-who-usually-seeks-this-service/strategy-section-02-who-usually-seeks-this-service-cabo-branco-seafront-joao-brazil-bg-primary.webp,the Cabo Branco seafront in Joao Pessoa,the Cabo Branco seafront in Joao Pessoa.,Background image of the Cabo Branco seafront in Joao Pessoa for Brazil immigration and relocation planning.
services,/services/advisory/strategy/,Strategy,3,section-3-what-this-service-helps-clarify,What This Service Helps Clarify,a,assets/images/sections/services/advisory/strategy/section-03-what-this-service-helps-clarify,strategy-section-03-what-this-service-helps-clarify-coastline-water-bombinhas-peninsula-brazil-bg-primary.webp,/assets/images/sections/services/advisory/strategy/section-03-what-this-service-helps-clarify/strategy-section-03-what-this-service-helps-clarify-coastline-water-bombinhas-peninsula-brazil-bg-primary.webp,the wide coastline and water of Bombinhas peninsula,the wide coastline and water of Bombinhas peninsula.,Background image of the wide coastline and water of Bombinhas peninsula for Brazil immigration and relocation planning.
services,/services/advisory/strategy/,Strategy,4,section-4-when-it-usually-makes-sense,When It Usually Makes Sense,a,assets/images/sections/services/advisory/strategy/section-04-when-it-usually-makes-sense,strategy-section-04-when-it-usually-makes-sense-clear-springs-jalapao-fervedouro-brazil-bg-primary.webp,/assets/images/sections/services/advisory/strategy/section-04-when-it-usually-makes-sense/strategy-section-04-when-it-usually-makes-sense-clear-springs-jalapao-fervedouro-brazil-bg-primary.webp,the clear springs of Jalapao,the clear springs of Jalapao.,Background image of the clear springs of Jalapao for Brazil immigration and relocation planning.
services,/services/advisory/strategy/,Strategy,5,section-5-when-another-service-may-be-better-first,When Another Service May Be Better First,a,assets/images/sections/services/advisory/strategy/section-05-when-another-service-may-be-better-first,strategy-section-05-when-another-service-may-be-better-first-coastline-water-ilhabela-paulo-brazil-bg-primary.webp,/assets/images/sections/services/advisory/strategy/section-05-when-another-service-may-be-better-first/strategy-section-05-when-another-service-may-be-better-first-coastline-water-ilhabela-paulo-brazil-bg-primary.webp,the wide coastline and water of Ilhabela coastline,the wide coastline and water of Ilhabela coastline.,Background image of the wide coastline and water of Ilhabela coastline for Brazil immigration and relocation planning.
services,/services/advisory/strategy/,Strategy,6,section-6-common-patterns-and-pain-points,Common Patterns And Pain Points,a,assets/images/sections/services/advisory/strategy/section-06-common-patterns-and-pain-points,strategy-section-06-common-patterns-and-pain-points-coastline-water-arraial-ajuda-brazil-bg-primary.webp,/assets/images/sections/services/advisory/strategy/section-06-common-patterns-and-pain-points/strategy-section-06-common-patterns-and-pain-points-coastline-water-arraial-ajuda-brazil-bg-primary.webp,the wide coastline and water of Arraial d'Ajuda coastline,the wide coastline and water of Arraial d'Ajuda coastline.,Background image of the wide coastline and water of Arraial d'Ajuda coastline for Brazil immigration and relocation planning.
services,/services/advisory/strategy/,Strategy,7,section-7-how-we-handle-the-work,How We Handle The Work,a,assets/images/sections/services/advisory/strategy/section-07-how-we-handle-the-work,strategy-section-07-how-we-handle-the-work-riverfront-district-gameleira-branco-brazil-bg-primary.webp,/assets/images/sections/services/advisory/strategy/section-07-how-we-handle-the-work/strategy-section-07-how-we-handle-the-work-riverfront-district-gameleira-branco-brazil-bg-primary.webp,the riverfront district of Gameleira in Rio Branco,the riverfront district of Gameleira in Rio Branco.,Background image of the riverfront district of Gameleira in Rio Branco for Brazil immigration and relocation planning.
services,/services/advisory/strategy/,Strategy,8,section-8-legal-language-and-service-boundaries,"Legal, Language, And Service Boundaries",a,assets/images/sections/services/advisory/strategy/section-08-legal-language-and-service-boundaries,strategy-section-08-legal-language-and-service-boundaries-bridge-over-lake-paranoa-brazil-bg-primary.webp,/assets/images/sections/services/advisory/strategy/section-08-legal-language-and-service-boundaries/strategy-section-08-legal-language-and-service-boundaries-bridge-over-lake-paranoa-brazil-bg-primary.webp,the JK Bridge over Lake Paranoa,the JK Bridge over Lake Paranoa.,Background image of the JK Bridge over Lake Paranoa for Brazil immigration and relocation planning.
services,/services/advisory/strategy/,Strategy,9,section-9-what-people-usually-feel-before-and-after,What People Usually Feel Before And After,a,assets/images/sections/services/advisory/strategy/section-09-what-people-usually-feel-before-and-after,strategy-section-09-what-people-usually-feel-before-and-after-coastline-water-ipanema-dois-brazil-bg-primary.webp,/assets/images/sections/services/advisory/strategy/section-09-what-people-usually-feel-before-and-after/strategy-section-09-what-people-usually-feel-before-and-after-coastline-water-ipanema-dois-brazil-bg-primary.webp,the wide coastline and water of Ipanema beach and Dois Irmaos,the wide coastline and water of Ipanema beach and Dois Irmaos.,Background image of the wide coastline and water of Ipanema beach and Dois Irmaos for Brazil immigration and relocation planning.
services,/services/advisory/strategy/,Strategy,10,section-10-what-happens-next,What Happens Next,a,assets/images/sections/services/advisory/strategy/section-10-what-happens-next,strategy-section-10-what-happens-next-streets-serra-rastro-santa-brazil-bg-primary.webp,/assets/images/sections/services/advisory/strategy/section-10-what-happens-next/strategy-section-10-what-happens-next-streets-serra-rastro-santa-brazil-bg-primary.webp,the architecture and streets of Serra do Rio do Rastro,the architecture and streets of Serra do Rio do Rastro.,Background image of the architecture and streets of Serra do Rio do Rastro for Brazil immigration and relocation planning.
services,/services/defense/,Defense,1,section-1-overview,Overview,a,assets/images/sections/services/defense/section-01-overview,defense-section-01-overview-sunrise-negro-palace-manaus-brazil-bg-primary.webp,/assets/images/sections/services/defense/section-01-overview/defense-section-01-overview-sunrise-negro-palace-manaus-brazil-bg-primary.webp,the sunrise landscape of Rio Negro Palace in Manaus,the sunrise landscape of Rio Negro Palace in Manaus.,Background image of the sunrise landscape of Rio Negro Palace in Manaus for Brazil immigration and relocation planning.
services,/services/defense/,Defense,2,section-2-explore-the-service-families,Explore The Service Families,a,assets/images/sections/services/defense/section-02-explore-the-service-families,defense-section-02-explore-the-service-families-coastline-water-ipanema-dois-brazil-bg-primary.webp,/assets/images/sections/services/defense/section-02-explore-the-service-families/defense-section-02-explore-the-service-families-coastline-water-ipanema-dois-brazil-bg-primary.webp,the wide coastline and water of Ipanema beach and Dois Irmaos,the wide coastline and water of Ipanema beach and Dois Irmaos.,Background image of the wide coastline and water of Ipanema beach and Dois Irmaos for Brazil immigration and relocation planning.
services,/services/defense/,Defense,3,section-3-how-to-choose-the-right-starting-point,How To Choose The Right Starting Point,a,assets/images/sections/services/defense/section-03-how-to-choose-the-right-starting-point,defense-section-03-how-to-choose-the-right-starting-point-coastline-water-arraial-ajuda-brazil-bg-primary.webp,/assets/images/sections/services/defense/section-03-how-to-choose-the-right-starting-point/defense-section-03-how-to-choose-the-right-starting-point-coastline-water-arraial-ajuda-brazil-bg-primary.webp,the wide coastline and water of Arraial d'Ajuda coastline,the wide coastline and water of Arraial d'Ajuda coastline.,Background image of the wide coastline and water of Arraial d'Ajuda coastline for Brazil immigration and relocation planning.
services,/services/defense/,Defense,4,section-4-if-you-are-between-categories,If You Are Between Categories,a,assets/images/sections/services/defense/section-04-if-you-are-between-categories,defense-section-04-if-you-are-between-categories-ipanema-dois-irmaos-janeiro-brazil-bg-primary.webp,/assets/images/sections/services/defense/section-04-if-you-are-between-categories/defense-section-04-if-you-are-between-categories-ipanema-dois-irmaos-janeiro-brazil-bg-primary.webp,Ipanema beach with Dois Irmaos in the background,Ipanema beach with Dois Irmaos in the background.,Background image of Ipanema beach with Dois Irmaos in the background for Brazil immigration and relocation planning.
services,/services/defense/,Defense,5,section-5-best-next-step,Best Next Step,a,assets/images/sections/services/defense/section-05-best-next-step,defense-section-05-best-next-step-shoreline-estacao-docas-belem-brazil-bg-primary.webp,/assets/images/sections/services/defense/section-05-best-next-step/defense-section-05-best-next-step-shoreline-estacao-docas-belem-brazil-bg-primary.webp,the shoreline of Estacao das Docas in Belem in warm evening light,the shoreline of Estacao das Docas in Belem in warm evening light.,Background image of the shoreline of Estacao das Docas in Belem in warm evening light for Brazil immigration and relocation planning.
services,/services/defense/appeals/,Appeals,1,section-1-overview,Overview,a,assets/images/sections/services/defense/appeals/section-01-overview,appeals-section-01-overview-ponta-negra-riverfront-manaus-brazil-bg-primary.webp,/assets/images/sections/services/defense/appeals/section-01-overview/appeals-section-01-overview-ponta-negra-riverfront-manaus-brazil-bg-primary.webp,the Ponta Negra riverfront in Manaus,the Ponta Negra riverfront in Manaus.,Background image of the Ponta Negra riverfront in Manaus for Brazil immigration and relocation planning.
services,/services/defense/appeals/,Appeals,2,section-2-when-urgency-is-real,When Urgency Is Real,a,assets/images/sections/services/defense/appeals/section-02-when-urgency-is-real,appeals-section-02-when-urgency-is-real-clear-waters-lagoa-azul-brazil-bg-primary.webp,/assets/images/sections/services/defense/appeals/section-02-when-urgency-is-real/appeals-section-02-when-urgency-is-real-clear-waters-lagoa-azul-brazil-bg-primary.webp,the clear waters of Lagoa Azul in Nobres,the clear waters of Lagoa Azul in Nobres.,Background image of the clear waters of Lagoa Azul in Nobres for Brazil immigration and relocation planning.
services,/services/defense/appeals/,Appeals,3,section-3-who-this-service-is-for,Who This Service Is For,a,assets/images/sections/services/defense/appeals/section-03-who-this-service-is-for,appeals-section-03-who-this-service-is-for-porto-alegre-skyline-grande-brazil-bg-primary.webp,/assets/images/sections/services/defense/appeals/section-03-who-this-service-is-for/appeals-section-03-who-this-service-is-for-porto-alegre-skyline-grande-brazil-bg-primary.webp,Porto Alegre,Porto Alegre.,Background image of Porto Alegre for Brazil immigration and relocation planning.
services,/services/defense/appeals/,Appeals,4,section-4-what-usually-creates-exposure,What Usually Creates Exposure,a,assets/images/sections/services/defense/appeals/section-04-what-usually-creates-exposure,appeals-section-04-what-usually-creates-exposure-canyons-aparados-serra-southern-brazil-bg-primary.webp,/assets/images/sections/services/defense/appeals/section-04-what-usually-creates-exposure/appeals-section-04-what-usually-creates-exposure-canyons-aparados-serra-southern-brazil-bg-primary.webp,the canyons of Aparados da Serra,the canyons of Aparados da Serra.,Background image of the canyons of Aparados da Serra for Brazil immigration and relocation planning.
services,/services/defense/appeals/,Appeals,5,section-5-what-not-to-do,What Not To Do,a,assets/images/sections/services/defense/appeals/section-05-what-not-to-do,appeals-section-05-what-not-to-do-indigenous-nations-campo-grande-brazil-bg-primary.webp,/assets/images/sections/services/defense/appeals/section-05-what-not-to-do/appeals-section-05-what-not-to-do-indigenous-nations-campo-grande-brazil-bg-primary.webp,the Park of Indigenous Nations in Campo Grande,the Park of Indigenous Nations in Campo Grande.,Background image of the Park of Indigenous Nations in Campo Grande for Brazil immigration and relocation planning.
services,/services/defense/appeals/,Appeals,6,section-6-how-we-stabilise-the-situation,How We Stabilise The Situation,a,assets/images/sections/services/defense/appeals/section-06-how-we-stabilise-the-situation,appeals-section-06-how-we-stabilise-the-situation-atlantic-coastline-around-itacare-brazil-bg-primary.webp,/assets/images/sections/services/defense/appeals/section-06-how-we-stabilise-the-situation/appeals-section-06-how-we-stabilise-the-situation-atlantic-coastline-around-itacare-brazil-bg-primary.webp,the Atlantic coastline around Itacare,the Atlantic coastline around Itacare.,Background image of the Atlantic coastline around Itacare for Brazil immigration and relocation planning.
services,/services/defense/appeals/,Appeals,7,section-7-documentation-and-chronology,Documentation And Chronology,a,assets/images/sections/services/defense/appeals/section-07-documentation-and-chronology,appeals-section-07-documentation-and-chronology-salvador-pelourinho-bahia-northeast-brazil-bg-primary.webp,/assets/images/sections/services/defense/appeals/section-07-documentation-and-chronology/appeals-section-07-documentation-and-chronology-salvador-pelourinho-bahia-northeast-brazil-bg-primary.webp,Salvador,Salvador.,Background image of Salvador for Brazil immigration and relocation planning.
services,/services/defense/appeals/,Appeals,8,section-8-legal-representation-and-boundaries,Legal Representation And Boundaries,a,assets/images/sections/services/defense/appeals/section-08-legal-representation-and-boundaries,appeals-section-08-legal-representation-and-boundaries-streets-cathedral-brasilia-modern-brazil-bg-primary.webp,/assets/images/sections/services/defense/appeals/section-08-legal-representation-and-boundaries/appeals-section-08-legal-representation-and-boundaries-streets-cathedral-brasilia-modern-brazil-bg-primary.webp,the architecture and streets of Cathedral of Brasilia,the architecture and streets of Cathedral of Brasilia.,Background image of the architecture and streets of Cathedral of Brasilia for Brazil immigration and relocation planning.
services,/services/defense/appeals/,Appeals,9,section-9-what-clients-usually-feel,What Clients Usually Feel,a,assets/images/sections/services/defense/appeals/section-09-what-clients-usually-feel,appeals-section-09-what-clients-usually-feel-streets-facades-goias-velho-brazil-bg-primary.webp,/assets/images/sections/services/defense/appeals/section-09-what-clients-usually-feel/appeals-section-09-what-clients-usually-feel-streets-facades-goias-velho-brazil-bg-primary.webp,the historic streets and facades of Historic center of Goias,the historic streets and facades of Historic center of Goias.,Background image of the historic streets and facades of Historic center of Goias for Brazil immigration and relocation planning.
services,/services/defense/appeals/,Appeals,10,section-10-best-next-step,Best Next Step,a,assets/images/sections/services/defense/appeals/section-10-best-next-step,appeals-section-10-best-next-step-road-serra-rastro-santa-brazil-bg-primary.webp,/assets/images/sections/services/defense/appeals/section-10-best-next-step/appeals-section-10-best-next-step-road-serra-rastro-santa-brazil-bg-primary.webp,the mountain road of Serra do Rio do Rastro,the mountain road of Serra do Rio do Rastro.,Background image of the mountain road of Serra do Rio do Rastro for Brazil immigration and relocation planning.
services,/services/defense/deportation/,Deportation,1,section-1-overview,Overview,a,assets/images/sections/services/defense/deportation/section-01-overview,deportation-section-01-overview-natural-pools-maragogi-alagoas-brazil-bg-primary.webp,/assets/images/sections/services/defense/deportation/section-01-overview/deportation-section-01-overview-natural-pools-maragogi-alagoas-brazil-bg-primary.webp,the natural pools of Maragogi,the natural pools of Maragogi.,Background image of the natural pools of Maragogi for Brazil immigration and relocation planning.
services,/services/defense/deportation/,Deportation,2,section-2-when-urgency-is-real,When Urgency Is Real,a,assets/images/sections/services/defense/deportation/section-02-when-urgency-is-real,deportation-section-02-when-urgency-is-real-meeting-negro-solimoes-near-brazil-bg-primary.webp,/assets/images/sections/services/defense/deportation/section-02-when-urgency-is-real/deportation-section-02-when-urgency-is-real-meeting-negro-solimoes-near-brazil-bg-primary.webp,the meeting of the Rio Negro and Solimoes near Manaus,the meeting of the Rio Negro and Solimoes near Manaus.,Background image of the meeting of the Rio Negro and Solimoes near Manaus for Brazil immigration and relocation planning.
services,/services/defense/deportation/,Deportation,3,section-3-who-this-service-is-for,Who This Service Is For,a,assets/images/sections/services/defense/deportation/section-03-who-this-service-is-for,deportation-section-03-who-this-service-is-for-natural-pools-porto-galinhas-brazil-bg-primary.webp,/assets/images/sections/services/defense/deportation/section-03-who-this-service-is-for/deportation-section-03-who-this-service-is-for-natural-pools-porto-galinhas-brazil-bg-primary.webp,the beach and natural pools of Porto de Galinhas,the beach and natural pools of Porto de Galinhas.,Background image of the beach and natural pools of Porto de Galinhas for Brazil immigration and relocation planning.
services,/services/defense/deportation/,Deportation,4,section-4-what-usually-creates-exposure,What Usually Creates Exposure,a,assets/images/sections/services/defense/deportation/section-04-what-usually-creates-exposure,deportation-section-04-what-usually-creates-exposure-lencois-maranhenses-maranhao-sand-brazil-bg-primary.webp,/assets/images/sections/services/defense/deportation/section-04-what-usually-creates-exposure/deportation-section-04-what-usually-creates-exposure-lencois-maranhenses-maranhao-sand-brazil-bg-primary.webp,Lençois Maranhenses,Lençois Maranhenses.,Background image of Lençois Maranhenses for Brazil immigration and relocation planning.
services,/services/defense/deportation/,Deportation,5,section-5-what-not-to-do,What Not To Do,a,assets/images/sections/services/defense/deportation/section-05-what-not-to-do,deportation-section-05-what-not-to-do-streets-cathedral-canela-grande-brazil-bg-primary.webp,/assets/images/sections/services/defense/deportation/section-05-what-not-to-do/deportation-section-05-what-not-to-do-streets-cathedral-canela-grande-brazil-bg-primary.webp,the architecture and streets of Cathedral of Canela,the architecture and streets of Cathedral of Canela.,Background image of the architecture and streets of Cathedral of Canela for Brazil immigration and relocation planning.
services,/services/defense/deportation/,Deportation,6,section-6-how-we-stabilise-the-situation,How We Stabilise The Situation,a,assets/images/sections/services/defense/deportation/section-06-how-we-stabilise-the-situation,deportation-section-06-how-we-stabilise-the-situation-florianopolis-coastline-brava-atlantic-brazil-bg-primary.webp,/assets/images/sections/services/defense/deportation/section-06-how-we-stabilise-the-situation/deportation-section-06-how-we-stabilise-the-situation-florianopolis-coastline-brava-atlantic-brazil-bg-primary.webp,Florianopolis,Florianopolis.,Background image of Florianopolis for Brazil immigration and relocation planning.
services,/services/defense/deportation/,Deportation,7,section-7-documentation-and-chronology,Documentation And Chronology,a,assets/images/sections/services/defense/deportation/section-07-documentation-and-chronology,deportation-section-07-documentation-and-chronology-paulo-skyline-avenida-paulista-brazil-bg-primary.webp,/assets/images/sections/services/defense/deportation/section-07-documentation-and-chronology/deportation-section-07-documentation-and-chronology-paulo-skyline-avenida-paulista-brazil-bg-primary.webp,Sao Paulo,Sao Paulo.,Background image of Sao Paulo for Brazil immigration and relocation planning.
services,/services/defense/deportation/,Deportation,8,section-8-legal-representation-and-boundaries,Legal Representation And Boundaries,a,assets/images/sections/services/defense/deportation/section-08-legal-representation-and-boundaries,deportation-section-08-legal-representation-and-boundaries-waterfront-gardens-santos-paulo-brazil-bg-primary.webp,/assets/images/sections/services/defense/deportation/section-08-legal-representation-and-boundaries/deportation-section-08-legal-representation-and-boundaries-waterfront-gardens-santos-paulo-brazil-bg-primary.webp,the waterfront and gardens of Santos,the waterfront and gardens of Santos.,Background image of the waterfront and gardens of Santos for Brazil immigration and relocation planning.
services,/services/defense/deportation/,Deportation,9,section-9-what-clients-usually-feel,What Clients Usually Feel,a,assets/images/sections/services/defense/deportation/section-09-what-clients-usually-feel,deportation-section-09-what-clients-usually-feel-fortaleza-beira-coastline-ceara-brazil-bg-primary.webp,/assets/images/sections/services/defense/deportation/section-09-what-clients-usually-feel/deportation-section-09-what-clients-usually-feel-fortaleza-beira-coastline-ceara-brazil-bg-primary.webp,Fortaleza and the Beira Mar coastline,Fortaleza and the Beira Mar coastline.,Background image of Fortaleza and the Beira Mar coastline for Brazil immigration and relocation planning.
services,/services/defense/deportation/,Deportation,10,section-10-best-next-step,Best Next Step,a,assets/images/sections/services/defense/deportation/section-10-best-next-step,deportation-section-10-best-next-step-riverfront-district-gameleira-branco-brazil-bg-primary.webp,/assets/images/sections/services/defense/deportation/section-10-best-next-step/deportation-section-10-best-next-step-riverfront-district-gameleira-branco-brazil-bg-primary.webp,the riverfront district of Gameleira in Rio Branco,the riverfront district of Gameleira in Rio Branco.,Background image of the riverfront district of Gameleira in Rio Branco for Brazil immigration and relocation planning.
services,/services/defense/expulsion/,Expulsion,1,section-1-overview,Overview,a,assets/images/sections/services/defense/expulsion/section-01-overview,expulsion-section-01-overview-skyline-waterfront-balneario-camboriu-brazil-bg-primary.webp,/assets/images/sections/services/defense/expulsion/section-01-overview/expulsion-section-01-overview-skyline-waterfront-balneario-camboriu-brazil-bg-primary.webp,the skyline and waterfront of Balneario Camboriu,the skyline and waterfront of Balneario Camboriu.,Background image of the skyline and waterfront of Balneario Camboriu for Brazil immigration and relocation planning.
services,/services/defense/expulsion/,Expulsion,2,section-2-when-urgency-is-real,When Urgency Is Real,a,assets/images/sections/services/defense/expulsion/section-02-when-urgency-is-real,expulsion-section-02-when-urgency-is-real-museum-tomorrow-janeiro-port-brazil-bg-primary.webp,/assets/images/sections/services/defense/expulsion/section-02-when-urgency-is-real/expulsion-section-02-when-urgency-is-real-museum-tomorrow-janeiro-port-brazil-bg-primary.webp,the Museum of Tomorrow in Rio de Janeiro,the Museum of Tomorrow in Rio de Janeiro.,Background image of the Museum of Tomorrow in Rio de Janeiro for Brazil immigration and relocation planning.
services,/services/defense/expulsion/,Expulsion,3,section-3-who-this-service-is-for,Who This Service Is For,a,assets/images/sections/services/defense/expulsion/section-03-who-this-service-is-for,expulsion-section-03-who-this-service-is-for-niteroi-contemporary-museum-over-brazil-bg-primary.webp,/assets/images/sections/services/defense/expulsion/section-03-who-this-service-is-for/expulsion-section-03-who-this-service-is-for-niteroi-contemporary-museum-over-brazil-bg-primary.webp,the Niteroi Contemporary Art Museum over Guanabara Bay,the Niteroi Contemporary Art Museum over Guanabara Bay.,Background image of the Niteroi Contemporary Art Museum over Guanabara Bay for Brazil immigration and relocation planning.
services,/services/defense/expulsion/,Expulsion,4,section-4-what-usually-creates-exposure,What Usually Creates Exposure,a,assets/images/sections/services/defense/expulsion/section-04-what-usually-creates-exposure,expulsion-section-04-what-usually-creates-exposure-museum-tomorrow-janeiro-port-brazil-bg-primary.webp,/assets/images/sections/services/defense/expulsion/section-04-what-usually-creates-exposure/expulsion-section-04-what-usually-creates-exposure-museum-tomorrow-janeiro-port-brazil-bg-primary.webp,the urban panorama of Museum of Tomorrow in Rio de Janeiro,the urban panorama of Museum of Tomorrow in Rio de Janeiro.,Background image of the urban panorama of Museum of Tomorrow in Rio de Janeiro for Brazil immigration and relocation planning.
services,/services/defense/expulsion/,Expulsion,5,section-5-what-not-to-do,What Not To Do,a,assets/images/sections/services/defense/expulsion/section-05-what-not-to-do,expulsion-section-05-what-not-to-do-botanical-garden-curitiba-parana-brazil-bg-primary.webp,/assets/images/sections/services/defense/expulsion/section-05-what-not-to-do/expulsion-section-05-what-not-to-do-botanical-garden-curitiba-parana-brazil-bg-primary.webp,the Botanical Garden of Curitiba,the Botanical Garden of Curitiba.,Background image of the Botanical Garden of Curitiba for Brazil immigration and relocation planning.
services,/services/defense/expulsion/,Expulsion,6,section-6-how-we-stabilise-the-situation,How We Stabilise The Situation,a,assets/images/sections/services/defense/expulsion/section-06-how-we-stabilise-the-situation,expulsion-section-06-how-we-stabilise-the-situation-guaiba-waterfront-porto-alegre-brazil-bg-primary.webp,/assets/images/sections/services/defense/expulsion/section-06-how-we-stabilise-the-situation/expulsion-section-06-how-we-stabilise-the-situation-guaiba-waterfront-porto-alegre-brazil-bg-primary.webp,the Guaiba waterfront in Porto Alegre,the Guaiba waterfront in Porto Alegre.,Background image of the Guaiba waterfront in Porto Alegre for Brazil immigration and relocation planning.
services,/services/defense/expulsion/,Expulsion,7,section-7-documentation-and-chronology,Documentation And Chronology,a,assets/images/sections/services/defense/expulsion/section-07-documentation-and-chronology,expulsion-section-07-documentation-and-chronology-streets-serra-rastro-santa-brazil-bg-primary.webp,/assets/images/sections/services/defense/expulsion/section-07-documentation-and-chronology/expulsion-section-07-documentation-and-chronology-streets-serra-rastro-santa-brazil-bg-primary.webp,the architecture and streets of Serra do Rio do Rastro,the architecture and streets of Serra do Rio do Rastro.,Background image of the architecture and streets of Serra do Rio do Rastro for Brazil immigration and relocation planning.
services,/services/defense/expulsion/,Expulsion,8,section-8-legal-representation-and-boundaries,Legal Representation And Boundaries,a,assets/images/sections/services/defense/expulsion/section-08-legal-representation-and-boundaries,expulsion-section-08-legal-representation-and-boundaries-canyons-lake-scenery-capitolio-brazil-bg-primary.webp,/assets/images/sections/services/defense/expulsion/section-08-legal-representation-and-boundaries/expulsion-section-08-legal-representation-and-boundaries-canyons-lake-scenery-capitolio-brazil-bg-primary.webp,the canyons and lake scenery of Capitolio,the canyons and lake scenery of Capitolio.,Background image of the canyons and lake scenery of Capitolio for Brazil immigration and relocation planning.
services,/services/defense/expulsion/,Expulsion,9,section-9-what-clients-usually-feel,What Clients Usually Feel,a,assets/images/sections/services/defense/expulsion/section-09-what-clients-usually-feel,expulsion-section-09-what-clients-usually-feel-streets-facades-pirenopolis-goias-brazil-bg-primary.webp,/assets/images/sections/services/defense/expulsion/section-09-what-clients-usually-feel/expulsion-section-09-what-clients-usually-feel-streets-facades-pirenopolis-goias-brazil-bg-primary.webp,the historic streets and facades of Historic center of Pirenopolis,the historic streets and facades of Historic center of Pirenopolis.,Background image of the historic streets and facades of Historic center of Pirenopolis for Brazil immigration and relocation planning.
services,/services/defense/expulsion/,Expulsion,10,section-10-best-next-step,Best Next Step,a,assets/images/sections/services/defense/expulsion/section-10-best-next-step,expulsion-section-10-best-next-step-trails-cliffs-ibitipoca-minas-brazil-bg-primary.webp,/assets/images/sections/services/defense/expulsion/section-10-best-next-step/expulsion-section-10-best-next-step-trails-cliffs-ibitipoca-minas-brazil-bg-primary.webp,the trails and cliffs of Ibitipoca,the trails and cliffs of Ibitipoca.,Background image of the trails and cliffs of Ibitipoca for Brazil immigration and relocation planning.
services,/services/defense/extradition/,Extradition,1,section-1-overview,Overview,a,assets/images/sections/services/defense/extradition/section-01-overview,extradition-section-01-overview-shoreline-balneario-camboriu-skyline-brazil-bg-primary.webp,/assets/images/sections/services/defense/extradition/section-01-overview/extradition-section-01-overview-shoreline-balneario-camboriu-skyline-brazil-bg-primary.webp,the shoreline of Balneario Camboriu skyline in warm evening light,the shoreline of Balneario Camboriu skyline in warm evening light.,Background image of the shoreline of Balneario Camboriu skyline in warm evening light for Brazil immigration and relocation planning.
services,/services/defense/extradition/,Extradition,2,section-2-when-urgency-is-real,When Urgency Is Real,a,assets/images/sections/services/defense/extradition/section-02-when-urgency-is-real,extradition-section-02-when-urgency-is-real-sunrise-marajo-island-riverfront-brazil-bg-primary.webp,/assets/images/sections/services/defense/extradition/section-02-when-urgency-is-real/extradition-section-02-when-urgency-is-real-sunrise-marajo-island-riverfront-brazil-bg-primary.webp,the sunrise landscape of Marajo Island riverfront,the sunrise landscape of Marajo Island riverfront.,Background image of the sunrise landscape of Marajo Island riverfront for Brazil immigration and relocation planning.
services,/services/defense/extradition/,Extradition,3,section-3-who-this-service-is-for,Who This Service Is For,a,assets/images/sections/services/defense/extradition/section-03-who-this-service-is-for,extradition-section-03-who-this-service-is-for-paraty-waterfront-janeiro-southeast-brazil-bg-primary.webp,/assets/images/sections/services/defense/extradition/section-03-who-this-service-is-for/extradition-section-03-who-this-service-is-for-paraty-waterfront-janeiro-southeast-brazil-bg-primary.webp,Paraty,Paraty.,Background image of Paraty for Brazil immigration and relocation planning.
services,/services/defense/extradition/,Extradition,4,section-4-what-usually-creates-exposure,What Usually Creates Exposure,a,assets/images/sections/services/defense/extradition/section-04-what-usually-creates-exposure,extradition-section-04-what-usually-creates-exposure-porto-alegre-skyline-grande-brazil-bg-primary.webp,/assets/images/sections/services/defense/extradition/section-04-what-usually-creates-exposure/extradition-section-04-what-usually-creates-exposure-porto-alegre-skyline-grande-brazil-bg-primary.webp,Porto Alegre,Porto Alegre.,Background image of Porto Alegre for Brazil immigration and relocation planning.
services,/services/defense/extradition/,Extradition,5,section-5-what-not-to-do,What Not To Do,a,assets/images/sections/services/defense/extradition/section-05-what-not-to-do,extradition-section-05-what-not-to-do-riverfront-landscapes-marajo-island-brazil-bg-primary.webp,/assets/images/sections/services/defense/extradition/section-05-what-not-to-do/extradition-section-05-what-not-to-do-riverfront-landscapes-marajo-island-brazil-bg-primary.webp,the riverfront landscapes of Marajo Island,the riverfront landscapes of Marajo Island.,Background image of the riverfront landscapes of Marajo Island for Brazil immigration and relocation planning.
services,/services/defense/extradition/,Extradition,6,section-6-how-we-stabilise-the-situation,How We Stabilise The Situation,a,assets/images/sections/services/defense/extradition/section-06-how-we-stabilise-the-situation,extradition-section-06-how-we-stabilise-the-situation-coastline-water-ilhabela-paulo-brazil-bg-primary.webp,/assets/images/sections/services/defense/extradition/section-06-how-we-stabilise-the-situation/extradition-section-06-how-we-stabilise-the-situation-coastline-water-ilhabela-paulo-brazil-bg-primary.webp,the wide coastline and water of Ilhabela coastline,the wide coastline and water of Ilhabela coastline.,Background image of the wide coastline and water of Ilhabela coastline for Brazil immigration and relocation planning.
services,/services/defense/extradition/,Extradition,7,section-7-documentation-and-chronology,Documentation And Chronology,a,assets/images/sections/services/defense/extradition/section-07-documentation-and-chronology,extradition-section-07-documentation-and-chronology-salvador-pelourinho-bahia-northeast-brazil-bg-primary.webp,/assets/images/sections/services/defense/extradition/section-07-documentation-and-chronology/extradition-section-07-documentation-and-chronology-salvador-pelourinho-bahia-northeast-brazil-bg-primary.webp,Salvador,Salvador.,Background image of Salvador for Brazil immigration and relocation planning.
services,/services/defense/extradition/,Extradition,8,section-8-legal-representation-and-boundaries,Legal Representation And Boundaries,a,assets/images/sections/services/defense/extradition/section-08-legal-representation-and-boundaries,extradition-section-08-legal-representation-and-boundaries-sanctuary-sculptures-congonhas-minas-brazil-bg-primary.webp,/assets/images/sections/services/defense/extradition/section-08-legal-representation-and-boundaries/extradition-section-08-legal-representation-and-boundaries-sanctuary-sculptures-congonhas-minas-brazil-bg-primary.webp,the sanctuary and sculptures of Congonhas,the sanctuary and sculptures of Congonhas.,Background image of the sanctuary and sculptures of Congonhas for Brazil immigration and relocation planning.
services,/services/defense/extradition/,Extradition,9,section-9-what-clients-usually-feel,What Clients Usually Feel,a,assets/images/sections/services/defense/extradition/section-09-what-clients-usually-feel,extradition-section-09-what-clients-usually-feel-cliffs-coastline-pipa-grande-brazil-bg-primary.webp,/assets/images/sections/services/defense/extradition/section-09-what-clients-usually-feel/extradition-section-09-what-clients-usually-feel-cliffs-coastline-pipa-grande-brazil-bg-primary.webp,the cliffs and coastline of Pipa,the cliffs and coastline of Pipa.,Background image of the cliffs and coastline of Pipa for Brazil immigration and relocation planning.
services,/services/defense/extradition/,Extradition,10,section-10-best-next-step,Best Next Step,a,assets/images/sections/services/defense/extradition/section-10-best-next-step,extradition-section-10-best-next-step-brasilia-monumental-axis-central-brazil-bg-primary.webp,/assets/images/sections/services/defense/extradition/section-10-best-next-step/extradition-section-10-best-next-step-brasilia-monumental-axis-central-brazil-bg-primary.webp,Brasilia,Brasilia.,Background image of Brasilia for Brazil immigration and relocation planning.
services,/services/defense/fines/,Fines,1,section-1-overview,Overview,a,assets/images/sections/services/defense/fines/section-01-overview,fines-section-01-overview-coastline-atlantic-ubatuba-paulo-brazil-bg-primary.webp,/assets/images/sections/services/defense/fines/section-01-overview/fines-section-01-overview-coastline-atlantic-ubatuba-paulo-brazil-bg-primary.webp,the coastline and Atlantic forest of Ubatuba,the coastline and Atlantic forest of Ubatuba.,Background image of the coastline and Atlantic forest of Ubatuba for Brazil immigration and relocation planning.
services,/services/defense/fines/,Fines,2,section-2-when-urgency-is-real,When Urgency Is Real,a,assets/images/sections/services/defense/fines/section-02-when-urgency-is-real,fines-section-02-when-urgency-is-real-amazon-northern-aerial-relocation-brazil-bg-primary.webp,/assets/images/sections/services/defense/fines/section-02-when-urgency-is-real/fines-section-02-when-urgency-is-real-amazon-northern-aerial-relocation-brazil-bg-primary.webp,Amazon river,Amazon river.,Background image of Amazon river for Brazil immigration and relocation planning.
services,/services/defense/fines/,Fines,3,section-3-who-this-service-is-for,Who This Service Is For,a,assets/images/sections/services/defense/fines/section-03-who-this-service-is-for,fines-section-03-who-this-service-is-for-coastline-water-rosa-santa-brazil-bg-primary.webp,/assets/images/sections/services/defense/fines/section-03-who-this-service-is-for/fines-section-03-who-this-service-is-for-coastline-water-rosa-santa-brazil-bg-primary.webp,the wide coastline and water of Praia do Rosa,the wide coastline and water of Praia do Rosa.,Background image of the wide coastline and water of Praia do Rosa for Brazil immigration and relocation planning.
services,/services/defense/fines/,Fines,4,section-4-what-usually-creates-exposure,What Usually Creates Exposure,a,assets/images/sections/services/defense/fines/section-04-what-usually-creates-exposure,fines-section-04-what-usually-creates-exposure-avenida-paulista-paulo-avenue-brazil-bg-primary.webp,/assets/images/sections/services/defense/fines/section-04-what-usually-creates-exposure/fines-section-04-what-usually-creates-exposure-avenida-paulista-paulo-avenue-brazil-bg-primary.webp,Avenida Paulista in Sao Paulo,Avenida Paulista in Sao Paulo.,Background image of Avenida Paulista in Sao Paulo for Brazil immigration and relocation planning.
services,/services/defense/fines/,Fines,5,section-5-what-not-to-do,What Not To Do,a,assets/images/sections/services/defense/fines/section-05-what-not-to-do,fines-section-05-what-not-to-do-vila-germanica-district-blumenau-brazil-bg-primary.webp,/assets/images/sections/services/defense/fines/section-05-what-not-to-do/fines-section-05-what-not-to-do-vila-germanica-district-blumenau-brazil-bg-primary.webp,the Vila Germanica district in Blumenau,the Vila Germanica district in Blumenau.,Background image of the Vila Germanica district in Blumenau for Brazil immigration and relocation planning.
services,/services/defense/fines/,Fines,6,section-6-how-we-stabilise-the-situation,How We Stabilise The Situation,a,assets/images/sections/services/defense/fines/section-06-how-we-stabilise-the-situation,fines-section-06-how-we-stabilise-the-situation-cabo-branco-seafront-joao-brazil-bg-primary.webp,/assets/images/sections/services/defense/fines/section-06-how-we-stabilise-the-situation/fines-section-06-how-we-stabilise-the-situation-cabo-branco-seafront-joao-brazil-bg-primary.webp,the Cabo Branco seafront in Joao Pessoa,the Cabo Branco seafront in Joao Pessoa.,Background image of the Cabo Branco seafront in Joao Pessoa for Brazil immigration and relocation planning.
services,/services/defense/fines/,Fines,7,section-7-documentation-and-chronology,Documentation And Chronology,a,assets/images/sections/services/defense/fines/section-07-documentation-and-chronology,fines-section-07-documentation-and-chronology-salvador-pelourinho-bahia-northeast-brazil-bg-primary.webp,/assets/images/sections/services/defense/fines/section-07-documentation-and-chronology/fines-section-07-documentation-and-chronology-salvador-pelourinho-bahia-northeast-brazil-bg-primary.webp,Salvador,Salvador.,Background image of Salvador for Brazil immigration and relocation planning.
services,/services/defense/fines/,Fines,8,section-8-legal-representation-and-boundaries,Legal Representation And Boundaries,a,assets/images/sections/services/defense/fines/section-08-legal-representation-and-boundaries,fines-section-08-legal-representation-and-boundaries-colorful-quadrado-trancoso-bahia-brazil-bg-primary.webp,/assets/images/sections/services/defense/fines/section-08-legal-representation-and-boundaries/fines-section-08-legal-representation-and-boundaries-colorful-quadrado-trancoso-bahia-brazil-bg-primary.webp,the colorful Quadrado of Trancoso,the colorful Quadrado of Trancoso.,Background image of the colorful Quadrado of Trancoso for Brazil immigration and relocation planning.
services,/services/defense/fines/,Fines,9,section-9-what-clients-usually-feel,What Clients Usually Feel,a,assets/images/sections/services/defense/fines/section-09-what-clients-usually-feel,fines-section-09-what-clients-usually-feel-copacabana-waterfront-promenade-janeiro-brazil-bg-primary.webp,/assets/images/sections/services/defense/fines/section-09-what-clients-usually-feel/fines-section-09-what-clients-usually-feel-copacabana-waterfront-promenade-janeiro-brazil-bg-primary.webp,Copacabana beach and the Rio waterfront,Copacabana beach and the Rio waterfront.,Background image of Copacabana beach and the Rio waterfront for Brazil immigration and relocation planning.
services,/services/defense/fines/,Fines,10,section-10-best-next-step,Best Next Step,a,assets/images/sections/services/defense/fines/section-10-best-next-step,fines-section-10-best-next-step-lencois-maranhenses-maranhao-sand-brazil-bg-primary.webp,/assets/images/sections/services/defense/fines/section-10-best-next-step/fines-section-10-best-next-step-lencois-maranhenses-maranhao-sand-brazil-bg-primary.webp,Lençois Maranhenses,Lençois Maranhenses.,Background image of Lençois Maranhenses for Brazil immigration and relocation planning.
services,/services/defense/litigation/,Litigation,1,section-1-overview,Overview,a,assets/images/sections/services/defense/litigation/section-01-overview,litigation-section-01-overview-jericoacoara-ceara-northeast-brazil-bg-primary.webp,/assets/images/sections/services/defense/litigation/section-01-overview/litigation-section-01-overview-jericoacoara-ceara-northeast-brazil-bg-primary.webp,the dunes and lagoons of Jericoacoara,the dunes and lagoons of Jericoacoara.,Background image of the dunes and lagoons of Jericoacoara for Brazil immigration and relocation planning.
services,/services/defense/litigation/,Litigation,2,section-2-when-urgency-is-real,When Urgency Is Real,a,assets/images/sections/services/defense/litigation/section-02-when-urgency-is-real,litigation-section-02-when-urgency-is-real-natural-orla-taumanan-roraima-brazil-bg-primary.webp,/assets/images/sections/services/defense/litigation/section-02-when-urgency-is-real/litigation-section-02-when-urgency-is-real-natural-orla-taumanan-roraima-brazil-bg-primary.webp,the wide natural landscape of Orla Taumanan in Boa Vista,the wide natural landscape of Orla Taumanan in Boa Vista.,Background image of the wide natural landscape of Orla Taumanan in Boa Vista for Brazil immigration and relocation planning.
services,/services/defense/litigation/,Litigation,3,section-3-who-this-service-is-for,Who This Service Is For,a,assets/images/sections/services/defense/litigation/section-03-who-this-service-is-for,litigation-section-03-who-this-service-is-for-mission-ruins-miguel-missoes-brazil-bg-primary.webp,/assets/images/sections/services/defense/litigation/section-03-who-this-service-is-for/litigation-section-03-who-this-service-is-for-mission-ruins-miguel-missoes-brazil-bg-primary.webp,the mission ruins of Sao Miguel das Missoes,the mission ruins of Sao Miguel das Missoes.,Background image of the mission ruins of Sao Miguel das Missoes for Brazil immigration and relocation planning.
services,/services/defense/litigation/,Litigation,4,section-4-what-usually-creates-exposure,What Usually Creates Exposure,a,assets/images/sections/services/defense/litigation/section-04-what-usually-creates-exposure,litigation-section-04-what-usually-creates-exposure-ponta-negra-riverfront-manaus-brazil-bg-primary.webp,/assets/images/sections/services/defense/litigation/section-04-what-usually-creates-exposure/litigation-section-04-what-usually-creates-exposure-ponta-negra-riverfront-manaus-brazil-bg-primary.webp,the Ponta Negra riverfront in Manaus,the Ponta Negra riverfront in Manaus.,Background image of the Ponta Negra riverfront in Manaus for Brazil immigration and relocation planning.
services,/services/defense/litigation/,Litigation,5,section-5-what-not-to-do,What Not To Do,a,assets/images/sections/services/defense/litigation/section-05-what-not-to-do,litigation-section-05-what-not-to-do-forests-waters-chapada-guimaraes-brazil-bg-primary.webp,/assets/images/sections/services/defense/litigation/section-05-what-not-to-do/litigation-section-05-what-not-to-do-forests-waters-chapada-guimaraes-brazil-bg-primary.webp,the forests and waters of Chapada dos Guimaraes,the forests and waters of Chapada dos Guimaraes.,Background image of the forests and waters of Chapada dos Guimaraes for Brazil immigration and relocation planning.
services,/services/defense/litigation/,Litigation,6,section-6-how-we-stabilise-the-situation,How We Stabilise The Situation,a,assets/images/sections/services/defense/litigation/section-06-how-we-stabilise-the-situation,litigation-section-06-how-we-stabilise-the-situation-fortaleza-beira-coastline-ceara-brazil-bg-primary.webp,/assets/images/sections/services/defense/litigation/section-06-how-we-stabilise-the-situation/litigation-section-06-how-we-stabilise-the-situation-fortaleza-beira-coastline-ceara-brazil-bg-primary.webp,Fortaleza and the Beira Mar coastline,Fortaleza and the Beira Mar coastline.,Background image of Fortaleza and the Beira Mar coastline for Brazil immigration and relocation planning.
services,/services/defense/litigation/,Litigation,7,section-7-documentation-and-chronology,Documentation And Chronology,a,assets/images/sections/services/defense/litigation/section-07-documentation-and-chronology,litigation-section-07-documentation-and-chronology-ouro-preto-minas-gerais-brazil-bg-primary.webp,/assets/images/sections/services/defense/litigation/section-07-documentation-and-chronology/litigation-section-07-documentation-and-chronology-ouro-preto-minas-gerais-brazil-bg-primary.webp,Ouro Preto,Ouro Preto.,Background image of Ouro Preto for Brazil immigration and relocation planning.
services,/services/defense/litigation/,Litigation,8,section-8-legal-representation-and-boundaries,Legal Representation And Boundaries,a,assets/images/sections/services/defense/litigation/section-08-legal-representation-and-boundaries,litigation-section-08-legal-representation-and-boundaries-streets-fervedouro-jalapao-tocantins-brazil-bg-primary.webp,/assets/images/sections/services/defense/litigation/section-08-legal-representation-and-boundaries/litigation-section-08-legal-representation-and-boundaries-streets-fervedouro-jalapao-tocantins-brazil-bg-primary.webp,the architecture and streets of Fervedouro in Jalapao,the architecture and streets of Fervedouro in Jalapao.,Background image of the architecture and streets of Fervedouro in Jalapao for Brazil immigration and relocation planning.
services,/services/defense/litigation/,Litigation,9,section-9-what-clients-usually-feel,What Clients Usually Feel,a,assets/images/sections/services/defense/litigation/section-09-what-clients-usually-feel,litigation-section-09-what-clients-usually-feel-coastline-water-bombinhas-peninsula-brazil-bg-primary.webp,/assets/images/sections/services/defense/litigation/section-09-what-clients-usually-feel/litigation-section-09-what-clients-usually-feel-coastline-water-bombinhas-peninsula-brazil-bg-primary.webp,the wide coastline and water of Bombinhas peninsula,the wide coastline and water of Bombinhas peninsula.,Background image of the wide coastline and water of Bombinhas peninsula for Brazil immigration and relocation planning.
services,/services/defense/litigation/,Litigation,10,section-10-best-next-step,Best Next Step,a,assets/images/sections/services/defense/litigation/section-10-best-next-step,litigation-section-10-best-next-step-sunrise-delta-parnaiba-piaui-brazil-bg-primary.webp,/assets/images/sections/services/defense/litigation/section-10-best-next-step/litigation-section-10-best-next-step-sunrise-delta-parnaiba-piaui-brazil-bg-primary.webp,the sunrise landscape of Delta do Parnaiba,the sunrise landscape of Delta do Parnaiba.,Background image of the sunrise landscape of Delta do Parnaiba for Brazil immigration and relocation planning.
services,/services/naturalisation/,Naturalisation,1,section-1-overview,Overview,a,assets/images/sections/services/naturalisation/section-01-overview,naturalisation-section-01-overview-coastline-rosa-santa-catarina-brazil-bg-primary.webp,/assets/images/sections/services/naturalisation/section-01-overview/naturalisation-section-01-overview-coastline-rosa-santa-catarina-brazil-bg-primary.webp,the bay and coastline of Praia do Rosa,the bay and coastline of Praia do Rosa.,Background image of the bay and coastline of Praia do Rosa for Brazil immigration and relocation planning.
services,/services/naturalisation/,Naturalisation,2,section-2-explore-the-service-families,Explore The Service Families,a,assets/images/sections/services/naturalisation/section-02-explore-the-service-families,naturalisation-section-02-explore-the-service-families-shoreline-janeiro-skyline-sugarloaf-brazil-bg-primary.webp,/assets/images/sections/services/naturalisation/section-02-explore-the-service-families/naturalisation-section-02-explore-the-service-families-shoreline-janeiro-skyline-sugarloaf-brazil-bg-primary.webp,the shoreline of Rio de Janeiro skyline from Sugarloaf Mountain in warm evening light,the shoreline of Rio de Janeiro skyline from Sugarloaf Mountain in warm evening light.,Background image of the shoreline of Rio de Janeiro skyline from Sugarloaf Mountain in warm evening light for Brazil immigration and relocation planning.
services,/services/naturalisation/,Naturalisation,3,section-3-how-to-choose-the-right-starting-point,How To Choose The Right Starting Point,a,assets/images/sections/services/naturalisation/section-03-how-to-choose-the-right-starting-point,naturalisation-section-03-how-to-choose-the-right-starting-point-natural-negro-palace-manaus-brazil-bg-primary.webp,/assets/images/sections/services/naturalisation/section-03-how-to-choose-the-right-starting-point/naturalisation-section-03-how-to-choose-the-right-starting-point-natural-negro-palace-manaus-brazil-bg-primary.webp,the wide natural landscape of Rio Negro Palace in Manaus,the wide natural landscape of Rio Negro Palace in Manaus.,Background image of the wide natural landscape of Rio Negro Palace in Manaus for Brazil immigration and relocation planning.
services,/services/naturalisation/,Naturalisation,4,section-4-if-you-are-between-categories,If You Are Between Categories,a,assets/images/sections/services/naturalisation/section-04-if-you-are-between-categories,naturalisation-section-04-if-you-are-between-categories-ipanema-dois-irmaos-janeiro-brazil-bg-primary.webp,/assets/images/sections/services/naturalisation/section-04-if-you-are-between-categories/naturalisation-section-04-if-you-are-between-categories-ipanema-dois-irmaos-janeiro-brazil-bg-primary.webp,Ipanema beach with Dois Irmaos in the background,Ipanema beach with Dois Irmaos in the background.,Background image of Ipanema beach with Dois Irmaos in the background for Brazil immigration and relocation planning.
services,/services/naturalisation/,Naturalisation,5,section-5-best-next-step,Best Next Step,a,assets/images/sections/services/naturalisation/section-05-best-next-step,naturalisation-section-05-best-next-step-natural-botanical-garden-curitiba-brazil-bg-primary.webp,/assets/images/sections/services/naturalisation/section-05-best-next-step/naturalisation-section-05-best-next-step-natural-botanical-garden-curitiba-brazil-bg-primary.webp,the wide natural landscape of Botanical Garden of Curitiba,the wide natural landscape of Botanical Garden of Curitiba.,Background image of the wide natural landscape of Botanical Garden of Curitiba for Brazil immigration and relocation planning.
services,/services/naturalisation/extraordinary/,Extraordinary Naturalisation,1,section-1-overview,Overview,a,assets/images/sections/services/naturalisation/extraordinary/section-01-overview,extraordinary-naturalisation-section-01-overview-coastline-coves-ilha-grande-brazil-bg-primary.webp,/assets/images/sections/services/naturalisation/extraordinary/section-01-overview/extraordinary-naturalisation-section-01-overview-coastline-coves-ilha-grande-brazil-bg-primary.webp,the coastline and coves of Ilha Grande,the coastline and coves of Ilha Grande.,Background image of the coastline and coves of Ilha Grande for Brazil immigration and relocation planning.
services,/services/naturalisation/extraordinary/,Extraordinary Naturalisation,2,section-2-who-usually-comes-to-us-for-this,Who Usually Comes To Us For This,a,assets/images/sections/services/naturalisation/extraordinary/section-02-who-usually-comes-to-us-for-this,extraordinary-naturalisation-section-02-who-usually-comes-to-us-for-this-beaches-lighthouse-ilha-parana-brazil-bg-primary.webp,/assets/images/sections/services/naturalisation/extraordinary/section-02-who-usually-comes-to-us-for-this/extraordinary-naturalisation-section-02-who-usually-comes-to-us-for-this-beaches-lighthouse-ilha-parana-brazil-bg-primary.webp,the beaches and lighthouse of Ilha do Mel,the beaches and lighthouse of Ilha do Mel.,Background image of the beaches and lighthouse of Ilha do Mel for Brazil immigration and relocation planning.
services,/services/naturalisation/extraordinary/,Extraordinary Naturalisation,3,section-3-continuity-and-eligibility,Continuity And Eligibility,a,assets/images/sections/services/naturalisation/extraordinary/section-03-continuity-and-eligibility,extraordinary-naturalisation-section-03-continuity-and-eligibility-beaches-alter-chao-tapajos-brazil-bg-primary.webp,/assets/images/sections/services/naturalisation/extraordinary/section-03-continuity-and-eligibility/extraordinary-naturalisation-section-03-continuity-and-eligibility-beaches-alter-chao-tapajos-brazil-bg-primary.webp,the beaches of Alter do Chao on the Tapajos River,the beaches of Alter do Chao on the Tapajos River.,Background image of the beaches of Alter do Chao on the Tapajos River for Brazil immigration and relocation planning.
services,/services/naturalisation/extraordinary/,Extraordinary Naturalisation,4,section-4-records-that-usually-matter,Records That Usually Matter,a,assets/images/sections/services/naturalisation/extraordinary/section-04-records-that-usually-matter,extraordinary-naturalisation-section-04-records-that-usually-matter-farol-barra-seafront-salvador-brazil-bg-primary.webp,/assets/images/sections/services/naturalisation/extraordinary/section-04-records-that-usually-matter/extraordinary-naturalisation-section-04-records-that-usually-matter-farol-barra-seafront-salvador-brazil-bg-primary.webp,Farol da Barra and the seafront of Salvador,Farol da Barra and the seafront of Salvador.,Background image of Farol da Barra and the seafront of Salvador for Brazil immigration and relocation planning.
services,/services/naturalisation/extraordinary/,Extraordinary Naturalisation,5,section-5-when-to-start-planning,When To Start Planning,a,assets/images/sections/services/naturalisation/extraordinary/section-05-when-to-start-planning,extraordinary-naturalisation-section-05-when-to-start-planning-forests-waters-madeira-porto-brazil-bg-primary.webp,/assets/images/sections/services/naturalisation/extraordinary/section-05-when-to-start-planning/extraordinary-naturalisation-section-05-when-to-start-planning-forests-waters-madeira-porto-brazil-bg-primary.webp,the forests and waters of Madeira river in Porto Velho,the forests and waters of Madeira river in Porto Velho.,Background image of the forests and waters of Madeira river in Porto Velho for Brazil immigration and relocation planning.
services,/services/naturalisation/extraordinary/,Extraordinary Naturalisation,6,section-6-when-it-may-not-yet-be-the-right-moment,When It May Not Yet Be The Right Moment,a,assets/images/sections/services/naturalisation/extraordinary/section-06-when-it-may-not-yet-be-the-right-moment,extraordinary-naturalisation-section-06-when-it-may-not-yet-be-the-right-moment-manaus-amazonas-northern-mission-brazil-bg-primary.webp,/assets/images/sections/services/naturalisation/extraordinary/section-06-when-it-may-not-yet-be-the-right-moment/extraordinary-naturalisation-section-06-when-it-may-not-yet-be-the-right-moment-manaus-amazonas-northern-mission-brazil-bg-primary.webp,Manaus,Manaus.,Background image of Manaus for Brazil immigration and relocation planning.
services,/services/naturalisation/extraordinary/,Extraordinary Naturalisation,7,section-7-how-we-evaluate-the-route,How We Evaluate The Route,a,assets/images/sections/services/naturalisation/extraordinary/section-07-how-we-evaluate-the-route,extraordinary-naturalisation-section-07-how-we-evaluate-the-route-shoreline-bombinhas-peninsula-warm-brazil-bg-primary.webp,/assets/images/sections/services/naturalisation/extraordinary/section-07-how-we-evaluate-the-route/extraordinary-naturalisation-section-07-how-we-evaluate-the-route-shoreline-bombinhas-peninsula-warm-brazil-bg-primary.webp,the shoreline of Bombinhas peninsula in warm evening light,the shoreline of Bombinhas peninsula in warm evening light.,Background image of the shoreline of Bombinhas peninsula in warm evening light for Brazil immigration and relocation planning.
services,/services/naturalisation/extraordinary/,Extraordinary Naturalisation,8,section-8-cross-border-and-family-effects,Cross-Border And Family Effects,a,assets/images/sections/services/naturalisation/extraordinary/section-08-cross-border-and-family-effects,extraordinary-naturalisation-section-08-cross-border-and-family-effects-shoreline-buzios-peninsula-warm-brazil-bg-primary.webp,/assets/images/sections/services/naturalisation/extraordinary/section-08-cross-border-and-family-effects/extraordinary-naturalisation-section-08-cross-border-and-family-effects-shoreline-buzios-peninsula-warm-brazil-bg-primary.webp,the shoreline of Buzios peninsula in warm evening light,the shoreline of Buzios peninsula in warm evening light.,Background image of the shoreline of Buzios peninsula in warm evening light for Brazil immigration and relocation planning.
services,/services/naturalisation/extraordinary/,Extraordinary Naturalisation,9,section-9-legal-structure-and-expectations,Legal Structure And Expectations,a,assets/images/sections/services/naturalisation/extraordinary/section-09-legal-structure-and-expectations,extraordinary-naturalisation-section-09-legal-structure-and-expectations-streets-sanctuary-congonhas-minas-brazil-bg-primary.webp,/assets/images/sections/services/naturalisation/extraordinary/section-09-legal-structure-and-expectations/extraordinary-naturalisation-section-09-legal-structure-and-expectations-streets-sanctuary-congonhas-minas-brazil-bg-primary.webp,the architecture and streets of Sanctuary of Congonhas,the architecture and streets of Sanctuary of Congonhas.,Background image of the architecture and streets of Sanctuary of Congonhas for Brazil immigration and relocation planning.
services,/services/naturalisation/extraordinary/,Extraordinary Naturalisation,10,section-10-what-changes-after-proper-planning,What Changes After Proper Planning,a,assets/images/sections/services/naturalisation/extraordinary/section-10-what-changes-after-proper-planning,extraordinary-naturalisation-section-10-what-changes-after-proper-planning-forests-waters-meeting-manaus-brazil-bg-primary.webp,/assets/images/sections/services/naturalisation/extraordinary/section-10-what-changes-after-proper-planning/extraordinary-naturalisation-section-10-what-changes-after-proper-planning-forests-waters-meeting-manaus-brazil-bg-primary.webp,the forests and waters of Meeting of the Waters in Manaus,the forests and waters of Meeting of the Waters in Manaus.,Background image of the forests and waters of Meeting of the Waters in Manaus for Brazil immigration and relocation planning.
services,/services/naturalisation/ordinary/,Ordinary Naturalisation,1,section-1-overview,Overview,a,assets/images/sections/services/naturalisation/ordinary/section-01-overview,ordinary-naturalisation-section-01-overview-francisco-canyons-canions-alagoas-brazil-bg-primary.webp,/assets/images/sections/services/naturalisation/ordinary/section-01-overview/ordinary-naturalisation-section-01-overview-francisco-canyons-canions-alagoas-brazil-bg-primary.webp,the Sao Francisco river canyons,the Sao Francisco river canyons.,Background image of the Sao Francisco river canyons for Brazil immigration and relocation planning.
services,/services/naturalisation/ordinary/,Ordinary Naturalisation,2,section-2-who-usually-comes-to-us-for-this,Who Usually Comes To Us For This,a,assets/images/sections/services/naturalisation/ordinary/section-02-who-usually-comes-to-us-for-this,ordinary-naturalisation-section-02-who-usually-comes-to-us-for-this-coastline-water-pajucara-waterfront-brazil-bg-primary.webp,/assets/images/sections/services/naturalisation/ordinary/section-02-who-usually-comes-to-us-for-this/ordinary-naturalisation-section-02-who-usually-comes-to-us-for-this-coastline-water-pajucara-waterfront-brazil-bg-primary.webp,the wide coastline and water of Pajucara waterfront in Maceio,the wide coastline and water of Pajucara waterfront in Maceio.,Background image of the wide coastline and water of Pajucara waterfront in Maceio for Brazil immigration and relocation planning.
services,/services/naturalisation/ordinary/,Ordinary Naturalisation,3,section-3-continuity-and-eligibility,Continuity And Eligibility,a,assets/images/sections/services/naturalisation/ordinary/section-03-continuity-and-eligibility,ordinary-naturalisation-section-03-continuity-and-eligibility-sunrise-itaimbezinho-canyon-aparados-brazil-bg-primary.webp,/assets/images/sections/services/naturalisation/ordinary/section-03-continuity-and-eligibility/ordinary-naturalisation-section-03-continuity-and-eligibility-sunrise-itaimbezinho-canyon-aparados-brazil-bg-primary.webp,the sunrise landscape of Itaimbezinho canyon,the sunrise landscape of Itaimbezinho canyon.,Background image of the sunrise landscape of Itaimbezinho canyon for Brazil immigration and relocation planning.
services,/services/naturalisation/ordinary/,Ordinary Naturalisation,4,section-4-records-that-usually-matter,Records That Usually Matter,a,assets/images/sections/services/naturalisation/ordinary/section-04-records-that-usually-matter,ordinary-naturalisation-section-04-records-that-usually-matter-cerrado-aguas-emendadas-ecological-brazil-bg-primary.webp,/assets/images/sections/services/naturalisation/ordinary/section-04-records-that-usually-matter/ordinary-naturalisation-section-04-records-that-usually-matter-cerrado-aguas-emendadas-ecological-brazil-bg-primary.webp,the cerrado landscape of Aguas Emendadas,the cerrado landscape of Aguas Emendadas.,Background image of the cerrado landscape of Aguas Emendadas for Brazil immigration and relocation planning.
services,/services/naturalisation/ordinary/,Ordinary Naturalisation,5,section-5-when-to-start-planning,When To Start Planning,a,assets/images/sections/services/naturalisation/ordinary/section-05-when-to-start-planning,ordinary-naturalisation-section-05-when-to-start-planning-iguazu-iguacu-southern-economy-brazil-bg-primary.webp,/assets/images/sections/services/naturalisation/ordinary/section-05-when-to-start-planning/ordinary-naturalisation-section-05-when-to-start-planning-iguazu-iguacu-southern-economy-brazil-bg-primary.webp,Iguazu Falls,Iguazu Falls.,Background image of Iguazu Falls for Brazil immigration and relocation planning.
services,/services/naturalisation/ordinary/,Ordinary Naturalisation,6,section-6-when-it-may-not-yet-be-the-right-moment,When It May Not Yet Be The Right Moment,a,assets/images/sections/services/naturalisation/ordinary/section-06-when-it-may-not-yet-be-the-right-moment,ordinary-naturalisation-section-06-when-it-may-not-yet-be-the-right-moment-paraty-waterfront-janeiro-southeast-brazil-bg-primary.webp,/assets/images/sections/services/naturalisation/ordinary/section-06-when-it-may-not-yet-be-the-right-moment/ordinary-naturalisation-section-06-when-it-may-not-yet-be-the-right-moment-paraty-waterfront-janeiro-southeast-brazil-bg-primary.webp,Paraty,Paraty.,Background image of Paraty for Brazil immigration and relocation planning.
services,/services/naturalisation/ordinary/,Ordinary Naturalisation,7,section-7-how-we-evaluate-the-route,How We Evaluate The Route,a,assets/images/sections/services/naturalisation/ordinary/section-07-how-we-evaluate-the-route,ordinary-naturalisation-section-07-how-we-evaluate-the-route-island-village-beaches-morro-brazil-bg-primary.webp,/assets/images/sections/services/naturalisation/ordinary/section-07-how-we-evaluate-the-route/ordinary-naturalisation-section-07-how-we-evaluate-the-route-island-village-beaches-morro-brazil-bg-primary.webp,the island village and beaches of Morro de Sao Paulo,the island village and beaches of Morro de Sao Paulo.,Background image of the island village and beaches of Morro de Sao Paulo for Brazil immigration and relocation planning.
services,/services/naturalisation/ordinary/,Ordinary Naturalisation,8,section-8-cross-border-and-family-effects,Cross-Border And Family Effects,a,assets/images/sections/services/naturalisation/ordinary/section-08-cross-border-and-family-effects,ordinary-naturalisation-section-08-cross-border-and-family-effects-beachfront-museum-contemporary-niteroi-brazil-bg-primary.webp,/assets/images/sections/services/naturalisation/ordinary/section-08-cross-border-and-family-effects/ordinary-naturalisation-section-08-cross-border-and-family-effects-beachfront-museum-contemporary-niteroi-brazil-bg-primary.webp,the beachfront and sea of Museum of Contemporary Art in Niteroi,the beachfront and sea of Museum of Contemporary Art in Niteroi.,Background image of the beachfront and sea of Museum of Contemporary Art in Niteroi for Brazil immigration and relocation planning.
services,/services/naturalisation/ordinary/,Ordinary Naturalisation,9,section-9-legal-structure-and-expectations,Legal Structure And Expectations,a,assets/images/sections/services/naturalisation/ordinary/section-09-legal-structure-and-expectations,ordinary-naturalisation-section-09-legal-structure-and-expectations-clear-waters-lagoa-azul-brazil-bg-primary.webp,/assets/images/sections/services/naturalisation/ordinary/section-09-legal-structure-and-expectations/ordinary-naturalisation-section-09-legal-structure-and-expectations-clear-waters-lagoa-azul-brazil-bg-primary.webp,the clear waters of Lagoa Azul in Nobres,the clear waters of Lagoa Azul in Nobres.,Background image of the clear waters of Lagoa Azul in Nobres for Brazil immigration and relocation planning.
services,/services/naturalisation/ordinary/,Ordinary Naturalisation,10,section-10-what-changes-after-proper-planning,What Changes After Proper Planning,a,assets/images/sections/services/naturalisation/ordinary/section-10-what-changes-after-proper-planning,ordinary-naturalisation-section-10-what-changes-after-proper-planning-pampulha-belo-horizonte-minas-brazil-bg-primary.webp,/assets/images/sections/services/naturalisation/ordinary/section-10-what-changes-after-proper-planning/ordinary-naturalisation-section-10-what-changes-after-proper-planning-pampulha-belo-horizonte-minas-brazil-bg-primary.webp,the urban panorama of Pampulha in Belo Horizonte,the urban panorama of Pampulha in Belo Horizonte.,Background image of the urban panorama of Pampulha in Belo Horizonte for Brazil immigration and relocation planning.
services,/services/naturalisation/provisional/,Provisional Naturalisation,1,section-1-overview,Overview,a,assets/images/sections/services/naturalisation/provisional/section-01-overview,provisional-naturalisation-section-01-overview-janeiro-skyline-sugarloaf-guanabara-brazil-bg-primary.webp,/assets/images/sections/services/naturalisation/provisional/section-01-overview/provisional-naturalisation-section-01-overview-janeiro-skyline-sugarloaf-guanabara-brazil-bg-primary.webp,Rio de Janeiro,Rio de Janeiro.,Background image of Rio de Janeiro for Brazil immigration and relocation planning.
services,/services/naturalisation/provisional/,Provisional Naturalisation,2,section-2-who-usually-comes-to-us-for-this,Who Usually Comes To Us For This,a,assets/images/sections/services/naturalisation/provisional/section-02-who-usually-comes-to-us-for-this,provisional-naturalisation-section-02-who-usually-comes-to-us-for-this-island-coastline-ilhabela-paulo-brazil-bg-primary.webp,/assets/images/sections/services/naturalisation/provisional/section-02-who-usually-comes-to-us-for-this/provisional-naturalisation-section-02-who-usually-comes-to-us-for-this-island-coastline-ilhabela-paulo-brazil-bg-primary.webp,the island coastline of Ilhabela,the island coastline of Ilhabela.,Background image of the island coastline of Ilhabela for Brazil immigration and relocation planning.
services,/services/naturalisation/provisional/,Provisional Naturalisation,3,section-3-continuity-and-eligibility,Continuity And Eligibility,a,assets/images/sections/services/naturalisation/provisional/section-03-continuity-and-eligibility,provisional-naturalisation-section-03-continuity-and-eligibility-amazon-northern-aerial-relocation-brazil-bg-primary.webp,/assets/images/sections/services/naturalisation/provisional/section-03-continuity-and-eligibility/provisional-naturalisation-section-03-continuity-and-eligibility-amazon-northern-aerial-relocation-brazil-bg-primary.webp,Amazon river,Amazon river.,Background image of Amazon river for Brazil immigration and relocation planning.
services,/services/naturalisation/provisional/,Provisional Naturalisation,4,section-4-records-that-usually-matter,Records That Usually Matter,a,assets/images/sections/services/naturalisation/provisional/section-04-records-that-usually-matter,provisional-naturalisation-section-04-records-that-usually-matter-avenida-paulista-paulo-avenue-brazil-bg-primary.webp,/assets/images/sections/services/naturalisation/provisional/section-04-records-that-usually-matter/provisional-naturalisation-section-04-records-that-usually-matter-avenida-paulista-paulo-avenue-brazil-bg-primary.webp,Avenida Paulista in Sao Paulo,Avenida Paulista in Sao Paulo.,Background image of Avenida Paulista in Sao Paulo for Brazil immigration and relocation planning.
services,/services/naturalisation/provisional/,Provisional Naturalisation,5,section-5-when-to-start-planning,When To Start Planning,a,assets/images/sections/services/naturalisation/provisional/section-05-when-to-start-planning,provisional-naturalisation-section-05-when-to-start-planning-sunrise-botanical-garden-curitiba-brazil-bg-primary.webp,/assets/images/sections/services/naturalisation/provisional/section-05-when-to-start-planning/provisional-naturalisation-section-05-when-to-start-planning-sunrise-botanical-garden-curitiba-brazil-bg-primary.webp,the sunrise landscape of Botanical Garden of Curitiba,the sunrise landscape of Botanical Garden of Curitiba.,Background image of the sunrise landscape of Botanical Garden of Curitiba for Brazil immigration and relocation planning.
services,/services/naturalisation/provisional/,Provisional Naturalisation,6,section-6-when-it-may-not-yet-be-the-right-moment,When It May Not Yet Be The Right Moment,a,assets/images/sections/services/naturalisation/provisional/section-06-when-it-may-not-yet-be-the-right-moment,provisional-naturalisation-section-06-when-it-may-not-yet-be-the-right-moment-sunrise-negro-palace-manaus-brazil-bg-primary.webp,/assets/images/sections/services/naturalisation/provisional/section-06-when-it-may-not-yet-be-the-right-moment/provisional-naturalisation-section-06-when-it-may-not-yet-be-the-right-moment-sunrise-negro-palace-manaus-brazil-bg-primary.webp,the sunrise landscape of Rio Negro Palace in Manaus,the sunrise landscape of Rio Negro Palace in Manaus.,Background image of the sunrise landscape of Rio Negro Palace in Manaus for Brazil immigration and relocation planning.
services,/services/naturalisation/provisional/,Provisional Naturalisation,7,section-7-how-we-evaluate-the-route,How We Evaluate The Route,a,assets/images/sections/services/naturalisation/provisional/section-07-how-we-evaluate-the-route,provisional-naturalisation-section-07-how-we-evaluate-the-route-sunrise-amazon-northern-aerial-brazil-bg-primary.webp,/assets/images/sections/services/naturalisation/provisional/section-07-how-we-evaluate-the-route/provisional-naturalisation-section-07-how-we-evaluate-the-route-sunrise-amazon-northern-aerial-brazil-bg-primary.webp,the sunrise landscape of Amazon river basin,the sunrise landscape of Amazon river basin.,Background image of the sunrise landscape of Amazon river basin for Brazil immigration and relocation planning.
services,/services/naturalisation/provisional/,Provisional Naturalisation,8,section-8-cross-border-and-family-effects,Cross-Border And Family Effects,a,assets/images/sections/services/naturalisation/provisional/section-08-cross-border-and-family-effects,provisional-naturalisation-section-08-cross-border-and-family-effects-vitoria-bayfront-espirito-santo-brazil-bg-primary.webp,/assets/images/sections/services/naturalisation/provisional/section-08-cross-border-and-family-effects/provisional-naturalisation-section-08-cross-border-and-family-effects-vitoria-bayfront-espirito-santo-brazil-bg-primary.webp,Vitoria and the bayfront of Espirito Santo,Vitoria and the bayfront of Espirito Santo.,Background image of Vitoria and the bayfront of Espirito Santo for Brazil immigration and relocation planning.
services,/services/naturalisation/provisional/,Provisional Naturalisation,9,section-9-legal-structure-and-expectations,Legal Structure And Expectations,a,assets/images/sections/services/naturalisation/provisional/section-09-legal-structure-and-expectations,provisional-naturalisation-section-09-legal-structure-and-expectations-curitiba-skyline-parana-southern-brazil-bg-primary.webp,/assets/images/sections/services/naturalisation/provisional/section-09-legal-structure-and-expectations/provisional-naturalisation-section-09-legal-structure-and-expectations-curitiba-skyline-parana-southern-brazil-bg-primary.webp,Curitiba,Curitiba.,Background image of Curitiba for Brazil immigration and relocation planning.
services,/services/naturalisation/provisional/,Provisional Naturalisation,10,section-10-what-changes-after-proper-planning,What Changes After Proper Planning,a,assets/images/sections/services/naturalisation/provisional/section-10-what-changes-after-proper-planning,provisional-naturalisation-section-10-what-changes-after-proper-planning-aguas-emendadas-ecological-station-brazil-bg-primary.webp,/assets/images/sections/services/naturalisation/provisional/section-10-what-changes-after-proper-planning/provisional-naturalisation-section-10-what-changes-after-proper-planning-aguas-emendadas-ecological-station-brazil-bg-primary.webp,the urban panorama of Aguas Emendadas ecological station,the urban panorama of Aguas Emendadas ecological station.,Background image of the urban panorama of Aguas Emendadas ecological station for Brazil immigration and relocation planning.
services,/services/naturalisation/reacquisition/,Reacquisition Naturalisation,1,section-1-overview,Overview,a,assets/images/sections/services/naturalisation/reacquisition/section-01-overview,reacquisition-naturalisation-section-01-overview-curitiba-skyline-parana-southern-brazil-bg-primary.webp,/assets/images/sections/services/naturalisation/reacquisition/section-01-overview/reacquisition-naturalisation-section-01-overview-curitiba-skyline-parana-southern-brazil-bg-primary.webp,Curitiba,Curitiba.,Background image of Curitiba for Brazil immigration and relocation planning.
services,/services/naturalisation/reacquisition/,Reacquisition Naturalisation,2,section-2-who-usually-comes-to-us-for-this,Who Usually Comes To Us For This,a,assets/images/sections/services/naturalisation/reacquisition/section-02-who-usually-comes-to-us-for-this,reacquisition-naturalisation-section-02-who-usually-comes-to-us-for-this-beaches-peninsula-bombinhas-santa-brazil-bg-primary.webp,/assets/images/sections/services/naturalisation/reacquisition/section-02-who-usually-comes-to-us-for-this/reacquisition-naturalisation-section-02-who-usually-comes-to-us-for-this-beaches-peninsula-bombinhas-santa-brazil-bg-primary.webp,the beaches and peninsula of Bombinhas,the beaches and peninsula of Bombinhas.,Background image of the beaches and peninsula of Bombinhas for Brazil immigration and relocation planning.
services,/services/naturalisation/reacquisition/,Reacquisition Naturalisation,3,section-3-continuity-and-eligibility,Continuity And Eligibility,a,assets/images/sections/services/naturalisation/reacquisition/section-03-continuity-and-eligibility,reacquisition-naturalisation-section-03-continuity-and-eligibility-cliffs-valleys-chapada-guimaraes-brazil-bg-primary.webp,/assets/images/sections/services/naturalisation/reacquisition/section-03-continuity-and-eligibility/reacquisition-naturalisation-section-03-continuity-and-eligibility-cliffs-valleys-chapada-guimaraes-brazil-bg-primary.webp,the cliffs and valleys of Chapada dos Guimaraes,the cliffs and valleys of Chapada dos Guimaraes.,Background image of the cliffs and valleys of Chapada dos Guimaraes for Brazil immigration and relocation planning.
services,/services/naturalisation/reacquisition/,Reacquisition Naturalisation,4,section-4-records-that-usually-matter,Records That Usually Matter,a,assets/images/sections/services/naturalisation/reacquisition/section-04-records-that-usually-matter,reacquisition-naturalisation-section-04-records-that-usually-matter-streets-monte-roraima-northern-brazil-bg-primary.webp,/assets/images/sections/services/naturalisation/reacquisition/section-04-records-that-usually-matter/reacquisition-naturalisation-section-04-records-that-usually-matter-streets-monte-roraima-northern-brazil-bg-primary.webp,the architecture and streets of Monte Roraima in Brazil,the architecture and streets of Monte Roraima in Brazil.,Background image of the architecture and streets of Monte Roraima in Brazil for Brazil immigration and relocation planning.
services,/services/naturalisation/reacquisition/,Reacquisition Naturalisation,5,section-5-when-to-start-planning,When To Start Planning,a,assets/images/sections/services/naturalisation/reacquisition/section-05-when-to-start-planning,reacquisition-naturalisation-section-05-when-to-start-planning-brasilia-monumental-axis-central-brazil-bg-primary.webp,/assets/images/sections/services/naturalisation/reacquisition/section-05-when-to-start-planning/reacquisition-naturalisation-section-05-when-to-start-planning-brasilia-monumental-axis-central-brazil-bg-primary.webp,the urban panorama of National Congress in Brasilia,the urban panorama of National Congress in Brasilia.,Background image of the urban panorama of National Congress in Brasilia for Brazil immigration and relocation planning.
services,/services/naturalisation/reacquisition/,Reacquisition Naturalisation,6,section-6-when-it-may-not-yet-be-the-right-moment,When It May Not Yet Be The Right Moment,a,assets/images/sections/services/naturalisation/reacquisition/section-06-when-it-may-not-yet-be-the-right-moment,reacquisition-naturalisation-section-06-when-it-may-not-yet-be-the-right-moment-coastline-water-janeiro-skyline-brazil-bg-primary.webp,/assets/images/sections/services/naturalisation/reacquisition/section-06-when-it-may-not-yet-be-the-right-moment/reacquisition-naturalisation-section-06-when-it-may-not-yet-be-the-right-moment-coastline-water-janeiro-skyline-brazil-bg-primary.webp,the wide coastline and water of Rio de Janeiro skyline from Sugarloaf Mountain,the wide coastline and water of Rio de Janeiro skyline from Sugarloaf Mountain.,Background image of the wide coastline and water of Rio de Janeiro skyline from Sugarloaf Mountain for Brazil immigration and relocation planning.
services,/services/naturalisation/reacquisition/,Reacquisition Naturalisation,7,section-7-how-we-evaluate-the-route,How We Evaluate The Route,a,assets/images/sections/services/naturalisation/reacquisition/section-07-how-we-evaluate-the-route,reacquisition-naturalisation-section-07-how-we-evaluate-the-route-sunrise-amazonas-manaus-northern-brazil-bg-primary.webp,/assets/images/sections/services/naturalisation/reacquisition/section-07-how-we-evaluate-the-route/reacquisition-naturalisation-section-07-how-we-evaluate-the-route-sunrise-amazonas-manaus-northern-brazil-bg-primary.webp,the sunrise landscape of Teatro Amazonas in Manaus,the sunrise landscape of Teatro Amazonas in Manaus.,Background image of the sunrise landscape of Teatro Amazonas in Manaus for Brazil immigration and relocation planning.
services,/services/naturalisation/reacquisition/,Reacquisition Naturalisation,8,section-8-cross-border-and-family-effects,Cross-Border And Family Effects,a,assets/images/sections/services/naturalisation/reacquisition/section-08-cross-border-and-family-effects,reacquisition-naturalisation-section-08-cross-border-and-family-effects-fort-riverfront-macapa-jose-brazil-bg-primary.webp,/assets/images/sections/services/naturalisation/reacquisition/section-08-cross-border-and-family-effects/reacquisition-naturalisation-section-08-cross-border-and-family-effects-fort-riverfront-macapa-jose-brazil-bg-primary.webp,the fort and riverfront of Macapa,the fort and riverfront of Macapa.,Background image of the fort and riverfront of Macapa for Brazil immigration and relocation planning.
services,/services/naturalisation/reacquisition/,Reacquisition Naturalisation,9,section-9-legal-structure-and-expectations,Legal Structure And Expectations,a,assets/images/sections/services/naturalisation/reacquisition/section-09-legal-structure-and-expectations,reacquisition-naturalisation-section-09-legal-structure-and-expectations-streets-aguas-emendadas-ecological-brazil-bg-primary.webp,/assets/images/sections/services/naturalisation/reacquisition/section-09-legal-structure-and-expectations/reacquisition-naturalisation-section-09-legal-structure-and-expectations-streets-aguas-emendadas-ecological-brazil-bg-primary.webp,the architecture and streets of Aguas Emendadas ecological station,the architecture and streets of Aguas Emendadas ecological station.,Background image of the architecture and streets of Aguas Emendadas ecological station for Brazil immigration and relocation planning.
services,/services/naturalisation/reacquisition/,Reacquisition Naturalisation,10,section-10-what-changes-after-proper-planning,What Changes After Proper Planning,a,assets/images/sections/services/naturalisation/reacquisition/section-10-what-changes-after-proper-planning,reacquisition-naturalisation-section-10-what-changes-after-proper-planning-liberdade-district-paulo-southeast-brazil-bg-primary.webp,/assets/images/sections/services/naturalisation/reacquisition/section-10-what-changes-after-proper-planning/reacquisition-naturalisation-section-10-what-changes-after-proper-planning-liberdade-district-paulo-southeast-brazil-bg-primary.webp,the Liberdade district in Sao Paulo,the Liberdade district in Sao Paulo.,Background image of the Liberdade district in Sao Paulo for Brazil immigration and relocation planning.
services,/services/naturalisation/renunciation/,Renunciation Naturalisation,1,section-1-overview,Overview,a,assets/images/sections/services/naturalisation/renunciation/section-01-overview,renunciation-naturalisation-section-01-overview-gardens-contemporary-pavilions-inhotim-brazil-bg-primary.webp,/assets/images/sections/services/naturalisation/renunciation/section-01-overview/renunciation-naturalisation-section-01-overview-gardens-contemporary-pavilions-inhotim-brazil-bg-primary.webp,the gardens and contemporary art pavilions of Inhotim,the gardens and contemporary art pavilions of Inhotim.,Background image of the gardens and contemporary art pavilions of Inhotim for Brazil immigration and relocation planning.
services,/services/naturalisation/renunciation/,Renunciation Naturalisation,2,section-2-who-usually-comes-to-us-for-this,Who Usually Comes To Us For This,a,assets/images/sections/services/naturalisation/renunciation/section-02-who-usually-comes-to-us-for-this,renunciation-naturalisation-section-02-who-usually-comes-to-us-for-this-pajucara-waterfront-maceio-alagoas-brazil-bg-primary.webp,/assets/images/sections/services/naturalisation/renunciation/section-02-who-usually-comes-to-us-for-this/renunciation-naturalisation-section-02-who-usually-comes-to-us-for-this-pajucara-waterfront-maceio-alagoas-brazil-bg-primary.webp,the Pajucara waterfront in Maceio,the Pajucara waterfront in Maceio.,Background image of the Pajucara waterfront in Maceio for Brazil immigration and relocation planning.
services,/services/naturalisation/renunciation/,Renunciation Naturalisation,3,section-3-continuity-and-eligibility,Continuity And Eligibility,a,assets/images/sections/services/naturalisation/renunciation/section-03-continuity-and-eligibility,renunciation-naturalisation-section-03-continuity-and-eligibility-lencois-maranhenses-maranhao-sand-brazil-bg-primary.webp,/assets/images/sections/services/naturalisation/renunciation/section-03-continuity-and-eligibility/renunciation-naturalisation-section-03-continuity-and-eligibility-lencois-maranhenses-maranhao-sand-brazil-bg-primary.webp,Lençois Maranhenses,Lençois Maranhenses.,Background image of Lençois Maranhenses for Brazil immigration and relocation planning.
services,/services/naturalisation/renunciation/,Renunciation Naturalisation,4,section-4-records-that-usually-matter,Records That Usually Matter,a,assets/images/sections/services/naturalisation/renunciation/section-04-records-that-usually-matter,renunciation-naturalisation-section-04-records-that-usually-matter-brasilia-monumental-axis-central-brazil-bg-primary.webp,/assets/images/sections/services/naturalisation/renunciation/section-04-records-that-usually-matter/renunciation-naturalisation-section-04-records-that-usually-matter-brasilia-monumental-axis-central-brazil-bg-primary.webp,Brasilia,Brasilia.,Background image of Brasilia for Brazil immigration and relocation planning.
services,/services/naturalisation/renunciation/,Renunciation Naturalisation,5,section-5-when-to-start-planning,When To Start Planning,a,assets/images/sections/services/naturalisation/renunciation/section-05-when-to-start-planning,renunciation-naturalisation-section-05-when-to-start-planning-botanical-garden-curitiba-parana-brazil-bg-primary.webp,/assets/images/sections/services/naturalisation/renunciation/section-05-when-to-start-planning/renunciation-naturalisation-section-05-when-to-start-planning-botanical-garden-curitiba-parana-brazil-bg-primary.webp,the Botanical Garden of Curitiba,the Botanical Garden of Curitiba.,Background image of the Botanical Garden of Curitiba for Brazil immigration and relocation planning.
services,/services/naturalisation/renunciation/,Renunciation Naturalisation,6,section-6-when-it-may-not-yet-be-the-right-moment,When It May Not Yet Be The Right Moment,a,assets/images/sections/services/naturalisation/renunciation/section-06-when-it-may-not-yet-be-the-right-moment,renunciation-naturalisation-section-06-when-it-may-not-yet-be-the-right-moment-cliffs-canoa-quebrada-ceara-brazil-bg-primary.webp,/assets/images/sections/services/naturalisation/renunciation/section-06-when-it-may-not-yet-be-the-right-moment/renunciation-naturalisation-section-06-when-it-may-not-yet-be-the-right-moment-cliffs-canoa-quebrada-ceara-brazil-bg-primary.webp,the red cliffs and beach of Canoa Quebrada,the red cliffs and beach of Canoa Quebrada.,Background image of the red cliffs and beach of Canoa Quebrada for Brazil immigration and relocation planning.
services,/services/naturalisation/renunciation/,Renunciation Naturalisation,7,section-7-how-we-evaluate-the-route,How We Evaluate The Route,a,assets/images/sections/services/naturalisation/renunciation/section-07-how-we-evaluate-the-route,renunciation-naturalisation-section-07-how-we-evaluate-the-route-waterfront-gardens-santos-paulo-brazil-bg-primary.webp,/assets/images/sections/services/naturalisation/renunciation/section-07-how-we-evaluate-the-route/renunciation-naturalisation-section-07-how-we-evaluate-the-route-waterfront-gardens-santos-paulo-brazil-bg-primary.webp,the waterfront and gardens of Santos,the waterfront and gardens of Santos.,Background image of the waterfront and gardens of Santos for Brazil immigration and relocation planning.
services,/services/naturalisation/renunciation/,Renunciation Naturalisation,8,section-8-cross-border-and-family-effects,Cross-Border And Family Effects,a,assets/images/sections/services/naturalisation/renunciation/section-08-cross-border-and-family-effects,renunciation-naturalisation-section-08-cross-border-and-family-effects-valleys-serra-canastra-minas-brazil-bg-primary.webp,/assets/images/sections/services/naturalisation/renunciation/section-08-cross-border-and-family-effects/renunciation-naturalisation-section-08-cross-border-and-family-effects-valleys-serra-canastra-minas-brazil-bg-primary.webp,the valleys and waterfalls of Serra da Canastra,the valleys and waterfalls of Serra da Canastra.,Background image of the valleys and waterfalls of Serra da Canastra for Brazil immigration and relocation planning.
services,/services/naturalisation/renunciation/,Renunciation Naturalisation,9,section-9-legal-structure-and-expectations,Legal Structure And Expectations,a,assets/images/sections/services/naturalisation/renunciation/section-09-legal-structure-and-expectations,renunciation-naturalisation-section-09-legal-structure-and-expectations-district-recife-antigo-pernambuco-brazil-bg-primary.webp,/assets/images/sections/services/naturalisation/renunciation/section-09-legal-structure-and-expectations/renunciation-naturalisation-section-09-legal-structure-and-expectations-district-recife-antigo-pernambuco-brazil-bg-primary.webp,the historic district of Recife Antigo,the historic district of Recife Antigo.,Background image of the historic district of Recife Antigo for Brazil immigration and relocation planning.
services,/services/naturalisation/renunciation/,Renunciation Naturalisation,10,section-10-what-changes-after-proper-planning,What Changes After Proper Planning,a,assets/images/sections/services/naturalisation/renunciation/section-10-what-changes-after-proper-planning,renunciation-naturalisation-section-10-what-changes-after-proper-planning-sunrise-serra-canastra-minas-brazil-bg-primary.webp,/assets/images/sections/services/naturalisation/renunciation/section-10-what-changes-after-proper-planning/renunciation-naturalisation-section-10-what-changes-after-proper-planning-sunrise-serra-canastra-minas-brazil-bg-primary.webp,the sunrise landscape of Serra da Canastra,the sunrise landscape of Serra da Canastra.,Background image of the sunrise landscape of Serra da Canastra for Brazil immigration and relocation planning.
services,/services/naturalisation/special/,Special Naturalisation,1,section-1-overview,Overview,a,assets/images/sections/services/naturalisation/special/section-01-overview,special-naturalisation-section-01-overview-beachfront-orla-atalaia-aracaju-brazil-bg-primary.webp,/assets/images/sections/services/naturalisation/special/section-01-overview/special-naturalisation-section-01-overview-beachfront-orla-atalaia-aracaju-brazil-bg-primary.webp,the beachfront and sea of Orla de Atalaia in Aracaju,the beachfront and sea of Orla de Atalaia in Aracaju.,Background image of the beachfront and sea of Orla de Atalaia in Aracaju for Brazil immigration and relocation planning.
services,/services/naturalisation/special/,Special Naturalisation,2,section-2-who-usually-comes-to-us-for-this,Who Usually Comes To Us For This,a,assets/images/sections/services/naturalisation/special/section-02-who-usually-comes-to-us-for-this,special-naturalisation-section-02-who-usually-comes-to-us-for-this-streets-liberdade-district-paulo-brazil-bg-primary.webp,/assets/images/sections/services/naturalisation/special/section-02-who-usually-comes-to-us-for-this/special-naturalisation-section-02-who-usually-comes-to-us-for-this-streets-liberdade-district-paulo-brazil-bg-primary.webp,the architecture and streets of Liberdade district in Sao Paulo,the architecture and streets of Liberdade district in Sao Paulo.,Background image of the architecture and streets of Liberdade district in Sao Paulo for Brazil immigration and relocation planning.
services,/services/naturalisation/special/,Special Naturalisation,3,section-3-continuity-and-eligibility,Continuity And Eligibility,a,assets/images/sections/services/naturalisation/special/section-03-continuity-and-eligibility,special-naturalisation-section-03-continuity-and-eligibility-beaches-alter-chao-tapajos-brazil-bg-primary.webp,/assets/images/sections/services/naturalisation/special/section-03-continuity-and-eligibility/special-naturalisation-section-03-continuity-and-eligibility-beaches-alter-chao-tapajos-brazil-bg-primary.webp,the beaches of Alter do Chao on the Tapajos River,the beaches of Alter do Chao on the Tapajos River.,Background image of the beaches of Alter do Chao on the Tapajos River for Brazil immigration and relocation planning.
services,/services/naturalisation/special/,Special Naturalisation,4,section-4-records-that-usually-matter,Records That Usually Matter,a,assets/images/sections/services/naturalisation/special/section-04-records-that-usually-matter,special-naturalisation-section-04-records-that-usually-matter-farol-barra-seafront-salvador-brazil-bg-primary.webp,/assets/images/sections/services/naturalisation/special/section-04-records-that-usually-matter/special-naturalisation-section-04-records-that-usually-matter-farol-barra-seafront-salvador-brazil-bg-primary.webp,Farol da Barra and the seafront of Salvador,Farol da Barra and the seafront of Salvador.,Background image of Farol da Barra and the seafront of Salvador for Brazil immigration and relocation planning.
services,/services/naturalisation/special/,Special Naturalisation,5,section-5-when-to-start-planning,When To Start Planning,a,assets/images/sections/services/naturalisation/special/section-05-when-to-start-planning,special-naturalisation-section-05-when-to-start-planning-pampulha-architectural-belo-horizonte-brazil-bg-primary.webp,/assets/images/sections/services/naturalisation/special/section-05-when-to-start-planning/special-naturalisation-section-05-when-to-start-planning-pampulha-architectural-belo-horizonte-brazil-bg-primary.webp,the Pampulha architectural complex in Belo Horizonte,the Pampulha architectural complex in Belo Horizonte.,Background image of the Pampulha architectural complex in Belo Horizonte for Brazil immigration and relocation planning.
services,/services/naturalisation/special/,Special Naturalisation,6,section-6-when-it-may-not-yet-be-the-right-moment,When It May Not Yet Be The Right Moment,a,assets/images/sections/services/naturalisation/special/section-06-when-it-may-not-yet-be-the-right-moment,special-naturalisation-section-06-when-it-may-not-yet-be-the-right-moment-vineyards-vale-vinhedos-grande-brazil-bg-primary.webp,/assets/images/sections/services/naturalisation/special/section-06-when-it-may-not-yet-be-the-right-moment/special-naturalisation-section-06-when-it-may-not-yet-be-the-right-moment-vineyards-vale-vinhedos-grande-brazil-bg-primary.webp,the vineyards of Vale dos Vinhedos,the vineyards of Vale dos Vinhedos.,Background image of the vineyards of Vale dos Vinhedos for Brazil immigration and relocation planning.
services,/services/naturalisation/special/,Special Naturalisation,7,section-7-how-we-evaluate-the-route,How We Evaluate The Route,a,assets/images/sections/services/naturalisation/special/section-07-how-we-evaluate-the-route,special-naturalisation-section-07-how-we-evaluate-the-route-manaus-amazonas-northern-mission-brazil-bg-primary.webp,/assets/images/sections/services/naturalisation/special/section-07-how-we-evaluate-the-route/special-naturalisation-section-07-how-we-evaluate-the-route-manaus-amazonas-northern-mission-brazil-bg-primary.webp,Manaus,Manaus.,Background image of Manaus for Brazil immigration and relocation planning.
services,/services/naturalisation/special/,Special Naturalisation,8,section-8-cross-border-and-family-effects,Cross-Border And Family Effects,a,assets/images/sections/services/naturalisation/special/section-08-cross-border-and-family-effects,special-naturalisation-section-08-cross-border-and-family-effects-shoreline-buzios-peninsula-warm-brazil-bg-primary.webp,/assets/images/sections/services/naturalisation/special/section-08-cross-border-and-family-effects/special-naturalisation-section-08-cross-border-and-family-effects-shoreline-buzios-peninsula-warm-brazil-bg-primary.webp,the shoreline of Buzios peninsula in warm evening light,the shoreline of Buzios peninsula in warm evening light.,Background image of the shoreline of Buzios peninsula in warm evening light for Brazil immigration and relocation planning.
services,/services/naturalisation/special/,Special Naturalisation,9,section-9-legal-structure-and-expectations,Legal Structure And Expectations,a,assets/images/sections/services/naturalisation/special/section-09-legal-structure-and-expectations,special-naturalisation-section-09-legal-structure-and-expectations-petropolis-imperial-museum-district-brazil-bg-primary.webp,/assets/images/sections/services/naturalisation/special/section-09-legal-structure-and-expectations/special-naturalisation-section-09-legal-structure-and-expectations-petropolis-imperial-museum-district-brazil-bg-primary.webp,Petropolis and the imperial museum district,Petropolis and the imperial museum district.,Background image of Petropolis and the imperial museum district for Brazil immigration and relocation planning.
services,/services/naturalisation/special/,Special Naturalisation,10,section-10-what-changes-after-proper-planning,What Changes After Proper Planning,a,assets/images/sections/services/naturalisation/special/section-10-what-changes-after-proper-planning,special-naturalisation-section-10-what-changes-after-proper-planning-valleys-plateaus-chapada-diamantina-brazil-bg-primary.webp,/assets/images/sections/services/naturalisation/special/section-10-what-changes-after-proper-planning/special-naturalisation-section-10-what-changes-after-proper-planning-valleys-plateaus-chapada-diamantina-brazil-bg-primary.webp,the valleys and plateaus of Chapada Diamantina,the valleys and plateaus of Chapada Diamantina.,Background image of the valleys and plateaus of Chapada Diamantina for Brazil immigration and relocation planning.
services,/services/other/,Other,1,section-1-overview,Overview,a,assets/images/sections/services/other/section-01-overview,other-section-01-overview-forests-waters-orla-taumanan-brazil-bg-primary.webp,/assets/images/sections/services/other/section-01-overview/other-section-01-overview-forests-waters-orla-taumanan-brazil-bg-primary.webp,the forests and waters of Orla Taumanan in Boa Vista,the forests and waters of Orla Taumanan in Boa Vista.,Background image of the forests and waters of Orla Taumanan in Boa Vista for Brazil immigration and relocation planning.
services,/services/other/,Other,2,section-2-explore-the-service-families,Explore The Service Families,a,assets/images/sections/services/other/section-02-explore-the-service-families,other-section-02-explore-the-service-families-coastline-rosa-santa-catarina-brazil-bg-primary.webp,/assets/images/sections/services/other/section-02-explore-the-service-families/other-section-02-explore-the-service-families-coastline-rosa-santa-catarina-brazil-bg-primary.webp,the bay and coastline of Praia do Rosa,the bay and coastline of Praia do Rosa.,Background image of the bay and coastline of Praia do Rosa for Brazil immigration and relocation planning.
services,/services/other/,Other,3,section-3-how-to-choose-the-right-starting-point,How To Choose The Right Starting Point,a,assets/images/sections/services/other/section-03-how-to-choose-the-right-starting-point,other-section-03-how-to-choose-the-right-starting-point-copacabana-waterfront-promenade-janeiro-brazil-bg-primary.webp,/assets/images/sections/services/other/section-03-how-to-choose-the-right-starting-point/other-section-03-how-to-choose-the-right-starting-point-copacabana-waterfront-promenade-janeiro-brazil-bg-primary.webp,Copacabana beach and the Rio waterfront,Copacabana beach and the Rio waterfront.,Background image of Copacabana beach and the Rio waterfront for Brazil immigration and relocation planning.
services,/services/other/,Other,4,section-4-if-you-are-between-categories,If You Are Between Categories,a,assets/images/sections/services/other/section-04-if-you-are-between-categories,other-section-04-if-you-are-between-categories-florianopolis-coastline-brava-atlantic-brazil-bg-primary.webp,/assets/images/sections/services/other/section-04-if-you-are-between-categories/other-section-04-if-you-are-between-categories-florianopolis-coastline-brava-atlantic-brazil-bg-primary.webp,Florianopolis,Florianopolis.,Background image of Florianopolis for Brazil immigration and relocation planning.
services,/services/other/,Other,5,section-5-best-next-step,Best Next Step,a,assets/images/sections/services/other/section-05-best-next-step,other-section-05-best-next-step-bridge-over-lake-paranoa-brazil-bg-primary.webp,/assets/images/sections/services/other/section-05-best-next-step/other-section-05-best-next-step-bridge-over-lake-paranoa-brazil-bg-primary.webp,the JK Bridge over Lake Paranoa,the JK Bridge over Lake Paranoa.,Background image of the JK Bridge over Lake Paranoa for Brazil immigration and relocation planning.
services,/services/other/consular/,Consular,1,section-1-overview,Overview,a,assets/images/sections/services/other/consular/section-01-overview,consular-section-01-overview-shoreline-bombinhas-peninsula-warm-brazil-bg-primary.webp,/assets/images/sections/services/other/consular/section-01-overview/consular-section-01-overview-shoreline-bombinhas-peninsula-warm-brazil-bg-primary.webp,the shoreline of Bombinhas peninsula in warm evening light,the shoreline of Bombinhas peninsula in warm evening light.,Background image of the shoreline of Bombinhas peninsula in warm evening light for Brazil immigration and relocation planning.
services,/services/other/consular/,Consular,2,section-2-why-this-supporting-service-matters,Why This Supporting Service Matters,a,assets/images/sections/services/other/consular/section-02-why-this-supporting-service-matters,consular-section-02-why-this-supporting-service-matters-waterways-delta-parnaiba-piaui-brazil-bg-primary.webp,/assets/images/sections/services/other/consular/section-02-why-this-supporting-service-matters/consular-section-02-why-this-supporting-service-matters-waterways-delta-parnaiba-piaui-brazil-bg-primary.webp,the waterways and dunes of the Delta do Parnaiba,the waterways and dunes of the Delta do Parnaiba.,Background image of the waterways and dunes of the Delta do Parnaiba for Brazil immigration and relocation planning.
services,/services/other/consular/,Consular,3,section-3-who-usually-needs-it,Who Usually Needs It,a,assets/images/sections/services/other/consular/section-03-who-usually-needs-it,consular-section-03-who-usually-needs-it-sunrise-delta-parnaiba-piaui-brazil-bg-primary.webp,/assets/images/sections/services/other/consular/section-03-who-usually-needs-it/consular-section-03-who-usually-needs-it-sunrise-delta-parnaiba-piaui-brazil-bg-primary.webp,the sunrise landscape of Delta do Parnaiba,the sunrise landscape of Delta do Parnaiba.,Background image of the sunrise landscape of Delta do Parnaiba for Brazil immigration and relocation planning.
services,/services/other/consular/,Consular,4,section-4-when-it-becomes-critical,When It Becomes Critical,a,assets/images/sections/services/other/consular/section-04-when-it-becomes-critical,consular-section-04-when-it-becomes-critical-genipabu-near-natal-grande-brazil-bg-primary.webp,/assets/images/sections/services/other/consular/section-04-when-it-becomes-critical/consular-section-04-when-it-becomes-critical-genipabu-near-natal-grande-brazil-bg-primary.webp,the Genipabu dunes near Natal,the Genipabu dunes near Natal.,Background image of the Genipabu dunes near Natal for Brazil immigration and relocation planning.
services,/services/other/consular/,Consular,5,section-5-common-file-problems,Common File Problems,a,assets/images/sections/services/other/consular/section-05-common-file-problems,consular-section-05-common-file-problems-sunrise-meeting-waters-manaus-brazil-bg-primary.webp,/assets/images/sections/services/other/consular/section-05-common-file-problems/consular-section-05-common-file-problems-sunrise-meeting-waters-manaus-brazil-bg-primary.webp,the sunrise landscape of Meeting of the Waters in Manaus,the sunrise landscape of Meeting of the Waters in Manaus.,Background image of the sunrise landscape of Meeting of the Waters in Manaus for Brazil immigration and relocation planning.
services,/services/other/consular/,Consular,6,section-6-how-we-approach-the-work,How We Approach The Work,a,assets/images/sections/services/other/consular/section-06-how-we-approach-the-work,consular-section-06-how-we-approach-the-work-island-village-beaches-morro-brazil-bg-primary.webp,/assets/images/sections/services/other/consular/section-06-how-we-approach-the-work/consular-section-06-how-we-approach-the-work-island-village-beaches-morro-brazil-bg-primary.webp,the island village and beaches of Morro de Sao Paulo,the island village and beaches of Morro de Sao Paulo.,Background image of the island village and beaches of Morro de Sao Paulo for Brazil immigration and relocation planning.
services,/services/other/consular/,Consular,7,section-7-how-it-connects-to-main-immigration-routes,How It Connects To Main Immigration Routes,a,assets/images/sections/services/other/consular/section-07-how-it-connects-to-main-immigration-routes,consular-section-07-how-it-connects-to-main-immigration-routes-streets-fervedouro-jalapao-tocantins-brazil-bg-primary.webp,/assets/images/sections/services/other/consular/section-07-how-it-connects-to-main-immigration-routes/consular-section-07-how-it-connects-to-main-immigration-routes-streets-fervedouro-jalapao-tocantins-brazil-bg-primary.webp,the architecture and streets of Fervedouro in Jalapao,the architecture and streets of Fervedouro in Jalapao.,Background image of the architecture and streets of Fervedouro in Jalapao for Brazil immigration and relocation planning.
services,/services/other/consular/,Consular,8,section-8-legal-and-procedural-boundaries,Legal And Procedural Boundaries,a,assets/images/sections/services/other/consular/section-08-legal-and-procedural-boundaries,consular-section-08-legal-and-procedural-boundaries-cultural-grounds-parque-povo-brazil-bg-primary.webp,/assets/images/sections/services/other/consular/section-08-legal-and-procedural-boundaries/consular-section-08-legal-and-procedural-boundaries-cultural-grounds-parque-povo-brazil-bg-primary.webp,the cultural grounds of Parque do Povo,the cultural grounds of Parque do Povo.,Background image of the cultural grounds of Parque do Povo for Brazil immigration and relocation planning.
services,/services/other/consular/,Consular,9,section-9-what-clients-usually-feel,What Clients Usually Feel,a,assets/images/sections/services/other/consular/section-09-what-clients-usually-feel,consular-section-09-what-clients-usually-feel-coastline-water-carneiros-pernambuco-brazil-bg-primary.webp,/assets/images/sections/services/other/consular/section-09-what-clients-usually-feel/consular-section-09-what-clients-usually-feel-coastline-water-carneiros-pernambuco-brazil-bg-primary.webp,the wide coastline and water of Praia dos Carneiros,the wide coastline and water of Praia dos Carneiros.,Background image of the wide coastline and water of Praia dos Carneiros for Brazil immigration and relocation planning.
services,/services/other/consular/,Consular,10,section-10-best-next-step,Best Next Step,a,assets/images/sections/services/other/consular/section-10-best-next-step,consular-section-10-best-next-step-canyons-lake-scenery-capitolio-brazil-bg-primary.webp,/assets/images/sections/services/other/consular/section-10-best-next-step/consular-section-10-best-next-step-canyons-lake-scenery-capitolio-brazil-bg-primary.webp,the canyons and lake scenery of Capitolio,the canyons and lake scenery of Capitolio.,Background image of the canyons and lake scenery of Capitolio for Brazil immigration and relocation planning.
services,/services/other/records/,Records,1,section-1-overview,Overview,a,assets/images/sections/services/other/records/section-01-overview,records-section-01-overview-salvador-pelourinho-bahia-northeast-brazil-bg-primary.webp,/assets/images/sections/services/other/records/section-01-overview/records-section-01-overview-salvador-pelourinho-bahia-northeast-brazil-bg-primary.webp,Salvador,Salvador.,Background image of Salvador for Brazil immigration and relocation planning.
services,/services/other/records/,Records,2,section-2-why-this-supporting-service-matters,Why This Supporting Service Matters,a,assets/images/sections/services/other/records/section-02-why-this-supporting-service-matters,records-section-02-why-this-supporting-service-matters-coastline-water-miguel-milagres-brazil-bg-primary.webp,/assets/images/sections/services/other/records/section-02-why-this-supporting-service-matters/records-section-02-why-this-supporting-service-matters-coastline-water-miguel-milagres-brazil-bg-primary.webp,the wide coastline and water of Sao Miguel dos Milagres,the wide coastline and water of Sao Miguel dos Milagres.,Background image of the wide coastline and water of Sao Miguel dos Milagres for Brazil immigration and relocation planning.
services,/services/other/records/,Records,3,section-3-who-usually-needs-it,Who Usually Needs It,a,assets/images/sections/services/other/records/section-03-who-usually-needs-it,records-section-03-who-usually-needs-it-sanctuary-sculptures-congonhas-minas-brazil-bg-primary.webp,/assets/images/sections/services/other/records/section-03-who-usually-needs-it/records-section-03-who-usually-needs-it-sanctuary-sculptures-congonhas-minas-brazil-bg-primary.webp,the sanctuary and sculptures of Congonhas,the sanctuary and sculptures of Congonhas.,Background image of the sanctuary and sculptures of Congonhas for Brazil immigration and relocation planning.
services,/services/other/records/,Records,4,section-4-when-it-becomes-critical,When It Becomes Critical,a,assets/images/sections/services/other/records/section-04-when-it-becomes-critical,records-section-04-when-it-becomes-critical-riverfront-landscapes-marajo-island-brazil-bg-primary.webp,/assets/images/sections/services/other/records/section-04-when-it-becomes-critical/records-section-04-when-it-becomes-critical-riverfront-landscapes-marajo-island-brazil-bg-primary.webp,the riverfront landscapes of Marajo Island,the riverfront landscapes of Marajo Island.,Background image of the riverfront landscapes of Marajo Island for Brazil immigration and relocation planning.
services,/services/other/records/,Records,5,section-5-common-file-problems,Common File Problems,a,assets/images/sections/services/other/records/section-05-common-file-problems,records-section-05-common-file-problems-road-serra-rastro-santa-brazil-bg-primary.webp,/assets/images/sections/services/other/records/section-05-common-file-problems/records-section-05-common-file-problems-road-serra-rastro-santa-brazil-bg-primary.webp,the mountain road of Serra do Rio do Rastro,the mountain road of Serra do Rio do Rastro.,Background image of the mountain road of Serra do Rio do Rastro for Brazil immigration and relocation planning.
services,/services/other/records/,Records,6,section-6-how-we-approach-the-work,How We Approach The Work,a,assets/images/sections/services/other/records/section-06-how-we-approach-the-work,records-section-06-how-we-approach-the-work-brasilia-monumental-axis-central-brazil-bg-primary.webp,/assets/images/sections/services/other/records/section-06-how-we-approach-the-work/records-section-06-how-we-approach-the-work-brasilia-monumental-axis-central-brazil-bg-primary.webp,the urban panorama of National Congress in Brasilia,the urban panorama of National Congress in Brasilia.,Background image of the urban panorama of National Congress in Brasilia for Brazil immigration and relocation planning.
services,/services/other/records/,Records,7,section-7-how-it-connects-to-main-immigration-routes,How It Connects To Main Immigration Routes,a,assets/images/sections/services/other/records/section-07-how-it-connects-to-main-immigration-routes,records-section-07-how-it-connects-to-main-immigration-routes-coastline-coves-ilha-grande-brazil-bg-primary.webp,/assets/images/sections/services/other/records/section-07-how-it-connects-to-main-immigration-routes/records-section-07-how-it-connects-to-main-immigration-routes-coastline-coves-ilha-grande-brazil-bg-primary.webp,the coastline and coves of Ilha Grande,the coastline and coves of Ilha Grande.,Background image of the coastline and coves of Ilha Grande for Brazil immigration and relocation planning.
services,/services/other/records/,Records,8,section-8-legal-and-procedural-boundaries,Legal And Procedural Boundaries,a,assets/images/sections/services/other/records/section-08-legal-and-procedural-boundaries,records-section-08-legal-and-procedural-boundaries-vila-germanica-district-blumenau-brazil-bg-primary.webp,/assets/images/sections/services/other/records/section-08-legal-and-procedural-boundaries/records-section-08-legal-and-procedural-boundaries-vila-germanica-district-blumenau-brazil-bg-primary.webp,the Vila Germanica district in Blumenau,the Vila Germanica district in Blumenau.,Background image of the Vila Germanica district in Blumenau for Brazil immigration and relocation planning.
services,/services/other/records/,Records,9,section-9-what-clients-usually-feel,What Clients Usually Feel,a,assets/images/sections/services/other/records/section-09-what-clients-usually-feel,records-section-09-what-clients-usually-feel-baia-sancho-fernando-noronha-brazil-bg-primary.webp,/assets/images/sections/services/other/records/section-09-what-clients-usually-feel/records-section-09-what-clients-usually-feel-baia-sancho-fernando-noronha-brazil-bg-primary.webp,Baia do Sancho in Fernando de Noronha,Baia do Sancho in Fernando de Noronha.,Background image of Baia do Sancho in Fernando de Noronha for Brazil immigration and relocation planning.
services,/services/other/records/,Records,10,section-10-best-next-step,Best Next Step,a,assets/images/sections/services/other/records/section-10-best-next-step,records-section-10-best-next-step-vitoria-bayfront-espirito-santo-brazil-bg-primary.webp,/assets/images/sections/services/other/records/section-10-best-next-step/records-section-10-best-next-step-vitoria-bayfront-espirito-santo-brazil-bg-primary.webp,Vitoria and the bayfront of Espirito Santo,Vitoria and the bayfront of Espirito Santo.,Background image of Vitoria and the bayfront of Espirito Santo for Brazil immigration and relocation planning.
services,/services/other/regularization/,Regularization,1,section-1-overview,Overview,a,assets/images/sections/services/other/regularization/section-01-overview,regularization-section-01-overview-sunrise-amazonas-manaus-northern-brazil-bg-primary.webp,/assets/images/sections/services/other/regularization/section-01-overview/regularization-section-01-overview-sunrise-amazonas-manaus-northern-brazil-bg-primary.webp,the sunrise landscape of Teatro Amazonas in Manaus,the sunrise landscape of Teatro Amazonas in Manaus.,Background image of the sunrise landscape of Teatro Amazonas in Manaus for Brazil immigration and relocation planning.
services,/services/other/regularization/,Regularization,2,section-2-why-this-supporting-service-matters,Why This Supporting Service Matters,a,assets/images/sections/services/other/regularization/section-02-why-this-supporting-service-matters,regularization-section-02-why-this-supporting-service-matters-amazon-northern-aerial-relocation-brazil-bg-primary.webp,/assets/images/sections/services/other/regularization/section-02-why-this-supporting-service-matters/regularization-section-02-why-this-supporting-service-matters-amazon-northern-aerial-relocation-brazil-bg-primary.webp,Amazon river,Amazon river.,Background image of Amazon river for Brazil immigration and relocation planning.
services,/services/other/regularization/,Regularization,3,section-3-who-usually-needs-it,Who Usually Needs It,a,assets/images/sections/services/other/regularization/section-03-who-usually-needs-it,regularization-section-03-who-usually-needs-it-meeting-waters-near-santarem-brazil-bg-primary.webp,/assets/images/sections/services/other/regularization/section-03-who-usually-needs-it/regularization-section-03-who-usually-needs-it-meeting-waters-near-santarem-brazil-bg-primary.webp,the meeting of waters near Santarem,the meeting of waters near Santarem.,Background image of the meeting of waters near Santarem for Brazil immigration and relocation planning.
services,/services/other/regularization/,Regularization,4,section-4-when-it-becomes-critical,When It Becomes Critical,a,assets/images/sections/services/other/regularization/section-04-when-it-becomes-critical,regularization-section-04-when-it-becomes-critical-madeira-riverfront-porto-velho-brazil-bg-primary.webp,/assets/images/sections/services/other/regularization/section-04-when-it-becomes-critical/regularization-section-04-when-it-becomes-critical-madeira-riverfront-porto-velho-brazil-bg-primary.webp,the Madeira riverfront in Porto Velho,the Madeira riverfront in Porto Velho.,Background image of the Madeira riverfront in Porto Velho for Brazil immigration and relocation planning.
services,/services/other/regularization/,Regularization,5,section-5-common-file-problems,Common File Problems,a,assets/images/sections/services/other/regularization/section-05-common-file-problems,regularization-section-05-common-file-problems-civic-avenues-goiania-goias-brazil-bg-primary.webp,/assets/images/sections/services/other/regularization/section-05-common-file-problems/regularization-section-05-common-file-problems-civic-avenues-goiania-goias-brazil-bg-primary.webp,the civic center and avenues of Goiania,the civic center and avenues of Goiania.,Background image of the civic center and avenues of Goiania for Brazil immigration and relocation planning.
services,/services/other/regularization/,Regularization,6,section-6-how-we-approach-the-work,How We Approach The Work,a,assets/images/sections/services/other/regularization/section-06-how-we-approach-the-work,regularization-section-06-how-we-approach-the-work-shoreline-janeiro-skyline-sugarloaf-brazil-bg-primary.webp,/assets/images/sections/services/other/regularization/section-06-how-we-approach-the-work/regularization-section-06-how-we-approach-the-work-shoreline-janeiro-skyline-sugarloaf-brazil-bg-primary.webp,the shoreline of Rio de Janeiro skyline from Sugarloaf Mountain in warm evening light,the shoreline of Rio de Janeiro skyline from Sugarloaf Mountain in warm evening light.,Background image of the shoreline of Rio de Janeiro skyline from Sugarloaf Mountain in warm evening light for Brazil immigration and relocation planning.
services,/services/other/regularization/,Regularization,7,section-7-how-it-connects-to-main-immigration-routes,How It Connects To Main Immigration Routes,a,assets/images/sections/services/other/regularization/section-07-how-it-connects-to-main-immigration-routes,regularization-section-07-how-it-connects-to-main-immigration-routes-coastline-water-buzios-peninsula-brazil-bg-primary.webp,/assets/images/sections/services/other/regularization/section-07-how-it-connects-to-main-immigration-routes/regularization-section-07-how-it-connects-to-main-immigration-routes-coastline-water-buzios-peninsula-brazil-bg-primary.webp,the wide coastline and water of Buzios peninsula,the wide coastline and water of Buzios peninsula.,Background image of the wide coastline and water of Buzios peninsula for Brazil immigration and relocation planning.
services,/services/other/regularization/,Regularization,8,section-8-legal-and-procedural-boundaries,Legal And Procedural Boundaries,a,assets/images/sections/services/other/regularization/section-08-legal-and-procedural-boundaries,regularization-section-08-legal-and-procedural-boundaries-pampulha-belo-horizonte-minas-brazil-bg-primary.webp,/assets/images/sections/services/other/regularization/section-08-legal-and-procedural-boundaries/regularization-section-08-legal-and-procedural-boundaries-pampulha-belo-horizonte-minas-brazil-bg-primary.webp,the urban panorama of Pampulha in Belo Horizonte,the urban panorama of Pampulha in Belo Horizonte.,Background image of the urban panorama of Pampulha in Belo Horizonte for Brazil immigration and relocation planning.
services,/services/other/regularization/,Regularization,9,section-9-what-clients-usually-feel,What Clients Usually Feel,a,assets/images/sections/services/other/regularization/section-09-what-clients-usually-feel,regularization-section-09-what-clients-usually-feel-niteroi-contemporary-museum-over-brazil-bg-primary.webp,/assets/images/sections/services/other/regularization/section-09-what-clients-usually-feel/regularization-section-09-what-clients-usually-feel-niteroi-contemporary-museum-over-brazil-bg-primary.webp,the Niteroi Contemporary Art Museum over Guanabara Bay,the Niteroi Contemporary Art Museum over Guanabara Bay.,Background image of the Niteroi Contemporary Art Museum over Guanabara Bay for Brazil immigration and relocation planning.
services,/services/other/regularization/,Regularization,10,section-10-best-next-step,Best Next Step,a,assets/images/sections/services/other/regularization/section-10-best-next-step,regularization-section-10-best-next-step-sunrise-chapada-diamantina-bahia-brazil-bg-primary.webp,/assets/images/sections/services/other/regularization/section-10-best-next-step/regularization-section-10-best-next-step-sunrise-chapada-diamantina-bahia-brazil-bg-primary.webp,the sunrise landscape of Chapada Diamantina,the sunrise landscape of Chapada Diamantina.,Background image of the sunrise landscape of Chapada Diamantina for Brazil immigration and relocation planning.
services,/services/other/translation/,Translation,1,section-1-overview,Overview,a,assets/images/sections/services/other/translation/section-01-overview,translation-section-01-overview-curitiba-skyline-parana-southern-brazil-bg-primary.webp,/assets/images/sections/services/other/translation/section-01-overview/translation-section-01-overview-curitiba-skyline-parana-southern-brazil-bg-primary.webp,Curitiba,Curitiba.,Background image of Curitiba for Brazil immigration and relocation planning.
services,/services/other/translation/,Translation,2,section-2-why-this-supporting-service-matters,Why This Supporting Service Matters,a,assets/images/sections/services/other/translation/section-02-why-this-supporting-service-matters,translation-section-02-why-this-supporting-service-matters-shoreline-buzios-peninsula-warm-brazil-bg-primary.webp,/assets/images/sections/services/other/translation/section-02-why-this-supporting-service-matters/translation-section-02-why-this-supporting-service-matters-shoreline-buzios-peninsula-warm-brazil-bg-primary.webp,the shoreline of Buzios peninsula in warm evening light,the shoreline of Buzios peninsula in warm evening light.,Background image of the shoreline of Buzios peninsula in warm evening light for Brazil immigration and relocation planning.
services,/services/other/translation/,Translation,3,section-3-who-usually-needs-it,Who Usually Needs It,a,assets/images/sections/services/other/translation/section-03-who-usually-needs-it,translation-section-03-who-usually-needs-it-genipabu-near-natal-grande-brazil-bg-primary.webp,/assets/images/sections/services/other/translation/section-03-who-usually-needs-it/translation-section-03-who-usually-needs-it-genipabu-near-natal-grande-brazil-bg-primary.webp,the Genipabu dunes near Natal,the Genipabu dunes near Natal.,Background image of the Genipabu dunes near Natal for Brazil immigration and relocation planning.
services,/services/other/translation/,Translation,4,section-4-when-it-becomes-critical,When It Becomes Critical,a,assets/images/sections/services/other/translation/section-04-when-it-becomes-critical,translation-section-04-when-it-becomes-critical-natural-iguazu-iguacu-southern-brazil-bg-primary.webp,/assets/images/sections/services/other/translation/section-04-when-it-becomes-critical/translation-section-04-when-it-becomes-critical-natural-iguazu-iguacu-southern-brazil-bg-primary.webp,the wide natural landscape of Iguazu Falls on the Brazilian side,the wide natural landscape of Iguazu Falls on the Brazilian side.,Background image of the wide natural landscape of Iguazu Falls on the Brazilian side for Brazil immigration and relocation planning.
services,/services/other/translation/,Translation,5,section-5-common-file-problems,Common File Problems,a,assets/images/sections/services/other/translation/section-05-common-file-problems,translation-section-05-common-file-problems-forests-waters-meeting-manaus-brazil-bg-primary.webp,/assets/images/sections/services/other/translation/section-05-common-file-problems/translation-section-05-common-file-problems-forests-waters-meeting-manaus-brazil-bg-primary.webp,the forests and waters of Meeting of the Waters in Manaus,the forests and waters of Meeting of the Waters in Manaus.,Background image of the forests and waters of Meeting of the Waters in Manaus for Brazil immigration and relocation planning.
services,/services/other/translation/,Translation,6,section-6-how-we-approach-the-work,How We Approach The Work,a,assets/images/sections/services/other/translation/section-06-how-we-approach-the-work,translation-section-06-how-we-approach-the-work-coastline-water-pajucara-waterfront-brazil-bg-primary.webp,/assets/images/sections/services/other/translation/section-06-how-we-approach-the-work/translation-section-06-how-we-approach-the-work-coastline-water-pajucara-waterfront-brazil-bg-primary.webp,the wide coastline and water of Pajucara waterfront in Maceio,the wide coastline and water of Pajucara waterfront in Maceio.,Background image of the wide coastline and water of Pajucara waterfront in Maceio for Brazil immigration and relocation planning.
services,/services/other/translation/,Translation,7,section-7-how-it-connects-to-main-immigration-routes,How It Connects To Main Immigration Routes,a,assets/images/sections/services/other/translation/section-07-how-it-connects-to-main-immigration-routes,translation-section-07-how-it-connects-to-main-immigration-routes-coastline-water-itacare-bahia-brazil-bg-primary.webp,/assets/images/sections/services/other/translation/section-07-how-it-connects-to-main-immigration-routes/translation-section-07-how-it-connects-to-main-immigration-routes-coastline-water-itacare-bahia-brazil-bg-primary.webp,the wide coastline and water of Itacare coastline,the wide coastline and water of Itacare coastline.,Background image of the wide coastline and water of Itacare coastline for Brazil immigration and relocation planning.
services,/services/other/translation/,Translation,8,section-8-legal-and-procedural-boundaries,Legal And Procedural Boundaries,a,assets/images/sections/services/other/translation/section-08-legal-and-procedural-boundaries,translation-section-08-legal-and-procedural-boundaries-cathedral-town-canela-grande-brazil-bg-primary.webp,/assets/images/sections/services/other/translation/section-08-legal-and-procedural-boundaries/translation-section-08-legal-and-procedural-boundaries-cathedral-town-canela-grande-brazil-bg-primary.webp,the cathedral and town center of Canela,the cathedral and town center of Canela.,Background image of the cathedral and town center of Canela for Brazil immigration and relocation planning.
services,/services/other/translation/,Translation,9,section-9-what-clients-usually-feel,What Clients Usually Feel,a,assets/images/sections/services/other/translation/section-09-what-clients-usually-feel,translation-section-09-what-clients-usually-feel-streets-sanctuary-congonhas-minas-brazil-bg-primary.webp,/assets/images/sections/services/other/translation/section-09-what-clients-usually-feel/translation-section-09-what-clients-usually-feel-streets-sanctuary-congonhas-minas-brazil-bg-primary.webp,the architecture and streets of Sanctuary of Congonhas,the architecture and streets of Sanctuary of Congonhas.,Background image of the architecture and streets of Sanctuary of Congonhas for Brazil immigration and relocation planning.
services,/services/other/translation/,Translation,10,section-10-best-next-step,Best Next Step,a,assets/images/sections/services/other/translation/section-10-best-next-step,translation-section-10-best-next-step-skyline-civic-spaces-bridge-brazil-bg-primary.webp,/assets/images/sections/services/other/translation/section-10-best-next-step/translation-section-10-best-next-step-skyline-civic-spaces-bridge-brazil-bg-primary.webp,the skyline and civic spaces of JK Bridge in Brasilia,the skyline and civic spaces of JK Bridge in Brasilia.,Background image of the skyline and civic spaces of JK Bridge in Brasilia for Brazil immigration and relocation planning.
services,/services/residencies/,Residencies,1,section-1-overview,Overview,a,assets/images/sections/services/residencies/section-01-overview,residencies-section-01-overview-natural-orla-taumanan-roraima-brazil-bg-primary.webp,/assets/images/sections/services/residencies/section-01-overview/residencies-section-01-overview-natural-orla-taumanan-roraima-brazil-bg-primary.webp,the wide natural landscape of Orla Taumanan in Boa Vista,the wide natural landscape of Orla Taumanan in Boa Vista.,Background image of the wide natural landscape of Orla Taumanan in Boa Vista for Brazil immigration and relocation planning.
services,/services/residencies/,Residencies,2,section-2-explore-the-service-families,Explore The Service Families,a,assets/images/sections/services/residencies/section-02-explore-the-service-families,residencies-section-02-explore-the-service-families-streets-paulo-skyline-avenida-brazil-bg-primary.webp,/assets/images/sections/services/residencies/section-02-explore-the-service-families/residencies-section-02-explore-the-service-families-streets-paulo-skyline-avenida-brazil-bg-primary.webp,the architecture and streets of Sao Paulo skyline,the architecture and streets of Sao Paulo skyline.,Background image of the architecture and streets of Sao Paulo skyline for Brazil immigration and relocation planning.
services,/services/residencies/,Residencies,3,section-3-how-to-choose-the-right-starting-point,How To Choose The Right Starting Point,a,assets/images/sections/services/residencies/section-03-how-to-choose-the-right-starting-point,residencies-section-03-how-to-choose-the-right-starting-point-atlantic-coastline-around-itacare-brazil-bg-primary.webp,/assets/images/sections/services/residencies/section-03-how-to-choose-the-right-starting-point/residencies-section-03-how-to-choose-the-right-starting-point-atlantic-coastline-around-itacare-brazil-bg-primary.webp,the Atlantic coastline around Itacare,the Atlantic coastline around Itacare.,Background image of the Atlantic coastline around Itacare for Brazil immigration and relocation planning.
services,/services/residencies/,Residencies,4,section-4-if-you-are-between-categories,If You Are Between Categories,a,assets/images/sections/services/residencies/section-04-if-you-are-between-categories,residencies-section-04-if-you-are-between-categories-guaiba-waterfront-porto-alegre-brazil-bg-primary.webp,/assets/images/sections/services/residencies/section-04-if-you-are-between-categories/residencies-section-04-if-you-are-between-categories-guaiba-waterfront-porto-alegre-brazil-bg-primary.webp,the Guaiba waterfront in Porto Alegre,the Guaiba waterfront in Porto Alegre.,Background image of the Guaiba waterfront in Porto Alegre for Brazil immigration and relocation planning.
services,/services/residencies/,Residencies,5,section-5-best-next-step,Best Next Step,a,assets/images/sections/services/residencies/section-05-best-next-step,residencies-section-05-best-next-step-indigenous-nations-campo-grande-brazil-bg-primary.webp,/assets/images/sections/services/residencies/section-05-best-next-step/residencies-section-05-best-next-step-indigenous-nations-campo-grande-brazil-bg-primary.webp,the Park of Indigenous Nations in Campo Grande,the Park of Indigenous Nations in Campo Grande.,Background image of the Park of Indigenous Nations in Campo Grande for Brazil immigration and relocation planning.
services,/services/residencies/cplp/,CPLP Residency,1,section-1-overview,Overview,a,assets/images/sections/services/residencies/cplp/section-01-overview,cplp-residency-section-01-overview-coastline-water-carneiros-pernambuco-brazil-bg-primary.webp,/assets/images/sections/services/residencies/cplp/section-01-overview/cplp-residency-section-01-overview-coastline-water-carneiros-pernambuco-brazil-bg-primary.webp,the wide coastline and water of Praia dos Carneiros,the wide coastline and water of Praia dos Carneiros.,Background image of the wide coastline and water of Praia dos Carneiros for Brazil immigration and relocation planning.
services,/services/residencies/cplp/,CPLP Residency,2,section-2-who-this-residence-route-is-usually-for,Who This Residence Route Is Usually For,a,assets/images/sections/services/residencies/cplp/section-02-who-this-residence-route-is-usually-for,cplp-residency-section-02-who-this-residence-route-is-usually-for-coastline-water-cliffs-canoa-brazil-bg-primary.webp,/assets/images/sections/services/residencies/cplp/section-02-who-this-residence-route-is-usually-for/cplp-residency-section-02-who-this-residence-route-is-usually-for-coastline-water-cliffs-canoa-brazil-bg-primary.webp,the wide coastline and water of Cliffs of Canoa Quebrada,the wide coastline and water of Cliffs of Canoa Quebrada.,Background image of the wide coastline and water of Cliffs of Canoa Quebrada for Brazil immigration and relocation planning.
services,/services/residencies/cplp/,CPLP Residency,3,section-3-why-people-choose-this-route,Why People Choose This Route,a,assets/images/sections/services/residencies/cplp/section-03-why-people-choose-this-route,cplp-residency-section-03-why-people-choose-this-route-trails-cliffs-ibitipoca-minas-brazil-bg-primary.webp,/assets/images/sections/services/residencies/cplp/section-03-why-people-choose-this-route/cplp-residency-section-03-why-people-choose-this-route-trails-cliffs-ibitipoca-minas-brazil-bg-primary.webp,the trails and cliffs of Ibitipoca,the trails and cliffs of Ibitipoca.,Background image of the trails and cliffs of Ibitipoca for Brazil immigration and relocation planning.
services,/services/residencies/cplp/,CPLP Residency,4,section-4-when-it-usually-makes-sense,When It Usually Makes Sense,a,assets/images/sections/services/residencies/cplp/section-04-when-it-usually-makes-sense,cplp-residency-section-04-when-it-usually-makes-sense-streets-facades-pirenopolis-goias-brazil-bg-primary.webp,/assets/images/sections/services/residencies/cplp/section-04-when-it-usually-makes-sense/cplp-residency-section-04-when-it-usually-makes-sense-streets-facades-pirenopolis-goias-brazil-bg-primary.webp,the historic streets and facades of Historic center of Pirenopolis,the historic streets and facades of Historic center of Pirenopolis.,Background image of the historic streets and facades of Historic center of Pirenopolis for Brazil immigration and relocation planning.
services,/services/residencies/cplp/,CPLP Residency,5,section-5-when-another-route-may-fit-better,When Another Route May Fit Better,a,assets/images/sections/services/residencies/cplp/section-05-when-another-route-may-fit-better,cplp-residency-section-05-when-another-route-may-fit-better-museum-tomorrow-janeiro-port-brazil-bg-primary.webp,/assets/images/sections/services/residencies/cplp/section-05-when-another-route-may-fit-better/cplp-residency-section-05-when-another-route-may-fit-better-museum-tomorrow-janeiro-port-brazil-bg-primary.webp,the Museum of Tomorrow in Rio de Janeiro,the Museum of Tomorrow in Rio de Janeiro.,Background image of the Museum of Tomorrow in Rio de Janeiro for Brazil immigration and relocation planning.
services,/services/residencies/cplp/,CPLP Residency,6,section-6-common-documentation-and-timing-issues,Common Documentation And Timing Issues,a,assets/images/sections/services/residencies/cplp/section-06-common-documentation-and-timing-issues,cplp-residency-section-06-common-documentation-and-timing-issues-palacio-alvorada-brasilia-central-brazil-bg-primary.webp,/assets/images/sections/services/residencies/cplp/section-06-common-documentation-and-timing-issues/cplp-residency-section-06-common-documentation-and-timing-issues-palacio-alvorada-brasilia-central-brazil-bg-primary.webp,the Palacio da Alvorada in Brasilia,the Palacio da Alvorada in Brasilia.,Background image of the Palacio da Alvorada in Brasilia for Brazil immigration and relocation planning.
services,/services/residencies/cplp/,CPLP Residency,7,section-7-how-we-structure-the-process,How We Structure The Process,a,assets/images/sections/services/residencies/cplp/section-07-how-we-structure-the-process,cplp-residency-section-07-how-we-structure-the-process-forests-waters-orla-taumanan-brazil-bg-primary.webp,/assets/images/sections/services/residencies/cplp/section-07-how-we-structure-the-process/cplp-residency-section-07-how-we-structure-the-process-forests-waters-orla-taumanan-brazil-bg-primary.webp,the forests and waters of Orla Taumanan in Boa Vista,the forests and waters of Orla Taumanan in Boa Vista.,Background image of the forests and waters of Orla Taumanan in Boa Vista for Brazil immigration and relocation planning.
services,/services/residencies/cplp/,CPLP Residency,8,section-8-cross-border-family-and-language-considerations,"Cross-Border, Family, And Language Considerations",a,assets/images/sections/services/residencies/cplp/section-08-cross-border-family-and-language-considerations,cplp-residency-section-08-cross-border-family-and-language-considerations-pantanal-mato-grosso-central-brazil-bg-primary.webp,/assets/images/sections/services/residencies/cplp/section-08-cross-border-family-and-language-considerations/cplp-residency-section-08-cross-border-family-and-language-considerations-pantanal-mato-grosso-central-brazil-bg-primary.webp,Pantanal,Pantanal.,Background image of Pantanal for Brazil immigration and relocation planning.
services,/services/residencies/cplp/,CPLP Residency,9,section-9-legal-support-and-long-term-planning,Legal Support And Long-Term Planning,a,assets/images/sections/services/residencies/cplp/section-09-legal-support-and-long-term-planning,cplp-residency-section-09-legal-support-and-long-term-planning-canyons-lake-scenery-capitolio-brazil-bg-primary.webp,/assets/images/sections/services/residencies/cplp/section-09-legal-support-and-long-term-planning/cplp-residency-section-09-legal-support-and-long-term-planning-canyons-lake-scenery-capitolio-brazil-bg-primary.webp,the canyons and lake scenery of Capitolio,the canyons and lake scenery of Capitolio.,Background image of the canyons and lake scenery of Capitolio for Brazil immigration and relocation planning.
services,/services/residencies/cplp/,CPLP Residency,10,section-10-what-changes-after-guidance,What Changes After Guidance,a,assets/images/sections/services/residencies/cplp/section-10-what-changes-after-guidance,cplp-residency-section-10-what-changes-after-guidance-cultural-grounds-parque-povo-brazil-bg-primary.webp,/assets/images/sections/services/residencies/cplp/section-10-what-changes-after-guidance/cplp-residency-section-10-what-changes-after-guidance-cultural-grounds-parque-povo-brazil-bg-primary.webp,the cultural grounds of Parque do Povo,the cultural grounds of Parque do Povo.,Background image of the cultural grounds of Parque do Povo for Brazil immigration and relocation planning.
services,/services/residencies/educational/,Educational Residency,1,section-1-overview,Overview,a,assets/images/sections/services/residencies/educational/section-01-overview,educational-residency-section-01-overview-shoreline-santos-waterfront-warm-brazil-bg-primary.webp,/assets/images/sections/services/residencies/educational/section-01-overview/educational-residency-section-01-overview-shoreline-santos-waterfront-warm-brazil-bg-primary.webp,the shoreline of Santos waterfront in warm evening light,the shoreline of Santos waterfront in warm evening light.,Background image of the shoreline of Santos waterfront in warm evening light for Brazil immigration and relocation planning.
services,/services/residencies/educational/,Educational Residency,2,section-2-who-this-residence-route-is-usually-for,Who This Residence Route Is Usually For,a,assets/images/sections/services/residencies/educational/section-02-who-this-residence-route-is-usually-for,educational-residency-section-02-who-this-residence-route-is-usually-for-iguazu-iguacu-southern-economy-brazil-bg-primary.webp,/assets/images/sections/services/residencies/educational/section-02-who-this-residence-route-is-usually-for/educational-residency-section-02-who-this-residence-route-is-usually-for-iguazu-iguacu-southern-economy-brazil-bg-primary.webp,Iguazu Falls,Iguazu Falls.,Background image of Iguazu Falls for Brazil immigration and relocation planning.
services,/services/residencies/educational/,Educational Residency,3,section-3-why-people-choose-this-route,Why People Choose This Route,a,assets/images/sections/services/residencies/educational/section-03-why-people-choose-this-route,educational-residency-section-03-why-people-choose-this-route-mission-ruins-miguel-missoes-brazil-bg-primary.webp,/assets/images/sections/services/residencies/educational/section-03-why-people-choose-this-route/educational-residency-section-03-why-people-choose-this-route-mission-ruins-miguel-missoes-brazil-bg-primary.webp,the mission ruins of Sao Miguel das Missoes,the mission ruins of Sao Miguel das Missoes.,Background image of the mission ruins of Sao Miguel das Missoes for Brazil immigration and relocation planning.
services,/services/residencies/educational/,Educational Residency,4,section-4-when-it-usually-makes-sense,When It Usually Makes Sense,a,assets/images/sections/services/residencies/educational/section-04-when-it-usually-makes-sense,educational-residency-section-04-when-it-usually-makes-sense-coastline-water-arraial-ajuda-brazil-bg-primary.webp,/assets/images/sections/services/residencies/educational/section-04-when-it-usually-makes-sense/educational-residency-section-04-when-it-usually-makes-sense-coastline-water-arraial-ajuda-brazil-bg-primary.webp,the wide coastline and water of Arraial d'Ajuda coastline,the wide coastline and water of Arraial d'Ajuda coastline.,Background image of the wide coastline and water of Arraial d'Ajuda coastline for Brazil immigration and relocation planning.
services,/services/residencies/educational/,Educational Residency,5,section-5-when-another-route-may-fit-better,When Another Route May Fit Better,a,assets/images/sections/services/residencies/educational/section-05-when-another-route-may-fit-better,educational-residency-section-05-when-another-route-may-fit-better-natural-botanical-garden-curitiba-brazil-bg-primary.webp,/assets/images/sections/services/residencies/educational/section-05-when-another-route-may-fit-better/educational-residency-section-05-when-another-route-may-fit-better-natural-botanical-garden-curitiba-brazil-bg-primary.webp,the wide natural landscape of Botanical Garden of Curitiba,the wide natural landscape of Botanical Garden of Curitiba.,Background image of the wide natural landscape of Botanical Garden of Curitiba for Brazil immigration and relocation planning.
services,/services/residencies/educational/,Educational Residency,6,section-6-common-documentation-and-timing-issues,Common Documentation And Timing Issues,a,assets/images/sections/services/residencies/educational/section-06-common-documentation-and-timing-issues,educational-residency-section-06-common-documentation-and-timing-issues-fortaleza-canyon-cambara-southern-brazil-bg-primary.webp,/assets/images/sections/services/residencies/educational/section-06-common-documentation-and-timing-issues/educational-residency-section-06-common-documentation-and-timing-issues-fortaleza-canyon-cambara-southern-brazil-bg-primary.webp,the Fortaleza Canyon in Cambara do Sul,the Fortaleza Canyon in Cambara do Sul.,Background image of the Fortaleza Canyon in Cambara do Sul for Brazil immigration and relocation planning.
services,/services/residencies/educational/,Educational Residency,7,section-7-how-we-structure-the-process,How We Structure The Process,a,assets/images/sections/services/residencies/educational/section-07-how-we-structure-the-process,educational-residency-section-07-how-we-structure-the-process-sunrise-anavilhanas-archipelago-amazonas-brazil-bg-primary.webp,/assets/images/sections/services/residencies/educational/section-07-how-we-structure-the-process/educational-residency-section-07-how-we-structure-the-process-sunrise-anavilhanas-archipelago-amazonas-brazil-bg-primary.webp,the sunrise landscape of Anavilhanas archipelago,the sunrise landscape of Anavilhanas archipelago.,Background image of the sunrise landscape of Anavilhanas archipelago for Brazil immigration and relocation planning.
services,/services/residencies/educational/,Educational Residency,8,section-8-cross-border-family-and-language-considerations,"Cross-Border, Family, And Language Considerations",a,assets/images/sections/services/residencies/educational/section-08-cross-border-family-and-language-considerations,educational-residency-section-08-cross-border-family-and-language-considerations-shoreline-janeiro-skyline-sugarloaf-brazil-bg-primary.webp,/assets/images/sections/services/residencies/educational/section-08-cross-border-family-and-language-considerations/educational-residency-section-08-cross-border-family-and-language-considerations-shoreline-janeiro-skyline-sugarloaf-brazil-bg-primary.webp,the shoreline of Rio de Janeiro skyline from Sugarloaf Mountain in warm evening light,the shoreline of Rio de Janeiro skyline from Sugarloaf Mountain in warm evening light.,Background image of the shoreline of Rio de Janeiro skyline from Sugarloaf Mountain in warm evening light for Brazil immigration and relocation planning.
services,/services/residencies/educational/,Educational Residency,9,section-9-legal-support-and-long-term-planning,Legal Support And Long-Term Planning,a,assets/images/sections/services/residencies/educational/section-09-legal-support-and-long-term-planning,educational-residency-section-09-legal-support-and-long-term-planning-colorful-quadrado-trancoso-bahia-brazil-bg-primary.webp,/assets/images/sections/services/residencies/educational/section-09-legal-support-and-long-term-planning/educational-residency-section-09-legal-support-and-long-term-planning-colorful-quadrado-trancoso-bahia-brazil-bg-primary.webp,the colorful Quadrado of Trancoso,the colorful Quadrado of Trancoso.,Background image of the colorful Quadrado of Trancoso for Brazil immigration and relocation planning.
services,/services/residencies/educational/,Educational Residency,10,section-10-what-changes-after-guidance,What Changes After Guidance,a,assets/images/sections/services/residencies/educational/section-10-what-changes-after-guidance,educational-residency-section-10-what-changes-after-guidance-riverfront-district-gameleira-branco-brazil-bg-primary.webp,/assets/images/sections/services/residencies/educational/section-10-what-changes-after-guidance/educational-residency-section-10-what-changes-after-guidance-riverfront-district-gameleira-branco-brazil-bg-primary.webp,the riverfront district of Gameleira in Rio Branco,the riverfront district of Gameleira in Rio Branco.,Background image of the riverfront district of Gameleira in Rio Branco for Brazil immigration and relocation planning.
services,/services/residencies/exchange/,Exchange Residency,1,section-1-overview,Overview,a,assets/images/sections/services/residencies/exchange/section-01-overview,exchange-residency-section-01-overview-clear-springs-jalapao-fervedouro-brazil-bg-primary.webp,/assets/images/sections/services/residencies/exchange/section-01-overview/exchange-residency-section-01-overview-clear-springs-jalapao-fervedouro-brazil-bg-primary.webp,the clear springs of Jalapao,the clear springs of Jalapao.,Background image of the clear springs of Jalapao for Brazil immigration and relocation planning.
services,/services/residencies/exchange/,Exchange Residency,2,section-2-who-this-residence-route-is-usually-for,Who This Residence Route Is Usually For,a,assets/images/sections/services/residencies/exchange/section-02-who-this-residence-route-is-usually-for,exchange-residency-section-02-who-this-residence-route-is-usually-for-curitiba-skyline-parana-southern-brazil-bg-primary.webp,/assets/images/sections/services/residencies/exchange/section-02-who-this-residence-route-is-usually-for/exchange-residency-section-02-who-this-residence-route-is-usually-for-curitiba-skyline-parana-southern-brazil-bg-primary.webp,Curitiba,Curitiba.,Background image of Curitiba for Brazil immigration and relocation planning.
services,/services/residencies/exchange/,Exchange Residency,3,section-3-why-people-choose-this-route,Why People Choose This Route,a,assets/images/sections/services/residencies/exchange/section-03-why-people-choose-this-route,exchange-residency-section-03-why-people-choose-this-route-natural-inhotim-brumadinho-minas-brazil-bg-primary.webp,/assets/images/sections/services/residencies/exchange/section-03-why-people-choose-this-route/exchange-residency-section-03-why-people-choose-this-route-natural-inhotim-brumadinho-minas-brazil-bg-primary.webp,the wide natural landscape of Inhotim in Brumadinho,the wide natural landscape of Inhotim in Brumadinho.,Background image of the wide natural landscape of Inhotim in Brumadinho for Brazil immigration and relocation planning.
services,/services/residencies/exchange/,Exchange Residency,4,section-4-when-it-usually-makes-sense,When It Usually Makes Sense,a,assets/images/sections/services/residencies/exchange/section-04-when-it-usually-makes-sense,exchange-residency-section-04-when-it-usually-makes-sense-atlantic-coastline-around-itacare-brazil-bg-primary.webp,/assets/images/sections/services/residencies/exchange/section-04-when-it-usually-makes-sense/exchange-residency-section-04-when-it-usually-makes-sense-atlantic-coastline-around-itacare-brazil-bg-primary.webp,the Atlantic coastline around Itacare,the Atlantic coastline around Itacare.,Background image of the Atlantic coastline around Itacare for Brazil immigration and relocation planning.
services,/services/residencies/exchange/,Exchange Residency,5,section-5-when-another-route-may-fit-better,When Another Route May Fit Better,a,assets/images/sections/services/residencies/exchange/section-05-when-another-route-may-fit-better,exchange-residency-section-05-when-another-route-may-fit-better-beachfront-cliffs-canoa-quebrada-brazil-bg-primary.webp,/assets/images/sections/services/residencies/exchange/section-05-when-another-route-may-fit-better/exchange-residency-section-05-when-another-route-may-fit-better-beachfront-cliffs-canoa-quebrada-brazil-bg-primary.webp,the beachfront and sea of Cliffs of Canoa Quebrada,the beachfront and sea of Cliffs of Canoa Quebrada.,Background image of the beachfront and sea of Cliffs of Canoa Quebrada for Brazil immigration and relocation planning.
services,/services/residencies/exchange/,Exchange Residency,6,section-6-common-documentation-and-timing-issues,Common Documentation And Timing Issues,a,assets/images/sections/services/residencies/exchange/section-06-common-documentation-and-timing-issues,exchange-residency-section-06-common-documentation-and-timing-issues-road-serra-rastro-santa-brazil-bg-primary.webp,/assets/images/sections/services/residencies/exchange/section-06-common-documentation-and-timing-issues/exchange-residency-section-06-common-documentation-and-timing-issues-road-serra-rastro-santa-brazil-bg-primary.webp,the mountain road of Serra do Rio do Rastro,the mountain road of Serra do Rio do Rastro.,Background image of the mountain road of Serra do Rio do Rastro for Brazil immigration and relocation planning.
services,/services/residencies/exchange/,Exchange Residency,7,section-7-how-we-structure-the-process,How We Structure The Process,a,assets/images/sections/services/residencies/exchange/section-07-how-we-structure-the-process,exchange-residency-section-07-how-we-structure-the-process-cathedral-brasilia-modern-central-brazil-bg-primary.webp,/assets/images/sections/services/residencies/exchange/section-07-how-we-structure-the-process/exchange-residency-section-07-how-we-structure-the-process-cathedral-brasilia-modern-central-brazil-bg-primary.webp,the Cathedral of Brasilia,the Cathedral of Brasilia.,Background image of the Cathedral of Brasilia for Brazil immigration and relocation planning.
services,/services/residencies/exchange/,Exchange Residency,8,section-8-cross-border-family-and-language-considerations,"Cross-Border, Family, And Language Considerations",a,assets/images/sections/services/residencies/exchange/section-08-cross-border-family-and-language-considerations,exchange-residency-section-08-cross-border-family-and-language-considerations-antonina-parana-southern-brazil-bg-primary.webp,/assets/images/sections/services/residencies/exchange/section-08-cross-border-family-and-language-considerations/exchange-residency-section-08-cross-border-family-and-language-considerations-antonina-parana-southern-brazil-bg-primary.webp,the historic center of Antonina,the historic center of Antonina.,Background image of the historic center of Antonina for Brazil immigration and relocation planning.
services,/services/residencies/exchange/,Exchange Residency,9,section-9-legal-support-and-long-term-planning,Legal Support And Long-Term Planning,a,assets/images/sections/services/residencies/exchange/section-09-legal-support-and-long-term-planning,exchange-residency-section-09-legal-support-and-long-term-planning-vila-germanica-district-blumenau-brazil-bg-primary.webp,/assets/images/sections/services/residencies/exchange/section-09-legal-support-and-long-term-planning/exchange-residency-section-09-legal-support-and-long-term-planning-vila-germanica-district-blumenau-brazil-bg-primary.webp,the Vila Germanica district in Blumenau,the Vila Germanica district in Blumenau.,Background image of the Vila Germanica district in Blumenau for Brazil immigration and relocation planning.
services,/services/residencies/exchange/,Exchange Residency,10,section-10-what-changes-after-guidance,What Changes After Guidance,b,assets/images/sections/services/residencies/exchange/section-10-what-changes-after-guidance,exchange-residency-section-10-what-changes-after-guidance-coastline-water-rosa-santa-brazil-bg-alternate.webp,/assets/images/sections/services/residencies/exchange/section-10-what-changes-after-guidance/exchange-residency-section-10-what-changes-after-guidance-coastline-water-rosa-santa-brazil-bg-alternate.webp,the wide coastline and water of Praia do Rosa,the wide coastline and water of Praia do Rosa.,Background image of the wide coastline and water of Praia do Rosa for Brazil immigration and relocation planning.
services,/services/residencies/health/,Health Residency,1,section-1-overview,Overview,a,assets/images/sections/services/residencies/health/section-01-overview,health-residency-section-01-overview-riverfront-landscapes-marajo-island-brazil-bg-primary.webp,/assets/images/sections/services/residencies/health/section-01-overview/health-residency-section-01-overview-riverfront-landscapes-marajo-island-brazil-bg-primary.webp,the riverfront landscapes of Marajo Island,the riverfront landscapes of Marajo Island.,Background image of the riverfront landscapes of Marajo Island for Brazil immigration and relocation planning.
services,/services/residencies/health/,Health Residency,2,section-2-who-this-residence-route-is-usually-for,Who This Residence Route Is Usually For,a,assets/images/sections/services/residencies/health/section-02-who-this-residence-route-is-usually-for,health-residency-section-02-who-this-residence-route-is-usually-for-salvador-pelourinho-bahia-northeast-brazil-bg-primary.webp,/assets/images/sections/services/residencies/health/section-02-who-this-residence-route-is-usually-for/health-residency-section-02-who-this-residence-route-is-usually-for-salvador-pelourinho-bahia-northeast-brazil-bg-primary.webp,Salvador,Salvador.,Background image of Salvador for Brazil immigration and relocation planning.
services,/services/residencies/health/,Health Residency,3,section-3-why-people-choose-this-route,Why People Choose This Route,a,assets/images/sections/services/residencies/health/section-03-why-people-choose-this-route,health-residency-section-03-why-people-choose-this-route-jericoacoara-ceara-northeast-brazil-bg-primary.webp,/assets/images/sections/services/residencies/health/section-03-why-people-choose-this-route/health-residency-section-03-why-people-choose-this-route-jericoacoara-ceara-northeast-brazil-bg-primary.webp,the dunes and lagoons of Jericoacoara,the dunes and lagoons of Jericoacoara.,Background image of the dunes and lagoons of Jericoacoara for Brazil immigration and relocation planning.
services,/services/residencies/health/,Health Residency,4,section-4-when-it-usually-makes-sense,When It Usually Makes Sense,a,assets/images/sections/services/residencies/health/section-04-when-it-usually-makes-sense,health-residency-section-04-when-it-usually-makes-sense-face-monte-roraima-northern-brazil-bg-primary.webp,/assets/images/sections/services/residencies/health/section-04-when-it-usually-makes-sense/health-residency-section-04-when-it-usually-makes-sense-face-monte-roraima-northern-brazil-bg-primary.webp,the Brazilian face of Monte Roraima,the Brazilian face of Monte Roraima.,Background image of the Brazilian face of Monte Roraima for Brazil immigration and relocation planning.
services,/services/residencies/health/,Health Residency,5,section-5-when-another-route-may-fit-better,When Another Route May Fit Better,a,assets/images/sections/services/residencies/health/section-05-when-another-route-may-fit-better,health-residency-section-05-when-another-route-may-fit-better-facades-joao-minas-gerais-brazil-bg-primary.webp,/assets/images/sections/services/residencies/health/section-05-when-another-route-may-fit-better/health-residency-section-05-when-another-route-may-fit-better-facades-joao-minas-gerais-brazil-bg-primary.webp,the heritage facades of Sao Joao del Rei,the heritage facades of Sao Joao del Rei.,Background image of the heritage facades of Sao Joao del Rei for Brazil immigration and relocation planning.
services,/services/residencies/health/,Health Residency,6,section-6-common-documentation-and-timing-issues,Common Documentation And Timing Issues,a,assets/images/sections/services/residencies/health/section-06-common-documentation-and-timing-issues,health-residency-section-06-common-documentation-and-timing-issues-avenida-paulista-paulo-avenue-brazil-bg-primary.webp,/assets/images/sections/services/residencies/health/section-06-common-documentation-and-timing-issues/health-residency-section-06-common-documentation-and-timing-issues-avenida-paulista-paulo-avenue-brazil-bg-primary.webp,Avenida Paulista in Sao Paulo,Avenida Paulista in Sao Paulo.,Background image of Avenida Paulista in Sao Paulo for Brazil immigration and relocation planning.
services,/services/residencies/health/,Health Residency,7,section-7-how-we-structure-the-process,How We Structure The Process,a,assets/images/sections/services/residencies/health/section-07-how-we-structure-the-process,health-residency-section-07-how-we-structure-the-process-canyons-aparados-serra-southern-brazil-bg-primary.webp,/assets/images/sections/services/residencies/health/section-07-how-we-structure-the-process/health-residency-section-07-how-we-structure-the-process-canyons-aparados-serra-southern-brazil-bg-primary.webp,the canyons of Aparados da Serra,the canyons of Aparados da Serra.,Background image of the canyons of Aparados da Serra for Brazil immigration and relocation planning.
services,/services/residencies/health/,Health Residency,8,section-8-cross-border-family-and-language-considerations,"Cross-Border, Family, And Language Considerations",a,assets/images/sections/services/residencies/health/section-08-cross-border-family-and-language-considerations,health-residency-section-08-cross-border-family-and-language-considerations-coastline-coves-ilha-grande-brazil-bg-primary.webp,/assets/images/sections/services/residencies/health/section-08-cross-border-family-and-language-considerations/health-residency-section-08-cross-border-family-and-language-considerations-coastline-coves-ilha-grande-brazil-bg-primary.webp,the coastline and coves of Ilha Grande,the coastline and coves of Ilha Grande.,Background image of the coastline and coves of Ilha Grande for Brazil immigration and relocation planning.
services,/services/residencies/health/,Health Residency,9,section-9-legal-support-and-long-term-planning,Legal Support And Long-Term Planning,a,assets/images/sections/services/residencies/health/section-09-legal-support-and-long-term-planning,health-residency-section-09-legal-support-and-long-term-planning-paulo-skyline-avenida-paulista-brazil-bg-primary.webp,/assets/images/sections/services/residencies/health/section-09-legal-support-and-long-term-planning/health-residency-section-09-legal-support-and-long-term-planning-paulo-skyline-avenida-paulista-brazil-bg-primary.webp,Sao Paulo,Sao Paulo.,Background image of Sao Paulo for Brazil immigration and relocation planning.
services,/services/residencies/health/,Health Residency,10,section-10-what-changes-after-guidance,What Changes After Guidance,a,assets/images/sections/services/residencies/health/section-10-what-changes-after-guidance,health-residency-section-10-what-changes-after-guidance-baia-sancho-fernando-noronha-brazil-bg-primary.webp,/assets/images/sections/services/residencies/health/section-10-what-changes-after-guidance/health-residency-section-10-what-changes-after-guidance-baia-sancho-fernando-noronha-brazil-bg-primary.webp,Baia do Sancho in Fernando de Noronha,Baia do Sancho in Fernando de Noronha.,Background image of Baia do Sancho in Fernando de Noronha for Brazil immigration and relocation planning.
services,/services/residencies/humanitarian/,Humanitarian Residency,1,section-1-overview,Overview,a,assets/images/sections/services/residencies/humanitarian/section-01-overview,humanitarian-residency-section-01-overview-natural-pools-maragogi-alagoas-brazil-bg-primary.webp,/assets/images/sections/services/residencies/humanitarian/section-01-overview/humanitarian-residency-section-01-overview-natural-pools-maragogi-alagoas-brazil-bg-primary.webp,the natural pools of Maragogi,the natural pools of Maragogi.,Background image of the natural pools of Maragogi for Brazil immigration and relocation planning.
services,/services/residencies/humanitarian/,Humanitarian Residency,2,section-2-who-this-residence-route-is-usually-for,Who This Residence Route Is Usually For,a,assets/images/sections/services/residencies/humanitarian/section-02-who-this-residence-route-is-usually-for,humanitarian-residency-section-02-who-this-residence-route-is-usually-for-buzios-peninsula-janeiro-beaches-brazil-bg-primary.webp,/assets/images/sections/services/residencies/humanitarian/section-02-who-this-residence-route-is-usually-for/humanitarian-residency-section-02-who-this-residence-route-is-usually-for-buzios-peninsula-janeiro-beaches-brazil-bg-primary.webp,the Buzios peninsula on the coast of Rio de Janeiro state,the Buzios peninsula on the coast of Rio de Janeiro state.,Background image of the Buzios peninsula on the coast of Rio de Janeiro state for Brazil immigration and relocation planning.
services,/services/residencies/humanitarian/,Humanitarian Residency,3,section-3-why-people-choose-this-route,Why People Choose This Route,a,assets/images/sections/services/residencies/humanitarian/section-03-why-people-choose-this-route,humanitarian-residency-section-03-why-people-choose-this-route-meeting-negro-solimoes-near-brazil-bg-primary.webp,/assets/images/sections/services/residencies/humanitarian/section-03-why-people-choose-this-route/humanitarian-residency-section-03-why-people-choose-this-route-meeting-negro-solimoes-near-brazil-bg-primary.webp,the meeting of the Rio Negro and Solimoes near Manaus,the meeting of the Rio Negro and Solimoes near Manaus.,Background image of the meeting of the Rio Negro and Solimoes near Manaus for Brazil immigration and relocation planning.
services,/services/residencies/humanitarian/,Humanitarian Residency,4,section-4-when-it-usually-makes-sense,When It Usually Makes Sense,a,assets/images/sections/services/residencies/humanitarian/section-04-when-it-usually-makes-sense,humanitarian-residency-section-04-when-it-usually-makes-sense-skyline-waterfront-balneario-camboriu-brazil-bg-primary.webp,/assets/images/sections/services/residencies/humanitarian/section-04-when-it-usually-makes-sense/humanitarian-residency-section-04-when-it-usually-makes-sense-skyline-waterfront-balneario-camboriu-brazil-bg-primary.webp,the skyline and waterfront of Balneario Camboriu,the skyline and waterfront of Balneario Camboriu.,Background image of the skyline and waterfront of Balneario Camboriu for Brazil immigration and relocation planning.
services,/services/residencies/humanitarian/,Humanitarian Residency,5,section-5-when-another-route-may-fit-better,When Another Route May Fit Better,a,assets/images/sections/services/residencies/humanitarian/section-05-when-another-route-may-fit-better,humanitarian-residency-section-05-when-another-route-may-fit-better-coastline-atlantic-ubatuba-paulo-brazil-bg-primary.webp,/assets/images/sections/services/residencies/humanitarian/section-05-when-another-route-may-fit-better/humanitarian-residency-section-05-when-another-route-may-fit-better-coastline-atlantic-ubatuba-paulo-brazil-bg-primary.webp,the coastline and Atlantic forest of Ubatuba,the coastline and Atlantic forest of Ubatuba.,Background image of the coastline and Atlantic forest of Ubatuba for Brazil immigration and relocation planning.
services,/services/residencies/humanitarian/,Humanitarian Residency,6,section-6-common-documentation-and-timing-issues,Common Documentation And Timing Issues,a,assets/images/sections/services/residencies/humanitarian/section-06-common-documentation-and-timing-issues,humanitarian-residency-section-06-common-documentation-and-timing-issues-mission-ruins-miguel-missoes-brazil-bg-primary.webp,/assets/images/sections/services/residencies/humanitarian/section-06-common-documentation-and-timing-issues/humanitarian-residency-section-06-common-documentation-and-timing-issues-mission-ruins-miguel-missoes-brazil-bg-primary.webp,the mission ruins of Sao Miguel das Missoes,the mission ruins of Sao Miguel das Missoes.,Background image of the mission ruins of Sao Miguel das Missoes for Brazil immigration and relocation planning.
services,/services/residencies/humanitarian/,Humanitarian Residency,7,section-7-how-we-structure-the-process,How We Structure The Process,a,assets/images/sections/services/residencies/humanitarian/section-07-how-we-structure-the-process,humanitarian-residency-section-07-how-we-structure-the-process-farol-barra-seafront-salvador-brazil-bg-primary.webp,/assets/images/sections/services/residencies/humanitarian/section-07-how-we-structure-the-process/humanitarian-residency-section-07-how-we-structure-the-process-farol-barra-seafront-salvador-brazil-bg-primary.webp,Farol da Barra and the seafront of Salvador,Farol da Barra and the seafront of Salvador.,Background image of Farol da Barra and the seafront of Salvador for Brazil immigration and relocation planning.
services,/services/residencies/humanitarian/,Humanitarian Residency,8,section-8-cross-border-family-and-language-considerations,"Cross-Border, Family, And Language Considerations",a,assets/images/sections/services/residencies/humanitarian/section-08-cross-border-family-and-language-considerations,humanitarian-residency-section-08-cross-border-family-and-language-considerations-sunrise-delta-parnaiba-piaui-brazil-bg-primary.webp,/assets/images/sections/services/residencies/humanitarian/section-08-cross-border-family-and-language-considerations/humanitarian-residency-section-08-cross-border-family-and-language-considerations-sunrise-delta-parnaiba-piaui-brazil-bg-primary.webp,the sunrise landscape of Delta do Parnaiba,the sunrise landscape of Delta do Parnaiba.,Background image of the sunrise landscape of Delta do Parnaiba for Brazil immigration and relocation planning.
services,/services/residencies/humanitarian/,Humanitarian Residency,9,section-9-legal-support-and-long-term-planning,Legal Support And Long-Term Planning,a,assets/images/sections/services/residencies/humanitarian/section-09-legal-support-and-long-term-planning,humanitarian-residency-section-09-legal-support-and-long-term-planning-cerrado-aguas-emendadas-ecological-brazil-bg-primary.webp,/assets/images/sections/services/residencies/humanitarian/section-09-legal-support-and-long-term-planning/humanitarian-residency-section-09-legal-support-and-long-term-planning-cerrado-aguas-emendadas-ecological-brazil-bg-primary.webp,the cerrado landscape of Aguas Emendadas,the cerrado landscape of Aguas Emendadas.,Background image of the cerrado landscape of Aguas Emendadas for Brazil immigration and relocation planning.
services,/services/residencies/humanitarian/,Humanitarian Residency,10,section-10-what-changes-after-guidance,What Changes After Guidance,a,assets/images/sections/services/residencies/humanitarian/section-10-what-changes-after-guidance,humanitarian-residency-section-10-what-changes-after-guidance-sunrise-itaimbezinho-canyon-aparados-brazil-bg-primary.webp,/assets/images/sections/services/residencies/humanitarian/section-10-what-changes-after-guidance/humanitarian-residency-section-10-what-changes-after-guidance-sunrise-itaimbezinho-canyon-aparados-brazil-bg-primary.webp,the sunrise landscape of Itaimbezinho canyon,the sunrise landscape of Itaimbezinho canyon.,Background image of the sunrise landscape of Itaimbezinho canyon for Brazil immigration and relocation planning.
services,/services/residencies/investor/,Investor Residency,1,section-1-overview,Overview,a,assets/images/sections/services/residencies/investor/section-01-overview,investor-residency-section-01-overview-shoreline-arraial-ajuda-coastline-brazil-bg-primary.webp,/assets/images/sections/services/residencies/investor/section-01-overview/investor-residency-section-01-overview-shoreline-arraial-ajuda-coastline-brazil-bg-primary.webp,the shoreline of Arraial d'Ajuda coastline in warm evening light,the shoreline of Arraial d'Ajuda coastline in warm evening light.,Background image of the shoreline of Arraial d'Ajuda coastline in warm evening light for Brazil immigration and relocation planning.
services,/services/residencies/investor/,Investor Residency,2,section-2-who-this-residence-route-is-usually-for,Who This Residence Route Is Usually For,a,assets/images/sections/services/residencies/investor/section-02-who-this-residence-route-is-usually-for,investor-residency-section-02-who-this-residence-route-is-usually-for-porto-alegre-skyline-grande-brazil-bg-primary.webp,/assets/images/sections/services/residencies/investor/section-02-who-this-residence-route-is-usually-for/investor-residency-section-02-who-this-residence-route-is-usually-for-porto-alegre-skyline-grande-brazil-bg-primary.webp,Porto Alegre,Porto Alegre.,Background image of Porto Alegre for Brazil immigration and relocation planning.
services,/services/residencies/investor/,Investor Residency,3,section-3-why-people-choose-this-route,Why People Choose This Route,a,assets/images/sections/services/residencies/investor/section-03-why-people-choose-this-route,investor-residency-section-03-why-people-choose-this-route-sunrise-chapada-diamantina-bahia-brazil-bg-primary.webp,/assets/images/sections/services/residencies/investor/section-03-why-people-choose-this-route/investor-residency-section-03-why-people-choose-this-route-sunrise-chapada-diamantina-bahia-brazil-bg-primary.webp,the sunrise landscape of Chapada Diamantina,the sunrise landscape of Chapada Diamantina.,Background image of the sunrise landscape of Chapada Diamantina for Brazil immigration and relocation planning.
services,/services/residencies/investor/,Investor Residency,4,section-4-when-it-usually-makes-sense,When It Usually Makes Sense,a,assets/images/sections/services/residencies/investor/section-04-when-it-usually-makes-sense,investor-residency-section-04-when-it-usually-makes-sense-coastline-water-baia-sancho-brazil-bg-primary.webp,/assets/images/sections/services/residencies/investor/section-04-when-it-usually-makes-sense/investor-residency-section-04-when-it-usually-makes-sense-coastline-water-baia-sancho-brazil-bg-primary.webp,the wide coastline and water of Baia do Sancho in Fernando de Noronha,the wide coastline and water of Baia do Sancho in Fernando de Noronha.,Background image of the wide coastline and water of Baia do Sancho in Fernando de Noronha for Brazil immigration and relocation planning.
services,/services/residencies/investor/,Investor Residency,5,section-5-when-another-route-may-fit-better,When Another Route May Fit Better,a,assets/images/sections/services/residencies/investor/section-05-when-another-route-may-fit-better,investor-residency-section-05-when-another-route-may-fit-better-waterways-delta-parnaiba-piaui-brazil-bg-primary.webp,/assets/images/sections/services/residencies/investor/section-05-when-another-route-may-fit-better/investor-residency-section-05-when-another-route-may-fit-better-waterways-delta-parnaiba-piaui-brazil-bg-primary.webp,the waterways and dunes of the Delta do Parnaiba,the waterways and dunes of the Delta do Parnaiba.,Background image of the waterways and dunes of the Delta do Parnaiba for Brazil immigration and relocation planning.
services,/services/residencies/investor/,Investor Residency,6,section-6-common-documentation-and-timing-issues,Common Documentation And Timing Issues,a,assets/images/sections/services/residencies/investor/section-06-common-documentation-and-timing-issues,investor-residency-section-06-common-documentation-and-timing-issues-streets-facades-pirenopolis-goias-brazil-bg-primary.webp,/assets/images/sections/services/residencies/investor/section-06-common-documentation-and-timing-issues/investor-residency-section-06-common-documentation-and-timing-issues-streets-facades-pirenopolis-goias-brazil-bg-primary.webp,the historic streets and facades of Historic center of Pirenopolis,the historic streets and facades of Historic center of Pirenopolis.,Background image of the historic streets and facades of Historic center of Pirenopolis for Brazil immigration and relocation planning.
services,/services/residencies/investor/,Investor Residency,7,section-7-how-we-structure-the-process,How We Structure The Process,a,assets/images/sections/services/residencies/investor/section-07-how-we-structure-the-process,investor-residency-section-07-how-we-structure-the-process-petropolis-imperial-museum-district-brazil-bg-primary.webp,/assets/images/sections/services/residencies/investor/section-07-how-we-structure-the-process/investor-residency-section-07-how-we-structure-the-process-petropolis-imperial-museum-district-brazil-bg-primary.webp,Petropolis and the imperial museum district,Petropolis and the imperial museum district.,Background image of Petropolis and the imperial museum district for Brazil immigration and relocation planning.
services,/services/residencies/investor/,Investor Residency,8,section-8-cross-border-family-and-language-considerations,"Cross-Border, Family, And Language Considerations",a,assets/images/sections/services/residencies/investor/section-08-cross-border-family-and-language-considerations,investor-residency-section-08-cross-border-family-and-language-considerations-coastline-water-pajucara-waterfront-brazil-bg-primary.webp,/assets/images/sections/services/residencies/investor/section-08-cross-border-family-and-language-considerations/investor-residency-section-08-cross-border-family-and-language-considerations-coastline-water-pajucara-waterfront-brazil-bg-primary.webp,the wide coastline and water of Pajucara waterfront in Maceio,the wide coastline and water of Pajucara waterfront in Maceio.,Background image of the wide coastline and water of Pajucara waterfront in Maceio for Brazil immigration and relocation planning.
services,/services/residencies/investor/,Investor Residency,9,section-9-legal-support-and-long-term-planning,Legal Support And Long-Term Planning,a,assets/images/sections/services/residencies/investor/section-09-legal-support-and-long-term-planning,investor-residency-section-09-legal-support-and-long-term-planning-museum-tomorrow-janeiro-port-brazil-bg-primary.webp,/assets/images/sections/services/residencies/investor/section-09-legal-support-and-long-term-planning/investor-residency-section-09-legal-support-and-long-term-planning-museum-tomorrow-janeiro-port-brazil-bg-primary.webp,the urban panorama of Museum of Tomorrow in Rio de Janeiro,the urban panorama of Museum of Tomorrow in Rio de Janeiro.,Background image of the urban panorama of Museum of Tomorrow in Rio de Janeiro for Brazil immigration and relocation planning.
services,/services/residencies/investor/,Investor Residency,10,section-10-what-changes-after-guidance,What Changes After Guidance,a,assets/images/sections/services/residencies/investor/section-10-what-changes-after-guidance,investor-residency-section-10-what-changes-after-guidance-coastline-water-carneiros-pernambuco-brazil-bg-primary.webp,/assets/images/sections/services/residencies/investor/section-10-what-changes-after-guidance/investor-residency-section-10-what-changes-after-guidance-coastline-water-carneiros-pernambuco-brazil-bg-primary.webp,the wide coastline and water of Praia dos Carneiros,the wide coastline and water of Praia dos Carneiros.,Background image of the wide coastline and water of Praia dos Carneiros for Brazil immigration and relocation planning.
services,/services/residencies/mercosul/,MERCOSUL Residency,1,section-1-overview,Overview,a,assets/images/sections/services/residencies/mercosul/section-01-overview,mercosul-residency-section-01-overview-shoreline-bombinhas-peninsula-warm-brazil-bg-primary.webp,/assets/images/sections/services/residencies/mercosul/section-01-overview/mercosul-residency-section-01-overview-shoreline-bombinhas-peninsula-warm-brazil-bg-primary.webp,the shoreline of Bombinhas peninsula in warm evening light,the shoreline of Bombinhas peninsula in warm evening light.,Background image of the shoreline of Bombinhas peninsula in warm evening light for Brazil immigration and relocation planning.
services,/services/residencies/mercosul/,MERCOSUL Residency,2,section-2-who-this-residence-route-is-usually-for,Who This Residence Route Is Usually For,a,assets/images/sections/services/residencies/mercosul/section-02-who-this-residence-route-is-usually-for,mercosul-residency-section-02-who-this-residence-route-is-usually-for-shoreline-santos-waterfront-warm-brazil-bg-primary.webp,/assets/images/sections/services/residencies/mercosul/section-02-who-this-residence-route-is-usually-for/mercosul-residency-section-02-who-this-residence-route-is-usually-for-shoreline-santos-waterfront-warm-brazil-bg-primary.webp,the shoreline of Santos waterfront in warm evening light,the shoreline of Santos waterfront in warm evening light.,Background image of the shoreline of Santos waterfront in warm evening light for Brazil immigration and relocation planning.
services,/services/residencies/mercosul/,MERCOSUL Residency,3,section-3-why-people-choose-this-route,Why People Choose This Route,a,assets/images/sections/services/residencies/mercosul/section-03-why-people-choose-this-route,mercosul-residency-section-03-why-people-choose-this-route-manaus-amazonas-northern-mission-brazil-bg-primary.webp,/assets/images/sections/services/residencies/mercosul/section-03-why-people-choose-this-route/mercosul-residency-section-03-why-people-choose-this-route-manaus-amazonas-northern-mission-brazil-bg-primary.webp,Manaus,Manaus.,Background image of Manaus for Brazil immigration and relocation planning.
services,/services/residencies/mercosul/,MERCOSUL Residency,4,section-4-when-it-usually-makes-sense,When It Usually Makes Sense,a,assets/images/sections/services/residencies/mercosul/section-04-when-it-usually-makes-sense,mercosul-residency-section-04-when-it-usually-makes-sense-sunrise-marajo-island-riverfront-brazil-bg-primary.webp,/assets/images/sections/services/residencies/mercosul/section-04-when-it-usually-makes-sense/mercosul-residency-section-04-when-it-usually-makes-sense-sunrise-marajo-island-riverfront-brazil-bg-primary.webp,the sunrise landscape of Marajo Island riverfront,the sunrise landscape of Marajo Island riverfront.,Background image of the sunrise landscape of Marajo Island riverfront for Brazil immigration and relocation planning.
services,/services/residencies/mercosul/,MERCOSUL Residency,5,section-5-when-another-route-may-fit-better,When Another Route May Fit Better,a,assets/images/sections/services/residencies/mercosul/section-05-when-another-route-may-fit-better,mercosul-residency-section-05-when-another-route-may-fit-better-forests-waters-madeira-porto-brazil-bg-primary.webp,/assets/images/sections/services/residencies/mercosul/section-05-when-another-route-may-fit-better/mercosul-residency-section-05-when-another-route-may-fit-better-forests-waters-madeira-porto-brazil-bg-primary.webp,the forests and waters of Madeira river in Porto Velho,the forests and waters of Madeira river in Porto Velho.,Background image of the forests and waters of Madeira river in Porto Velho for Brazil immigration and relocation planning.
services,/services/residencies/mercosul/,MERCOSUL Residency,6,section-6-common-documentation-and-timing-issues,Common Documentation And Timing Issues,a,assets/images/sections/services/residencies/mercosul/section-06-common-documentation-and-timing-issues,mercosul-residency-section-06-common-documentation-and-timing-issues-clear-waters-lagoa-azul-brazil-bg-primary.webp,/assets/images/sections/services/residencies/mercosul/section-06-common-documentation-and-timing-issues/mercosul-residency-section-06-common-documentation-and-timing-issues-clear-waters-lagoa-azul-brazil-bg-primary.webp,the clear waters of Lagoa Azul in Nobres,the clear waters of Lagoa Azul in Nobres.,Background image of the clear waters of Lagoa Azul in Nobres for Brazil immigration and relocation planning.
services,/services/residencies/mercosul/,MERCOSUL Residency,7,section-7-how-we-structure-the-process,How We Structure The Process,a,assets/images/sections/services/residencies/mercosul/section-07-how-we-structure-the-process,mercosul-residency-section-07-how-we-structure-the-process-shoreline-estacao-docas-belem-brazil-bg-primary.webp,/assets/images/sections/services/residencies/mercosul/section-07-how-we-structure-the-process/mercosul-residency-section-07-how-we-structure-the-process-shoreline-estacao-docas-belem-brazil-bg-primary.webp,the shoreline of Estacao das Docas in Belem in warm evening light,the shoreline of Estacao das Docas in Belem in warm evening light.,Background image of the shoreline of Estacao das Docas in Belem in warm evening light for Brazil immigration and relocation planning.
services,/services/residencies/mercosul/,MERCOSUL Residency,8,section-8-cross-border-family-and-language-considerations,"Cross-Border, Family, And Language Considerations",a,assets/images/sections/services/residencies/mercosul/section-08-cross-border-family-and-language-considerations,mercosul-residency-section-08-cross-border-family-and-language-considerations-niteroi-contemporary-museum-over-brazil-bg-primary.webp,/assets/images/sections/services/residencies/mercosul/section-08-cross-border-family-and-language-considerations/mercosul-residency-section-08-cross-border-family-and-language-considerations-niteroi-contemporary-museum-over-brazil-bg-primary.webp,the Niteroi Contemporary Art Museum over Guanabara Bay,the Niteroi Contemporary Art Museum over Guanabara Bay.,Background image of the Niteroi Contemporary Art Museum over Guanabara Bay for Brazil immigration and relocation planning.
services,/services/residencies/mercosul/,MERCOSUL Residency,9,section-9-legal-support-and-long-term-planning,Legal Support And Long-Term Planning,a,assets/images/sections/services/residencies/mercosul/section-09-legal-support-and-long-term-planning,mercosul-residency-section-09-legal-support-and-long-term-planning-sanctuary-sculptures-congonhas-minas-brazil-bg-primary.webp,/assets/images/sections/services/residencies/mercosul/section-09-legal-support-and-long-term-planning/mercosul-residency-section-09-legal-support-and-long-term-planning-sanctuary-sculptures-congonhas-minas-brazil-bg-primary.webp,the sanctuary and sculptures of Congonhas,the sanctuary and sculptures of Congonhas.,Background image of the sanctuary and sculptures of Congonhas for Brazil immigration and relocation planning.
services,/services/residencies/mercosul/,MERCOSUL Residency,10,section-10-what-changes-after-guidance,What Changes After Guidance,a,assets/images/sections/services/residencies/mercosul/section-10-what-changes-after-guidance,mercosul-residency-section-10-what-changes-after-guidance-forests-waters-amazon-northern-brazil-bg-primary.webp,/assets/images/sections/services/residencies/mercosul/section-10-what-changes-after-guidance/mercosul-residency-section-10-what-changes-after-guidance-forests-waters-amazon-northern-brazil-bg-primary.webp,the forests and waters of Amazon river basin,the forests and waters of Amazon river basin.,Background image of the forests and waters of Amazon river basin for Brazil immigration and relocation planning.
services,/services/residencies/nomad/,Nomad Residency,1,section-1-overview,Overview,a,assets/images/sections/services/residencies/nomad/section-01-overview,nomad-residency-section-01-overview-copacabana-waterfront-promenade-janeiro-brazil-bg-primary.webp,/assets/images/sections/services/residencies/nomad/section-01-overview/nomad-residency-section-01-overview-copacabana-waterfront-promenade-janeiro-brazil-bg-primary.webp,Copacabana beach and the Rio waterfront,Copacabana beach and the Rio waterfront.,Background image of Copacabana beach and the Rio waterfront for Brazil immigration and relocation planning.
services,/services/residencies/nomad/,Nomad Residency,2,section-2-who-this-residence-route-is-usually-for,Who This Residence Route Is Usually For,a,assets/images/sections/services/residencies/nomad/section-02-who-this-residence-route-is-usually-for,nomad-residency-section-02-who-this-residence-route-is-usually-for-florianopolis-coastline-brava-atlantic-brazil-bg-primary.webp,/assets/images/sections/services/residencies/nomad/section-02-who-this-residence-route-is-usually-for/nomad-residency-section-02-who-this-residence-route-is-usually-for-florianopolis-coastline-brava-atlantic-brazil-bg-primary.webp,Florianopolis,Florianopolis.,Background image of Florianopolis for Brazil immigration and relocation planning.
services,/services/residencies/nomad/,Nomad Residency,3,section-3-why-people-choose-this-route,Why People Choose This Route,a,assets/images/sections/services/residencies/nomad/section-03-why-people-choose-this-route,nomad-residency-section-03-why-people-choose-this-route-meeting-waters-near-santarem-brazil-bg-primary.webp,/assets/images/sections/services/residencies/nomad/section-03-why-people-choose-this-route/nomad-residency-section-03-why-people-choose-this-route-meeting-waters-near-santarem-brazil-bg-primary.webp,the meeting of waters near Santarem,the meeting of waters near Santarem.,Background image of the meeting of waters near Santarem for Brazil immigration and relocation planning.
services,/services/residencies/nomad/,Nomad Residency,4,section-4-when-it-usually-makes-sense,When It Usually Makes Sense,a,assets/images/sections/services/residencies/nomad/section-04-when-it-usually-makes-sense,nomad-residency-section-04-when-it-usually-makes-sense-shoreline-buzios-peninsula-warm-brazil-bg-primary.webp,/assets/images/sections/services/residencies/nomad/section-04-when-it-usually-makes-sense/nomad-residency-section-04-when-it-usually-makes-sense-shoreline-buzios-peninsula-warm-brazil-bg-primary.webp,the shoreline of Buzios peninsula in warm evening light,the shoreline of Buzios peninsula in warm evening light.,Background image of the shoreline of Buzios peninsula in warm evening light for Brazil immigration and relocation planning.
services,/services/residencies/nomad/,Nomad Residency,5,section-5-when-another-route-may-fit-better,When Another Route May Fit Better,a,assets/images/sections/services/residencies/nomad/section-05-when-another-route-may-fit-better,nomad-residency-section-05-when-another-route-may-fit-better-sunrise-chapada-guimaraes-mato-brazil-bg-primary.webp,/assets/images/sections/services/residencies/nomad/section-05-when-another-route-may-fit-better/nomad-residency-section-05-when-another-route-may-fit-better-sunrise-chapada-guimaraes-mato-brazil-bg-primary.webp,the sunrise landscape of Chapada dos Guimaraes,the sunrise landscape of Chapada dos Guimaraes.,Background image of the sunrise landscape of Chapada dos Guimaraes for Brazil immigration and relocation planning.
services,/services/residencies/nomad/,Nomad Residency,6,section-6-common-documentation-and-timing-issues,Common Documentation And Timing Issues,a,assets/images/sections/services/residencies/nomad/section-06-common-documentation-and-timing-issues,nomad-residency-section-06-common-documentation-and-timing-issues-fortaleza-canyon-cambara-southern-brazil-bg-primary.webp,/assets/images/sections/services/residencies/nomad/section-06-common-documentation-and-timing-issues/nomad-residency-section-06-common-documentation-and-timing-issues-fortaleza-canyon-cambara-southern-brazil-bg-primary.webp,the Fortaleza Canyon in Cambara do Sul,the Fortaleza Canyon in Cambara do Sul.,Background image of the Fortaleza Canyon in Cambara do Sul for Brazil immigration and relocation planning.
services,/services/residencies/nomad/,Nomad Residency,7,section-7-how-we-structure-the-process,How We Structure The Process,a,assets/images/sections/services/residencies/nomad/section-07-how-we-structure-the-process,nomad-residency-section-07-how-we-structure-the-process-canyons-aparados-serra-southern-brazil-bg-primary.webp,/assets/images/sections/services/residencies/nomad/section-07-how-we-structure-the-process/nomad-residency-section-07-how-we-structure-the-process-canyons-aparados-serra-southern-brazil-bg-primary.webp,the canyons of Aparados da Serra,the canyons of Aparados da Serra.,Background image of the canyons of Aparados da Serra for Brazil immigration and relocation planning.
services,/services/residencies/nomad/,Nomad Residency,8,section-8-cross-border-family-and-language-considerations,"Cross-Border, Family, And Language Considerations",a,assets/images/sections/services/residencies/nomad/section-08-cross-border-family-and-language-considerations,nomad-residency-section-08-cross-border-family-and-language-considerations-natural-inhotim-brumadinho-minas-brazil-bg-primary.webp,/assets/images/sections/services/residencies/nomad/section-08-cross-border-family-and-language-considerations/nomad-residency-section-08-cross-border-family-and-language-considerations-natural-inhotim-brumadinho-minas-brazil-bg-primary.webp,the wide natural landscape of Inhotim in Brumadinho,the wide natural landscape of Inhotim in Brumadinho.,Background image of the wide natural landscape of Inhotim in Brumadinho for Brazil immigration and relocation planning.
services,/services/residencies/nomad/,Nomad Residency,9,section-9-legal-support-and-long-term-planning,Legal Support And Long-Term Planning,a,assets/images/sections/services/residencies/nomad/section-09-legal-support-and-long-term-planning,nomad-residency-section-09-legal-support-and-long-term-planning-civic-avenues-goiania-goias-brazil-bg-primary.webp,/assets/images/sections/services/residencies/nomad/section-09-legal-support-and-long-term-planning/nomad-residency-section-09-legal-support-and-long-term-planning-civic-avenues-goiania-goias-brazil-bg-primary.webp,the civic center and avenues of Goiania,the civic center and avenues of Goiania.,Background image of the civic center and avenues of Goiania for Brazil immigration and relocation planning.
services,/services/residencies/nomad/,Nomad Residency,10,section-10-what-changes-after-guidance,What Changes After Guidance,a,assets/images/sections/services/residencies/nomad/section-10-what-changes-after-guidance,nomad-residency-section-10-what-changes-after-guidance-coastline-water-ipanema-dois-brazil-bg-primary.webp,/assets/images/sections/services/residencies/nomad/section-10-what-changes-after-guidance/nomad-residency-section-10-what-changes-after-guidance-coastline-water-ipanema-dois-brazil-bg-primary.webp,the wide coastline and water of Ipanema beach and Dois Irmaos,the wide coastline and water of Ipanema beach and Dois Irmaos.,Background image of the wide coastline and water of Ipanema beach and Dois Irmaos for Brazil immigration and relocation planning.
services,/services/residencies/religious/,Religious Residency,1,section-1-overview,Overview,a,assets/images/sections/services/residencies/religious/section-01-overview,religious-residency-section-01-overview-streets-serra-rastro-santa-brazil-bg-primary.webp,/assets/images/sections/services/residencies/religious/section-01-overview/religious-residency-section-01-overview-streets-serra-rastro-santa-brazil-bg-primary.webp,the architecture and streets of Serra do Rio do Rastro,the architecture and streets of Serra do Rio do Rastro.,Background image of the architecture and streets of Serra do Rio do Rastro for Brazil immigration and relocation planning.
services,/services/residencies/religious/,Religious Residency,2,section-2-who-this-residence-route-is-usually-for,Who This Residence Route Is Usually For,a,assets/images/sections/services/residencies/religious/section-02-who-this-residence-route-is-usually-for,religious-residency-section-02-who-this-residence-route-is-usually-for-coastline-water-rosa-santa-brazil-bg-primary.webp,/assets/images/sections/services/residencies/religious/section-02-who-this-residence-route-is-usually-for/religious-residency-section-02-who-this-residence-route-is-usually-for-coastline-water-rosa-santa-brazil-bg-primary.webp,the wide coastline and water of Praia do Rosa,the wide coastline and water of Praia do Rosa.,Background image of the wide coastline and water of Praia do Rosa for Brazil immigration and relocation planning.
services,/services/residencies/religious/,Religious Residency,3,section-3-why-people-choose-this-route,Why People Choose This Route,a,assets/images/sections/services/residencies/religious/section-03-why-people-choose-this-route,religious-residency-section-03-why-people-choose-this-route-baia-sancho-fernando-noronha-brazil-bg-primary.webp,/assets/images/sections/services/residencies/religious/section-03-why-people-choose-this-route/religious-residency-section-03-why-people-choose-this-route-baia-sancho-fernando-noronha-brazil-bg-primary.webp,Baia do Sancho in Fernando de Noronha,Baia do Sancho in Fernando de Noronha.,Background image of Baia do Sancho in Fernando de Noronha for Brazil immigration and relocation planning.
services,/services/residencies/religious/,Religious Residency,4,section-4-when-it-usually-makes-sense,When It Usually Makes Sense,a,assets/images/sections/services/residencies/religious/section-04-when-it-usually-makes-sense,religious-residency-section-04-when-it-usually-makes-sense-beaches-lighthouse-ilha-parana-brazil-bg-primary.webp,/assets/images/sections/services/residencies/religious/section-04-when-it-usually-makes-sense/religious-residency-section-04-when-it-usually-makes-sense-beaches-lighthouse-ilha-parana-brazil-bg-primary.webp,the beaches and lighthouse of Ilha do Mel,the beaches and lighthouse of Ilha do Mel.,Background image of the beaches and lighthouse of Ilha do Mel for Brazil immigration and relocation planning.
services,/services/residencies/religious/,Religious Residency,5,section-5-when-another-route-may-fit-better,When Another Route May Fit Better,a,assets/images/sections/services/residencies/religious/section-05-when-another-route-may-fit-better,religious-residency-section-05-when-another-route-may-fit-better-vila-germanica-district-blumenau-brazil-bg-primary.webp,/assets/images/sections/services/residencies/religious/section-05-when-another-route-may-fit-better/religious-residency-section-05-when-another-route-may-fit-better-vila-germanica-district-blumenau-brazil-bg-primary.webp,the Vila Germanica district in Blumenau,the Vila Germanica district in Blumenau.,Background image of the Vila Germanica district in Blumenau for Brazil immigration and relocation planning.
services,/services/residencies/religious/,Religious Residency,6,section-6-common-documentation-and-timing-issues,Common Documentation And Timing Issues,a,assets/images/sections/services/residencies/religious/section-06-common-documentation-and-timing-issues,religious-residency-section-06-common-documentation-and-timing-issues-pirenopolis-goias-town-central-brazil-bg-primary.webp,/assets/images/sections/services/residencies/religious/section-06-common-documentation-and-timing-issues/religious-residency-section-06-common-documentation-and-timing-issues-pirenopolis-goias-town-central-brazil-bg-primary.webp,the historic center of Pirenopolis,the historic center of Pirenopolis.,Background image of the historic center of Pirenopolis for Brazil immigration and relocation planning.
services,/services/residencies/religious/,Religious Residency,7,section-7-how-we-structure-the-process,How We Structure The Process,a,assets/images/sections/services/residencies/religious/section-07-how-we-structure-the-process,religious-residency-section-07-how-we-structure-the-process-natural-emas-goias-cerrado-brazil-bg-primary.webp,/assets/images/sections/services/residencies/religious/section-07-how-we-structure-the-process/religious-residency-section-07-how-we-structure-the-process-natural-emas-goias-cerrado-brazil-bg-primary.webp,the wide natural landscape of Emas National Park,the wide natural landscape of Emas National Park.,Background image of the wide natural landscape of Emas National Park for Brazil immigration and relocation planning.
services,/services/residencies/religious/,Religious Residency,8,section-8-cross-border-family-and-language-considerations,"Cross-Border, Family, And Language Considerations",a,assets/images/sections/services/residencies/religious/section-08-cross-border-family-and-language-considerations,religious-residency-section-08-cross-border-family-and-language-considerations-curitiba-skyline-parana-southern-brazil-bg-primary.webp,/assets/images/sections/services/residencies/religious/section-08-cross-border-family-and-language-considerations/religious-residency-section-08-cross-border-family-and-language-considerations-curitiba-skyline-parana-southern-brazil-bg-primary.webp,Curitiba,Curitiba.,Background image of Curitiba for Brazil immigration and relocation planning.
services,/services/residencies/religious/,Religious Residency,9,section-9-legal-support-and-long-term-planning,Legal Support And Long-Term Planning,a,assets/images/sections/services/residencies/religious/section-09-legal-support-and-long-term-planning,religious-residency-section-09-legal-support-and-long-term-planning-antonina-parana-southern-brazil-bg-primary.webp,/assets/images/sections/services/residencies/religious/section-09-legal-support-and-long-term-planning/religious-residency-section-09-legal-support-and-long-term-planning-antonina-parana-southern-brazil-bg-primary.webp,the historic center of Antonina,the historic center of Antonina.,Background image of the historic center of Antonina for Brazil immigration and relocation planning.
services,/services/residencies/religious/,Religious Residency,10,section-10-what-changes-after-guidance,What Changes After Guidance,a,assets/images/sections/services/residencies/religious/section-10-what-changes-after-guidance,religious-residency-section-10-what-changes-after-guidance-beaches-alter-chao-tapajos-brazil-bg-primary.webp,/assets/images/sections/services/residencies/religious/section-10-what-changes-after-guidance/religious-residency-section-10-what-changes-after-guidance-beaches-alter-chao-tapajos-brazil-bg-primary.webp,the beaches of Alter do Chao on the Tapajos River,the beaches of Alter do Chao on the Tapajos River.,Background image of the beaches of Alter do Chao on the Tapajos River for Brazil immigration and relocation planning.
services,/services/residencies/research/,Research Residency,1,section-1-overview,Overview,a,assets/images/sections/services/residencies/research/section-01-overview,research-residency-section-01-overview-coastline-coves-ilha-grande-brazil-bg-primary.webp,/assets/images/sections/services/residencies/research/section-01-overview/research-residency-section-01-overview-coastline-coves-ilha-grande-brazil-bg-primary.webp,the coastline and coves of Ilha Grande,the coastline and coves of Ilha Grande.,Background image of the coastline and coves of Ilha Grande for Brazil immigration and relocation planning.
services,/services/residencies/research/,Research Residency,2,section-2-who-this-residence-route-is-usually-for,Who This Residence Route Is Usually For,a,assets/images/sections/services/residencies/research/section-02-who-this-residence-route-is-usually-for,research-residency-section-02-who-this-residence-route-is-usually-for-shoreline-baia-sancho-fernando-brazil-bg-primary.webp,/assets/images/sections/services/residencies/research/section-02-who-this-residence-route-is-usually-for/research-residency-section-02-who-this-residence-route-is-usually-for-shoreline-baia-sancho-fernando-brazil-bg-primary.webp,the shoreline of Baia do Sancho in Fernando de Noronha in warm evening light,the shoreline of Baia do Sancho in Fernando de Noronha in warm evening light.,Background image of the shoreline of Baia do Sancho in Fernando de Noronha in warm evening light for Brazil immigration and relocation planning.
services,/services/residencies/research/,Research Residency,3,section-3-why-people-choose-this-route,Why People Choose This Route,a,assets/images/sections/services/residencies/research/section-03-why-people-choose-this-route,research-residency-section-03-why-people-choose-this-route-cliffs-valleys-chapada-guimaraes-brazil-bg-primary.webp,/assets/images/sections/services/residencies/research/section-03-why-people-choose-this-route/research-residency-section-03-why-people-choose-this-route-cliffs-valleys-chapada-guimaraes-brazil-bg-primary.webp,the cliffs and valleys of Chapada dos Guimaraes,the cliffs and valleys of Chapada dos Guimaraes.,Background image of the cliffs and valleys of Chapada dos Guimaraes for Brazil immigration and relocation planning.
services,/services/residencies/research/,Research Residency,4,section-4-when-it-usually-makes-sense,When It Usually Makes Sense,a,assets/images/sections/services/residencies/research/section-04-when-it-usually-makes-sense,research-residency-section-04-when-it-usually-makes-sense-beaches-peninsula-bombinhas-santa-brazil-bg-primary.webp,/assets/images/sections/services/residencies/research/section-04-when-it-usually-makes-sense/research-residency-section-04-when-it-usually-makes-sense-beaches-peninsula-bombinhas-santa-brazil-bg-primary.webp,the beaches and peninsula of Bombinhas,the beaches and peninsula of Bombinhas.,Background image of the beaches and peninsula of Bombinhas for Brazil immigration and relocation planning.
services,/services/residencies/research/,Research Residency,5,section-5-when-another-route-may-fit-better,When Another Route May Fit Better,a,assets/images/sections/services/residencies/research/section-05-when-another-route-may-fit-better,research-residency-section-05-when-another-route-may-fit-better-cerrado-emas-goias-central-brazil-bg-primary.webp,/assets/images/sections/services/residencies/research/section-05-when-another-route-may-fit-better/research-residency-section-05-when-another-route-may-fit-better-cerrado-emas-goias-central-brazil-bg-primary.webp,the cerrado landscape of Emas National Park,the cerrado landscape of Emas National Park.,Background image of the cerrado landscape of Emas National Park for Brazil immigration and relocation planning.
services,/services/residencies/research/,Research Residency,6,section-6-common-documentation-and-timing-issues,Common Documentation And Timing Issues,a,assets/images/sections/services/residencies/research/section-06-common-documentation-and-timing-issues,research-residency-section-06-common-documentation-and-timing-issues-highland-views-morro-igreja-brazil-bg-primary.webp,/assets/images/sections/services/residencies/research/section-06-common-documentation-and-timing-issues/research-residency-section-06-common-documentation-and-timing-issues-highland-views-morro-igreja-brazil-bg-primary.webp,the highland views from Morro da Igreja,the highland views from Morro da Igreja.,Background image of the highland views from Morro da Igreja for Brazil immigration and relocation planning.
services,/services/residencies/research/,Research Residency,7,section-7-how-we-structure-the-process,How We Structure The Process,a,assets/images/sections/services/residencies/research/section-07-how-we-structure-the-process,research-residency-section-07-how-we-structure-the-process-gardens-contemporary-pavilions-inhotim-brazil-bg-primary.webp,/assets/images/sections/services/residencies/research/section-07-how-we-structure-the-process/research-residency-section-07-how-we-structure-the-process-gardens-contemporary-pavilions-inhotim-brazil-bg-primary.webp,the gardens and contemporary art pavilions of Inhotim,the gardens and contemporary art pavilions of Inhotim.,Background image of the gardens and contemporary art pavilions of Inhotim for Brazil immigration and relocation planning.
services,/services/residencies/research/,Research Residency,8,section-8-cross-border-family-and-language-considerations,"Cross-Border, Family, And Language Considerations",a,assets/images/sections/services/residencies/research/section-08-cross-border-family-and-language-considerations,research-residency-section-08-cross-border-family-and-language-considerations-coastline-water-buzios-peninsula-brazil-bg-primary.webp,/assets/images/sections/services/residencies/research/section-08-cross-border-family-and-language-considerations/research-residency-section-08-cross-border-family-and-language-considerations-coastline-water-buzios-peninsula-brazil-bg-primary.webp,the wide coastline and water of Buzios peninsula,the wide coastline and water of Buzios peninsula.,Background image of the wide coastline and water of Buzios peninsula for Brazil immigration and relocation planning.
services,/services/residencies/research/,Research Residency,9,section-9-legal-support-and-long-term-planning,Legal Support And Long-Term Planning,a,assets/images/sections/services/residencies/research/section-09-legal-support-and-long-term-planning,research-residency-section-09-legal-support-and-long-term-planning-streets-facades-goias-velho-brazil-bg-primary.webp,/assets/images/sections/services/residencies/research/section-09-legal-support-and-long-term-planning/research-residency-section-09-legal-support-and-long-term-planning-streets-facades-goias-velho-brazil-bg-primary.webp,the historic streets and facades of Historic center of Goias,the historic streets and facades of Historic center of Goias.,Background image of the historic streets and facades of Historic center of Goias for Brazil immigration and relocation planning.
services,/services/residencies/research/,Research Residency,10,section-10-what-changes-after-guidance,What Changes After Guidance,a,assets/images/sections/services/residencies/research/section-10-what-changes-after-guidance,research-residency-section-10-what-changes-after-guidance-ponta-negra-riverfront-manaus-brazil-bg-primary.webp,/assets/images/sections/services/residencies/research/section-10-what-changes-after-guidance/research-residency-section-10-what-changes-after-guidance-ponta-negra-riverfront-manaus-brazil-bg-primary.webp,the Ponta Negra riverfront in Manaus,the Ponta Negra riverfront in Manaus.,Background image of the Ponta Negra riverfront in Manaus for Brazil immigration and relocation planning.
services,/services/residencies/retiree/,Retiree Residency,1,section-1-overview,Overview,a,assets/images/sections/services/residencies/retiree/section-01-overview,retiree-residency-section-01-overview-fort-riverfront-macapa-jose-brazil-bg-primary.webp,/assets/images/sections/services/residencies/retiree/section-01-overview/retiree-residency-section-01-overview-fort-riverfront-macapa-jose-brazil-bg-primary.webp,the fort and riverfront of Macapa,the fort and riverfront of Macapa.,Background image of the fort and riverfront of Macapa for Brazil immigration and relocation planning.
services,/services/residencies/retiree/,Retiree Residency,2,section-2-who-this-residence-route-is-usually-for,Who This Residence Route Is Usually For,a,assets/images/sections/services/residencies/retiree/section-02-who-this-residence-route-is-usually-for,retiree-residency-section-02-who-this-residence-route-is-usually-for-streets-cathedral-canela-grande-brazil-bg-primary.webp,/assets/images/sections/services/residencies/retiree/section-02-who-this-residence-route-is-usually-for/retiree-residency-section-02-who-this-residence-route-is-usually-for-streets-cathedral-canela-grande-brazil-bg-primary.webp,the architecture and streets of Cathedral of Canela,the architecture and streets of Cathedral of Canela.,Background image of the architecture and streets of Cathedral of Canela for Brazil immigration and relocation planning.
services,/services/residencies/retiree/,Retiree Residency,3,section-3-why-people-choose-this-route,Why People Choose This Route,a,assets/images/sections/services/residencies/retiree/section-03-why-people-choose-this-route,retiree-residency-section-03-why-people-choose-this-route-janeiro-skyline-sugarloaf-guanabara-brazil-bg-primary.webp,/assets/images/sections/services/residencies/retiree/section-03-why-people-choose-this-route/retiree-residency-section-03-why-people-choose-this-route-janeiro-skyline-sugarloaf-guanabara-brazil-bg-primary.webp,Rio de Janeiro,Rio de Janeiro.,Background image of Rio de Janeiro for Brazil immigration and relocation planning.
services,/services/residencies/retiree/,Retiree Residency,4,section-4-when-it-usually-makes-sense,When It Usually Makes Sense,a,assets/images/sections/services/residencies/retiree/section-04-when-it-usually-makes-sense,retiree-residency-section-04-when-it-usually-makes-sense-island-coastline-ilhabela-paulo-brazil-bg-primary.webp,/assets/images/sections/services/residencies/retiree/section-04-when-it-usually-makes-sense/retiree-residency-section-04-when-it-usually-makes-sense-island-coastline-ilhabela-paulo-brazil-bg-primary.webp,the island coastline of Ilhabela,the island coastline of Ilhabela.,Background image of the island coastline of Ilhabela for Brazil immigration and relocation planning.
services,/services/residencies/retiree/,Retiree Residency,5,section-5-when-another-route-may-fit-better,When Another Route May Fit Better,a,assets/images/sections/services/residencies/retiree/section-05-when-another-route-may-fit-better,retiree-residency-section-05-when-another-route-may-fit-better-rock-formations-parks-serra-brazil-bg-primary.webp,/assets/images/sections/services/residencies/retiree/section-05-when-another-route-may-fit-better/retiree-residency-section-05-when-another-route-may-fit-better-rock-formations-parks-serra-brazil-bg-primary.webp,the rock formations and parks of Serra da Capivara,the rock formations and parks of Serra da Capivara.,Background image of the rock formations and parks of Serra da Capivara for Brazil immigration and relocation planning.
services,/services/residencies/retiree/,Retiree Residency,6,section-6-common-documentation-and-timing-issues,Common Documentation And Timing Issues,a,assets/images/sections/services/residencies/retiree/section-06-common-documentation-and-timing-issues,retiree-residency-section-06-common-documentation-and-timing-issues-bridge-over-lake-paranoa-brazil-bg-primary.webp,/assets/images/sections/services/residencies/retiree/section-06-common-documentation-and-timing-issues/retiree-residency-section-06-common-documentation-and-timing-issues-bridge-over-lake-paranoa-brazil-bg-primary.webp,the JK Bridge over Lake Paranoa,the JK Bridge over Lake Paranoa.,Background image of the JK Bridge over Lake Paranoa for Brazil immigration and relocation planning.
services,/services/residencies/retiree/,Retiree Residency,7,section-7-how-we-structure-the-process,How We Structure The Process,a,assets/images/sections/services/residencies/retiree/section-07-how-we-structure-the-process,retiree-residency-section-07-how-we-structure-the-process-botanical-garden-curitiba-parana-brazil-bg-primary.webp,/assets/images/sections/services/residencies/retiree/section-07-how-we-structure-the-process/retiree-residency-section-07-how-we-structure-the-process-botanical-garden-curitiba-parana-brazil-bg-primary.webp,the Botanical Garden of Curitiba,the Botanical Garden of Curitiba.,Background image of the Botanical Garden of Curitiba for Brazil immigration and relocation planning.
services,/services/residencies/retiree/,Retiree Residency,8,section-8-cross-border-family-and-language-considerations,"Cross-Border, Family, And Language Considerations",a,assets/images/sections/services/residencies/retiree/section-08-cross-border-family-and-language-considerations,retiree-residency-section-08-cross-border-family-and-language-considerations-liberdade-district-paulo-southeast-brazil-bg-primary.webp,/assets/images/sections/services/residencies/retiree/section-08-cross-border-family-and-language-considerations/retiree-residency-section-08-cross-border-family-and-language-considerations-liberdade-district-paulo-southeast-brazil-bg-primary.webp,the Liberdade district in Sao Paulo,the Liberdade district in Sao Paulo.,Background image of the Liberdade district in Sao Paulo for Brazil immigration and relocation planning.
services,/services/residencies/retiree/,Retiree Residency,9,section-9-legal-support-and-long-term-planning,Legal Support And Long-Term Planning,a,assets/images/sections/services/residencies/retiree/section-09-legal-support-and-long-term-planning,retiree-residency-section-09-legal-support-and-long-term-planning-aguas-emendadas-ecological-station-brazil-bg-primary.webp,/assets/images/sections/services/residencies/retiree/section-09-legal-support-and-long-term-planning/retiree-residency-section-09-legal-support-and-long-term-planning-aguas-emendadas-ecological-station-brazil-bg-primary.webp,the urban panorama of Aguas Emendadas ecological station,the urban panorama of Aguas Emendadas ecological station.,Background image of the urban panorama of Aguas Emendadas ecological station for Brazil immigration and relocation planning.
services,/services/residencies/retiree/,Retiree Residency,10,section-10-what-changes-after-guidance,What Changes After Guidance,a,assets/images/sections/services/residencies/retiree/section-10-what-changes-after-guidance,retiree-residency-section-10-what-changes-after-guidance-valleys-plateaus-chapada-diamantina-brazil-bg-primary.webp,/assets/images/sections/services/residencies/retiree/section-10-what-changes-after-guidance/retiree-residency-section-10-what-changes-after-guidance-valleys-plateaus-chapada-diamantina-brazil-bg-primary.webp,the valleys and plateaus of Chapada Diamantina,the valleys and plateaus of Chapada Diamantina.,Background image of the valleys and plateaus of Chapada Diamantina for Brazil immigration and relocation planning.
services,/services/residencies/reunion/,Reunion Residency,1,section-1-overview,Overview,a,assets/images/sections/services/residencies/reunion/section-01-overview,reunion-residency-section-01-overview-coastline-water-ilhabela-paulo-brazil-bg-primary.webp,/assets/images/sections/services/residencies/reunion/section-01-overview/reunion-residency-section-01-overview-coastline-water-ilhabela-paulo-brazil-bg-primary.webp,the wide coastline and water of Ilhabela coastline,the wide coastline and water of Ilhabela coastline.,Background image of the wide coastline and water of Ilhabela coastline for Brazil immigration and relocation planning.
services,/services/residencies/reunion/,Reunion Residency,2,section-2-who-this-residence-route-is-usually-for,Who This Residence Route Is Usually For,a,assets/images/sections/services/residencies/reunion/section-02-who-this-residence-route-is-usually-for,reunion-residency-section-02-who-this-residence-route-is-usually-for-canyons-lake-scenery-capitolio-brazil-bg-primary.webp,/assets/images/sections/services/residencies/reunion/section-02-who-this-residence-route-is-usually-for/reunion-residency-section-02-who-this-residence-route-is-usually-for-canyons-lake-scenery-capitolio-brazil-bg-primary.webp,the canyons and lake scenery of Capitolio,the canyons and lake scenery of Capitolio.,Background image of the canyons and lake scenery of Capitolio for Brazil immigration and relocation planning.
services,/services/residencies/reunion/,Reunion Residency,3,section-3-why-people-choose-this-route,Why People Choose This Route,a,assets/images/sections/services/residencies/reunion/section-03-why-people-choose-this-route,reunion-residency-section-03-why-people-choose-this-route-sunrise-amazon-northern-aerial-brazil-bg-primary.webp,/assets/images/sections/services/residencies/reunion/section-03-why-people-choose-this-route/reunion-residency-section-03-why-people-choose-this-route-sunrise-amazon-northern-aerial-brazil-bg-primary.webp,the sunrise landscape of Amazon river basin,the sunrise landscape of Amazon river basin.,Background image of the sunrise landscape of Amazon river basin for Brazil immigration and relocation planning.
services,/services/residencies/reunion/,Reunion Residency,4,section-4-when-it-usually-makes-sense,When It Usually Makes Sense,a,assets/images/sections/services/residencies/reunion/section-04-when-it-usually-makes-sense,reunion-residency-section-04-when-it-usually-makes-sense-forests-waters-tapajos-santarem-brazil-bg-primary.webp,/assets/images/sections/services/residencies/reunion/section-04-when-it-usually-makes-sense/reunion-residency-section-04-when-it-usually-makes-sense-forests-waters-tapajos-santarem-brazil-bg-primary.webp,the forests and waters of Tapajos river in Santarem,the forests and waters of Tapajos river in Santarem.,Background image of the forests and waters of Tapajos river in Santarem for Brazil immigration and relocation planning.
services,/services/residencies/reunion/,Reunion Residency,5,section-5-when-another-route-may-fit-better,When Another Route May Fit Better,a,assets/images/sections/services/residencies/reunion/section-05-when-another-route-may-fit-better,reunion-residency-section-05-when-another-route-may-fit-better-waterfront-gardens-santos-paulo-brazil-bg-primary.webp,/assets/images/sections/services/residencies/reunion/section-05-when-another-route-may-fit-better/reunion-residency-section-05-when-another-route-may-fit-better-waterfront-gardens-santos-paulo-brazil-bg-primary.webp,the waterfront and gardens of Santos,the waterfront and gardens of Santos.,Background image of the waterfront and gardens of Santos for Brazil immigration and relocation planning.
services,/services/residencies/reunion/,Reunion Residency,6,section-6-common-documentation-and-timing-issues,Common Documentation And Timing Issues,a,assets/images/sections/services/residencies/reunion/section-06-common-documentation-and-timing-issues,reunion-residency-section-06-common-documentation-and-timing-issues-streets-liberdade-district-paulo-brazil-bg-primary.webp,/assets/images/sections/services/residencies/reunion/section-06-common-documentation-and-timing-issues/reunion-residency-section-06-common-documentation-and-timing-issues-streets-liberdade-district-paulo-brazil-bg-primary.webp,the architecture and streets of Liberdade district in Sao Paulo,the architecture and streets of Liberdade district in Sao Paulo.,Background image of the architecture and streets of Liberdade district in Sao Paulo for Brazil immigration and relocation planning.
services,/services/residencies/reunion/,Reunion Residency,7,section-7-how-we-structure-the-process,How We Structure The Process,a,assets/images/sections/services/residencies/reunion/section-07-how-we-structure-the-process,reunion-residency-section-07-how-we-structure-the-process-sanctuary-sculptures-congonhas-minas-brazil-bg-primary.webp,/assets/images/sections/services/residencies/reunion/section-07-how-we-structure-the-process/reunion-residency-section-07-how-we-structure-the-process-sanctuary-sculptures-congonhas-minas-brazil-bg-primary.webp,the sanctuary and sculptures of Congonhas,the sanctuary and sculptures of Congonhas.,Background image of the sanctuary and sculptures of Congonhas for Brazil immigration and relocation planning.
services,/services/residencies/reunion/,Reunion Residency,8,section-8-cross-border-family-and-language-considerations,"Cross-Border, Family, And Language Considerations",a,assets/images/sections/services/residencies/reunion/section-08-cross-border-family-and-language-considerations,reunion-residency-section-08-cross-border-family-and-language-considerations-florianopolis-coastline-brava-atlantic-brazil-bg-primary.webp,/assets/images/sections/services/residencies/reunion/section-08-cross-border-family-and-language-considerations/reunion-residency-section-08-cross-border-family-and-language-considerations-florianopolis-coastline-brava-atlantic-brazil-bg-primary.webp,Florianopolis,Florianopolis.,Background image of Florianopolis for Brazil immigration and relocation planning.
services,/services/residencies/reunion/,Reunion Residency,9,section-9-legal-support-and-long-term-planning,Legal Support And Long-Term Planning,a,assets/images/sections/services/residencies/reunion/section-09-legal-support-and-long-term-planning,reunion-residency-section-09-legal-support-and-long-term-planning-district-recife-antigo-pernambuco-brazil-bg-primary.webp,/assets/images/sections/services/residencies/reunion/section-09-legal-support-and-long-term-planning/reunion-residency-section-09-legal-support-and-long-term-planning-district-recife-antigo-pernambuco-brazil-bg-primary.webp,the historic district of Recife Antigo,the historic district of Recife Antigo.,Background image of the historic district of Recife Antigo for Brazil immigration and relocation planning.
services,/services/residencies/reunion/,Reunion Residency,10,section-10-what-changes-after-guidance,What Changes After Guidance,a,assets/images/sections/services/residencies/reunion/section-10-what-changes-after-guidance,reunion-residency-section-10-what-changes-after-guidance-streets-facades-pirenopolis-goias-brazil-bg-primary.webp,/assets/images/sections/services/residencies/reunion/section-10-what-changes-after-guidance/reunion-residency-section-10-what-changes-after-guidance-streets-facades-pirenopolis-goias-brazil-bg-primary.webp,the historic streets and facades of Historic center of Pirenopolis,the historic streets and facades of Historic center of Pirenopolis.,Background image of the historic streets and facades of Historic center of Pirenopolis for Brazil immigration and relocation planning.
services,/services/residencies/skilled/,Skilled Residency,1,section-1-overview,Overview,a,assets/images/sections/services/residencies/skilled/section-01-overview,skilled-residency-section-01-overview-copacabana-waterfront-promenade-janeiro-brazil-bg-primary.webp,/assets/images/sections/services/residencies/skilled/section-01-overview/skilled-residency-section-01-overview-copacabana-waterfront-promenade-janeiro-brazil-bg-primary.webp,Copacabana beach and the Rio waterfront,Copacabana beach and the Rio waterfront.,Background image of Copacabana beach and the Rio waterfront for Brazil immigration and relocation planning.
services,/services/residencies/skilled/,Skilled Residency,2,section-2-who-this-residence-route-is-usually-for,Who This Residence Route Is Usually For,a,assets/images/sections/services/residencies/skilled/section-02-who-this-residence-route-is-usually-for,skilled-residency-section-02-who-this-residence-route-is-usually-for-guaiba-waterfront-porto-alegre-brazil-bg-primary.webp,/assets/images/sections/services/residencies/skilled/section-02-who-this-residence-route-is-usually-for/skilled-residency-section-02-who-this-residence-route-is-usually-for-guaiba-waterfront-porto-alegre-brazil-bg-primary.webp,the Guaiba waterfront in Porto Alegre,the Guaiba waterfront in Porto Alegre.,Background image of the Guaiba waterfront in Porto Alegre for Brazil immigration and relocation planning.
services,/services/residencies/skilled/,Skilled Residency,3,section-3-why-people-choose-this-route,Why People Choose This Route,a,assets/images/sections/services/residencies/skilled/section-03-why-people-choose-this-route,skilled-residency-section-03-why-people-choose-this-route-road-serra-rastro-santa-brazil-bg-primary.webp,/assets/images/sections/services/residencies/skilled/section-03-why-people-choose-this-route/skilled-residency-section-03-why-people-choose-this-route-road-serra-rastro-santa-brazil-bg-primary.webp,the mountain road of Serra do Rio do Rastro,the mountain road of Serra do Rio do Rastro.,Background image of the mountain road of Serra do Rio do Rastro for Brazil immigration and relocation planning.
services,/services/residencies/skilled/,Skilled Residency,4,section-4-when-it-usually-makes-sense,When It Usually Makes Sense,a,assets/images/sections/services/residencies/skilled/section-04-when-it-usually-makes-sense,skilled-residency-section-04-when-it-usually-makes-sense-lencois-maranhenses-maranhao-sand-brazil-bg-primary.webp,/assets/images/sections/services/residencies/skilled/section-04-when-it-usually-makes-sense/skilled-residency-section-04-when-it-usually-makes-sense-lencois-maranhenses-maranhao-sand-brazil-bg-primary.webp,Lençois Maranhenses,Lençois Maranhenses.,Background image of Lençois Maranhenses for Brazil immigration and relocation planning.
services,/services/residencies/skilled/,Skilled Residency,5,section-5-when-another-route-may-fit-better,When Another Route May Fit Better,a,assets/images/sections/services/residencies/skilled/section-05-when-another-route-may-fit-better,skilled-residency-section-05-when-another-route-may-fit-better-mission-ruins-miguel-missoes-brazil-bg-primary.webp,/assets/images/sections/services/residencies/skilled/section-05-when-another-route-may-fit-better/skilled-residency-section-05-when-another-route-may-fit-better-mission-ruins-miguel-missoes-brazil-bg-primary.webp,the mission ruins of Sao Miguel das Missoes,the mission ruins of Sao Miguel das Missoes.,Background image of the mission ruins of Sao Miguel das Missoes for Brazil immigration and relocation planning.
services,/services/residencies/skilled/,Skilled Residency,6,section-6-common-documentation-and-timing-issues,Common Documentation And Timing Issues,a,assets/images/sections/services/residencies/skilled/section-06-common-documentation-and-timing-issues,skilled-residency-section-06-common-documentation-and-timing-issues-facades-joao-minas-gerais-brazil-bg-primary.webp,/assets/images/sections/services/residencies/skilled/section-06-common-documentation-and-timing-issues/skilled-residency-section-06-common-documentation-and-timing-issues-facades-joao-minas-gerais-brazil-bg-primary.webp,the heritage facades of Sao Joao del Rei,the heritage facades of Sao Joao del Rei.,Background image of the heritage facades of Sao Joao del Rei for Brazil immigration and relocation planning.
services,/services/residencies/skilled/,Skilled Residency,7,section-7-how-we-structure-the-process,How We Structure The Process,a,assets/images/sections/services/residencies/skilled/section-07-how-we-structure-the-process,skilled-residency-section-07-how-we-structure-the-process-canyons-aparados-serra-southern-brazil-bg-primary.webp,/assets/images/sections/services/residencies/skilled/section-07-how-we-structure-the-process/skilled-residency-section-07-how-we-structure-the-process-canyons-aparados-serra-southern-brazil-bg-primary.webp,the canyons of Aparados da Serra,the canyons of Aparados da Serra.,Background image of the canyons of Aparados da Serra for Brazil immigration and relocation planning.
services,/services/residencies/skilled/,Skilled Residency,8,section-8-cross-border-family-and-language-considerations,"Cross-Border, Family, And Language Considerations",a,assets/images/sections/services/residencies/skilled/section-08-cross-border-family-and-language-considerations,skilled-residency-section-08-cross-border-family-and-language-considerations-ipanema-dois-irmaos-janeiro-brazil-bg-primary.webp,/assets/images/sections/services/residencies/skilled/section-08-cross-border-family-and-language-considerations/skilled-residency-section-08-cross-border-family-and-language-considerations-ipanema-dois-irmaos-janeiro-brazil-bg-primary.webp,Ipanema beach with Dois Irmaos in the background,Ipanema beach with Dois Irmaos in the background.,Background image of Ipanema beach with Dois Irmaos in the background for Brazil immigration and relocation planning.
services,/services/residencies/skilled/,Skilled Residency,9,section-9-legal-support-and-long-term-planning,Legal Support And Long-Term Planning,a,assets/images/sections/services/residencies/skilled/section-09-legal-support-and-long-term-planning,skilled-residency-section-09-legal-support-and-long-term-planning-skyline-civic-spaces-bridge-brazil-bg-primary.webp,/assets/images/sections/services/residencies/skilled/section-09-legal-support-and-long-term-planning/skilled-residency-section-09-legal-support-and-long-term-planning-skyline-civic-spaces-bridge-brazil-bg-primary.webp,the skyline and civic spaces of JK Bridge in Brasilia,the skyline and civic spaces of JK Bridge in Brasilia.,Background image of the skyline and civic spaces of JK Bridge in Brasilia for Brazil immigration and relocation planning.
services,/services/residencies/skilled/,Skilled Residency,10,section-10-what-changes-after-guidance,What Changes After Guidance,a,assets/images/sections/services/residencies/skilled/section-10-what-changes-after-guidance,skilled-residency-section-10-what-changes-after-guidance-madeira-riverfront-porto-velho-brazil-bg-primary.webp,/assets/images/sections/services/residencies/skilled/section-10-what-changes-after-guidance/skilled-residency-section-10-what-changes-after-guidance-madeira-riverfront-porto-velho-brazil-bg-primary.webp,the Madeira riverfront in Porto Velho,the Madeira riverfront in Porto Velho.,Background image of the Madeira riverfront in Porto Velho for Brazil immigration and relocation planning.
services,/services/residencies/study/,Study Residency,1,section-1-overview,Overview,a,assets/images/sections/services/residencies/study/section-01-overview,study-residency-section-01-overview-iguazu-iguacu-southern-economy-brazil-bg-primary.webp,/assets/images/sections/services/residencies/study/section-01-overview/study-residency-section-01-overview-iguazu-iguacu-southern-economy-brazil-bg-primary.webp,Iguazu Falls,Iguazu Falls.,Background image of Iguazu Falls for Brazil immigration and relocation planning.
services,/services/residencies/study/,Study Residency,2,section-2-who-this-residence-route-is-usually-for,Who This Residence Route Is Usually For,a,assets/images/sections/services/residencies/study/section-02-who-this-residence-route-is-usually-for,study-residency-section-02-who-this-residence-route-is-usually-for-beaches-lighthouse-ilha-parana-brazil-bg-primary.webp,/assets/images/sections/services/residencies/study/section-02-who-this-residence-route-is-usually-for/study-residency-section-02-who-this-residence-route-is-usually-for-beaches-lighthouse-ilha-parana-brazil-bg-primary.webp,the beaches and lighthouse of Ilha do Mel,the beaches and lighthouse of Ilha do Mel.,Background image of the beaches and lighthouse of Ilha do Mel for Brazil immigration and relocation planning.
services,/services/residencies/study/,Study Residency,3,section-3-why-people-choose-this-route,Why People Choose This Route,a,assets/images/sections/services/residencies/study/section-03-why-people-choose-this-route,study-residency-section-03-why-people-choose-this-route-pantanal-mato-grosso-central-brazil-bg-primary.webp,/assets/images/sections/services/residencies/study/section-03-why-people-choose-this-route/study-residency-section-03-why-people-choose-this-route-pantanal-mato-grosso-central-brazil-bg-primary.webp,Pantanal,Pantanal.,Background image of Pantanal for Brazil immigration and relocation planning.
services,/services/residencies/study/,Study Residency,4,section-4-when-it-usually-makes-sense,When It Usually Makes Sense,a,assets/images/sections/services/residencies/study/section-04-when-it-usually-makes-sense,study-residency-section-04-when-it-usually-makes-sense-waterfront-skyline-parque-povo-brazil-bg-primary.webp,/assets/images/sections/services/residencies/study/section-04-when-it-usually-makes-sense/study-residency-section-04-when-it-usually-makes-sense-waterfront-skyline-parque-povo-brazil-bg-primary.webp,the waterfront and skyline of Parque do Povo in Campina Grande,the waterfront and skyline of Parque do Povo in Campina Grande.,Background image of the waterfront and skyline of Parque do Povo in Campina Grande for Brazil immigration and relocation planning.
services,/services/residencies/study/,Study Residency,5,section-5-when-another-route-may-fit-better,When Another Route May Fit Better,a,assets/images/sections/services/residencies/study/section-05-when-another-route-may-fit-better,study-residency-section-05-when-another-route-may-fit-better-vila-germanica-district-blumenau-brazil-bg-primary.webp,/assets/images/sections/services/residencies/study/section-05-when-another-route-may-fit-better/study-residency-section-05-when-another-route-may-fit-better-vila-germanica-district-blumenau-brazil-bg-primary.webp,the Vila Germanica district in Blumenau,the Vila Germanica district in Blumenau.,Background image of the Vila Germanica district in Blumenau for Brazil immigration and relocation planning.
services,/services/residencies/study/,Study Residency,6,section-6-common-documentation-and-timing-issues,Common Documentation And Timing Issues,a,assets/images/sections/services/residencies/study/section-06-common-documentation-and-timing-issues,study-residency-section-06-common-documentation-and-timing-issues-shores-lake-paranoa-brasilia-brazil-bg-primary.webp,/assets/images/sections/services/residencies/study/section-06-common-documentation-and-timing-issues/study-residency-section-06-common-documentation-and-timing-issues-shores-lake-paranoa-brasilia-brazil-bg-primary.webp,the shores of Lake Paranoa in Brasilia,the shores of Lake Paranoa in Brasilia.,Background image of the shores of Lake Paranoa in Brasilia for Brazil immigration and relocation planning.
services,/services/residencies/study/,Study Residency,7,section-7-how-we-structure-the-process,How We Structure The Process,a,assets/images/sections/services/residencies/study/section-07-how-we-structure-the-process,study-residency-section-07-how-we-structure-the-process-canyons-lake-scenery-capitolio-brazil-bg-primary.webp,/assets/images/sections/services/residencies/study/section-07-how-we-structure-the-process/study-residency-section-07-how-we-structure-the-process-canyons-lake-scenery-capitolio-brazil-bg-primary.webp,the canyons and lake scenery of Capitolio,the canyons and lake scenery of Capitolio.,Background image of the canyons and lake scenery of Capitolio for Brazil immigration and relocation planning.
services,/services/residencies/study/,Study Residency,8,section-8-cross-border-family-and-language-considerations,"Cross-Border, Family, And Language Considerations",a,assets/images/sections/services/residencies/study/section-08-cross-border-family-and-language-considerations,study-residency-section-08-cross-border-family-and-language-considerations-botanical-garden-curitiba-parana-brazil-bg-primary.webp,/assets/images/sections/services/residencies/study/section-08-cross-border-family-and-language-considerations/study-residency-section-08-cross-border-family-and-language-considerations-botanical-garden-curitiba-parana-brazil-bg-primary.webp,the Botanical Garden of Curitiba,the Botanical Garden of Curitiba.,Background image of the Botanical Garden of Curitiba for Brazil immigration and relocation planning.
services,/services/residencies/study/,Study Residency,9,section-9-legal-support-and-long-term-planning,Legal Support And Long-Term Planning,a,assets/images/sections/services/residencies/study/section-09-legal-support-and-long-term-planning,study-residency-section-09-legal-support-and-long-term-planning-vitoria-bayfront-espirito-santo-brazil-bg-primary.webp,/assets/images/sections/services/residencies/study/section-09-legal-support-and-long-term-planning/study-residency-section-09-legal-support-and-long-term-planning-vitoria-bayfront-espirito-santo-brazil-bg-primary.webp,Vitoria and the bayfront of Espirito Santo,Vitoria and the bayfront of Espirito Santo.,Background image of Vitoria and the bayfront of Espirito Santo for Brazil immigration and relocation planning.
services,/services/residencies/study/,Study Residency,10,section-10-what-changes-after-guidance,What Changes After Guidance,a,assets/images/sections/services/residencies/study/section-10-what-changes-after-guidance,study-residency-section-10-what-changes-after-guidance-waterfront-skyline-aguas-emendadas-brazil-bg-primary.webp,/assets/images/sections/services/residencies/study/section-10-what-changes-after-guidance/study-residency-section-10-what-changes-after-guidance-waterfront-skyline-aguas-emendadas-brazil-bg-primary.webp,the waterfront and skyline of Aguas Emendadas ecological station,the waterfront and skyline of Aguas Emendadas ecological station.,Background image of the waterfront and skyline of Aguas Emendadas ecological station for Brazil immigration and relocation planning.
services,/services/residencies/volunteer/,Volunteer Residency,1,section-1-overview,Overview,a,assets/images/sections/services/residencies/volunteer/section-01-overview,volunteer-residency-section-01-overview-shoreline-santos-waterfront-warm-brazil-bg-primary.webp,/assets/images/sections/services/residencies/volunteer/section-01-overview/volunteer-residency-section-01-overview-shoreline-santos-waterfront-warm-brazil-bg-primary.webp,the shoreline of Santos waterfront in warm evening light,the shoreline of Santos waterfront in warm evening light.,Background image of the shoreline of Santos waterfront in warm evening light for Brazil immigration and relocation planning.
services,/services/residencies/volunteer/,Volunteer Residency,2,section-2-who-this-residence-route-is-usually-for,Who This Residence Route Is Usually For,a,assets/images/sections/services/residencies/volunteer/section-02-who-this-residence-route-is-usually-for,volunteer-residency-section-02-who-this-residence-route-is-usually-for-florianopolis-coastline-brava-atlantic-brazil-bg-primary.webp,/assets/images/sections/services/residencies/volunteer/section-02-who-this-residence-route-is-usually-for/volunteer-residency-section-02-who-this-residence-route-is-usually-for-florianopolis-coastline-brava-atlantic-brazil-bg-primary.webp,Florianopolis,Florianopolis.,Background image of Florianopolis for Brazil immigration and relocation planning.
services,/services/residencies/volunteer/,Volunteer Residency,3,section-3-why-people-choose-this-route,Why People Choose This Route,a,assets/images/sections/services/residencies/volunteer/section-03-why-people-choose-this-route,volunteer-residency-section-03-why-people-choose-this-route-janeiro-skyline-sugarloaf-guanabara-brazil-bg-primary.webp,/assets/images/sections/services/residencies/volunteer/section-03-why-people-choose-this-route/volunteer-residency-section-03-why-people-choose-this-route-janeiro-skyline-sugarloaf-guanabara-brazil-bg-primary.webp,Rio de Janeiro,Rio de Janeiro.,Background image of Rio de Janeiro for Brazil immigration and relocation planning.
services,/services/residencies/volunteer/,Volunteer Residency,4,section-4-when-it-usually-makes-sense,When It Usually Makes Sense,a,assets/images/sections/services/residencies/volunteer/section-04-when-it-usually-makes-sense,volunteer-residency-section-04-when-it-usually-makes-sense-copacabana-waterfront-promenade-janeiro-brazil-bg-primary.webp,/assets/images/sections/services/residencies/volunteer/section-04-when-it-usually-makes-sense/volunteer-residency-section-04-when-it-usually-makes-sense-copacabana-waterfront-promenade-janeiro-brazil-bg-primary.webp,Copacabana beach and the Rio waterfront,Copacabana beach and the Rio waterfront.,Background image of Copacabana beach and the Rio waterfront for Brazil immigration and relocation planning.
services,/services/residencies/volunteer/,Volunteer Residency,5,section-5-when-another-route-may-fit-better,When Another Route May Fit Better,a,assets/images/sections/services/residencies/volunteer/section-05-when-another-route-may-fit-better,volunteer-residency-section-05-when-another-route-may-fit-better-peso-market-belem-waterfront-brazil-bg-primary.webp,/assets/images/sections/services/residencies/volunteer/section-05-when-another-route-may-fit-better/volunteer-residency-section-05-when-another-route-may-fit-better-peso-market-belem-waterfront-brazil-bg-primary.webp,the Ver-o-Peso market on the Belem waterfront,the Ver-o-Peso market on the Belem waterfront.,Background image of the Ver-o-Peso market on the Belem waterfront for Brazil immigration and relocation planning.
services,/services/residencies/volunteer/,Volunteer Residency,6,section-6-common-documentation-and-timing-issues,Common Documentation And Timing Issues,a,assets/images/sections/services/residencies/volunteer/section-06-common-documentation-and-timing-issues,volunteer-residency-section-06-common-documentation-and-timing-issues-district-recife-antigo-pernambuco-brazil-bg-primary.webp,/assets/images/sections/services/residencies/volunteer/section-06-common-documentation-and-timing-issues/volunteer-residency-section-06-common-documentation-and-timing-issues-district-recife-antigo-pernambuco-brazil-bg-primary.webp,the historic district of Recife Antigo,the historic district of Recife Antigo.,Background image of the historic district of Recife Antigo for Brazil immigration and relocation planning.
services,/services/residencies/volunteer/,Volunteer Residency,7,section-7-how-we-structure-the-process,How We Structure The Process,a,assets/images/sections/services/residencies/volunteer/section-07-how-we-structure-the-process,volunteer-residency-section-07-how-we-structure-the-process-amazon-northern-aerial-relocation-brazil-bg-primary.webp,/assets/images/sections/services/residencies/volunteer/section-07-how-we-structure-the-process/volunteer-residency-section-07-how-we-structure-the-process-amazon-northern-aerial-relocation-brazil-bg-primary.webp,Amazon river,Amazon river.,Background image of Amazon river for Brazil immigration and relocation planning.
services,/services/residencies/volunteer/,Volunteer Residency,8,section-8-cross-border-family-and-language-considerations,"Cross-Border, Family, And Language Considerations",a,assets/images/sections/services/residencies/volunteer/section-08-cross-border-family-and-language-considerations,volunteer-residency-section-08-cross-border-family-and-language-considerations-manaus-amazonas-northern-mission-brazil-bg-primary.webp,/assets/images/sections/services/residencies/volunteer/section-08-cross-border-family-and-language-considerations/volunteer-residency-section-08-cross-border-family-and-language-considerations-manaus-amazonas-northern-mission-brazil-bg-primary.webp,Manaus,Manaus.,Background image of Manaus for Brazil immigration and relocation planning.
services,/services/residencies/volunteer/,Volunteer Residency,9,section-9-legal-support-and-long-term-planning,Legal Support And Long-Term Planning,a,assets/images/sections/services/residencies/volunteer/section-09-legal-support-and-long-term-planning,volunteer-residency-section-09-legal-support-and-long-term-planning-bridge-over-lake-paranoa-brazil-bg-primary.webp,/assets/images/sections/services/residencies/volunteer/section-09-legal-support-and-long-term-planning/volunteer-residency-section-09-legal-support-and-long-term-planning-bridge-over-lake-paranoa-brazil-bg-primary.webp,the JK Bridge over Lake Paranoa,the JK Bridge over Lake Paranoa.,Background image of the JK Bridge over Lake Paranoa for Brazil immigration and relocation planning.
services,/services/residencies/volunteer/,Volunteer Residency,10,section-10-what-changes-after-guidance,What Changes After Guidance,a,assets/images/sections/services/residencies/volunteer/section-10-what-changes-after-guidance,volunteer-residency-section-10-what-changes-after-guidance-coastline-coves-ilha-grande-brazil-bg-primary.webp,/assets/images/sections/services/residencies/volunteer/section-10-what-changes-after-guidance/volunteer-residency-section-10-what-changes-after-guidance-coastline-coves-ilha-grande-brazil-bg-primary.webp,the coastline and coves of Ilha Grande,the coastline and coves of Ilha Grande.,Background image of the coastline and coves of Ilha Grande for Brazil immigration and relocation planning.
services,/services/residencies/work/,Work Residency,1,section-1-overview,Overview,a,assets/images/sections/services/residencies/work/section-01-overview,work-residency-section-01-overview-guaiba-waterfront-porto-alegre-brazil-bg-primary.webp,/assets/images/sections/services/residencies/work/section-01-overview/work-residency-section-01-overview-guaiba-waterfront-porto-alegre-brazil-bg-primary.webp,the Guaiba waterfront in Porto Alegre,the Guaiba waterfront in Porto Alegre.,Background image of the Guaiba waterfront in Porto Alegre for Brazil immigration and relocation planning.
services,/services/residencies/work/,Work Residency,2,section-2-who-this-residence-route-is-usually-for,Who This Residence Route Is Usually For,a,assets/images/sections/services/residencies/work/section-02-who-this-residence-route-is-usually-for,work-residency-section-02-who-this-residence-route-is-usually-for-fortaleza-beira-coastline-ceara-brazil-bg-primary.webp,/assets/images/sections/services/residencies/work/section-02-who-this-residence-route-is-usually-for/work-residency-section-02-who-this-residence-route-is-usually-for-fortaleza-beira-coastline-ceara-brazil-bg-primary.webp,Fortaleza and the Beira Mar coastline,Fortaleza and the Beira Mar coastline.,Background image of Fortaleza and the Beira Mar coastline for Brazil immigration and relocation planning.
services,/services/residencies/work/,Work Residency,3,section-3-why-people-choose-this-route,Why People Choose This Route,a,assets/images/sections/services/residencies/work/section-03-why-people-choose-this-route,work-residency-section-03-why-people-choose-this-route-natural-botanical-garden-curitiba-brazil-bg-primary.webp,/assets/images/sections/services/residencies/work/section-03-why-people-choose-this-route/work-residency-section-03-why-people-choose-this-route-natural-botanical-garden-curitiba-brazil-bg-primary.webp,the wide natural landscape of Botanical Garden of Curitiba,the wide natural landscape of Botanical Garden of Curitiba.,Background image of the wide natural landscape of Botanical Garden of Curitiba for Brazil immigration and relocation planning.
services,/services/residencies/work/,Work Residency,4,section-4-when-it-usually-makes-sense,When It Usually Makes Sense,a,assets/images/sections/services/residencies/work/section-04-when-it-usually-makes-sense,work-residency-section-04-when-it-usually-makes-sense-sunrise-amazonas-manaus-northern-brazil-bg-primary.webp,/assets/images/sections/services/residencies/work/section-04-when-it-usually-makes-sense/work-residency-section-04-when-it-usually-makes-sense-sunrise-amazonas-manaus-northern-brazil-bg-primary.webp,the sunrise landscape of Teatro Amazonas in Manaus,the sunrise landscape of Teatro Amazonas in Manaus.,Background image of the sunrise landscape of Teatro Amazonas in Manaus for Brazil immigration and relocation planning.
services,/services/residencies/work/,Work Residency,5,section-5-when-another-route-may-fit-better,When Another Route May Fit Better,a,assets/images/sections/services/residencies/work/section-05-when-another-route-may-fit-better,work-residency-section-05-when-another-route-may-fit-better-ipanema-dois-irmaos-janeiro-brazil-bg-primary.webp,/assets/images/sections/services/residencies/work/section-05-when-another-route-may-fit-better/work-residency-section-05-when-another-route-may-fit-better-ipanema-dois-irmaos-janeiro-brazil-bg-primary.webp,Ipanema beach with Dois Irmaos in the background,Ipanema beach with Dois Irmaos in the background.,Background image of Ipanema beach with Dois Irmaos in the background for Brazil immigration and relocation planning.
services,/services/residencies/work/,Work Residency,6,section-6-common-documentation-and-timing-issues,Common Documentation And Timing Issues,a,assets/images/sections/services/residencies/work/section-06-common-documentation-and-timing-issues,work-residency-section-06-common-documentation-and-timing-issues-palacio-alvorada-brasilia-central-brazil-bg-primary.webp,/assets/images/sections/services/residencies/work/section-06-common-documentation-and-timing-issues/work-residency-section-06-common-documentation-and-timing-issues-palacio-alvorada-brasilia-central-brazil-bg-primary.webp,the Palacio da Alvorada in Brasilia,the Palacio da Alvorada in Brasilia.,Background image of the Palacio da Alvorada in Brasilia for Brazil immigration and relocation planning.
services,/services/residencies/work/,Work Residency,7,section-7-how-we-structure-the-process,How We Structure The Process,a,assets/images/sections/services/residencies/work/section-07-how-we-structure-the-process,work-residency-section-07-how-we-structure-the-process-riverfront-landscapes-marajo-island-brazil-bg-primary.webp,/assets/images/sections/services/residencies/work/section-07-how-we-structure-the-process/work-residency-section-07-how-we-structure-the-process-riverfront-landscapes-marajo-island-brazil-bg-primary.webp,the riverfront landscapes of Marajo Island,the riverfront landscapes of Marajo Island.,Background image of the riverfront landscapes of Marajo Island for Brazil immigration and relocation planning.
services,/services/residencies/work/,Work Residency,8,section-8-cross-border-family-and-language-considerations,"Cross-Border, Family, And Language Considerations",a,assets/images/sections/services/residencies/work/section-08-cross-border-family-and-language-considerations,work-residency-section-08-cross-border-family-and-language-considerations-beaches-alter-chao-tapajos-brazil-bg-primary.webp,/assets/images/sections/services/residencies/work/section-08-cross-border-family-and-language-considerations/work-residency-section-08-cross-border-family-and-language-considerations-beaches-alter-chao-tapajos-brazil-bg-primary.webp,the beaches of Alter do Chao on the Tapajos River,the beaches of Alter do Chao on the Tapajos River.,Background image of the beaches of Alter do Chao on the Tapajos River for Brazil immigration and relocation planning.
services,/services/residencies/work/,Work Residency,9,section-9-legal-support-and-long-term-planning,Legal Support And Long-Term Planning,a,assets/images/sections/services/residencies/work/section-09-legal-support-and-long-term-planning,work-residency-section-09-legal-support-and-long-term-planning-town-campos-jordao-paulo-brazil-bg-primary.webp,/assets/images/sections/services/residencies/work/section-09-legal-support-and-long-term-planning/work-residency-section-09-legal-support-and-long-term-planning-town-campos-jordao-paulo-brazil-bg-primary.webp,the mountain town of Campos do Jordao,the mountain town of Campos do Jordao.,Background image of the mountain town of Campos do Jordao for Brazil immigration and relocation planning.
services,/services/residencies/work/,Work Residency,10,section-10-what-changes-after-guidance,What Changes After Guidance,a,assets/images/sections/services/residencies/work/section-10-what-changes-after-guidance,work-residency-section-10-what-changes-after-guidance-pantanal-mato-grosso-central-brazil-bg-primary.webp,/assets/images/sections/services/residencies/work/section-10-what-changes-after-guidance/work-residency-section-10-what-changes-after-guidance-pantanal-mato-grosso-central-brazil-bg-primary.webp,Pantanal,Pantanal.,Background image of Pantanal for Brazil immigration and relocation planning.
services,/services/residencies/youth/,Youth Residency,1,section-1-overview,Overview,a,assets/images/sections/services/residencies/youth/section-01-overview,youth-residency-section-01-overview-waterfront-skyline-parque-povo-brazil-bg-primary.webp,/assets/images/sections/services/residencies/youth/section-01-overview/youth-residency-section-01-overview-waterfront-skyline-parque-povo-brazil-bg-primary.webp,the waterfront and skyline of Parque do Povo in Campina Grande,the waterfront and skyline of Parque do Povo in Campina Grande.,Background image of the waterfront and skyline of Parque do Povo in Campina Grande for Brazil immigration and relocation planning.
services,/services/residencies/youth/,Youth Residency,2,section-2-who-this-residence-route-is-usually-for,Who This Residence Route Is Usually For,a,assets/images/sections/services/residencies/youth/section-02-who-this-residence-route-is-usually-for,youth-residency-section-02-who-this-residence-route-is-usually-for-ouro-preto-minas-gerais-brazil-bg-primary.webp,/assets/images/sections/services/residencies/youth/section-02-who-this-residence-route-is-usually-for/youth-residency-section-02-who-this-residence-route-is-usually-for-ouro-preto-minas-gerais-brazil-bg-primary.webp,Ouro Preto,Ouro Preto.,Background image of Ouro Preto for Brazil immigration and relocation planning.
services,/services/residencies/youth/,Youth Residency,3,section-3-why-people-choose-this-route,Why People Choose This Route,a,assets/images/sections/services/residencies/youth/section-03-why-people-choose-this-route,youth-residency-section-03-why-people-choose-this-route-porto-alegre-skyline-grande-brazil-bg-primary.webp,/assets/images/sections/services/residencies/youth/section-03-why-people-choose-this-route/youth-residency-section-03-why-people-choose-this-route-porto-alegre-skyline-grande-brazil-bg-primary.webp,Porto Alegre,Porto Alegre.,Background image of Porto Alegre for Brazil immigration and relocation planning.
services,/services/residencies/youth/,Youth Residency,4,section-4-when-it-usually-makes-sense,When It Usually Makes Sense,a,assets/images/sections/services/residencies/youth/section-04-when-it-usually-makes-sense,youth-residency-section-04-when-it-usually-makes-sense-shoreline-alter-chao-warm-brazil-bg-primary.webp,/assets/images/sections/services/residencies/youth/section-04-when-it-usually-makes-sense/youth-residency-section-04-when-it-usually-makes-sense-shoreline-alter-chao-warm-brazil-bg-primary.webp,the shoreline of Alter do Chao in warm evening light,the shoreline of Alter do Chao in warm evening light.,Background image of the shoreline of Alter do Chao in warm evening light for Brazil immigration and relocation planning.
services,/services/residencies/youth/,Youth Residency,5,section-5-when-another-route-may-fit-better,When Another Route May Fit Better,a,assets/images/sections/services/residencies/youth/section-05-when-another-route-may-fit-better,youth-residency-section-05-when-another-route-may-fit-better-natural-pantanal-mato-grosso-brazil-bg-primary.webp,/assets/images/sections/services/residencies/youth/section-05-when-another-route-may-fit-better/youth-residency-section-05-when-another-route-may-fit-better-natural-pantanal-mato-grosso-brazil-bg-primary.webp,the wide natural landscape of Pantanal wetlands,the wide natural landscape of Pantanal wetlands.,Background image of the wide natural landscape of Pantanal wetlands for Brazil immigration and relocation planning.
services,/services/residencies/youth/,Youth Residency,6,section-6-common-documentation-and-timing-issues,Common Documentation And Timing Issues,a,assets/images/sections/services/residencies/youth/section-06-common-documentation-and-timing-issues,youth-residency-section-06-common-documentation-and-timing-issues-farol-barra-seafront-salvador-brazil-bg-primary.webp,/assets/images/sections/services/residencies/youth/section-06-common-documentation-and-timing-issues/youth-residency-section-06-common-documentation-and-timing-issues-farol-barra-seafront-salvador-brazil-bg-primary.webp,Farol da Barra and the seafront of Salvador,Farol da Barra and the seafront of Salvador.,Background image of Farol da Barra and the seafront of Salvador for Brazil immigration and relocation planning.
services,/services/residencies/youth/,Youth Residency,7,section-7-how-we-structure-the-process,How We Structure The Process,a,assets/images/sections/services/residencies/youth/section-07-how-we-structure-the-process,youth-residency-section-07-how-we-structure-the-process-sunrise-botanical-garden-curitiba-brazil-bg-primary.webp,/assets/images/sections/services/residencies/youth/section-07-how-we-structure-the-process/youth-residency-section-07-how-we-structure-the-process-sunrise-botanical-garden-curitiba-brazil-bg-primary.webp,the sunrise landscape of Botanical Garden of Curitiba,the sunrise landscape of Botanical Garden of Curitiba.,Background image of the sunrise landscape of Botanical Garden of Curitiba for Brazil immigration and relocation planning.
services,/services/residencies/youth/,Youth Residency,8,section-8-cross-border-family-and-language-considerations,"Cross-Border, Family, And Language Considerations",a,assets/images/sections/services/residencies/youth/section-08-cross-border-family-and-language-considerations,youth-residency-section-08-cross-border-family-and-language-considerations-niteroi-contemporary-museum-over-brazil-bg-primary.webp,/assets/images/sections/services/residencies/youth/section-08-cross-border-family-and-language-considerations/youth-residency-section-08-cross-border-family-and-language-considerations-niteroi-contemporary-museum-over-brazil-bg-primary.webp,the Niteroi Contemporary Art Museum over Guanabara Bay,the Niteroi Contemporary Art Museum over Guanabara Bay.,Background image of the Niteroi Contemporary Art Museum over Guanabara Bay for Brazil immigration and relocation planning.
services,/services/residencies/youth/,Youth Residency,9,section-9-legal-support-and-long-term-planning,Legal Support And Long-Term Planning,a,assets/images/sections/services/residencies/youth/section-09-legal-support-and-long-term-planning,youth-residency-section-09-legal-support-and-long-term-planning-petropolis-imperial-museum-district-brazil-bg-primary.webp,/assets/images/sections/services/residencies/youth/section-09-legal-support-and-long-term-planning/youth-residency-section-09-legal-support-and-long-term-planning-petropolis-imperial-museum-district-brazil-bg-primary.webp,Petropolis and the imperial museum district,Petropolis and the imperial museum district.,Background image of Petropolis and the imperial museum district for Brazil immigration and relocation planning.
services,/services/residencies/youth/,Youth Residency,10,section-10-what-changes-after-guidance,What Changes After Guidance,a,assets/images/sections/services/residencies/youth/section-10-what-changes-after-guidance,youth-residency-section-10-what-changes-after-guidance-coastline-water-baia-sancho-brazil-bg-primary.webp,/assets/images/sections/services/residencies/youth/section-10-what-changes-after-guidance/youth-residency-section-10-what-changes-after-guidance-coastline-water-baia-sancho-brazil-bg-primary.webp,the wide coastline and water of Baia do Sancho in Fernando de Noronha,the wide coastline and water of Baia do Sancho in Fernando de Noronha.,Background image of the wide coastline and water of Baia do Sancho in Fernando de Noronha for Brazil immigration and relocation planning.
services,/services/visas/,Visas,1,section-1-overview,Overview,a,assets/images/sections/services/visas/section-01-overview,visas-section-01-overview-sunrise-anavilhanas-archipelago-amazonas-brazil-bg-primary.webp,/assets/images/sections/services/visas/section-01-overview/visas-section-01-overview-sunrise-anavilhanas-archipelago-amazonas-brazil-bg-primary.webp,the sunrise landscape of Anavilhanas archipelago,the sunrise landscape of Anavilhanas archipelago.,Background image of the sunrise landscape of Anavilhanas archipelago for Brazil immigration and relocation planning.
services,/services/visas/,Visas,2,section-2-explore-the-service-families,Explore The Service Families,a,assets/images/sections/services/visas/section-02-explore-the-service-families,visas-section-02-explore-the-service-families-skyline-waterfront-balneario-camboriu-brazil-bg-primary.webp,/assets/images/sections/services/visas/section-02-explore-the-service-families/visas-section-02-explore-the-service-families-skyline-waterfront-balneario-camboriu-brazil-bg-primary.webp,the skyline and waterfront of Balneario Camboriu,the skyline and waterfront of Balneario Camboriu.,Background image of the skyline and waterfront of Balneario Camboriu for Brazil immigration and relocation planning.
services,/services/visas/,Visas,3,section-3-how-to-choose-the-right-starting-point,How To Choose The Right Starting Point,a,assets/images/sections/services/visas/section-03-how-to-choose-the-right-starting-point,visas-section-03-how-to-choose-the-right-starting-point-coastline-atlantic-ubatuba-paulo-brazil-bg-primary.webp,/assets/images/sections/services/visas/section-03-how-to-choose-the-right-starting-point/visas-section-03-how-to-choose-the-right-starting-point-coastline-atlantic-ubatuba-paulo-brazil-bg-primary.webp,the coastline and Atlantic forest of Ubatuba,the coastline and Atlantic forest of Ubatuba.,Background image of the coastline and Atlantic forest of Ubatuba for Brazil immigration and relocation planning.
services,/services/visas/,Visas,4,section-4-if-you-are-between-categories,If You Are Between Categories,a,assets/images/sections/services/visas/section-04-if-you-are-between-categories,visas-section-04-if-you-are-between-categories-streets-serra-rastro-santa-brazil-bg-primary.webp,/assets/images/sections/services/visas/section-04-if-you-are-between-categories/visas-section-04-if-you-are-between-categories-streets-serra-rastro-santa-brazil-bg-primary.webp,the architecture and streets of Serra do Rio do Rastro,the architecture and streets of Serra do Rio do Rastro.,Background image of the architecture and streets of Serra do Rio do Rastro for Brazil immigration and relocation planning.
services,/services/visas/,Visas,5,section-5-best-next-step,Best Next Step,a,assets/images/sections/services/visas/section-05-best-next-step,visas-section-05-best-next-step-waterways-delta-parnaiba-piaui-brazil-bg-primary.webp,/assets/images/sections/services/visas/section-05-best-next-step/visas-section-05-best-next-step-waterways-delta-parnaiba-piaui-brazil-bg-primary.webp,the waterways and dunes of the Delta do Parnaiba,the waterways and dunes of the Delta do Parnaiba.,Background image of the waterways and dunes of the Delta do Parnaiba for Brazil immigration and relocation planning.
services,/services/visas/artistic/,Artistic Visa,1,section-1-overview,Overview,a,assets/images/sections/services/visas/artistic/section-01-overview,artistic-visa-section-01-overview-waterways-delta-parnaiba-piaui-brazil-bg-primary.webp,/assets/images/sections/services/visas/artistic/section-01-overview/artistic-visa-section-01-overview-waterways-delta-parnaiba-piaui-brazil-bg-primary.webp,the waterways and dunes of the Delta do Parnaiba,the waterways and dunes of the Delta do Parnaiba.,Background image of the waterways and dunes of the Delta do Parnaiba for Brazil immigration and relocation planning.
services,/services/visas/artistic/,Artistic Visa,2,section-2-who-this-visa-is-usually-for,Who This Visa Is Usually For,a,assets/images/sections/services/visas/artistic/section-02-who-this-visa-is-usually-for,artistic-visa-section-02-who-this-visa-is-usually-for-paraty-waterfront-janeiro-southeast-brazil-bg-primary.webp,/assets/images/sections/services/visas/artistic/section-02-who-this-visa-is-usually-for/artistic-visa-section-02-who-this-visa-is-usually-for-paraty-waterfront-janeiro-southeast-brazil-bg-primary.webp,Paraty,Paraty.,Background image of Paraty for Brazil immigration and relocation planning.
services,/services/visas/artistic/,Artistic Visa,3,section-3-what-this-route-is-meant-to-cover,What This Route Is Meant To Cover,a,assets/images/sections/services/visas/artistic/section-03-what-this-route-is-meant-to-cover,artistic-visa-section-03-what-this-route-is-meant-to-cover-sunrise-chapada-diamantina-bahia-brazil-bg-primary.webp,/assets/images/sections/services/visas/artistic/section-03-what-this-route-is-meant-to-cover/artistic-visa-section-03-what-this-route-is-meant-to-cover-sunrise-chapada-diamantina-bahia-brazil-bg-primary.webp,the sunrise landscape of Chapada Diamantina,the sunrise landscape of Chapada Diamantina.,Background image of the sunrise landscape of Chapada Diamantina for Brazil immigration and relocation planning.
services,/services/visas/artistic/,Artistic Visa,4,section-4-when-it-stops-being-the-right-fit,When It Stops Being The Right Fit,a,assets/images/sections/services/visas/artistic/section-04-when-it-stops-being-the-right-fit,artistic-visa-section-04-when-it-stops-being-the-right-fit-coastline-water-janeiro-skyline-brazil-bg-primary.webp,/assets/images/sections/services/visas/artistic/section-04-when-it-stops-being-the-right-fit/artistic-visa-section-04-when-it-stops-being-the-right-fit-coastline-water-janeiro-skyline-brazil-bg-primary.webp,the wide coastline and water of Rio de Janeiro skyline from Sugarloaf Mountain,the wide coastline and water of Rio de Janeiro skyline from Sugarloaf Mountain.,Background image of the wide coastline and water of Rio de Janeiro skyline from Sugarloaf Mountain for Brazil immigration and relocation planning.
services,/services/visas/artistic/,Artistic Visa,5,section-5-consular-and-documentary-preparation,Consular And Documentary Preparation,a,assets/images/sections/services/visas/artistic/section-05-consular-and-documentary-preparation,artistic-visa-section-05-consular-and-documentary-preparation-genipabu-near-natal-grande-brazil-bg-primary.webp,/assets/images/sections/services/visas/artistic/section-05-consular-and-documentary-preparation/artistic-visa-section-05-consular-and-documentary-preparation-genipabu-near-natal-grande-brazil-bg-primary.webp,the Genipabu dunes near Natal,the Genipabu dunes near Natal.,Background image of the Genipabu dunes near Natal for Brazil immigration and relocation planning.
services,/services/visas/artistic/,Artistic Visa,6,section-6-common-mistakes-before-travel-or-filing,Common Mistakes Before Travel Or Filing,a,assets/images/sections/services/visas/artistic/section-06-common-mistakes-before-travel-or-filing,artistic-visa-section-06-common-mistakes-before-travel-or-filing-brasilia-monumental-axis-central-brazil-bg-primary.webp,/assets/images/sections/services/visas/artistic/section-06-common-mistakes-before-travel-or-filing/artistic-visa-section-06-common-mistakes-before-travel-or-filing-brasilia-monumental-axis-central-brazil-bg-primary.webp,Brasilia,Brasilia.,Background image of Brasilia for Brazil immigration and relocation planning.
services,/services/visas/artistic/,Artistic Visa,7,section-7-how-we-prepare-the-case,How We Prepare The Case,a,assets/images/sections/services/visas/artistic/section-07-how-we-prepare-the-case,artistic-visa-section-07-how-we-prepare-the-case-shoreline-estacao-docas-belem-brazil-bg-primary.webp,/assets/images/sections/services/visas/artistic/section-07-how-we-prepare-the-case/artistic-visa-section-07-how-we-prepare-the-case-shoreline-estacao-docas-belem-brazil-bg-primary.webp,the shoreline of Estacao das Docas in Belem in warm evening light,the shoreline of Estacao das Docas in Belem in warm evening light.,Background image of the shoreline of Estacao das Docas in Belem in warm evening light for Brazil immigration and relocation planning.
services,/services/visas/artistic/,Artistic Visa,8,section-8-cross-border-and-language-considerations,Cross-Border And Language Considerations,a,assets/images/sections/services/visas/artistic/section-08-cross-border-and-language-considerations,artistic-visa-section-08-cross-border-and-language-considerations-coastline-water-itacare-bahia-brazil-bg-primary.webp,/assets/images/sections/services/visas/artistic/section-08-cross-border-and-language-considerations/artistic-visa-section-08-cross-border-and-language-considerations-coastline-water-itacare-bahia-brazil-bg-primary.webp,the wide coastline and water of Itacare coastline,the wide coastline and water of Itacare coastline.,Background image of the wide coastline and water of Itacare coastline for Brazil immigration and relocation planning.
services,/services/visas/artistic/,Artistic Visa,9,section-9-legal-boundaries-and-practical-expectations,Legal Boundaries And Practical Expectations,a,assets/images/sections/services/visas/artistic/section-09-legal-boundaries-and-practical-expectations,artistic-visa-section-09-legal-boundaries-and-practical-expectations-pampulha-belo-horizonte-minas-brazil-bg-primary.webp,/assets/images/sections/services/visas/artistic/section-09-legal-boundaries-and-practical-expectations/artistic-visa-section-09-legal-boundaries-and-practical-expectations-pampulha-belo-horizonte-minas-brazil-bg-primary.webp,the urban panorama of Pampulha in Belo Horizonte,the urban panorama of Pampulha in Belo Horizonte.,Background image of the urban panorama of Pampulha in Belo Horizonte for Brazil immigration and relocation planning.
services,/services/visas/artistic/,Artistic Visa,10,section-10-what-the-next-step-should-be,What The Next Step Should Be,a,assets/images/sections/services/visas/artistic/section-10-what-the-next-step-should-be,artistic-visa-section-10-what-the-next-step-should-be-forests-waters-madeira-porto-brazil-bg-primary.webp,/assets/images/sections/services/visas/artistic/section-10-what-the-next-step-should-be/artistic-visa-section-10-what-the-next-step-should-be-forests-waters-madeira-porto-brazil-bg-primary.webp,the forests and waters of Madeira river in Porto Velho,the forests and waters of Madeira river in Porto Velho.,Background image of the forests and waters of Madeira river in Porto Velho for Brazil immigration and relocation planning.
services,/services/visas/business/,Business Visa,1,section-1-overview,Overview,a,assets/images/sections/services/visas/business/section-01-overview,business-visa-section-01-overview-forests-waters-meeting-manaus-brazil-bg-primary.webp,/assets/images/sections/services/visas/business/section-01-overview/business-visa-section-01-overview-forests-waters-meeting-manaus-brazil-bg-primary.webp,the forests and waters of Meeting of the Waters in Manaus,the forests and waters of Meeting of the Waters in Manaus.,Background image of the forests and waters of Meeting of the Waters in Manaus for Brazil immigration and relocation planning.
services,/services/visas/business/,Business Visa,2,section-2-who-this-visa-is-usually-for,Who This Visa Is Usually For,a,assets/images/sections/services/visas/business/section-02-who-this-visa-is-usually-for,business-visa-section-02-who-this-visa-is-usually-for-island-village-beaches-morro-brazil-bg-primary.webp,/assets/images/sections/services/visas/business/section-02-who-this-visa-is-usually-for/business-visa-section-02-who-this-visa-is-usually-for-island-village-beaches-morro-brazil-bg-primary.webp,the island village and beaches of Morro de Sao Paulo,the island village and beaches of Morro de Sao Paulo.,Background image of the island village and beaches of Morro de Sao Paulo for Brazil immigration and relocation planning.
services,/services/visas/business/,Business Visa,3,section-3-what-this-route-is-meant-to-cover,What This Route Is Meant To Cover,a,assets/images/sections/services/visas/business/section-03-what-this-route-is-meant-to-cover,business-visa-section-03-what-this-route-is-meant-to-cover-coastline-water-pajucara-waterfront-brazil-bg-primary.webp,/assets/images/sections/services/visas/business/section-03-what-this-route-is-meant-to-cover/business-visa-section-03-what-this-route-is-meant-to-cover-coastline-water-pajucara-waterfront-brazil-bg-primary.webp,the wide coastline and water of Pajucara waterfront in Maceio,the wide coastline and water of Pajucara waterfront in Maceio.,Background image of the wide coastline and water of Pajucara waterfront in Maceio for Brazil immigration and relocation planning.
services,/services/visas/business/,Business Visa,4,section-4-when-it-stops-being-the-right-fit,When It Stops Being The Right Fit,a,assets/images/sections/services/visas/business/section-04-when-it-stops-being-the-right-fit,business-visa-section-04-when-it-stops-being-the-right-fit-forests-waters-orla-taumanan-brazil-bg-primary.webp,/assets/images/sections/services/visas/business/section-04-when-it-stops-being-the-right-fit/business-visa-section-04-when-it-stops-being-the-right-fit-forests-waters-orla-taumanan-brazil-bg-primary.webp,the forests and waters of Orla Taumanan in Boa Vista,the forests and waters of Orla Taumanan in Boa Vista.,Background image of the forests and waters of Orla Taumanan in Boa Vista for Brazil immigration and relocation planning.
services,/services/visas/business/,Business Visa,5,section-5-consular-and-documentary-preparation,Consular And Documentary Preparation,a,assets/images/sections/services/visas/business/section-05-consular-and-documentary-preparation,business-visa-section-05-consular-and-documentary-preparation-canyons-aparados-serra-southern-brazil-bg-primary.webp,/assets/images/sections/services/visas/business/section-05-consular-and-documentary-preparation/business-visa-section-05-consular-and-documentary-preparation-canyons-aparados-serra-southern-brazil-bg-primary.webp,the canyons of Aparados da Serra,the canyons of Aparados da Serra.,Background image of the canyons of Aparados da Serra for Brazil immigration and relocation planning.
services,/services/visas/business/,Business Visa,6,section-6-common-mistakes-before-travel-or-filing,Common Mistakes Before Travel Or Filing,a,assets/images/sections/services/visas/business/section-06-common-mistakes-before-travel-or-filing,business-visa-section-06-common-mistakes-before-travel-or-filing-sanctuary-sculptures-congonhas-minas-brazil-bg-primary.webp,/assets/images/sections/services/visas/business/section-06-common-mistakes-before-travel-or-filing/business-visa-section-06-common-mistakes-before-travel-or-filing-sanctuary-sculptures-congonhas-minas-brazil-bg-primary.webp,the sanctuary and sculptures of Congonhas,the sanctuary and sculptures of Congonhas.,Background image of the sanctuary and sculptures of Congonhas for Brazil immigration and relocation planning.
services,/services/visas/business/,Business Visa,7,section-7-how-we-prepare-the-case,How We Prepare The Case,a,assets/images/sections/services/visas/business/section-07-how-we-prepare-the-case,business-visa-section-07-how-we-prepare-the-case-canyons-lake-scenery-capitolio-brazil-bg-primary.webp,/assets/images/sections/services/visas/business/section-07-how-we-prepare-the-case/business-visa-section-07-how-we-prepare-the-case-canyons-lake-scenery-capitolio-brazil-bg-primary.webp,the canyons and lake scenery of Capitolio,the canyons and lake scenery of Capitolio.,Background image of the canyons and lake scenery of Capitolio for Brazil immigration and relocation planning.
services,/services/visas/business/,Business Visa,8,section-8-cross-border-and-language-considerations,Cross-Border And Language Considerations,a,assets/images/sections/services/visas/business/section-08-cross-border-and-language-considerations,business-visa-section-08-cross-border-and-language-considerations-copacabana-waterfront-promenade-janeiro-brazil-bg-primary.webp,/assets/images/sections/services/visas/business/section-08-cross-border-and-language-considerations/business-visa-section-08-cross-border-and-language-considerations-copacabana-waterfront-promenade-janeiro-brazil-bg-primary.webp,Copacabana beach and the Rio waterfront,Copacabana beach and the Rio waterfront.,Background image of Copacabana beach and the Rio waterfront for Brazil immigration and relocation planning.
services,/services/visas/business/,Business Visa,9,section-9-legal-boundaries-and-practical-expectations,Legal Boundaries And Practical Expectations,a,assets/images/sections/services/visas/business/section-09-legal-boundaries-and-practical-expectations,business-visa-section-09-legal-boundaries-and-practical-expectations-indigenous-nations-campo-grande-brazil-bg-primary.webp,/assets/images/sections/services/visas/business/section-09-legal-boundaries-and-practical-expectations/business-visa-section-09-legal-boundaries-and-practical-expectations-indigenous-nations-campo-grande-brazil-bg-primary.webp,the Park of Indigenous Nations in Campo Grande,the Park of Indigenous Nations in Campo Grande.,Background image of the Park of Indigenous Nations in Campo Grande for Brazil immigration and relocation planning.
services,/services/visas/business/,Business Visa,10,section-10-what-the-next-step-should-be,What The Next Step Should Be,a,assets/images/sections/services/visas/business/section-10-what-the-next-step-should-be,business-visa-section-10-what-the-next-step-should-be-lencois-maranhenses-maranhao-sand-brazil-bg-primary.webp,/assets/images/sections/services/visas/business/section-10-what-the-next-step-should-be/business-visa-section-10-what-the-next-step-should-be-lencois-maranhenses-maranhao-sand-brazil-bg-primary.webp,Lençois Maranhenses,Lençois Maranhenses.,Background image of Lençois Maranhenses for Brazil immigration and relocation planning.
services,/services/visas/diplomatic/,Diplomatic Visa,1,section-1-overview,Overview,a,assets/images/sections/services/visas/diplomatic/section-01-overview,diplomatic-visa-section-01-overview-paulo-skyline-avenida-paulista-brazil-bg-primary.webp,/assets/images/sections/services/visas/diplomatic/section-01-overview/diplomatic-visa-section-01-overview-paulo-skyline-avenida-paulista-brazil-bg-primary.webp,Sao Paulo,Sao Paulo.,Background image of Sao Paulo for Brazil immigration and relocation planning.
services,/services/visas/diplomatic/,Diplomatic Visa,2,section-2-who-this-visa-is-usually-for,Who This Visa Is Usually For,a,assets/images/sections/services/visas/diplomatic/section-02-who-this-visa-is-usually-for,diplomatic-visa-section-02-who-this-visa-is-usually-for-road-serra-rastro-santa-brazil-bg-primary.webp,/assets/images/sections/services/visas/diplomatic/section-02-who-this-visa-is-usually-for/diplomatic-visa-section-02-who-this-visa-is-usually-for-road-serra-rastro-santa-brazil-bg-primary.webp,the mountain road of Serra do Rio do Rastro,the mountain road of Serra do Rio do Rastro.,Background image of the mountain road of Serra do Rio do Rastro for Brazil immigration and relocation planning.
services,/services/visas/diplomatic/,Diplomatic Visa,3,section-3-what-this-route-is-meant-to-cover,What This Route Is Meant To Cover,a,assets/images/sections/services/visas/diplomatic/section-03-what-this-route-is-meant-to-cover,diplomatic-visa-section-03-what-this-route-is-meant-to-cover-florianopolis-coastline-brava-atlantic-brazil-bg-primary.webp,/assets/images/sections/services/visas/diplomatic/section-03-what-this-route-is-meant-to-cover/diplomatic-visa-section-03-what-this-route-is-meant-to-cover-florianopolis-coastline-brava-atlantic-brazil-bg-primary.webp,Florianopolis,Florianopolis.,Background image of Florianopolis for Brazil immigration and relocation planning.
services,/services/visas/diplomatic/,Diplomatic Visa,4,section-4-when-it-stops-being-the-right-fit,When It Stops Being The Right Fit,a,assets/images/sections/services/visas/diplomatic/section-04-when-it-stops-being-the-right-fit,diplomatic-visa-section-04-when-it-stops-being-the-right-fit-sunrise-negro-palace-manaus-brazil-bg-primary.webp,/assets/images/sections/services/visas/diplomatic/section-04-when-it-stops-being-the-right-fit/diplomatic-visa-section-04-when-it-stops-being-the-right-fit-sunrise-negro-palace-manaus-brazil-bg-primary.webp,the sunrise landscape of Rio Negro Palace in Manaus,the sunrise landscape of Rio Negro Palace in Manaus.,Background image of the sunrise landscape of Rio Negro Palace in Manaus for Brazil immigration and relocation planning.
services,/services/visas/diplomatic/,Diplomatic Visa,5,section-5-consular-and-documentary-preparation,Consular And Documentary Preparation,a,assets/images/sections/services/visas/diplomatic/section-05-consular-and-documentary-preparation,diplomatic-visa-section-05-consular-and-documentary-preparation-natural-delta-parnaiba-piaui-brazil-bg-primary.webp,/assets/images/sections/services/visas/diplomatic/section-05-consular-and-documentary-preparation/diplomatic-visa-section-05-consular-and-documentary-preparation-natural-delta-parnaiba-piaui-brazil-bg-primary.webp,the wide natural landscape of Delta do Parnaiba,the wide natural landscape of Delta do Parnaiba.,Background image of the wide natural landscape of Delta do Parnaiba for Brazil immigration and relocation planning.
services,/services/visas/diplomatic/,Diplomatic Visa,6,section-6-common-mistakes-before-travel-or-filing,Common Mistakes Before Travel Or Filing,a,assets/images/sections/services/visas/diplomatic/section-06-common-mistakes-before-travel-or-filing,diplomatic-visa-section-06-common-mistakes-before-travel-or-filing-museum-tomorrow-janeiro-port-brazil-bg-primary.webp,/assets/images/sections/services/visas/diplomatic/section-06-common-mistakes-before-travel-or-filing/diplomatic-visa-section-06-common-mistakes-before-travel-or-filing-museum-tomorrow-janeiro-port-brazil-bg-primary.webp,the urban panorama of Museum of Tomorrow in Rio de Janeiro,the urban panorama of Museum of Tomorrow in Rio de Janeiro.,Background image of the urban panorama of Museum of Tomorrow in Rio de Janeiro for Brazil immigration and relocation planning.
services,/services/visas/diplomatic/,Diplomatic Visa,7,section-7-how-we-prepare-the-case,How We Prepare The Case,a,assets/images/sections/services/visas/diplomatic/section-07-how-we-prepare-the-case,diplomatic-visa-section-07-how-we-prepare-the-case-sunrise-anavilhanas-archipelago-amazonas-brazil-bg-primary.webp,/assets/images/sections/services/visas/diplomatic/section-07-how-we-prepare-the-case/diplomatic-visa-section-07-how-we-prepare-the-case-sunrise-anavilhanas-archipelago-amazonas-brazil-bg-primary.webp,the sunrise landscape of Anavilhanas archipelago,the sunrise landscape of Anavilhanas archipelago.,Background image of the sunrise landscape of Anavilhanas archipelago for Brazil immigration and relocation planning.
services,/services/visas/diplomatic/,Diplomatic Visa,8,section-8-cross-border-and-language-considerations,Cross-Border And Language Considerations,a,assets/images/sections/services/visas/diplomatic/section-08-cross-border-and-language-considerations,diplomatic-visa-section-08-cross-border-and-language-considerations-baia-sancho-fernando-noronha-brazil-bg-primary.webp,/assets/images/sections/services/visas/diplomatic/section-08-cross-border-and-language-considerations/diplomatic-visa-section-08-cross-border-and-language-considerations-baia-sancho-fernando-noronha-brazil-bg-primary.webp,Baia do Sancho in Fernando de Noronha,Baia do Sancho in Fernando de Noronha.,Background image of Baia do Sancho in Fernando de Noronha for Brazil immigration and relocation planning.
services,/services/visas/diplomatic/,Diplomatic Visa,9,section-9-legal-boundaries-and-practical-expectations,Legal Boundaries And Practical Expectations,a,assets/images/sections/services/visas/diplomatic/section-09-legal-boundaries-and-practical-expectations,diplomatic-visa-section-09-legal-boundaries-and-practical-expectations-streets-serra-rastro-santa-brazil-bg-primary.webp,/assets/images/sections/services/visas/diplomatic/section-09-legal-boundaries-and-practical-expectations/diplomatic-visa-section-09-legal-boundaries-and-practical-expectations-streets-serra-rastro-santa-brazil-bg-primary.webp,the architecture and streets of Serra do Rio do Rastro,the architecture and streets of Serra do Rio do Rastro.,Background image of the architecture and streets of Serra do Rio do Rastro for Brazil immigration and relocation planning.
services,/services/visas/diplomatic/,Diplomatic Visa,10,section-10-what-the-next-step-should-be,What The Next Step Should Be,a,assets/images/sections/services/visas/diplomatic/section-10-what-the-next-step-should-be,diplomatic-visa-section-10-what-the-next-step-should-be-madeira-riverfront-porto-velho-brazil-bg-primary.webp,/assets/images/sections/services/visas/diplomatic/section-10-what-the-next-step-should-be/diplomatic-visa-section-10-what-the-next-step-should-be-madeira-riverfront-porto-velho-brazil-bg-primary.webp,the Madeira riverfront in Porto Velho,the Madeira riverfront in Porto Velho.,Background image of the Madeira riverfront in Porto Velho for Brazil immigration and relocation planning.
services,/services/visas/educational/,Educational Visa,1,section-1-overview,Overview,a,assets/images/sections/services/visas/educational/section-01-overview,educational-visa-section-01-overview-coastline-water-bombinhas-peninsula-brazil-bg-primary.webp,/assets/images/sections/services/visas/educational/section-01-overview/educational-visa-section-01-overview-coastline-water-bombinhas-peninsula-brazil-bg-primary.webp,the wide coastline and water of Bombinhas peninsula,the wide coastline and water of Bombinhas peninsula.,Background image of the wide coastline and water of Bombinhas peninsula for Brazil immigration and relocation planning.
services,/services/visas/educational/,Educational Visa,2,section-2-who-this-visa-is-usually-for,Who This Visa Is Usually For,a,assets/images/sections/services/visas/educational/section-02-who-this-visa-is-usually-for,educational-visa-section-02-who-this-visa-is-usually-for-cliffs-shore-morro-branco-brazil-bg-primary.webp,/assets/images/sections/services/visas/educational/section-02-who-this-visa-is-usually-for/educational-visa-section-02-who-this-visa-is-usually-for-cliffs-shore-morro-branco-brazil-bg-primary.webp,the cliffs and shore of Morro Branco,the cliffs and shore of Morro Branco.,Background image of the cliffs and shore of Morro Branco for Brazil immigration and relocation planning.
services,/services/visas/educational/,Educational Visa,3,section-3-what-this-route-is-meant-to-cover,What This Route Is Meant To Cover,a,assets/images/sections/services/visas/educational/section-03-what-this-route-is-meant-to-cover,educational-visa-section-03-what-this-route-is-meant-to-cover-jericoacoara-ceara-northeast-brazil-bg-primary.webp,/assets/images/sections/services/visas/educational/section-03-what-this-route-is-meant-to-cover/educational-visa-section-03-what-this-route-is-meant-to-cover-jericoacoara-ceara-northeast-brazil-bg-primary.webp,the dunes and lagoons of Jericoacoara,the dunes and lagoons of Jericoacoara.,Background image of the dunes and lagoons of Jericoacoara for Brazil immigration and relocation planning.
services,/services/visas/educational/,Educational Visa,4,section-4-when-it-stops-being-the-right-fit,When It Stops Being The Right Fit,a,assets/images/sections/services/visas/educational/section-04-when-it-stops-being-the-right-fit,educational-visa-section-04-when-it-stops-being-the-right-fit-cliffs-coastline-pipa-grande-brazil-bg-primary.webp,/assets/images/sections/services/visas/educational/section-04-when-it-stops-being-the-right-fit/educational-visa-section-04-when-it-stops-being-the-right-fit-cliffs-coastline-pipa-grande-brazil-bg-primary.webp,the cliffs and coastline of Pipa,the cliffs and coastline of Pipa.,Background image of the cliffs and coastline of Pipa for Brazil immigration and relocation planning.
services,/services/visas/educational/,Educational Visa,5,section-5-consular-and-documentary-preparation,Consular And Documentary Preparation,a,assets/images/sections/services/visas/educational/section-05-consular-and-documentary-preparation,educational-visa-section-05-consular-and-documentary-preparation-meeting-negro-solimoes-near-brazil-bg-primary.webp,/assets/images/sections/services/visas/educational/section-05-consular-and-documentary-preparation/educational-visa-section-05-consular-and-documentary-preparation-meeting-negro-solimoes-near-brazil-bg-primary.webp,the meeting of the Rio Negro and Solimoes near Manaus,the meeting of the Rio Negro and Solimoes near Manaus.,Background image of the meeting of the Rio Negro and Solimoes near Manaus for Brazil immigration and relocation planning.
services,/services/visas/educational/,Educational Visa,6,section-6-common-mistakes-before-travel-or-filing,Common Mistakes Before Travel Or Filing,a,assets/images/sections/services/visas/educational/section-06-common-mistakes-before-travel-or-filing,educational-visa-section-06-common-mistakes-before-travel-or-filing-streets-aguas-emendadas-ecological-brazil-bg-primary.webp,/assets/images/sections/services/visas/educational/section-06-common-mistakes-before-travel-or-filing/educational-visa-section-06-common-mistakes-before-travel-or-filing-streets-aguas-emendadas-ecological-brazil-bg-primary.webp,the architecture and streets of Aguas Emendadas ecological station,the architecture and streets of Aguas Emendadas ecological station.,Background image of the architecture and streets of Aguas Emendadas ecological station for Brazil immigration and relocation planning.
services,/services/visas/educational/,Educational Visa,7,section-7-how-we-prepare-the-case,How We Prepare The Case,a,assets/images/sections/services/visas/educational/section-07-how-we-prepare-the-case,educational-visa-section-07-how-we-prepare-the-case-streets-paulo-skyline-avenida-brazil-bg-primary.webp,/assets/images/sections/services/visas/educational/section-07-how-we-prepare-the-case/educational-visa-section-07-how-we-prepare-the-case-streets-paulo-skyline-avenida-brazil-bg-primary.webp,the architecture and streets of Sao Paulo skyline,the architecture and streets of Sao Paulo skyline.,Background image of the architecture and streets of Sao Paulo skyline for Brazil immigration and relocation planning.
services,/services/visas/educational/,Educational Visa,8,section-8-cross-border-and-language-considerations,Cross-Border And Language Considerations,a,assets/images/sections/services/visas/educational/section-08-cross-border-and-language-considerations,educational-visa-section-08-cross-border-and-language-considerations-natural-inhotim-brumadinho-minas-brazil-bg-primary.webp,/assets/images/sections/services/visas/educational/section-08-cross-border-and-language-considerations/educational-visa-section-08-cross-border-and-language-considerations-natural-inhotim-brumadinho-minas-brazil-bg-primary.webp,the wide natural landscape of Inhotim in Brumadinho,the wide natural landscape of Inhotim in Brumadinho.,Background image of the wide natural landscape of Inhotim in Brumadinho for Brazil immigration and relocation planning.
services,/services/visas/educational/,Educational Visa,9,section-9-legal-boundaries-and-practical-expectations,Legal Boundaries And Practical Expectations,a,assets/images/sections/services/visas/educational/section-09-legal-boundaries-and-practical-expectations,educational-visa-section-09-legal-boundaries-and-practical-expectations-brasilia-monumental-axis-central-brazil-bg-primary.webp,/assets/images/sections/services/visas/educational/section-09-legal-boundaries-and-practical-expectations/educational-visa-section-09-legal-boundaries-and-practical-expectations-brasilia-monumental-axis-central-brazil-bg-primary.webp,the urban panorama of National Congress in Brasilia,the urban panorama of National Congress in Brasilia.,Background image of the urban panorama of National Congress in Brasilia for Brazil immigration and relocation planning.
services,/services/visas/educational/,Educational Visa,10,section-10-what-the-next-step-should-be,What The Next Step Should Be,a,assets/images/sections/services/visas/educational/section-10-what-the-next-step-should-be,educational-visa-section-10-what-the-next-step-should-be-florianopolis-coastline-brava-atlantic-brazil-bg-primary.webp,/assets/images/sections/services/visas/educational/section-10-what-the-next-step-should-be/educational-visa-section-10-what-the-next-step-should-be-florianopolis-coastline-brava-atlantic-brazil-bg-primary.webp,Florianopolis,Florianopolis.,Background image of Florianopolis for Brazil immigration and relocation planning.
services,/services/visas/exchange/,Exchange Visa,1,section-1-overview,Overview,a,assets/images/sections/services/visas/exchange/section-01-overview,exchange-visa-section-01-overview-sunrise-aparados-serra-canyons-brazil-bg-primary.webp,/assets/images/sections/services/visas/exchange/section-01-overview/exchange-visa-section-01-overview-sunrise-aparados-serra-canyons-brazil-bg-primary.webp,the sunrise landscape of Aparados da Serra,the sunrise landscape of Aparados da Serra.,Background image of the sunrise landscape of Aparados da Serra for Brazil immigration and relocation planning.
services,/services/visas/exchange/,Exchange Visa,2,section-2-who-this-visa-is-usually-for,Who This Visa Is Usually For,a,assets/images/sections/services/visas/exchange/section-02-who-this-visa-is-usually-for,exchange-visa-section-02-who-this-visa-is-usually-for-natural-pools-maragogi-alagoas-brazil-bg-primary.webp,/assets/images/sections/services/visas/exchange/section-02-who-this-visa-is-usually-for/exchange-visa-section-02-who-this-visa-is-usually-for-natural-pools-maragogi-alagoas-brazil-bg-primary.webp,the natural pools of Maragogi,the natural pools of Maragogi.,Background image of the natural pools of Maragogi for Brazil immigration and relocation planning.
services,/services/visas/exchange/,Exchange Visa,3,section-3-what-this-route-is-meant-to-cover,What This Route Is Meant To Cover,a,assets/images/sections/services/visas/exchange/section-03-what-this-route-is-meant-to-cover,exchange-visa-section-03-what-this-route-is-meant-to-cover-sunrise-amazonas-manaus-northern-brazil-bg-primary.webp,/assets/images/sections/services/visas/exchange/section-03-what-this-route-is-meant-to-cover/exchange-visa-section-03-what-this-route-is-meant-to-cover-sunrise-amazonas-manaus-northern-brazil-bg-primary.webp,the sunrise landscape of Teatro Amazonas in Manaus,the sunrise landscape of Teatro Amazonas in Manaus.,Background image of the sunrise landscape of Teatro Amazonas in Manaus for Brazil immigration and relocation planning.
services,/services/visas/exchange/,Exchange Visa,4,section-4-when-it-stops-being-the-right-fit,When It Stops Being The Right Fit,a,assets/images/sections/services/visas/exchange/section-04-when-it-stops-being-the-right-fit,exchange-visa-section-04-when-it-stops-being-the-right-fit-salvador-pelourinho-bahia-northeast-brazil-bg-primary.webp,/assets/images/sections/services/visas/exchange/section-04-when-it-stops-being-the-right-fit/exchange-visa-section-04-when-it-stops-being-the-right-fit-salvador-pelourinho-bahia-northeast-brazil-bg-primary.webp,Salvador,Salvador.,Background image of Salvador for Brazil immigration and relocation planning.
services,/services/visas/exchange/,Exchange Visa,5,section-5-consular-and-documentary-preparation,Consular And Documentary Preparation,a,assets/images/sections/services/visas/exchange/section-05-consular-and-documentary-preparation,exchange-visa-section-05-consular-and-documentary-preparation-islands-waterways-anavilhanas-archipelago-brazil-bg-primary.webp,/assets/images/sections/services/visas/exchange/section-05-consular-and-documentary-preparation/exchange-visa-section-05-consular-and-documentary-preparation-islands-waterways-anavilhanas-archipelago-brazil-bg-primary.webp,the islands and waterways of Anavilhanas,the islands and waterways of Anavilhanas.,Background image of the islands and waterways of Anavilhanas for Brazil immigration and relocation planning.
services,/services/visas/exchange/,Exchange Visa,6,section-6-common-mistakes-before-travel-or-filing,Common Mistakes Before Travel Or Filing,a,assets/images/sections/services/visas/exchange/section-06-common-mistakes-before-travel-or-filing,exchange-visa-section-06-common-mistakes-before-travel-or-filing-streets-facades-goias-velho-brazil-bg-primary.webp,/assets/images/sections/services/visas/exchange/section-06-common-mistakes-before-travel-or-filing/exchange-visa-section-06-common-mistakes-before-travel-or-filing-streets-facades-goias-velho-brazil-bg-primary.webp,the historic streets and facades of Historic center of Goias,the historic streets and facades of Historic center of Goias.,Background image of the historic streets and facades of Historic center of Goias for Brazil immigration and relocation planning.
services,/services/visas/exchange/,Exchange Visa,7,section-7-how-we-prepare-the-case,How We Prepare The Case,a,assets/images/sections/services/visas/exchange/section-07-how-we-prepare-the-case,exchange-visa-section-07-how-we-prepare-the-case-brasilia-monumental-axis-central-brazil-bg-primary.webp,/assets/images/sections/services/visas/exchange/section-07-how-we-prepare-the-case/exchange-visa-section-07-how-we-prepare-the-case-brasilia-monumental-axis-central-brazil-bg-primary.webp,Brasilia,Brasilia.,Background image of Brasilia for Brazil immigration and relocation planning.
services,/services/visas/exchange/,Exchange Visa,8,section-8-cross-border-and-language-considerations,Cross-Border And Language Considerations,a,assets/images/sections/services/visas/exchange/section-08-cross-border-and-language-considerations,exchange-visa-section-08-cross-border-and-language-considerations-natural-orla-taumanan-roraima-brazil-bg-primary.webp,/assets/images/sections/services/visas/exchange/section-08-cross-border-and-language-considerations/exchange-visa-section-08-cross-border-and-language-considerations-natural-orla-taumanan-roraima-brazil-bg-primary.webp,the wide natural landscape of Orla Taumanan in Boa Vista,the wide natural landscape of Orla Taumanan in Boa Vista.,Background image of the wide natural landscape of Orla Taumanan in Boa Vista for Brazil immigration and relocation planning.
services,/services/visas/exchange/,Exchange Visa,9,section-9-legal-boundaries-and-practical-expectations,Legal Boundaries And Practical Expectations,a,assets/images/sections/services/visas/exchange/section-09-legal-boundaries-and-practical-expectations,exchange-visa-section-09-legal-boundaries-and-practical-expectations-farol-barra-seafront-salvador-brazil-bg-primary.webp,/assets/images/sections/services/visas/exchange/section-09-legal-boundaries-and-practical-expectations/exchange-visa-section-09-legal-boundaries-and-practical-expectations-farol-barra-seafront-salvador-brazil-bg-primary.webp,Farol da Barra and the seafront of Salvador,Farol da Barra and the seafront of Salvador.,Background image of Farol da Barra and the seafront of Salvador for Brazil immigration and relocation planning.
services,/services/visas/exchange/,Exchange Visa,10,section-10-what-the-next-step-should-be,What The Next Step Should Be,a,assets/images/sections/services/visas/exchange/section-10-what-the-next-step-should-be,exchange-visa-section-10-what-the-next-step-should-be-streets-avenida-paulista-paulo-brazil-bg-primary.webp,/assets/images/sections/services/visas/exchange/section-10-what-the-next-step-should-be/exchange-visa-section-10-what-the-next-step-should-be-streets-avenida-paulista-paulo-brazil-bg-primary.webp,the architecture and streets of Avenida Paulista in Sao Paulo,the architecture and streets of Avenida Paulista in Sao Paulo.,Background image of the architecture and streets of Avenida Paulista in Sao Paulo for Brazil immigration and relocation planning.
services,/services/visas/family/,Family Visa,1,section-1-overview,Overview,a,assets/images/sections/services/visas/family/section-01-overview,family-visa-section-01-overview-cabo-branco-seafront-joao-brazil-bg-primary.webp,/assets/images/sections/services/visas/family/section-01-overview/family-visa-section-01-overview-cabo-branco-seafront-joao-brazil-bg-primary.webp,the Cabo Branco seafront in Joao Pessoa,the Cabo Branco seafront in Joao Pessoa.,Background image of the Cabo Branco seafront in Joao Pessoa for Brazil immigration and relocation planning.
services,/services/visas/family/,Family Visa,2,section-2-who-this-visa-is-usually-for,Who This Visa Is Usually For,a,assets/images/sections/services/visas/family/section-02-who-this-visa-is-usually-for,family-visa-section-02-who-this-visa-is-usually-for-coastline-water-ipanema-dois-brazil-bg-primary.webp,/assets/images/sections/services/visas/family/section-02-who-this-visa-is-usually-for/family-visa-section-02-who-this-visa-is-usually-for-coastline-water-ipanema-dois-brazil-bg-primary.webp,the wide coastline and water of Ipanema beach and Dois Irmaos,the wide coastline and water of Ipanema beach and Dois Irmaos.,Background image of the wide coastline and water of Ipanema beach and Dois Irmaos for Brazil immigration and relocation planning.
services,/services/visas/family/,Family Visa,3,section-3-what-this-route-is-meant-to-cover,What This Route Is Meant To Cover,a,assets/images/sections/services/visas/family/section-03-what-this-route-is-meant-to-cover,family-visa-section-03-what-this-route-is-meant-to-cover-coastline-atlantic-ubatuba-paulo-brazil-bg-primary.webp,/assets/images/sections/services/visas/family/section-03-what-this-route-is-meant-to-cover/family-visa-section-03-what-this-route-is-meant-to-cover-coastline-atlantic-ubatuba-paulo-brazil-bg-primary.webp,the coastline and Atlantic forest of Ubatuba,the coastline and Atlantic forest of Ubatuba.,Background image of the coastline and Atlantic forest of Ubatuba for Brazil immigration and relocation planning.
services,/services/visas/family/,Family Visa,4,section-4-when-it-stops-being-the-right-fit,When It Stops Being The Right Fit,a,assets/images/sections/services/visas/family/section-04-when-it-stops-being-the-right-fit,family-visa-section-04-when-it-stops-being-the-right-fit-shoreline-arraial-ajuda-coastline-brazil-bg-primary.webp,/assets/images/sections/services/visas/family/section-04-when-it-stops-being-the-right-fit/family-visa-section-04-when-it-stops-being-the-right-fit-shoreline-arraial-ajuda-coastline-brazil-bg-primary.webp,the shoreline of Arraial d'Ajuda coastline in warm evening light,the shoreline of Arraial d'Ajuda coastline in warm evening light.,Background image of the shoreline of Arraial d'Ajuda coastline in warm evening light for Brazil immigration and relocation planning.
services,/services/visas/family/,Family Visa,5,section-5-consular-and-documentary-preparation,Consular And Documentary Preparation,a,assets/images/sections/services/visas/family/section-05-consular-and-documentary-preparation,family-visa-section-05-consular-and-documentary-preparation-forests-waters-madeira-porto-brazil-bg-primary.webp,/assets/images/sections/services/visas/family/section-05-consular-and-documentary-preparation/family-visa-section-05-consular-and-documentary-preparation-forests-waters-madeira-porto-brazil-bg-primary.webp,the forests and waters of Madeira river in Porto Velho,the forests and waters of Madeira river in Porto Velho.,Background image of the forests and waters of Madeira river in Porto Velho for Brazil immigration and relocation planning.
services,/services/visas/family/,Family Visa,6,section-6-common-mistakes-before-travel-or-filing,Common Mistakes Before Travel Or Filing,a,assets/images/sections/services/visas/family/section-06-common-mistakes-before-travel-or-filing,family-visa-section-06-common-mistakes-before-travel-or-filing-petropolis-imperial-museum-district-brazil-bg-primary.webp,/assets/images/sections/services/visas/family/section-06-common-mistakes-before-travel-or-filing/family-visa-section-06-common-mistakes-before-travel-or-filing-petropolis-imperial-museum-district-brazil-bg-primary.webp,Petropolis and the imperial museum district,Petropolis and the imperial museum district.,Background image of Petropolis and the imperial museum district for Brazil immigration and relocation planning.
services,/services/visas/family/,Family Visa,7,section-7-how-we-prepare-the-case,How We Prepare The Case,a,assets/images/sections/services/visas/family/section-07-how-we-prepare-the-case,family-visa-section-07-how-we-prepare-the-case-sunrise-chapada-diamantina-bahia-brazil-bg-primary.webp,/assets/images/sections/services/visas/family/section-07-how-we-prepare-the-case/family-visa-section-07-how-we-prepare-the-case-sunrise-chapada-diamantina-bahia-brazil-bg-primary.webp,the sunrise landscape of Chapada Diamantina,the sunrise landscape of Chapada Diamantina.,Background image of the sunrise landscape of Chapada Diamantina for Brazil immigration and relocation planning.
services,/services/visas/family/,Family Visa,8,section-8-cross-border-and-language-considerations,Cross-Border And Language Considerations,a,assets/images/sections/services/visas/family/section-08-cross-border-and-language-considerations,family-visa-section-08-cross-border-and-language-considerations-coastline-water-baia-sancho-brazil-bg-primary.webp,/assets/images/sections/services/visas/family/section-08-cross-border-and-language-considerations/family-visa-section-08-cross-border-and-language-considerations-coastline-water-baia-sancho-brazil-bg-primary.webp,the wide coastline and water of Baia do Sancho in Fernando de Noronha,the wide coastline and water of Baia do Sancho in Fernando de Noronha.,Background image of the wide coastline and water of Baia do Sancho in Fernando de Noronha for Brazil immigration and relocation planning.
services,/services/visas/family/,Family Visa,9,section-9-legal-boundaries-and-practical-expectations,Legal Boundaries And Practical Expectations,a,assets/images/sections/services/visas/family/section-09-legal-boundaries-and-practical-expectations,family-visa-section-09-legal-boundaries-and-practical-expectations-streets-sanctuary-congonhas-minas-brazil-bg-primary.webp,/assets/images/sections/services/visas/family/section-09-legal-boundaries-and-practical-expectations/family-visa-section-09-legal-boundaries-and-practical-expectations-streets-sanctuary-congonhas-minas-brazil-bg-primary.webp,the architecture and streets of Sanctuary of Congonhas,the architecture and streets of Sanctuary of Congonhas.,Background image of the architecture and streets of Sanctuary of Congonhas for Brazil immigration and relocation planning.
services,/services/visas/family/,Family Visa,10,section-10-what-the-next-step-should-be,What The Next Step Should Be,a,assets/images/sections/services/visas/family/section-10-what-the-next-step-should-be,family-visa-section-10-what-the-next-step-should-be-natural-iguazu-iguacu-southern-brazil-bg-primary.webp,/assets/images/sections/services/visas/family/section-10-what-the-next-step-should-be/family-visa-section-10-what-the-next-step-should-be-natural-iguazu-iguacu-southern-brazil-bg-primary.webp,the wide natural landscape of Iguazu Falls on the Brazilian side,the wide natural landscape of Iguazu Falls on the Brazilian side.,Background image of the wide natural landscape of Iguazu Falls on the Brazilian side for Brazil immigration and relocation planning.
services,/services/visas/humanitarian/,Humanitarian Visa,1,section-1-overview,Overview,a,assets/images/sections/services/visas/humanitarian/section-01-overview,humanitarian-visa-section-01-overview-arraial-ajuda-coastline-bahia-brazil-bg-primary.webp,/assets/images/sections/services/visas/humanitarian/section-01-overview/humanitarian-visa-section-01-overview-arraial-ajuda-coastline-bahia-brazil-bg-primary.webp,the coast of Arraial d'Ajuda,the coast of Arraial d'Ajuda.,Background image of the coast of Arraial d'Ajuda for Brazil immigration and relocation planning.
services,/services/visas/humanitarian/,Humanitarian Visa,2,section-2-who-this-visa-is-usually-for,Who This Visa Is Usually For,a,assets/images/sections/services/visas/humanitarian/section-02-who-this-visa-is-usually-for,humanitarian-visa-section-02-who-this-visa-is-usually-for-atlantic-coastline-around-itacare-brazil-bg-primary.webp,/assets/images/sections/services/visas/humanitarian/section-02-who-this-visa-is-usually-for/humanitarian-visa-section-02-who-this-visa-is-usually-for-atlantic-coastline-around-itacare-brazil-bg-primary.webp,the Atlantic coastline around Itacare,the Atlantic coastline around Itacare.,Background image of the Atlantic coastline around Itacare for Brazil immigration and relocation planning.
services,/services/visas/humanitarian/,Humanitarian Visa,3,section-3-what-this-route-is-meant-to-cover,What This Route Is Meant To Cover,a,assets/images/sections/services/visas/humanitarian/section-03-what-this-route-is-meant-to-cover,humanitarian-visa-section-03-what-this-route-is-meant-to-cover-beaches-peninsula-bombinhas-santa-brazil-bg-primary.webp,/assets/images/sections/services/visas/humanitarian/section-03-what-this-route-is-meant-to-cover/humanitarian-visa-section-03-what-this-route-is-meant-to-cover-beaches-peninsula-bombinhas-santa-brazil-bg-primary.webp,the beaches and peninsula of Bombinhas,the beaches and peninsula of Bombinhas.,Background image of the beaches and peninsula of Bombinhas for Brazil immigration and relocation planning.
services,/services/visas/humanitarian/,Humanitarian Visa,4,section-4-when-it-stops-being-the-right-fit,When It Stops Being The Right Fit,a,assets/images/sections/services/visas/humanitarian/section-04-when-it-stops-being-the-right-fit,humanitarian-visa-section-04-when-it-stops-being-the-right-fit-cerrado-emas-goias-central-brazil-bg-primary.webp,/assets/images/sections/services/visas/humanitarian/section-04-when-it-stops-being-the-right-fit/humanitarian-visa-section-04-when-it-stops-being-the-right-fit-cerrado-emas-goias-central-brazil-bg-primary.webp,the cerrado landscape of Emas National Park,the cerrado landscape of Emas National Park.,Background image of the cerrado landscape of Emas National Park for Brazil immigration and relocation planning.
services,/services/visas/humanitarian/,Humanitarian Visa,5,section-5-consular-and-documentary-preparation,Consular And Documentary Preparation,a,assets/images/sections/services/visas/humanitarian/section-05-consular-and-documentary-preparation,humanitarian-visa-section-05-consular-and-documentary-preparation-cultural-grounds-parque-povo-brazil-bg-primary.webp,/assets/images/sections/services/visas/humanitarian/section-05-consular-and-documentary-preparation/humanitarian-visa-section-05-consular-and-documentary-preparation-cultural-grounds-parque-povo-brazil-bg-primary.webp,the cultural grounds of Parque do Povo,the cultural grounds of Parque do Povo.,Background image of the cultural grounds of Parque do Povo for Brazil immigration and relocation planning.
services,/services/visas/humanitarian/,Humanitarian Visa,6,section-6-common-mistakes-before-travel-or-filing,Common Mistakes Before Travel Or Filing,a,assets/images/sections/services/visas/humanitarian/section-06-common-mistakes-before-travel-or-filing,humanitarian-visa-section-06-common-mistakes-before-travel-or-filing-streets-cathedral-canela-grande-brazil-bg-primary.webp,/assets/images/sections/services/visas/humanitarian/section-06-common-mistakes-before-travel-or-filing/humanitarian-visa-section-06-common-mistakes-before-travel-or-filing-streets-cathedral-canela-grande-brazil-bg-primary.webp,the architecture and streets of Cathedral of Canela,the architecture and streets of Cathedral of Canela.,Background image of the architecture and streets of Cathedral of Canela for Brazil immigration and relocation planning.
services,/services/visas/humanitarian/,Humanitarian Visa,7,section-7-how-we-prepare-the-case,How We Prepare The Case,a,assets/images/sections/services/visas/humanitarian/section-07-how-we-prepare-the-case,humanitarian-visa-section-07-how-we-prepare-the-case-cliffs-valleys-chapada-guimaraes-brazil-bg-primary.webp,/assets/images/sections/services/visas/humanitarian/section-07-how-we-prepare-the-case/humanitarian-visa-section-07-how-we-prepare-the-case-cliffs-valleys-chapada-guimaraes-brazil-bg-primary.webp,the cliffs and valleys of Chapada dos Guimaraes,the cliffs and valleys of Chapada dos Guimaraes.,Background image of the cliffs and valleys of Chapada dos Guimaraes for Brazil immigration and relocation planning.
services,/services/visas/humanitarian/,Humanitarian Visa,8,section-8-cross-border-and-language-considerations,Cross-Border And Language Considerations,a,assets/images/sections/services/visas/humanitarian/section-08-cross-border-and-language-considerations,humanitarian-visa-section-08-cross-border-and-language-considerations-streets-liberdade-district-paulo-brazil-bg-primary.webp,/assets/images/sections/services/visas/humanitarian/section-08-cross-border-and-language-considerations/humanitarian-visa-section-08-cross-border-and-language-considerations-streets-liberdade-district-paulo-brazil-bg-primary.webp,the architecture and streets of Liberdade district in Sao Paulo,the architecture and streets of Liberdade district in Sao Paulo.,Background image of the architecture and streets of Liberdade district in Sao Paulo for Brazil immigration and relocation planning.
services,/services/visas/humanitarian/,Humanitarian Visa,9,section-9-legal-boundaries-and-practical-expectations,Legal Boundaries And Practical Expectations,a,assets/images/sections/services/visas/humanitarian/section-09-legal-boundaries-and-practical-expectations,humanitarian-visa-section-09-legal-boundaries-and-practical-expectations-salvador-pelourinho-bahia-northeast-brazil-bg-primary.webp,/assets/images/sections/services/visas/humanitarian/section-09-legal-boundaries-and-practical-expectations/humanitarian-visa-section-09-legal-boundaries-and-practical-expectations-salvador-pelourinho-bahia-northeast-brazil-bg-primary.webp,Salvador,Salvador.,Background image of Salvador for Brazil immigration and relocation planning.
services,/services/visas/humanitarian/,Humanitarian Visa,10,section-10-what-the-next-step-should-be,What The Next Step Should Be,a,assets/images/sections/services/visas/humanitarian/section-10-what-the-next-step-should-be,humanitarian-visa-section-10-what-the-next-step-should-be-indigenous-nations-campo-grande-brazil-bg-primary.webp,/assets/images/sections/services/visas/humanitarian/section-10-what-the-next-step-should-be/humanitarian-visa-section-10-what-the-next-step-should-be-indigenous-nations-campo-grande-brazil-bg-primary.webp,the Park of Indigenous Nations in Campo Grande,the Park of Indigenous Nations in Campo Grande.,Background image of the Park of Indigenous Nations in Campo Grande for Brazil immigration and relocation planning.
services,/services/visas/investor/,Investor Visa,1,section-1-overview,Overview,a,assets/images/sections/services/visas/investor/section-01-overview,investor-visa-section-01-overview-streets-campos-jordao-paulo-brazil-bg-primary.webp,/assets/images/sections/services/visas/investor/section-01-overview/investor-visa-section-01-overview-streets-campos-jordao-paulo-brazil-bg-primary.webp,the architecture and streets of Campos do Jordao,the architecture and streets of Campos do Jordao.,Background image of the architecture and streets of Campos do Jordao for Brazil immigration and relocation planning.
services,/services/visas/investor/,Investor Visa,2,section-2-who-this-visa-is-usually-for,Who This Visa Is Usually For,a,assets/images/sections/services/visas/investor/section-02-who-this-visa-is-usually-for,investor-visa-section-02-who-this-visa-is-usually-for-shoreline-bombinhas-peninsula-warm-brazil-bg-primary.webp,/assets/images/sections/services/visas/investor/section-02-who-this-visa-is-usually-for/investor-visa-section-02-who-this-visa-is-usually-for-shoreline-bombinhas-peninsula-warm-brazil-bg-primary.webp,the shoreline of Bombinhas peninsula in warm evening light,the shoreline of Bombinhas peninsula in warm evening light.,Background image of the shoreline of Bombinhas peninsula in warm evening light for Brazil immigration and relocation planning.
services,/services/visas/investor/,Investor Visa,3,section-3-what-this-route-is-meant-to-cover,What This Route Is Meant To Cover,a,assets/images/sections/services/visas/investor/section-03-what-this-route-is-meant-to-cover,investor-visa-section-03-what-this-route-is-meant-to-cover-coastline-water-buzios-peninsula-brazil-bg-primary.webp,/assets/images/sections/services/visas/investor/section-03-what-this-route-is-meant-to-cover/investor-visa-section-03-what-this-route-is-meant-to-cover-coastline-water-buzios-peninsula-brazil-bg-primary.webp,the wide coastline and water of Buzios peninsula,the wide coastline and water of Buzios peninsula.,Background image of the wide coastline and water of Buzios peninsula for Brazil immigration and relocation planning.
services,/services/visas/investor/,Investor Visa,4,section-4-when-it-stops-being-the-right-fit,When It Stops Being The Right Fit,a,assets/images/sections/services/visas/investor/section-04-when-it-stops-being-the-right-fit,investor-visa-section-04-when-it-stops-being-the-right-fit-sunrise-meeting-waters-manaus-brazil-bg-primary.webp,/assets/images/sections/services/visas/investor/section-04-when-it-stops-being-the-right-fit/investor-visa-section-04-when-it-stops-being-the-right-fit-sunrise-meeting-waters-manaus-brazil-bg-primary.webp,the sunrise landscape of Meeting of the Waters in Manaus,the sunrise landscape of Meeting of the Waters in Manaus.,Background image of the sunrise landscape of Meeting of the Waters in Manaus for Brazil immigration and relocation planning.
services,/services/visas/investor/,Investor Visa,5,section-5-consular-and-documentary-preparation,Consular And Documentary Preparation,a,assets/images/sections/services/visas/investor/section-05-consular-and-documentary-preparation,investor-visa-section-05-consular-and-documentary-preparation-rock-formations-parks-serra-brazil-bg-primary.webp,/assets/images/sections/services/visas/investor/section-05-consular-and-documentary-preparation/investor-visa-section-05-consular-and-documentary-preparation-rock-formations-parks-serra-brazil-bg-primary.webp,the rock formations and parks of Serra da Capivara,the rock formations and parks of Serra da Capivara.,Background image of the rock formations and parks of Serra da Capivara for Brazil immigration and relocation planning.
services,/services/visas/investor/,Investor Visa,6,section-6-common-mistakes-before-travel-or-filing,Common Mistakes Before Travel Or Filing,a,assets/images/sections/services/visas/investor/section-06-common-mistakes-before-travel-or-filing,investor-visa-section-06-common-mistakes-before-travel-or-filing-road-serra-rastro-santa-brazil-bg-primary.webp,/assets/images/sections/services/visas/investor/section-06-common-mistakes-before-travel-or-filing/investor-visa-section-06-common-mistakes-before-travel-or-filing-road-serra-rastro-santa-brazil-bg-primary.webp,the mountain road of Serra do Rio do Rastro,the mountain road of Serra do Rio do Rastro.,Background image of the mountain road of Serra do Rio do Rastro for Brazil immigration and relocation planning.
services,/services/visas/investor/,Investor Visa,7,section-7-how-we-prepare-the-case,How We Prepare The Case,a,assets/images/sections/services/visas/investor/section-07-how-we-prepare-the-case,investor-visa-section-07-how-we-prepare-the-case-lencois-maranhenses-maranhao-sand-brazil-bg-primary.webp,/assets/images/sections/services/visas/investor/section-07-how-we-prepare-the-case/investor-visa-section-07-how-we-prepare-the-case-lencois-maranhenses-maranhao-sand-brazil-bg-primary.webp,Lençois Maranhenses,Lençois Maranhenses.,Background image of Lençois Maranhenses for Brazil immigration and relocation planning.
services,/services/visas/investor/,Investor Visa,8,section-8-cross-border-and-language-considerations,Cross-Border And Language Considerations,a,assets/images/sections/services/visas/investor/section-08-cross-border-and-language-considerations,investor-visa-section-08-cross-border-and-language-considerations-coastline-rosa-santa-catarina-brazil-bg-primary.webp,/assets/images/sections/services/visas/investor/section-08-cross-border-and-language-considerations/investor-visa-section-08-cross-border-and-language-considerations-coastline-rosa-santa-catarina-brazil-bg-primary.webp,the bay and coastline of Praia do Rosa,the bay and coastline of Praia do Rosa.,Background image of the bay and coastline of Praia do Rosa for Brazil immigration and relocation planning.
services,/services/visas/investor/,Investor Visa,9,section-9-legal-boundaries-and-practical-expectations,Legal Boundaries And Practical Expectations,a,assets/images/sections/services/visas/investor/section-09-legal-boundaries-and-practical-expectations,investor-visa-section-09-legal-boundaries-and-practical-expectations-canyons-lake-scenery-capitolio-brazil-bg-primary.webp,/assets/images/sections/services/visas/investor/section-09-legal-boundaries-and-practical-expectations/investor-visa-section-09-legal-boundaries-and-practical-expectations-canyons-lake-scenery-capitolio-brazil-bg-primary.webp,the canyons and lake scenery of Capitolio,the canyons and lake scenery of Capitolio.,Background image of the canyons and lake scenery of Capitolio for Brazil immigration and relocation planning.
services,/services/visas/investor/,Investor Visa,10,section-10-what-the-next-step-should-be,What The Next Step Should Be,a,assets/images/sections/services/visas/investor/section-10-what-the-next-step-should-be,investor-visa-section-10-what-the-next-step-should-be-natural-emas-goias-cerrado-brazil-bg-primary.webp,/assets/images/sections/services/visas/investor/section-10-what-the-next-step-should-be/investor-visa-section-10-what-the-next-step-should-be-natural-emas-goias-cerrado-brazil-bg-primary.webp,the wide natural landscape of Emas National Park,the wide natural landscape of Emas National Park.,Background image of the wide natural landscape of Emas National Park for Brazil immigration and relocation planning.
services,/services/visas/journalist/,Journalist Visa,1,section-1-overview,Overview,a,assets/images/sections/services/visas/journalist/section-01-overview,journalist-visa-section-01-overview-beachfront-museum-contemporary-niteroi-brazil-bg-primary.webp,/assets/images/sections/services/visas/journalist/section-01-overview/journalist-visa-section-01-overview-beachfront-museum-contemporary-niteroi-brazil-bg-primary.webp,the beachfront and sea of Museum of Contemporary Art in Niteroi,the beachfront and sea of Museum of Contemporary Art in Niteroi.,Background image of the beachfront and sea of Museum of Contemporary Art in Niteroi for Brazil immigration and relocation planning.
services,/services/visas/journalist/,Journalist Visa,2,section-2-who-this-visa-is-usually-for,Who This Visa Is Usually For,a,assets/images/sections/services/visas/journalist/section-02-who-this-visa-is-usually-for,journalist-visa-section-02-who-this-visa-is-usually-for-coastline-water-cliffs-canoa-brazil-bg-primary.webp,/assets/images/sections/services/visas/journalist/section-02-who-this-visa-is-usually-for/journalist-visa-section-02-who-this-visa-is-usually-for-coastline-water-cliffs-canoa-brazil-bg-primary.webp,the wide coastline and water of Cliffs of Canoa Quebrada,the wide coastline and water of Cliffs of Canoa Quebrada.,Background image of the wide coastline and water of Cliffs of Canoa Quebrada for Brazil immigration and relocation planning.
services,/services/visas/journalist/,Journalist Visa,3,section-3-what-this-route-is-meant-to-cover,What This Route Is Meant To Cover,a,assets/images/sections/services/visas/journalist/section-03-what-this-route-is-meant-to-cover,journalist-visa-section-03-what-this-route-is-meant-to-cover-coastline-water-pajucara-waterfront-brazil-bg-primary.webp,/assets/images/sections/services/visas/journalist/section-03-what-this-route-is-meant-to-cover/journalist-visa-section-03-what-this-route-is-meant-to-cover-coastline-water-pajucara-waterfront-brazil-bg-primary.webp,the wide coastline and water of Pajucara waterfront in Maceio,the wide coastline and water of Pajucara waterfront in Maceio.,Background image of the wide coastline and water of Pajucara waterfront in Maceio for Brazil immigration and relocation planning.
services,/services/visas/journalist/,Journalist Visa,4,section-4-when-it-stops-being-the-right-fit,When It Stops Being The Right Fit,a,assets/images/sections/services/visas/journalist/section-04-when-it-stops-being-the-right-fit,journalist-visa-section-04-when-it-stops-being-the-right-fit-janeiro-skyline-sugarloaf-guanabara-brazil-bg-primary.webp,/assets/images/sections/services/visas/journalist/section-04-when-it-stops-being-the-right-fit/journalist-visa-section-04-when-it-stops-being-the-right-fit-janeiro-skyline-sugarloaf-guanabara-brazil-bg-primary.webp,Rio de Janeiro,Rio de Janeiro.,Background image of Rio de Janeiro for Brazil immigration and relocation planning.
services,/services/visas/journalist/,Journalist Visa,5,section-5-consular-and-documentary-preparation,Consular And Documentary Preparation,a,assets/images/sections/services/visas/journalist/section-05-consular-and-documentary-preparation,journalist-visa-section-05-consular-and-documentary-preparation-sunrise-aparados-serra-canyons-brazil-bg-primary.webp,/assets/images/sections/services/visas/journalist/section-05-consular-and-documentary-preparation/journalist-visa-section-05-consular-and-documentary-preparation-sunrise-aparados-serra-canyons-brazil-bg-primary.webp,the sunrise landscape of Aparados da Serra,the sunrise landscape of Aparados da Serra.,Background image of the sunrise landscape of Aparados da Serra for Brazil immigration and relocation planning.
services,/services/visas/journalist/,Journalist Visa,6,section-6-common-mistakes-before-travel-or-filing,Common Mistakes Before Travel Or Filing,a,assets/images/sections/services/visas/journalist/section-06-common-mistakes-before-travel-or-filing,journalist-visa-section-06-common-mistakes-before-travel-or-filing-mission-ruins-miguel-missoes-brazil-bg-primary.webp,/assets/images/sections/services/visas/journalist/section-06-common-mistakes-before-travel-or-filing/journalist-visa-section-06-common-mistakes-before-travel-or-filing-mission-ruins-miguel-missoes-brazil-bg-primary.webp,the mission ruins of Sao Miguel das Missoes,the mission ruins of Sao Miguel das Missoes.,Background image of the mission ruins of Sao Miguel das Missoes for Brazil immigration and relocation planning.
services,/services/visas/journalist/,Journalist Visa,7,section-7-how-we-prepare-the-case,How We Prepare The Case,a,assets/images/sections/services/visas/journalist/section-07-how-we-prepare-the-case,journalist-visa-section-07-how-we-prepare-the-case-forests-waters-tapajos-santarem-brazil-bg-primary.webp,/assets/images/sections/services/visas/journalist/section-07-how-we-prepare-the-case/journalist-visa-section-07-how-we-prepare-the-case-forests-waters-tapajos-santarem-brazil-bg-primary.webp,the forests and waters of Tapajos river in Santarem,the forests and waters of Tapajos river in Santarem.,Background image of the forests and waters of Tapajos river in Santarem for Brazil immigration and relocation planning.
services,/services/visas/journalist/,Journalist Visa,8,section-8-cross-border-and-language-considerations,Cross-Border And Language Considerations,a,assets/images/sections/services/visas/journalist/section-08-cross-border-and-language-considerations,journalist-visa-section-08-cross-border-and-language-considerations-trails-cliffs-ibitipoca-minas-brazil-bg-primary.webp,/assets/images/sections/services/visas/journalist/section-08-cross-border-and-language-considerations/journalist-visa-section-08-cross-border-and-language-considerations-trails-cliffs-ibitipoca-minas-brazil-bg-primary.webp,the trails and cliffs of Ibitipoca,the trails and cliffs of Ibitipoca.,Background image of the trails and cliffs of Ibitipoca for Brazil immigration and relocation planning.
services,/services/visas/journalist/,Journalist Visa,9,section-9-legal-boundaries-and-practical-expectations,Legal Boundaries And Practical Expectations,a,assets/images/sections/services/visas/journalist/section-09-legal-boundaries-and-practical-expectations,journalist-visa-section-09-legal-boundaries-and-practical-expectations-face-monte-roraima-northern-brazil-bg-primary.webp,/assets/images/sections/services/visas/journalist/section-09-legal-boundaries-and-practical-expectations/journalist-visa-section-09-legal-boundaries-and-practical-expectations-face-monte-roraima-northern-brazil-bg-primary.webp,the Brazilian face of Monte Roraima,the Brazilian face of Monte Roraima.,Background image of the Brazilian face of Monte Roraima for Brazil immigration and relocation planning.
services,/services/visas/journalist/,Journalist Visa,10,section-10-what-the-next-step-should-be,What The Next Step Should Be,a,assets/images/sections/services/visas/journalist/section-10-what-the-next-step-should-be,journalist-visa-section-10-what-the-next-step-should-be-sunrise-marajo-island-riverfront-brazil-bg-primary.webp,/assets/images/sections/services/visas/journalist/section-10-what-the-next-step-should-be/journalist-visa-section-10-what-the-next-step-should-be-sunrise-marajo-island-riverfront-brazil-bg-primary.webp,the sunrise landscape of Marajo Island riverfront,the sunrise landscape of Marajo Island riverfront.,Background image of the sunrise landscape of Marajo Island riverfront for Brazil immigration and relocation planning.
services,/services/visas/medical/,Medical Visa,1,section-1-overview,Overview,a,assets/images/sections/services/visas/medical/section-01-overview,medical-visa-section-01-overview-miguel-milagres-alagoas-northeast-brazil-bg-primary.webp,/assets/images/sections/services/visas/medical/section-01-overview/medical-visa-section-01-overview-miguel-milagres-alagoas-northeast-brazil-bg-primary.webp,the coast of Sao Miguel dos Milagres,the coast of Sao Miguel dos Milagres.,Background image of the coast of Sao Miguel dos Milagres for Brazil immigration and relocation planning.
services,/services/visas/medical/,Medical Visa,2,section-2-who-this-visa-is-usually-for,Who This Visa Is Usually For,a,assets/images/sections/services/visas/medical/section-02-who-this-visa-is-usually-for,medical-visa-section-02-who-this-visa-is-usually-for-baia-sancho-fernando-noronha-brazil-bg-primary.webp,/assets/images/sections/services/visas/medical/section-02-who-this-visa-is-usually-for/medical-visa-section-02-who-this-visa-is-usually-for-baia-sancho-fernando-noronha-brazil-bg-primary.webp,Baia do Sancho in Fernando de Noronha,Baia do Sancho in Fernando de Noronha.,Background image of Baia do Sancho in Fernando de Noronha for Brazil immigration and relocation planning.
services,/services/visas/medical/,Medical Visa,3,section-3-what-this-route-is-meant-to-cover,What This Route Is Meant To Cover,a,assets/images/sections/services/visas/medical/section-03-what-this-route-is-meant-to-cover,medical-visa-section-03-what-this-route-is-meant-to-cover-beachfront-orla-atalaia-aracaju-brazil-bg-primary.webp,/assets/images/sections/services/visas/medical/section-03-what-this-route-is-meant-to-cover/medical-visa-section-03-what-this-route-is-meant-to-cover-beachfront-orla-atalaia-aracaju-brazil-bg-primary.webp,the beachfront and sea of Orla de Atalaia in Aracaju,the beachfront and sea of Orla de Atalaia in Aracaju.,Background image of the beachfront and sea of Orla de Atalaia in Aracaju for Brazil immigration and relocation planning.
services,/services/visas/medical/,Medical Visa,4,section-4-when-it-stops-being-the-right-fit,When It Stops Being The Right Fit,a,assets/images/sections/services/visas/medical/section-04-when-it-stops-being-the-right-fit,medical-visa-section-04-when-it-stops-being-the-right-fit-pantanal-mato-grosso-central-brazil-bg-primary.webp,/assets/images/sections/services/visas/medical/section-04-when-it-stops-being-the-right-fit/medical-visa-section-04-when-it-stops-being-the-right-fit-pantanal-mato-grosso-central-brazil-bg-primary.webp,Pantanal,Pantanal.,Background image of Pantanal for Brazil immigration and relocation planning.
services,/services/visas/medical/,Medical Visa,5,section-5-consular-and-documentary-preparation,Consular And Documentary Preparation,a,assets/images/sections/services/visas/medical/section-05-consular-and-documentary-preparation,medical-visa-section-05-consular-and-documentary-preparation-riverfront-landscapes-marajo-island-brazil-bg-primary.webp,/assets/images/sections/services/visas/medical/section-05-consular-and-documentary-preparation/medical-visa-section-05-consular-and-documentary-preparation-riverfront-landscapes-marajo-island-brazil-bg-primary.webp,the riverfront landscapes of Marajo Island,the riverfront landscapes of Marajo Island.,Background image of the riverfront landscapes of Marajo Island for Brazil immigration and relocation planning.
services,/services/visas/medical/,Medical Visa,6,section-6-common-mistakes-before-travel-or-filing,Common Mistakes Before Travel Or Filing,a,assets/images/sections/services/visas/medical/section-06-common-mistakes-before-travel-or-filing,medical-visa-section-06-common-mistakes-before-travel-or-filing-sanctuary-sculptures-congonhas-minas-brazil-bg-primary.webp,/assets/images/sections/services/visas/medical/section-06-common-mistakes-before-travel-or-filing/medical-visa-section-06-common-mistakes-before-travel-or-filing-sanctuary-sculptures-congonhas-minas-brazil-bg-primary.webp,the sanctuary and sculptures of Congonhas,the sanctuary and sculptures of Congonhas.,Background image of the sanctuary and sculptures of Congonhas for Brazil immigration and relocation planning.
services,/services/visas/medical/,Medical Visa,7,section-7-how-we-prepare-the-case,How We Prepare The Case,a,assets/images/sections/services/visas/medical/section-07-how-we-prepare-the-case,medical-visa-section-07-how-we-prepare-the-case-gardens-contemporary-pavilions-inhotim-brazil-bg-primary.webp,/assets/images/sections/services/visas/medical/section-07-how-we-prepare-the-case/medical-visa-section-07-how-we-prepare-the-case-gardens-contemporary-pavilions-inhotim-brazil-bg-primary.webp,the gardens and contemporary art pavilions of Inhotim,the gardens and contemporary art pavilions of Inhotim.,Background image of the gardens and contemporary art pavilions of Inhotim for Brazil immigration and relocation planning.
services,/services/visas/medical/,Medical Visa,8,section-8-cross-border-and-language-considerations,Cross-Border And Language Considerations,a,assets/images/sections/services/visas/medical/section-08-cross-border-and-language-considerations,medical-visa-section-08-cross-border-and-language-considerations-highland-views-morro-igreja-brazil-bg-primary.webp,/assets/images/sections/services/visas/medical/section-08-cross-border-and-language-considerations/medical-visa-section-08-cross-border-and-language-considerations-highland-views-morro-igreja-brazil-bg-primary.webp,the highland views from Morro da Igreja,the highland views from Morro da Igreja.,Background image of the highland views from Morro da Igreja for Brazil immigration and relocation planning.
services,/services/visas/medical/,Medical Visa,9,section-9-legal-boundaries-and-practical-expectations,Legal Boundaries And Practical Expectations,a,assets/images/sections/services/visas/medical/section-09-legal-boundaries-and-practical-expectations,medical-visa-section-09-legal-boundaries-and-practical-expectations-museum-tomorrow-janeiro-port-brazil-bg-primary.webp,/assets/images/sections/services/visas/medical/section-09-legal-boundaries-and-practical-expectations/medical-visa-section-09-legal-boundaries-and-practical-expectations-museum-tomorrow-janeiro-port-brazil-bg-primary.webp,the urban panorama of Museum of Tomorrow in Rio de Janeiro,the urban panorama of Museum of Tomorrow in Rio de Janeiro.,Background image of the urban panorama of Museum of Tomorrow in Rio de Janeiro for Brazil immigration and relocation planning.
services,/services/visas/medical/,Medical Visa,10,section-10-what-the-next-step-should-be,What The Next Step Should Be,a,assets/images/sections/services/visas/medical/section-10-what-the-next-step-should-be,medical-visa-section-10-what-the-next-step-should-be-natural-orla-taumanan-roraima-brazil-bg-primary.webp,/assets/images/sections/services/visas/medical/section-10-what-the-next-step-should-be/medical-visa-section-10-what-the-next-step-should-be-natural-orla-taumanan-roraima-brazil-bg-primary.webp,the wide natural landscape of Orla Taumanan in Boa Vista,the wide natural landscape of Orla Taumanan in Boa Vista.,Background image of the wide natural landscape of Orla Taumanan in Boa Vista for Brazil immigration and relocation planning.
services,/services/visas/nomad/,Nomad Visa,1,section-1-overview,Overview,a,assets/images/sections/services/visas/nomad/section-01-overview,nomad-visa-section-01-overview-clear-springs-jalapao-fervedouro-brazil-bg-primary.webp,/assets/images/sections/services/visas/nomad/section-01-overview/nomad-visa-section-01-overview-clear-springs-jalapao-fervedouro-brazil-bg-primary.webp,the clear springs of Jalapao,the clear springs of Jalapao.,Background image of the clear springs of Jalapao for Brazil immigration and relocation planning.
services,/services/visas/nomad/,Nomad Visa,2,section-2-who-this-visa-is-usually-for,Who This Visa Is Usually For,b,assets/images/sections/services/visas/nomad/section-02-who-this-visa-is-usually-for,nomad-visa-section-02-who-this-visa-is-usually-for-shoreline-santos-waterfront-warm-brazil-bg-alternate.webp,/assets/images/sections/services/visas/nomad/section-02-who-this-visa-is-usually-for/nomad-visa-section-02-who-this-visa-is-usually-for-shoreline-santos-waterfront-warm-brazil-bg-alternate.webp,the shoreline of Santos waterfront in warm evening light,the shoreline of Santos waterfront in warm evening light.,Background image of the shoreline of Santos waterfront in warm evening light for Brazil immigration and relocation planning.
services,/services/visas/nomad/,Nomad Visa,3,section-3-what-this-route-is-meant-to-cover,What This Route Is Meant To Cover,a,assets/images/sections/services/visas/nomad/section-03-what-this-route-is-meant-to-cover,nomad-visa-section-03-what-this-route-is-meant-to-cover-cabo-branco-seafront-joao-brazil-bg-primary.webp,/assets/images/sections/services/visas/nomad/section-03-what-this-route-is-meant-to-cover/nomad-visa-section-03-what-this-route-is-meant-to-cover-cabo-branco-seafront-joao-brazil-bg-primary.webp,the Cabo Branco seafront in Joao Pessoa,the Cabo Branco seafront in Joao Pessoa.,Background image of the Cabo Branco seafront in Joao Pessoa for Brazil immigration and relocation planning.
services,/services/visas/nomad/,Nomad Visa,4,section-4-when-it-stops-being-the-right-fit,When It Stops Being The Right Fit,a,assets/images/sections/services/visas/nomad/section-04-when-it-stops-being-the-right-fit,nomad-visa-section-04-when-it-stops-being-the-right-fit-ipanema-dois-irmaos-janeiro-brazil-bg-primary.webp,/assets/images/sections/services/visas/nomad/section-04-when-it-stops-being-the-right-fit/nomad-visa-section-04-when-it-stops-being-the-right-fit-ipanema-dois-irmaos-janeiro-brazil-bg-primary.webp,Ipanema beach with Dois Irmaos in the background,Ipanema beach with Dois Irmaos in the background.,Background image of Ipanema beach with Dois Irmaos in the background for Brazil immigration and relocation planning.
services,/services/visas/nomad/,Nomad Visa,5,section-5-consular-and-documentary-preparation,Consular And Documentary Preparation,a,assets/images/sections/services/visas/nomad/section-05-consular-and-documentary-preparation,nomad-visa-section-05-consular-and-documentary-preparation-sunrise-chapada-diamantina-bahia-brazil-bg-primary.webp,/assets/images/sections/services/visas/nomad/section-05-consular-and-documentary-preparation/nomad-visa-section-05-consular-and-documentary-preparation-sunrise-chapada-diamantina-bahia-brazil-bg-primary.webp,the sunrise landscape of Chapada Diamantina,the sunrise landscape of Chapada Diamantina.,Background image of the sunrise landscape of Chapada Diamantina for Brazil immigration and relocation planning.
services,/services/visas/nomad/,Nomad Visa,6,section-6-common-mistakes-before-travel-or-filing,Common Mistakes Before Travel Or Filing,a,assets/images/sections/services/visas/nomad/section-06-common-mistakes-before-travel-or-filing,nomad-visa-section-06-common-mistakes-before-travel-or-filing-petropolis-imperial-museum-district-brazil-bg-primary.webp,/assets/images/sections/services/visas/nomad/section-06-common-mistakes-before-travel-or-filing/nomad-visa-section-06-common-mistakes-before-travel-or-filing-petropolis-imperial-museum-district-brazil-bg-primary.webp,Petropolis and the imperial museum district,Petropolis and the imperial museum district.,Background image of Petropolis and the imperial museum district for Brazil immigration and relocation planning.
services,/services/visas/nomad/,Nomad Visa,7,section-7-how-we-prepare-the-case,How We Prepare The Case,a,assets/images/sections/services/visas/nomad/section-07-how-we-prepare-the-case,nomad-visa-section-07-how-we-prepare-the-case-avenida-paulista-paulo-avenue-brazil-bg-primary.webp,/assets/images/sections/services/visas/nomad/section-07-how-we-prepare-the-case/nomad-visa-section-07-how-we-prepare-the-case-avenida-paulista-paulo-avenue-brazil-bg-primary.webp,Avenida Paulista in Sao Paulo,Avenida Paulista in Sao Paulo.,Background image of Avenida Paulista in Sao Paulo for Brazil immigration and relocation planning.
services,/services/visas/nomad/,Nomad Visa,8,section-8-cross-border-and-language-considerations,Cross-Border And Language Considerations,a,assets/images/sections/services/visas/nomad/section-08-cross-border-and-language-considerations,nomad-visa-section-08-cross-border-and-language-considerations-waterfront-gardens-santos-paulo-brazil-bg-primary.webp,/assets/images/sections/services/visas/nomad/section-08-cross-border-and-language-considerations/nomad-visa-section-08-cross-border-and-language-considerations-waterfront-gardens-santos-paulo-brazil-bg-primary.webp,the waterfront and gardens of Santos,the waterfront and gardens of Santos.,Background image of the waterfront and gardens of Santos for Brazil immigration and relocation planning.
services,/services/visas/nomad/,Nomad Visa,9,section-9-legal-boundaries-and-practical-expectations,Legal Boundaries And Practical Expectations,a,assets/images/sections/services/visas/nomad/section-09-legal-boundaries-and-practical-expectations,nomad-visa-section-09-legal-boundaries-and-practical-expectations-streets-sanctuary-congonhas-minas-brazil-bg-primary.webp,/assets/images/sections/services/visas/nomad/section-09-legal-boundaries-and-practical-expectations/nomad-visa-section-09-legal-boundaries-and-practical-expectations-streets-sanctuary-congonhas-minas-brazil-bg-primary.webp,the architecture and streets of Sanctuary of Congonhas,the architecture and streets of Sanctuary of Congonhas.,Background image of the architecture and streets of Sanctuary of Congonhas for Brazil immigration and relocation planning.
services,/services/visas/nomad/,Nomad Visa,10,section-10-what-the-next-step-should-be,What The Next Step Should Be,a,assets/images/sections/services/visas/nomad/section-10-what-the-next-step-should-be,nomad-visa-section-10-what-the-next-step-should-be-natural-inhotim-brumadinho-minas-brazil-bg-primary.webp,/assets/images/sections/services/visas/nomad/section-10-what-the-next-step-should-be/nomad-visa-section-10-what-the-next-step-should-be-natural-inhotim-brumadinho-minas-brazil-bg-primary.webp,the wide natural landscape of Inhotim in Brumadinho,the wide natural landscape of Inhotim in Brumadinho.,Background image of the wide natural landscape of Inhotim in Brumadinho for Brazil immigration and relocation planning.
services,/services/visas/religious/,Religious Visa,1,section-1-overview,Overview,a,assets/images/sections/services/visas/religious/section-01-overview,religious-visa-section-01-overview-natural-botanical-garden-curitiba-brazil-bg-primary.webp,/assets/images/sections/services/visas/religious/section-01-overview/religious-visa-section-01-overview-natural-botanical-garden-curitiba-brazil-bg-primary.webp,the wide natural landscape of Botanical Garden of Curitiba,the wide natural landscape of Botanical Garden of Curitiba.,Background image of the wide natural landscape of Botanical Garden of Curitiba for Brazil immigration and relocation planning.
services,/services/visas/religious/,Religious Visa,2,section-2-who-this-visa-is-usually-for,Who This Visa Is Usually For,a,assets/images/sections/services/visas/religious/section-02-who-this-visa-is-usually-for,religious-visa-section-02-who-this-visa-is-usually-for-fortaleza-canyon-cambara-southern-brazil-bg-primary.webp,/assets/images/sections/services/visas/religious/section-02-who-this-visa-is-usually-for/religious-visa-section-02-who-this-visa-is-usually-for-fortaleza-canyon-cambara-southern-brazil-bg-primary.webp,the Fortaleza Canyon in Cambara do Sul,the Fortaleza Canyon in Cambara do Sul.,Background image of the Fortaleza Canyon in Cambara do Sul for Brazil immigration and relocation planning.
services,/services/visas/religious/,Religious Visa,3,section-3-what-this-route-is-meant-to-cover,What This Route Is Meant To Cover,a,assets/images/sections/services/visas/religious/section-03-what-this-route-is-meant-to-cover,religious-visa-section-03-what-this-route-is-meant-to-cover-coastline-water-rosa-santa-brazil-bg-primary.webp,/assets/images/sections/services/visas/religious/section-03-what-this-route-is-meant-to-cover/religious-visa-section-03-what-this-route-is-meant-to-cover-coastline-water-rosa-santa-brazil-bg-primary.webp,the wide coastline and water of Praia do Rosa,the wide coastline and water of Praia do Rosa.,Background image of the wide coastline and water of Praia do Rosa for Brazil immigration and relocation planning.
services,/services/visas/religious/,Religious Visa,4,section-4-when-it-stops-being-the-right-fit,When It Stops Being The Right Fit,a,assets/images/sections/services/visas/religious/section-04-when-it-stops-being-the-right-fit,religious-visa-section-04-when-it-stops-being-the-right-fit-niteroi-contemporary-museum-over-brazil-bg-primary.webp,/assets/images/sections/services/visas/religious/section-04-when-it-stops-being-the-right-fit/religious-visa-section-04-when-it-stops-being-the-right-fit-niteroi-contemporary-museum-over-brazil-bg-primary.webp,the Niteroi Contemporary Art Museum over Guanabara Bay,the Niteroi Contemporary Art Museum over Guanabara Bay.,Background image of the Niteroi Contemporary Art Museum over Guanabara Bay for Brazil immigration and relocation planning.
services,/services/visas/religious/,Religious Visa,5,section-5-consular-and-documentary-preparation,Consular And Documentary Preparation,a,assets/images/sections/services/visas/religious/section-05-consular-and-documentary-preparation,religious-visa-section-05-consular-and-documentary-preparation-shoreline-estacao-docas-belem-brazil-bg-primary.webp,/assets/images/sections/services/visas/religious/section-05-consular-and-documentary-preparation/religious-visa-section-05-consular-and-documentary-preparation-shoreline-estacao-docas-belem-brazil-bg-primary.webp,the shoreline of Estacao das Docas in Belem in warm evening light,the shoreline of Estacao das Docas in Belem in warm evening light.,Background image of the shoreline of Estacao das Docas in Belem in warm evening light for Brazil immigration and relocation planning.
services,/services/visas/religious/,Religious Visa,6,section-6-common-mistakes-before-travel-or-filing,Common Mistakes Before Travel Or Filing,a,assets/images/sections/services/visas/religious/section-06-common-mistakes-before-travel-or-filing,religious-visa-section-06-common-mistakes-before-travel-or-filing-streets-aguas-emendadas-ecological-brazil-bg-primary.webp,/assets/images/sections/services/visas/religious/section-06-common-mistakes-before-travel-or-filing/religious-visa-section-06-common-mistakes-before-travel-or-filing-streets-aguas-emendadas-ecological-brazil-bg-primary.webp,the architecture and streets of Aguas Emendadas ecological station,the architecture and streets of Aguas Emendadas ecological station.,Background image of the architecture and streets of Aguas Emendadas ecological station for Brazil immigration and relocation planning.
services,/services/visas/religious/,Religious Visa,7,section-7-how-we-prepare-the-case,How We Prepare The Case,a,assets/images/sections/services/visas/religious/section-07-how-we-prepare-the-case,religious-visa-section-07-how-we-prepare-the-case-sunrise-itaimbezinho-canyon-aparados-brazil-bg-primary.webp,/assets/images/sections/services/visas/religious/section-07-how-we-prepare-the-case/religious-visa-section-07-how-we-prepare-the-case-sunrise-itaimbezinho-canyon-aparados-brazil-bg-primary.webp,the sunrise landscape of Itaimbezinho canyon,the sunrise landscape of Itaimbezinho canyon.,Background image of the sunrise landscape of Itaimbezinho canyon for Brazil immigration and relocation planning.
services,/services/visas/religious/,Religious Visa,8,section-8-cross-border-and-language-considerations,Cross-Border And Language Considerations,a,assets/images/sections/services/visas/religious/section-08-cross-border-and-language-considerations,religious-visa-section-08-cross-border-and-language-considerations-manaus-amazonas-northern-mission-brazil-bg-primary.webp,/assets/images/sections/services/visas/religious/section-08-cross-border-and-language-considerations/religious-visa-section-08-cross-border-and-language-considerations-manaus-amazonas-northern-mission-brazil-bg-primary.webp,Manaus,Manaus.,Background image of Manaus for Brazil immigration and relocation planning.
services,/services/visas/religious/,Religious Visa,9,section-9-legal-boundaries-and-practical-expectations,Legal Boundaries And Practical Expectations,a,assets/images/sections/services/visas/religious/section-09-legal-boundaries-and-practical-expectations,religious-visa-section-09-legal-boundaries-and-practical-expectations-streets-facades-pirenopolis-goias-brazil-bg-primary.webp,/assets/images/sections/services/visas/religious/section-09-legal-boundaries-and-practical-expectations/religious-visa-section-09-legal-boundaries-and-practical-expectations-streets-facades-pirenopolis-goias-brazil-bg-primary.webp,the historic streets and facades of Historic center of Pirenopolis,the historic streets and facades of Historic center of Pirenopolis.,Background image of the historic streets and facades of Historic center of Pirenopolis for Brazil immigration and relocation planning.
services,/services/visas/religious/,Religious Visa,10,section-10-what-the-next-step-should-be,What The Next Step Should Be,a,assets/images/sections/services/visas/religious/section-10-what-the-next-step-should-be,religious-visa-section-10-what-the-next-step-should-be-cultural-grounds-parque-povo-brazil-bg-primary.webp,/assets/images/sections/services/visas/religious/section-10-what-the-next-step-should-be/religious-visa-section-10-what-the-next-step-should-be-cultural-grounds-parque-povo-brazil-bg-primary.webp,the cultural grounds of Parque do Povo,the cultural grounds of Parque do Povo.,Background image of the cultural grounds of Parque do Povo for Brazil immigration and relocation planning.
services,/services/visas/research/,Research Visa,1,section-1-overview,Overview,a,assets/images/sections/services/visas/research/section-01-overview,research-visa-section-01-overview-paulo-skyline-avenida-paulista-brazil-bg-primary.webp,/assets/images/sections/services/visas/research/section-01-overview/research-visa-section-01-overview-paulo-skyline-avenida-paulista-brazil-bg-primary.webp,Sao Paulo,Sao Paulo.,Background image of Sao Paulo for Brazil immigration and relocation planning.
services,/services/visas/research/,Research Visa,2,section-2-who-this-visa-is-usually-for,Who This Visa Is Usually For,a,assets/images/sections/services/visas/research/section-02-who-this-visa-is-usually-for,research-visa-section-02-who-this-visa-is-usually-for-coastline-water-itacare-bahia-brazil-bg-primary.webp,/assets/images/sections/services/visas/research/section-02-who-this-visa-is-usually-for/research-visa-section-02-who-this-visa-is-usually-for-coastline-water-itacare-bahia-brazil-bg-primary.webp,the wide coastline and water of Itacare coastline,the wide coastline and water of Itacare coastline.,Background image of the wide coastline and water of Itacare coastline for Brazil immigration and relocation planning.
services,/services/visas/research/,Research Visa,3,section-3-what-this-route-is-meant-to-cover,What This Route Is Meant To Cover,a,assets/images/sections/services/visas/research/section-03-what-this-route-is-meant-to-cover,research-visa-section-03-what-this-route-is-meant-to-cover-cliffs-shore-morro-branco-brazil-bg-primary.webp,/assets/images/sections/services/visas/research/section-03-what-this-route-is-meant-to-cover/research-visa-section-03-what-this-route-is-meant-to-cover-cliffs-shore-morro-branco-brazil-bg-primary.webp,the cliffs and shore of Morro Branco,the cliffs and shore of Morro Branco.,Background image of the cliffs and shore of Morro Branco for Brazil immigration and relocation planning.
services,/services/visas/research/,Research Visa,4,section-4-when-it-stops-being-the-right-fit,When It Stops Being The Right Fit,a,assets/images/sections/services/visas/research/section-04-when-it-stops-being-the-right-fit,research-visa-section-04-when-it-stops-being-the-right-fit-ponta-negra-riverfront-manaus-brazil-bg-primary.webp,/assets/images/sections/services/visas/research/section-04-when-it-stops-being-the-right-fit/research-visa-section-04-when-it-stops-being-the-right-fit-ponta-negra-riverfront-manaus-brazil-bg-primary.webp,the Ponta Negra riverfront in Manaus,the Ponta Negra riverfront in Manaus.,Background image of the Ponta Negra riverfront in Manaus for Brazil immigration and relocation planning.
services,/services/visas/research/,Research Visa,5,section-5-consular-and-documentary-preparation,Consular And Documentary Preparation,a,assets/images/sections/services/visas/research/section-05-consular-and-documentary-preparation,research-visa-section-05-consular-and-documentary-preparation-sunrise-marajo-island-riverfront-brazil-bg-primary.webp,/assets/images/sections/services/visas/research/section-05-consular-and-documentary-preparation/research-visa-section-05-consular-and-documentary-preparation-sunrise-marajo-island-riverfront-brazil-bg-primary.webp,the sunrise landscape of Marajo Island riverfront,the sunrise landscape of Marajo Island riverfront.,Background image of the sunrise landscape of Marajo Island riverfront for Brazil immigration and relocation planning.
services,/services/visas/research/,Research Visa,6,section-6-common-mistakes-before-travel-or-filing,Common Mistakes Before Travel Or Filing,a,assets/images/sections/services/visas/research/section-06-common-mistakes-before-travel-or-filing,research-visa-section-06-common-mistakes-before-travel-or-filing-cathedral-brasilia-modern-central-brazil-bg-primary.webp,/assets/images/sections/services/visas/research/section-06-common-mistakes-before-travel-or-filing/research-visa-section-06-common-mistakes-before-travel-or-filing-cathedral-brasilia-modern-central-brazil-bg-primary.webp,the Cathedral of Brasilia,the Cathedral of Brasilia.,Background image of the Cathedral of Brasilia for Brazil immigration and relocation planning.
services,/services/visas/research/,Research Visa,7,section-7-how-we-prepare-the-case,How We Prepare The Case,a,assets/images/sections/services/visas/research/section-07-how-we-prepare-the-case,research-visa-section-07-how-we-prepare-the-case-forests-waters-madeira-porto-brazil-bg-primary.webp,/assets/images/sections/services/visas/research/section-07-how-we-prepare-the-case/research-visa-section-07-how-we-prepare-the-case-forests-waters-madeira-porto-brazil-bg-primary.webp,the forests and waters of Madeira river in Porto Velho,the forests and waters of Madeira river in Porto Velho.,Background image of the forests and waters of Madeira river in Porto Velho for Brazil immigration and relocation planning.
services,/services/visas/research/,Research Visa,8,section-8-cross-border-and-language-considerations,Cross-Border And Language Considerations,a,assets/images/sections/services/visas/research/section-08-cross-border-and-language-considerations,research-visa-section-08-cross-border-and-language-considerations-town-campos-jordao-paulo-brazil-bg-primary.webp,/assets/images/sections/services/visas/research/section-08-cross-border-and-language-considerations/research-visa-section-08-cross-border-and-language-considerations-town-campos-jordao-paulo-brazil-bg-primary.webp,the mountain town of Campos do Jordao,the mountain town of Campos do Jordao.,Background image of the mountain town of Campos do Jordao for Brazil immigration and relocation planning.
services,/services/visas/research/,Research Visa,9,section-9-legal-boundaries-and-practical-expectations,Legal Boundaries And Practical Expectations,a,assets/images/sections/services/visas/research/section-09-legal-boundaries-and-practical-expectations,research-visa-section-09-legal-boundaries-and-practical-expectations-canyons-lake-scenery-capitolio-brazil-bg-primary.webp,/assets/images/sections/services/visas/research/section-09-legal-boundaries-and-practical-expectations/research-visa-section-09-legal-boundaries-and-practical-expectations-canyons-lake-scenery-capitolio-brazil-bg-primary.webp,the canyons and lake scenery of Capitolio,the canyons and lake scenery of Capitolio.,Background image of the canyons and lake scenery of Capitolio for Brazil immigration and relocation planning.
services,/services/visas/research/,Research Visa,10,section-10-what-the-next-step-should-be,What The Next Step Should Be,a,assets/images/sections/services/visas/research/section-10-what-the-next-step-should-be,research-visa-section-10-what-the-next-step-should-be-natural-iguazu-iguacu-southern-brazil-bg-primary.webp,/assets/images/sections/services/visas/research/section-10-what-the-next-step-should-be/research-visa-section-10-what-the-next-step-should-be-natural-iguazu-iguacu-southern-brazil-bg-primary.webp,the wide natural landscape of Iguazu Falls on the Brazilian side,the wide natural landscape of Iguazu Falls on the Brazilian side.,Background image of the wide natural landscape of Iguazu Falls on the Brazilian side for Brazil immigration and relocation planning.
services,/services/visas/retiree/,Retiree Visa,1,section-1-overview,Overview,a,assets/images/sections/services/visas/retiree/section-01-overview,retiree-visa-section-01-overview-canyons-aparados-serra-southern-brazil-bg-primary.webp,/assets/images/sections/services/visas/retiree/section-01-overview/retiree-visa-section-01-overview-canyons-aparados-serra-southern-brazil-bg-primary.webp,the canyons of Aparados da Serra,the canyons of Aparados da Serra.,Background image of the canyons of Aparados da Serra for Brazil immigration and relocation planning.
services,/services/visas/retiree/,Retiree Visa,2,section-2-who-this-visa-is-usually-for,Who This Visa Is Usually For,a,assets/images/sections/services/visas/retiree/section-02-who-this-visa-is-usually-for,retiree-visa-section-02-who-this-visa-is-usually-for-coastline-water-miguel-milagres-brazil-bg-primary.webp,/assets/images/sections/services/visas/retiree/section-02-who-this-visa-is-usually-for/retiree-visa-section-02-who-this-visa-is-usually-for-coastline-water-miguel-milagres-brazil-bg-primary.webp,the wide coastline and water of Sao Miguel dos Milagres,the wide coastline and water of Sao Miguel dos Milagres.,Background image of the wide coastline and water of Sao Miguel dos Milagres for Brazil immigration and relocation planning.
services,/services/visas/retiree/,Retiree Visa,3,section-3-what-this-route-is-meant-to-cover,What This Route Is Meant To Cover,a,assets/images/sections/services/visas/retiree/section-03-what-this-route-is-meant-to-cover,retiree-visa-section-03-what-this-route-is-meant-to-cover-sunrise-chapada-guimaraes-mato-brazil-bg-primary.webp,/assets/images/sections/services/visas/retiree/section-03-what-this-route-is-meant-to-cover/retiree-visa-section-03-what-this-route-is-meant-to-cover-sunrise-chapada-guimaraes-mato-brazil-bg-primary.webp,the sunrise landscape of Chapada dos Guimaraes,the sunrise landscape of Chapada dos Guimaraes.,Background image of the sunrise landscape of Chapada dos Guimaraes for Brazil immigration and relocation planning.
services,/services/visas/retiree/,Retiree Visa,4,section-4-when-it-stops-being-the-right-fit,When It Stops Being The Right Fit,a,assets/images/sections/services/visas/retiree/section-04-when-it-stops-being-the-right-fit,retiree-visa-section-04-when-it-stops-being-the-right-fit-pantanal-mato-grosso-central-brazil-bg-primary.webp,/assets/images/sections/services/visas/retiree/section-04-when-it-stops-being-the-right-fit/retiree-visa-section-04-when-it-stops-being-the-right-fit-pantanal-mato-grosso-central-brazil-bg-primary.webp,Pantanal,Pantanal.,Background image of Pantanal for Brazil immigration and relocation planning.
services,/services/visas/retiree/,Retiree Visa,5,section-5-consular-and-documentary-preparation,Consular And Documentary Preparation,a,assets/images/sections/services/visas/retiree/section-05-consular-and-documentary-preparation,retiree-visa-section-05-consular-and-documentary-preparation-forests-waters-amazon-northern-brazil-bg-primary.webp,/assets/images/sections/services/visas/retiree/section-05-consular-and-documentary-preparation/retiree-visa-section-05-consular-and-documentary-preparation-forests-waters-amazon-northern-brazil-bg-primary.webp,the forests and waters of Amazon river basin,the forests and waters of Amazon river basin.,Background image of the forests and waters of Amazon river basin for Brazil immigration and relocation planning.
services,/services/visas/retiree/,Retiree Visa,6,section-6-common-mistakes-before-travel-or-filing,Common Mistakes Before Travel Or Filing,a,assets/images/sections/services/visas/retiree/section-06-common-mistakes-before-travel-or-filing,retiree-visa-section-06-common-mistakes-before-travel-or-filing-streets-cathedral-canela-grande-brazil-bg-primary.webp,/assets/images/sections/services/visas/retiree/section-06-common-mistakes-before-travel-or-filing/retiree-visa-section-06-common-mistakes-before-travel-or-filing-streets-cathedral-canela-grande-brazil-bg-primary.webp,the architecture and streets of Cathedral of Canela,the architecture and streets of Cathedral of Canela.,Background image of the architecture and streets of Cathedral of Canela for Brazil immigration and relocation planning.
services,/services/visas/retiree/,Retiree Visa,7,section-7-how-we-prepare-the-case,How We Prepare The Case,a,assets/images/sections/services/visas/retiree/section-07-how-we-prepare-the-case,retiree-visa-section-07-how-we-prepare-the-case-iguazu-iguacu-southern-economy-brazil-bg-primary.webp,/assets/images/sections/services/visas/retiree/section-07-how-we-prepare-the-case/retiree-visa-section-07-how-we-prepare-the-case-iguazu-iguacu-southern-economy-brazil-bg-primary.webp,Iguazu Falls,Iguazu Falls.,Background image of Iguazu Falls for Brazil immigration and relocation planning.
services,/services/visas/retiree/,Retiree Visa,8,section-8-cross-border-and-language-considerations,Cross-Border And Language Considerations,a,assets/images/sections/services/visas/retiree/section-08-cross-border-and-language-considerations,retiree-visa-section-08-cross-border-and-language-considerations-coastline-water-carneiros-pernambuco-brazil-bg-primary.webp,/assets/images/sections/services/visas/retiree/section-08-cross-border-and-language-considerations/retiree-visa-section-08-cross-border-and-language-considerations-coastline-water-carneiros-pernambuco-brazil-bg-primary.webp,the wide coastline and water of Praia dos Carneiros,the wide coastline and water of Praia dos Carneiros.,Background image of the wide coastline and water of Praia dos Carneiros for Brazil immigration and relocation planning.
services,/services/visas/retiree/,Retiree Visa,9,section-9-legal-boundaries-and-practical-expectations,Legal Boundaries And Practical Expectations,a,assets/images/sections/services/visas/retiree/section-09-legal-boundaries-and-practical-expectations,retiree-visa-section-09-legal-boundaries-and-practical-expectations-streets-cathedral-brasilia-modern-brazil-bg-primary.webp,/assets/images/sections/services/visas/retiree/section-09-legal-boundaries-and-practical-expectations/retiree-visa-section-09-legal-boundaries-and-practical-expectations-streets-cathedral-brasilia-modern-brazil-bg-primary.webp,the architecture and streets of Cathedral of Brasilia,the architecture and streets of Cathedral of Brasilia.,Background image of the architecture and streets of Cathedral of Brasilia for Brazil immigration and relocation planning.
services,/services/visas/retiree/,Retiree Visa,10,section-10-what-the-next-step-should-be,What The Next Step Should Be,a,assets/images/sections/services/visas/retiree/section-10-what-the-next-step-should-be,retiree-visa-section-10-what-the-next-step-should-be-avenida-paulista-paulo-avenue-brazil-bg-primary.webp,/assets/images/sections/services/visas/retiree/section-10-what-the-next-step-should-be/retiree-visa-section-10-what-the-next-step-should-be-avenida-paulista-paulo-avenue-brazil-bg-primary.webp,Avenida Paulista in Sao Paulo,Avenida Paulista in Sao Paulo.,Background image of Avenida Paulista in Sao Paulo for Brazil immigration and relocation planning.
services,/services/visas/sports/,Sports Visa,1,section-1-overview,Overview,a,assets/images/sections/services/visas/sports/section-01-overview,sports-visa-section-01-overview-island-coastline-ilhabela-paulo-brazil-bg-primary.webp,/assets/images/sections/services/visas/sports/section-01-overview/sports-visa-section-01-overview-island-coastline-ilhabela-paulo-brazil-bg-primary.webp,the island coastline of Ilhabela,the island coastline of Ilhabela.,Background image of the island coastline of Ilhabela for Brazil immigration and relocation planning.
services,/services/visas/sports/,Sports Visa,2,section-2-who-this-visa-is-usually-for,Who This Visa Is Usually For,a,assets/images/sections/services/visas/sports/section-02-who-this-visa-is-usually-for,sports-visa-section-02-who-this-visa-is-usually-for-shoreline-arraial-ajuda-coastline-brazil-bg-primary.webp,/assets/images/sections/services/visas/sports/section-02-who-this-visa-is-usually-for/sports-visa-section-02-who-this-visa-is-usually-for-shoreline-arraial-ajuda-coastline-brazil-bg-primary.webp,the shoreline of Arraial d'Ajuda coastline in warm evening light,the shoreline of Arraial d'Ajuda coastline in warm evening light.,Background image of the shoreline of Arraial d'Ajuda coastline in warm evening light for Brazil immigration and relocation planning.
services,/services/visas/sports/,Sports Visa,3,section-3-what-this-route-is-meant-to-cover,What This Route Is Meant To Cover,a,assets/images/sections/services/visas/sports/section-03-what-this-route-is-meant-to-cover,sports-visa-section-03-what-this-route-is-meant-to-cover-shoreline-santos-waterfront-warm-brazil-bg-primary.webp,/assets/images/sections/services/visas/sports/section-03-what-this-route-is-meant-to-cover/sports-visa-section-03-what-this-route-is-meant-to-cover-shoreline-santos-waterfront-warm-brazil-bg-primary.webp,the shoreline of Santos waterfront in warm evening light,the shoreline of Santos waterfront in warm evening light.,Background image of the shoreline of Santos waterfront in warm evening light for Brazil immigration and relocation planning.
services,/services/visas/sports/,Sports Visa,4,section-4-when-it-stops-being-the-right-fit,When It Stops Being The Right Fit,a,assets/images/sections/services/visas/sports/section-04-when-it-stops-being-the-right-fit,sports-visa-section-04-when-it-stops-being-the-right-fit-mission-ruins-miguel-missoes-brazil-bg-primary.webp,/assets/images/sections/services/visas/sports/section-04-when-it-stops-being-the-right-fit/sports-visa-section-04-when-it-stops-being-the-right-fit-mission-ruins-miguel-missoes-brazil-bg-primary.webp,the mission ruins of Sao Miguel das Missoes,the mission ruins of Sao Miguel das Missoes.,Background image of the mission ruins of Sao Miguel das Missoes for Brazil immigration and relocation planning.
services,/services/visas/sports/,Sports Visa,5,section-5-consular-and-documentary-preparation,Consular And Documentary Preparation,a,assets/images/sections/services/visas/sports/section-05-consular-and-documentary-preparation,sports-visa-section-05-consular-and-documentary-preparation-canyons-aparados-serra-southern-brazil-bg-primary.webp,/assets/images/sections/services/visas/sports/section-05-consular-and-documentary-preparation/sports-visa-section-05-consular-and-documentary-preparation-canyons-aparados-serra-southern-brazil-bg-primary.webp,the canyons of Aparados da Serra,the canyons of Aparados da Serra.,Background image of the canyons of Aparados da Serra for Brazil immigration and relocation planning.
services,/services/visas/sports/,Sports Visa,6,section-6-common-mistakes-before-travel-or-filing,Common Mistakes Before Travel Or Filing,a,assets/images/sections/services/visas/sports/section-06-common-mistakes-before-travel-or-filing,sports-visa-section-06-common-mistakes-before-travel-or-filing-cathedral-town-canela-grande-brazil-bg-primary.webp,/assets/images/sections/services/visas/sports/section-06-common-mistakes-before-travel-or-filing/sports-visa-section-06-common-mistakes-before-travel-or-filing-cathedral-town-canela-grande-brazil-bg-primary.webp,the cathedral and town center of Canela,the cathedral and town center of Canela.,Background image of the cathedral and town center of Canela for Brazil immigration and relocation planning.
services,/services/visas/sports/,Sports Visa,7,section-7-how-we-prepare-the-case,How We Prepare The Case,a,assets/images/sections/services/visas/sports/section-07-how-we-prepare-the-case,sports-visa-section-07-how-we-prepare-the-case-indigenous-nations-campo-grande-brazil-bg-primary.webp,/assets/images/sections/services/visas/sports/section-07-how-we-prepare-the-case/sports-visa-section-07-how-we-prepare-the-case-indigenous-nations-campo-grande-brazil-bg-primary.webp,the Park of Indigenous Nations in Campo Grande,the Park of Indigenous Nations in Campo Grande.,Background image of the Park of Indigenous Nations in Campo Grande for Brazil immigration and relocation planning.
services,/services/visas/sports/,Sports Visa,8,section-8-cross-border-and-language-considerations,Cross-Border And Language Considerations,a,assets/images/sections/services/visas/sports/section-08-cross-border-and-language-considerations,sports-visa-section-08-cross-border-and-language-considerations-coastline-water-ilhabela-paulo-brazil-bg-primary.webp,/assets/images/sections/services/visas/sports/section-08-cross-border-and-language-considerations/sports-visa-section-08-cross-border-and-language-considerations-coastline-water-ilhabela-paulo-brazil-bg-primary.webp,the wide coastline and water of Ilhabela coastline,the wide coastline and water of Ilhabela coastline.,Background image of the wide coastline and water of Ilhabela coastline for Brazil immigration and relocation planning.
services,/services/visas/sports/,Sports Visa,9,section-9-legal-boundaries-and-practical-expectations,Legal Boundaries And Practical Expectations,a,assets/images/sections/services/visas/sports/section-09-legal-boundaries-and-practical-expectations,sports-visa-section-09-legal-boundaries-and-practical-expectations-road-serra-rastro-santa-brazil-bg-primary.webp,/assets/images/sections/services/visas/sports/section-09-legal-boundaries-and-practical-expectations/sports-visa-section-09-legal-boundaries-and-practical-expectations-road-serra-rastro-santa-brazil-bg-primary.webp,the mountain road of Serra do Rio do Rastro,the mountain road of Serra do Rio do Rastro.,Background image of the mountain road of Serra do Rio do Rastro for Brazil immigration and relocation planning.
services,/services/visas/sports/,Sports Visa,10,section-10-what-the-next-step-should-be,What The Next Step Should Be,a,assets/images/sections/services/visas/sports/section-10-what-the-next-step-should-be,sports-visa-section-10-what-the-next-step-should-be-town-campos-jordao-paulo-brazil-bg-primary.webp,/assets/images/sections/services/visas/sports/section-10-what-the-next-step-should-be/sports-visa-section-10-what-the-next-step-should-be-town-campos-jordao-paulo-brazil-bg-primary.webp,the mountain town of Campos do Jordao,the mountain town of Campos do Jordao.,Background image of the mountain town of Campos do Jordao for Brazil immigration and relocation planning.
services,/services/visas/startup/,Startup Visa,1,section-1-overview,Overview,a,assets/images/sections/services/visas/startup/section-01-overview,startup-visa-section-01-overview-shoreline-balneario-camboriu-skyline-brazil-bg-primary.webp,/assets/images/sections/services/visas/startup/section-01-overview/startup-visa-section-01-overview-shoreline-balneario-camboriu-skyline-brazil-bg-primary.webp,the shoreline of Balneario Camboriu skyline in warm evening light,the shoreline of Balneario Camboriu skyline in warm evening light.,Background image of the shoreline of Balneario Camboriu skyline in warm evening light for Brazil immigration and relocation planning.
services,/services/visas/startup/,Startup Visa,2,section-2-who-this-visa-is-usually-for,Who This Visa Is Usually For,a,assets/images/sections/services/visas/startup/section-02-who-this-visa-is-usually-for,startup-visa-section-02-who-this-visa-is-usually-for-fortaleza-beira-coastline-ceara-brazil-bg-primary.webp,/assets/images/sections/services/visas/startup/section-02-who-this-visa-is-usually-for/startup-visa-section-02-who-this-visa-is-usually-for-fortaleza-beira-coastline-ceara-brazil-bg-primary.webp,Fortaleza and the Beira Mar coastline,Fortaleza and the Beira Mar coastline.,Background image of Fortaleza and the Beira Mar coastline for Brazil immigration and relocation planning.
services,/services/visas/startup/,Startup Visa,3,section-3-what-this-route-is-meant-to-cover,What This Route Is Meant To Cover,a,assets/images/sections/services/visas/startup/section-03-what-this-route-is-meant-to-cover,startup-visa-section-03-what-this-route-is-meant-to-cover-coastline-water-bombinhas-peninsula-brazil-bg-primary.webp,/assets/images/sections/services/visas/startup/section-03-what-this-route-is-meant-to-cover/startup-visa-section-03-what-this-route-is-meant-to-cover-coastline-water-bombinhas-peninsula-brazil-bg-primary.webp,the wide coastline and water of Bombinhas peninsula,the wide coastline and water of Bombinhas peninsula.,Background image of the wide coastline and water of Bombinhas peninsula for Brazil immigration and relocation planning.
services,/services/visas/startup/,Startup Visa,4,section-4-when-it-stops-being-the-right-fit,When It Stops Being The Right Fit,a,assets/images/sections/services/visas/startup/section-04-when-it-stops-being-the-right-fit,startup-visa-section-04-when-it-stops-being-the-right-fit-paraty-waterfront-janeiro-southeast-brazil-bg-primary.webp,/assets/images/sections/services/visas/startup/section-04-when-it-stops-being-the-right-fit/startup-visa-section-04-when-it-stops-being-the-right-fit-paraty-waterfront-janeiro-southeast-brazil-bg-primary.webp,Paraty,Paraty.,Background image of Paraty for Brazil immigration and relocation planning.
services,/services/visas/startup/,Startup Visa,5,section-5-consular-and-documentary-preparation,Consular And Documentary Preparation,a,assets/images/sections/services/visas/startup/section-05-consular-and-documentary-preparation,startup-visa-section-05-consular-and-documentary-preparation-sunrise-botanical-garden-curitiba-brazil-bg-primary.webp,/assets/images/sections/services/visas/startup/section-05-consular-and-documentary-preparation/startup-visa-section-05-consular-and-documentary-preparation-sunrise-botanical-garden-curitiba-brazil-bg-primary.webp,the sunrise landscape of Botanical Garden of Curitiba,the sunrise landscape of Botanical Garden of Curitiba.,Background image of the sunrise landscape of Botanical Garden of Curitiba for Brazil immigration and relocation planning.
services,/services/visas/startup/,Startup Visa,6,section-6-common-mistakes-before-travel-or-filing,Common Mistakes Before Travel Or Filing,a,assets/images/sections/services/visas/startup/section-06-common-mistakes-before-travel-or-filing,startup-visa-section-06-common-mistakes-before-travel-or-filing-streets-aguas-emendadas-ecological-brazil-bg-primary.webp,/assets/images/sections/services/visas/startup/section-06-common-mistakes-before-travel-or-filing/startup-visa-section-06-common-mistakes-before-travel-or-filing-streets-aguas-emendadas-ecological-brazil-bg-primary.webp,the architecture and streets of Aguas Emendadas ecological station,the architecture and streets of Aguas Emendadas ecological station.,Background image of the architecture and streets of Aguas Emendadas ecological station for Brazil immigration and relocation planning.
services,/services/visas/startup/,Startup Visa,7,section-7-how-we-prepare-the-case,How We Prepare The Case,a,assets/images/sections/services/visas/startup/section-07-how-we-prepare-the-case,startup-visa-section-07-how-we-prepare-the-case-botanical-garden-curitiba-parana-brazil-bg-primary.webp,/assets/images/sections/services/visas/startup/section-07-how-we-prepare-the-case/startup-visa-section-07-how-we-prepare-the-case-botanical-garden-curitiba-parana-brazil-bg-primary.webp,the Botanical Garden of Curitiba,the Botanical Garden of Curitiba.,Background image of the Botanical Garden of Curitiba for Brazil immigration and relocation planning.
services,/services/visas/startup/,Startup Visa,8,section-8-cross-border-and-language-considerations,Cross-Border And Language Considerations,a,assets/images/sections/services/visas/startup/section-08-cross-border-and-language-considerations,startup-visa-section-08-cross-border-and-language-considerations-coastline-atlantic-ubatuba-paulo-brazil-bg-primary.webp,/assets/images/sections/services/visas/startup/section-08-cross-border-and-language-considerations/startup-visa-section-08-cross-border-and-language-considerations-coastline-atlantic-ubatuba-paulo-brazil-bg-primary.webp,the coastline and Atlantic forest of Ubatuba,the coastline and Atlantic forest of Ubatuba.,Background image of the coastline and Atlantic forest of Ubatuba for Brazil immigration and relocation planning.
services,/services/visas/startup/,Startup Visa,9,section-9-legal-boundaries-and-practical-expectations,Legal Boundaries And Practical Expectations,a,assets/images/sections/services/visas/startup/section-09-legal-boundaries-and-practical-expectations,startup-visa-section-09-legal-boundaries-and-practical-expectations-atlantic-coastline-around-itacare-brazil-bg-primary.webp,/assets/images/sections/services/visas/startup/section-09-legal-boundaries-and-practical-expectations/startup-visa-section-09-legal-boundaries-and-practical-expectations-atlantic-coastline-around-itacare-brazil-bg-primary.webp,the Atlantic coastline around Itacare,the Atlantic coastline around Itacare.,Background image of the Atlantic coastline around Itacare for Brazil immigration and relocation planning.
services,/services/visas/startup/,Startup Visa,10,section-10-what-the-next-step-should-be,What The Next Step Should Be,a,assets/images/sections/services/visas/startup/section-10-what-the-next-step-should-be,startup-visa-section-10-what-the-next-step-should-be-shoreline-estacao-docas-belem-brazil-bg-primary.webp,/assets/images/sections/services/visas/startup/section-10-what-the-next-step-should-be/startup-visa-section-10-what-the-next-step-should-be-shoreline-estacao-docas-belem-brazil-bg-primary.webp,the shoreline of Estacao das Docas in Belem in warm evening light,the shoreline of Estacao das Docas in Belem in warm evening light.,Background image of the shoreline of Estacao das Docas in Belem in warm evening light for Brazil immigration and relocation planning.
services,/services/visas/student/,Student Visa,1,section-1-overview,Overview,a,assets/images/sections/services/visas/student/section-01-overview,student-visa-section-01-overview-curitiba-skyline-parana-southern-brazil-bg-primary.webp,/assets/images/sections/services/visas/student/section-01-overview/student-visa-section-01-overview-curitiba-skyline-parana-southern-brazil-bg-primary.webp,Curitiba,Curitiba.,Background image of Curitiba for Brazil immigration and relocation planning.
services,/services/visas/student/,Student Visa,2,section-2-who-this-visa-is-usually-for,Who This Visa Is Usually For,a,assets/images/sections/services/visas/student/section-02-who-this-visa-is-usually-for,student-visa-section-02-who-this-visa-is-usually-for-beaches-lighthouse-ilha-parana-brazil-bg-primary.webp,/assets/images/sections/services/visas/student/section-02-who-this-visa-is-usually-for/student-visa-section-02-who-this-visa-is-usually-for-beaches-lighthouse-ilha-parana-brazil-bg-primary.webp,the beaches and lighthouse of Ilha do Mel,the beaches and lighthouse of Ilha do Mel.,Background image of the beaches and lighthouse of Ilha do Mel for Brazil immigration and relocation planning.
services,/services/visas/student/,Student Visa,3,section-3-what-this-route-is-meant-to-cover,What This Route Is Meant To Cover,a,assets/images/sections/services/visas/student/section-03-what-this-route-is-meant-to-cover,student-visa-section-03-what-this-route-is-meant-to-cover-coastline-water-janeiro-skyline-brazil-bg-primary.webp,/assets/images/sections/services/visas/student/section-03-what-this-route-is-meant-to-cover/student-visa-section-03-what-this-route-is-meant-to-cover-coastline-water-janeiro-skyline-brazil-bg-primary.webp,the wide coastline and water of Rio de Janeiro skyline from Sugarloaf Mountain,the wide coastline and water of Rio de Janeiro skyline from Sugarloaf Mountain.,Background image of the wide coastline and water of Rio de Janeiro skyline from Sugarloaf Mountain for Brazil immigration and relocation planning.
services,/services/visas/student/,Student Visa,4,section-4-when-it-stops-being-the-right-fit,When It Stops Being The Right Fit,a,assets/images/sections/services/visas/student/section-04-when-it-stops-being-the-right-fit,student-visa-section-04-when-it-stops-being-the-right-fit-waterfront-skyline-aguas-emendadas-brazil-bg-primary.webp,/assets/images/sections/services/visas/student/section-04-when-it-stops-being-the-right-fit/student-visa-section-04-when-it-stops-being-the-right-fit-waterfront-skyline-aguas-emendadas-brazil-bg-primary.webp,the waterfront and skyline of Aguas Emendadas ecological station,the waterfront and skyline of Aguas Emendadas ecological station.,Background image of the waterfront and skyline of Aguas Emendadas ecological station for Brazil immigration and relocation planning.
services,/services/visas/student/,Student Visa,5,section-5-consular-and-documentary-preparation,Consular And Documentary Preparation,a,assets/images/sections/services/visas/student/section-05-consular-and-documentary-preparation,student-visa-section-05-consular-and-documentary-preparation-genipabu-near-natal-grande-brazil-bg-primary.webp,/assets/images/sections/services/visas/student/section-05-consular-and-documentary-preparation/student-visa-section-05-consular-and-documentary-preparation-genipabu-near-natal-grande-brazil-bg-primary.webp,the Genipabu dunes near Natal,the Genipabu dunes near Natal.,Background image of the Genipabu dunes near Natal for Brazil immigration and relocation planning.
services,/services/visas/student/,Student Visa,6,section-6-common-mistakes-before-travel-or-filing,Common Mistakes Before Travel Or Filing,a,assets/images/sections/services/visas/student/section-06-common-mistakes-before-travel-or-filing,student-visa-section-06-common-mistakes-before-travel-or-filing-palacio-alvorada-brasilia-central-brazil-bg-primary.webp,/assets/images/sections/services/visas/student/section-06-common-mistakes-before-travel-or-filing/student-visa-section-06-common-mistakes-before-travel-or-filing-palacio-alvorada-brasilia-central-brazil-bg-primary.webp,the Palacio da Alvorada in Brasilia,the Palacio da Alvorada in Brasilia.,Background image of the Palacio da Alvorada in Brasilia for Brazil immigration and relocation planning.
services,/services/visas/student/,Student Visa,7,section-7-how-we-prepare-the-case,How We Prepare The Case,a,assets/images/sections/services/visas/student/section-07-how-we-prepare-the-case,student-visa-section-07-how-we-prepare-the-case-brasilia-monumental-axis-central-brazil-bg-primary.webp,/assets/images/sections/services/visas/student/section-07-how-we-prepare-the-case/student-visa-section-07-how-we-prepare-the-case-brasilia-monumental-axis-central-brazil-bg-primary.webp,the urban panorama of National Congress in Brasilia,the urban panorama of National Congress in Brasilia.,Background image of the urban panorama of National Congress in Brasilia for Brazil immigration and relocation planning.
services,/services/visas/student/,Student Visa,8,section-8-cross-border-and-language-considerations,Cross-Border And Language Considerations,a,assets/images/sections/services/visas/student/section-08-cross-border-and-language-considerations,student-visa-section-08-cross-border-and-language-considerations-petropolis-imperial-museum-district-brazil-bg-primary.webp,/assets/images/sections/services/visas/student/section-08-cross-border-and-language-considerations/student-visa-section-08-cross-border-and-language-considerations-petropolis-imperial-museum-district-brazil-bg-primary.webp,Petropolis and the imperial museum district,Petropolis and the imperial museum district.,Background image of Petropolis and the imperial museum district for Brazil immigration and relocation planning.
services,/services/visas/student/,Student Visa,9,section-9-legal-boundaries-and-practical-expectations,Legal Boundaries And Practical Expectations,a,assets/images/sections/services/visas/student/section-09-legal-boundaries-and-practical-expectations,student-visa-section-09-legal-boundaries-and-practical-expectations-pampulha-belo-horizonte-minas-brazil-bg-primary.webp,/assets/images/sections/services/visas/student/section-09-legal-boundaries-and-practical-expectations/student-visa-section-09-legal-boundaries-and-practical-expectations-pampulha-belo-horizonte-minas-brazil-bg-primary.webp,the urban panorama of Pampulha in Belo Horizonte,the urban panorama of Pampulha in Belo Horizonte.,Background image of the urban panorama of Pampulha in Belo Horizonte for Brazil immigration and relocation planning.
services,/services/visas/student/,Student Visa,10,section-10-what-the-next-step-should-be,What The Next Step Should Be,a,assets/images/sections/services/visas/student/section-10-what-the-next-step-should-be,student-visa-section-10-what-the-next-step-should-be-forests-waters-amazon-northern-brazil-bg-primary.webp,/assets/images/sections/services/visas/student/section-10-what-the-next-step-should-be/student-visa-section-10-what-the-next-step-should-be-forests-waters-amazon-northern-brazil-bg-primary.webp,the forests and waters of Amazon river basin,the forests and waters of Amazon river basin.,Background image of the forests and waters of Amazon river basin for Brazil immigration and relocation planning.
services,/services/visas/tourist/,Tourist Visa,1,section-1-overview,Overview,a,assets/images/sections/services/visas/tourist/section-01-overview,tourist-visa-section-01-overview-coastline-water-baia-sancho-brazil-bg-primary.webp,/assets/images/sections/services/visas/tourist/section-01-overview/tourist-visa-section-01-overview-coastline-water-baia-sancho-brazil-bg-primary.webp,the wide coastline and water of Baia do Sancho in Fernando de Noronha,the wide coastline and water of Baia do Sancho in Fernando de Noronha.,Background image of the wide coastline and water of Baia do Sancho in Fernando de Noronha for Brazil immigration and relocation planning.
services,/services/visas/tourist/,Tourist Visa,2,section-2-who-this-visa-is-usually-for,Who This Visa Is Usually For,a,assets/images/sections/services/visas/tourist/section-02-who-this-visa-is-usually-for,tourist-visa-section-02-who-this-visa-is-usually-for-island-village-beaches-morro-brazil-bg-primary.webp,/assets/images/sections/services/visas/tourist/section-02-who-this-visa-is-usually-for/tourist-visa-section-02-who-this-visa-is-usually-for-island-village-beaches-morro-brazil-bg-primary.webp,the island village and beaches of Morro de Sao Paulo,the island village and beaches of Morro de Sao Paulo.,Background image of the island village and beaches of Morro de Sao Paulo for Brazil immigration and relocation planning.
services,/services/visas/tourist/,Tourist Visa,3,section-3-what-this-route-is-meant-to-cover,What This Route Is Meant To Cover,a,assets/images/sections/services/visas/tourist/section-03-what-this-route-is-meant-to-cover,tourist-visa-section-03-what-this-route-is-meant-to-cover-forests-waters-meeting-manaus-brazil-bg-primary.webp,/assets/images/sections/services/visas/tourist/section-03-what-this-route-is-meant-to-cover/tourist-visa-section-03-what-this-route-is-meant-to-cover-forests-waters-meeting-manaus-brazil-bg-primary.webp,the forests and waters of Meeting of the Waters in Manaus,the forests and waters of Meeting of the Waters in Manaus.,Background image of the forests and waters of Meeting of the Waters in Manaus for Brazil immigration and relocation planning.
services,/services/visas/tourist/,Tourist Visa,4,section-4-when-it-stops-being-the-right-fit,When It Stops Being The Right Fit,a,assets/images/sections/services/visas/tourist/section-04-when-it-stops-being-the-right-fit,tourist-visa-section-04-when-it-stops-being-the-right-fit-forests-waters-chapada-guimaraes-brazil-bg-primary.webp,/assets/images/sections/services/visas/tourist/section-04-when-it-stops-being-the-right-fit/tourist-visa-section-04-when-it-stops-being-the-right-fit-forests-waters-chapada-guimaraes-brazil-bg-primary.webp,the forests and waters of Chapada dos Guimaraes,the forests and waters of Chapada dos Guimaraes.,Background image of the forests and waters of Chapada dos Guimaraes for Brazil immigration and relocation planning.
services,/services/visas/tourist/,Tourist Visa,5,section-5-consular-and-documentary-preparation,Consular And Documentary Preparation,a,assets/images/sections/services/visas/tourist/section-05-consular-and-documentary-preparation,tourist-visa-section-05-consular-and-documentary-preparation-madeira-riverfront-porto-velho-brazil-bg-primary.webp,/assets/images/sections/services/visas/tourist/section-05-consular-and-documentary-preparation/tourist-visa-section-05-consular-and-documentary-preparation-madeira-riverfront-porto-velho-brazil-bg-primary.webp,the Madeira riverfront in Porto Velho,the Madeira riverfront in Porto Velho.,Background image of the Madeira riverfront in Porto Velho for Brazil immigration and relocation planning.
services,/services/visas/tourist/,Tourist Visa,6,section-6-common-mistakes-before-travel-or-filing,Common Mistakes Before Travel Or Filing,a,assets/images/sections/services/visas/tourist/section-06-common-mistakes-before-travel-or-filing,tourist-visa-section-06-common-mistakes-before-travel-or-filing-mission-ruins-miguel-missoes-brazil-bg-primary.webp,/assets/images/sections/services/visas/tourist/section-06-common-mistakes-before-travel-or-filing/tourist-visa-section-06-common-mistakes-before-travel-or-filing-mission-ruins-miguel-missoes-brazil-bg-primary.webp,the mission ruins of Sao Miguel das Missoes,the mission ruins of Sao Miguel das Missoes.,Background image of the mission ruins of Sao Miguel das Missoes for Brazil immigration and relocation planning.
services,/services/visas/tourist/,Tourist Visa,7,section-7-how-we-prepare-the-case,How We Prepare The Case,a,assets/images/sections/services/visas/tourist/section-07-how-we-prepare-the-case,tourist-visa-section-07-how-we-prepare-the-case-forests-waters-orla-taumanan-brazil-bg-primary.webp,/assets/images/sections/services/visas/tourist/section-07-how-we-prepare-the-case/tourist-visa-section-07-how-we-prepare-the-case-forests-waters-orla-taumanan-brazil-bg-primary.webp,the forests and waters of Orla Taumanan in Boa Vista,the forests and waters of Orla Taumanan in Boa Vista.,Background image of the forests and waters of Orla Taumanan in Boa Vista for Brazil immigration and relocation planning.
services,/services/visas/tourist/,Tourist Visa,8,section-8-cross-border-and-language-considerations,Cross-Border And Language Considerations,a,assets/images/sections/services/visas/tourist/section-08-cross-border-and-language-considerations,tourist-visa-section-08-cross-border-and-language-considerations-forests-waters-madeira-porto-brazil-bg-primary.webp,/assets/images/sections/services/visas/tourist/section-08-cross-border-and-language-considerations/tourist-visa-section-08-cross-border-and-language-considerations-forests-waters-madeira-porto-brazil-bg-primary.webp,the forests and waters of Madeira river in Porto Velho,the forests and waters of Madeira river in Porto Velho.,Background image of the forests and waters of Madeira river in Porto Velho for Brazil immigration and relocation planning.
services,/services/visas/tourist/,Tourist Visa,9,section-9-legal-boundaries-and-practical-expectations,Legal Boundaries And Practical Expectations,a,assets/images/sections/services/visas/tourist/section-09-legal-boundaries-and-practical-expectations,tourist-visa-section-09-legal-boundaries-and-practical-expectations-palacio-alvorada-brasilia-central-brazil-bg-primary.webp,/assets/images/sections/services/visas/tourist/section-09-legal-boundaries-and-practical-expectations/tourist-visa-section-09-legal-boundaries-and-practical-expectations-palacio-alvorada-brasilia-central-brazil-bg-primary.webp,the Palacio da Alvorada in Brasilia,the Palacio da Alvorada in Brasilia.,Background image of the Palacio da Alvorada in Brasilia for Brazil immigration and relocation planning.
services,/services/visas/tourist/,Tourist Visa,10,section-10-what-the-next-step-should-be,What The Next Step Should Be,a,assets/images/sections/services/visas/tourist/section-10-what-the-next-step-should-be,tourist-visa-section-10-what-the-next-step-should-be-riverfront-landscapes-marajo-island-brazil-bg-primary.webp,/assets/images/sections/services/visas/tourist/section-10-what-the-next-step-should-be/tourist-visa-section-10-what-the-next-step-should-be-riverfront-landscapes-marajo-island-brazil-bg-primary.webp,the riverfront landscapes of Marajo Island,the riverfront landscapes of Marajo Island.,Background image of the riverfront landscapes of Marajo Island for Brazil immigration and relocation planning.
services,/services/visas/transit/,Transit Visa,1,section-1-overview,Overview,a,assets/images/sections/services/visas/transit/section-01-overview,transit-visa-section-01-overview-salvador-pelourinho-bahia-northeast-brazil-bg-primary.webp,/assets/images/sections/services/visas/transit/section-01-overview/transit-visa-section-01-overview-salvador-pelourinho-bahia-northeast-brazil-bg-primary.webp,Salvador,Salvador.,Background image of Salvador for Brazil immigration and relocation planning.
services,/services/visas/transit/,Transit Visa,2,section-2-who-this-visa-is-usually-for,Who This Visa Is Usually For,a,assets/images/sections/services/visas/transit/section-02-who-this-visa-is-usually-for,transit-visa-section-02-who-this-visa-is-usually-for-shoreline-santos-waterfront-warm-brazil-bg-primary.webp,/assets/images/sections/services/visas/transit/section-02-who-this-visa-is-usually-for/transit-visa-section-02-who-this-visa-is-usually-for-shoreline-santos-waterfront-warm-brazil-bg-primary.webp,the shoreline of Santos waterfront in warm evening light,the shoreline of Santos waterfront in warm evening light.,Background image of the shoreline of Santos waterfront in warm evening light for Brazil immigration and relocation planning.
services,/services/visas/transit/,Transit Visa,3,section-3-what-this-route-is-meant-to-cover,What This Route Is Meant To Cover,a,assets/images/sections/services/visas/transit/section-03-what-this-route-is-meant-to-cover,transit-visa-section-03-what-this-route-is-meant-to-cover-meeting-waters-near-santarem-brazil-bg-primary.webp,/assets/images/sections/services/visas/transit/section-03-what-this-route-is-meant-to-cover/transit-visa-section-03-what-this-route-is-meant-to-cover-meeting-waters-near-santarem-brazil-bg-primary.webp,the meeting of waters near Santarem,the meeting of waters near Santarem.,Background image of the meeting of waters near Santarem for Brazil immigration and relocation planning.
services,/services/visas/transit/,Transit Visa,4,section-4-when-it-stops-being-the-right-fit,When It Stops Being The Right Fit,a,assets/images/sections/services/visas/transit/section-04-when-it-stops-being-the-right-fit,transit-visa-section-04-when-it-stops-being-the-right-fit-sunrise-marajo-island-riverfront-brazil-bg-primary.webp,/assets/images/sections/services/visas/transit/section-04-when-it-stops-being-the-right-fit/transit-visa-section-04-when-it-stops-being-the-right-fit-sunrise-marajo-island-riverfront-brazil-bg-primary.webp,the sunrise landscape of Marajo Island riverfront,the sunrise landscape of Marajo Island riverfront.,Background image of the sunrise landscape of Marajo Island riverfront for Brazil immigration and relocation planning.
services,/services/visas/transit/,Transit Visa,5,section-5-consular-and-documentary-preparation,Consular And Documentary Preparation,a,assets/images/sections/services/visas/transit/section-05-consular-and-documentary-preparation,transit-visa-section-05-consular-and-documentary-preparation-shores-lake-paranoa-brasilia-brazil-bg-primary.webp,/assets/images/sections/services/visas/transit/section-05-consular-and-documentary-preparation/transit-visa-section-05-consular-and-documentary-preparation-shores-lake-paranoa-brasilia-brazil-bg-primary.webp,the shores of Lake Paranoa in Brasilia,the shores of Lake Paranoa in Brasilia.,Background image of the shores of Lake Paranoa in Brasilia for Brazil immigration and relocation planning.
services,/services/visas/transit/,Transit Visa,6,section-6-common-mistakes-before-travel-or-filing,Common Mistakes Before Travel Or Filing,a,assets/images/sections/services/visas/transit/section-06-common-mistakes-before-travel-or-filing,transit-visa-section-06-common-mistakes-before-travel-or-filing-avenida-paulista-paulo-avenue-brazil-bg-primary.webp,/assets/images/sections/services/visas/transit/section-06-common-mistakes-before-travel-or-filing/transit-visa-section-06-common-mistakes-before-travel-or-filing-avenida-paulista-paulo-avenue-brazil-bg-primary.webp,Avenida Paulista in Sao Paulo,Avenida Paulista in Sao Paulo.,Background image of Avenida Paulista in Sao Paulo for Brazil immigration and relocation planning.
services,/services/visas/transit/,Transit Visa,7,section-7-how-we-prepare-the-case,How We Prepare The Case,a,assets/images/sections/services/visas/transit/section-07-how-we-prepare-the-case,transit-visa-section-07-how-we-prepare-the-case-islands-waterways-anavilhanas-archipelago-brazil-bg-primary.webp,/assets/images/sections/services/visas/transit/section-07-how-we-prepare-the-case/transit-visa-section-07-how-we-prepare-the-case-islands-waterways-anavilhanas-archipelago-brazil-bg-primary.webp,the islands and waterways of Anavilhanas,the islands and waterways of Anavilhanas.,Background image of the islands and waterways of Anavilhanas for Brazil immigration and relocation planning.
services,/services/visas/transit/,Transit Visa,8,section-8-cross-border-and-language-considerations,Cross-Border And Language Considerations,a,assets/images/sections/services/visas/transit/section-08-cross-border-and-language-considerations,transit-visa-section-08-cross-border-and-language-considerations-coastline-rosa-santa-catarina-brazil-bg-primary.webp,/assets/images/sections/services/visas/transit/section-08-cross-border-and-language-considerations/transit-visa-section-08-cross-border-and-language-considerations-coastline-rosa-santa-catarina-brazil-bg-primary.webp,the bay and coastline of Praia do Rosa,the bay and coastline of Praia do Rosa.,Background image of the bay and coastline of Praia do Rosa for Brazil immigration and relocation planning.
services,/services/visas/transit/,Transit Visa,9,section-9-legal-boundaries-and-practical-expectations,Legal Boundaries And Practical Expectations,a,assets/images/sections/services/visas/transit/section-09-legal-boundaries-and-practical-expectations,transit-visa-section-09-legal-boundaries-and-practical-expectations-diamantina-minas-gerais-southeast-brazil-bg-primary.webp,/assets/images/sections/services/visas/transit/section-09-legal-boundaries-and-practical-expectations/transit-visa-section-09-legal-boundaries-and-practical-expectations-diamantina-minas-gerais-southeast-brazil-bg-primary.webp,the colonial center of Diamantina,the colonial center of Diamantina.,Background image of the colonial center of Diamantina for Brazil immigration and relocation planning.
services,/services/visas/transit/,Transit Visa,10,section-10-what-the-next-step-should-be,What The Next Step Should Be,a,assets/images/sections/services/visas/transit/section-10-what-the-next-step-should-be,transit-visa-section-10-what-the-next-step-should-be-pantanal-mato-grosso-central-brazil-bg-primary.webp,/assets/images/sections/services/visas/transit/section-10-what-the-next-step-should-be/transit-visa-section-10-what-the-next-step-should-be-pantanal-mato-grosso-central-brazil-bg-primary.webp,Pantanal,Pantanal.,Background image of Pantanal for Brazil immigration and relocation planning.
services,/services/visas/volunteer/,Volunteer Visa,1,section-1-overview,Overview,a,assets/images/sections/services/visas/volunteer/section-01-overview,volunteer-visa-section-01-overview-ipanema-dois-irmaos-janeiro-brazil-bg-primary.webp,/assets/images/sections/services/visas/volunteer/section-01-overview/volunteer-visa-section-01-overview-ipanema-dois-irmaos-janeiro-brazil-bg-primary.webp,Ipanema beach with Dois Irmaos in the background,Ipanema beach with Dois Irmaos in the background.,Background image of Ipanema beach with Dois Irmaos in the background for Brazil immigration and relocation planning.
services,/services/visas/volunteer/,Volunteer Visa,2,section-2-who-this-visa-is-usually-for,Who This Visa Is Usually For,a,assets/images/sections/services/visas/volunteer/section-02-who-this-visa-is-usually-for,volunteer-visa-section-02-who-this-visa-is-usually-for-district-recife-antigo-pernambuco-brazil-bg-primary.webp,/assets/images/sections/services/visas/volunteer/section-02-who-this-visa-is-usually-for/volunteer-visa-section-02-who-this-visa-is-usually-for-district-recife-antigo-pernambuco-brazil-bg-primary.webp,the historic district of Recife Antigo,the historic district of Recife Antigo.,Background image of the historic district of Recife Antigo for Brazil immigration and relocation planning.
services,/services/visas/volunteer/,Volunteer Visa,3,section-3-what-this-route-is-meant-to-cover,What This Route Is Meant To Cover,a,assets/images/sections/services/visas/volunteer/section-03-what-this-route-is-meant-to-cover,volunteer-visa-section-03-what-this-route-is-meant-to-cover-manaus-amazonas-northern-mission-brazil-bg-primary.webp,/assets/images/sections/services/visas/volunteer/section-03-what-this-route-is-meant-to-cover/volunteer-visa-section-03-what-this-route-is-meant-to-cover-manaus-amazonas-northern-mission-brazil-bg-primary.webp,Manaus,Manaus.,Background image of Manaus for Brazil immigration and relocation planning.
services,/services/visas/volunteer/,Volunteer Visa,4,section-4-when-it-stops-being-the-right-fit,When It Stops Being The Right Fit,a,assets/images/sections/services/visas/volunteer/section-04-when-it-stops-being-the-right-fit,volunteer-visa-section-04-when-it-stops-being-the-right-fit-skyline-waterfront-balneario-camboriu-brazil-bg-primary.webp,/assets/images/sections/services/visas/volunteer/section-04-when-it-stops-being-the-right-fit/volunteer-visa-section-04-when-it-stops-being-the-right-fit-skyline-waterfront-balneario-camboriu-brazil-bg-primary.webp,the skyline and waterfront of Balneario Camboriu,the skyline and waterfront of Balneario Camboriu.,Background image of the skyline and waterfront of Balneario Camboriu for Brazil immigration and relocation planning.
services,/services/visas/volunteer/,Volunteer Visa,5,section-5-consular-and-documentary-preparation,Consular And Documentary Preparation,a,assets/images/sections/services/visas/volunteer/section-05-consular-and-documentary-preparation,volunteer-visa-section-05-consular-and-documentary-preparation-riverfront-landscapes-marajo-island-brazil-bg-primary.webp,/assets/images/sections/services/visas/volunteer/section-05-consular-and-documentary-preparation/volunteer-visa-section-05-consular-and-documentary-preparation-riverfront-landscapes-marajo-island-brazil-bg-primary.webp,the riverfront landscapes of Marajo Island,the riverfront landscapes of Marajo Island.,Background image of the riverfront landscapes of Marajo Island for Brazil immigration and relocation planning.
services,/services/visas/volunteer/,Volunteer Visa,6,section-6-common-mistakes-before-travel-or-filing,Common Mistakes Before Travel Or Filing,a,assets/images/sections/services/visas/volunteer/section-06-common-mistakes-before-travel-or-filing,volunteer-visa-section-06-common-mistakes-before-travel-or-filing-vitoria-bayfront-espirito-santo-brazil-bg-primary.webp,/assets/images/sections/services/visas/volunteer/section-06-common-mistakes-before-travel-or-filing/volunteer-visa-section-06-common-mistakes-before-travel-or-filing-vitoria-bayfront-espirito-santo-brazil-bg-primary.webp,Vitoria and the bayfront of Espirito Santo,Vitoria and the bayfront of Espirito Santo.,Background image of Vitoria and the bayfront of Espirito Santo for Brazil immigration and relocation planning.
services,/services/visas/volunteer/,Volunteer Visa,7,section-7-how-we-prepare-the-case,How We Prepare The Case,a,assets/images/sections/services/visas/volunteer/section-07-how-we-prepare-the-case,volunteer-visa-section-07-how-we-prepare-the-case-natural-iguazu-iguacu-southern-brazil-bg-primary.webp,/assets/images/sections/services/visas/volunteer/section-07-how-we-prepare-the-case/volunteer-visa-section-07-how-we-prepare-the-case-natural-iguazu-iguacu-southern-brazil-bg-primary.webp,the wide natural landscape of Iguazu Falls on the Brazilian side,the wide natural landscape of Iguazu Falls on the Brazilian side.,Background image of the wide natural landscape of Iguazu Falls on the Brazilian side for Brazil immigration and relocation planning.
services,/services/visas/volunteer/,Volunteer Visa,8,section-8-cross-border-and-language-considerations,Cross-Border And Language Considerations,a,assets/images/sections/services/visas/volunteer/section-08-cross-border-and-language-considerations,volunteer-visa-section-08-cross-border-and-language-considerations-coastline-water-carneiros-pernambuco-brazil-bg-primary.webp,/assets/images/sections/services/visas/volunteer/section-08-cross-border-and-language-considerations/volunteer-visa-section-08-cross-border-and-language-considerations-coastline-water-carneiros-pernambuco-brazil-bg-primary.webp,the wide coastline and water of Praia dos Carneiros,the wide coastline and water of Praia dos Carneiros.,Background image of the wide coastline and water of Praia dos Carneiros for Brazil immigration and relocation planning.
services,/services/visas/volunteer/,Volunteer Visa,9,section-9-legal-boundaries-and-practical-expectations,Legal Boundaries And Practical Expectations,a,assets/images/sections/services/visas/volunteer/section-09-legal-boundaries-and-practical-expectations,volunteer-visa-section-09-legal-boundaries-and-practical-expectations-clear-waters-lagoa-azul-brazil-bg-primary.webp,/assets/images/sections/services/visas/volunteer/section-09-legal-boundaries-and-practical-expectations/volunteer-visa-section-09-legal-boundaries-and-practical-expectations-clear-waters-lagoa-azul-brazil-bg-primary.webp,the clear waters of Lagoa Azul in Nobres,the clear waters of Lagoa Azul in Nobres.,Background image of the clear waters of Lagoa Azul in Nobres for Brazil immigration and relocation planning.
services,/services/visas/volunteer/,Volunteer Visa,10,section-10-what-the-next-step-should-be,What The Next Step Should Be,a,assets/images/sections/services/visas/volunteer/section-10-what-the-next-step-should-be,volunteer-visa-section-10-what-the-next-step-should-be-cerrado-emas-goias-central-brazil-bg-primary.webp,/assets/images/sections/services/visas/volunteer/section-10-what-the-next-step-should-be/volunteer-visa-section-10-what-the-next-step-should-be-cerrado-emas-goias-central-brazil-bg-primary.webp,the cerrado landscape of Emas National Park,the cerrado landscape of Emas National Park.,Background image of the cerrado landscape of Emas National Park for Brazil immigration and relocation planning.
services,/services/visas/work/,Work Visa,1,section-1-overview,Overview,a,assets/images/sections/services/visas/work/section-01-overview,work-visa-section-01-overview-coastline-water-pajucara-waterfront-brazil-bg-primary.webp,/assets/images/sections/services/visas/work/section-01-overview/work-visa-section-01-overview-coastline-water-pajucara-waterfront-brazil-bg-primary.webp,the wide coastline and water of Pajucara waterfront in Maceio,the wide coastline and water of Pajucara waterfront in Maceio.,Background image of the wide coastline and water of Pajucara waterfront in Maceio for Brazil immigration and relocation planning.
services,/services/visas/work/,Work Visa,2,section-2-who-this-visa-is-usually-for,Who This Visa Is Usually For,a,assets/images/sections/services/visas/work/section-02-who-this-visa-is-usually-for,work-visa-section-02-who-this-visa-is-usually-for-streets-avenida-paulista-paulo-brazil-bg-primary.webp,/assets/images/sections/services/visas/work/section-02-who-this-visa-is-usually-for/work-visa-section-02-who-this-visa-is-usually-for-streets-avenida-paulista-paulo-brazil-bg-primary.webp,the architecture and streets of Avenida Paulista in Sao Paulo,the architecture and streets of Avenida Paulista in Sao Paulo.,Background image of the architecture and streets of Avenida Paulista in Sao Paulo for Brazil immigration and relocation planning.
services,/services/visas/work/,Work Visa,3,section-3-what-this-route-is-meant-to-cover,What This Route Is Meant To Cover,a,assets/images/sections/services/visas/work/section-03-what-this-route-is-meant-to-cover,work-visa-section-03-what-this-route-is-meant-to-cover-coastline-coves-ilha-grande-brazil-bg-primary.webp,/assets/images/sections/services/visas/work/section-03-what-this-route-is-meant-to-cover/work-visa-section-03-what-this-route-is-meant-to-cover-coastline-coves-ilha-grande-brazil-bg-primary.webp,the coastline and coves of Ilha Grande,the coastline and coves of Ilha Grande.,Background image of the coastline and coves of Ilha Grande for Brazil immigration and relocation planning.
services,/services/visas/work/,Work Visa,4,section-4-when-it-stops-being-the-right-fit,When It Stops Being The Right Fit,a,assets/images/sections/services/visas/work/section-04-when-it-stops-being-the-right-fit,work-visa-section-04-when-it-stops-being-the-right-fit-buzios-peninsula-janeiro-beaches-brazil-bg-primary.webp,/assets/images/sections/services/visas/work/section-04-when-it-stops-being-the-right-fit/work-visa-section-04-when-it-stops-being-the-right-fit-buzios-peninsula-janeiro-beaches-brazil-bg-primary.webp,the Buzios peninsula on the coast of Rio de Janeiro state,the Buzios peninsula on the coast of Rio de Janeiro state.,Background image of the Buzios peninsula on the coast of Rio de Janeiro state for Brazil immigration and relocation planning.
services,/services/visas/work/,Work Visa,5,section-5-consular-and-documentary-preparation,Consular And Documentary Preparation,a,assets/images/sections/services/visas/work/section-05-consular-and-documentary-preparation,work-visa-section-05-consular-and-documentary-preparation-natural-botanical-garden-curitiba-brazil-bg-primary.webp,/assets/images/sections/services/visas/work/section-05-consular-and-documentary-preparation/work-visa-section-05-consular-and-documentary-preparation-natural-botanical-garden-curitiba-brazil-bg-primary.webp,the wide natural landscape of Botanical Garden of Curitiba,the wide natural landscape of Botanical Garden of Curitiba.,Background image of the wide natural landscape of Botanical Garden of Curitiba for Brazil immigration and relocation planning.
services,/services/visas/work/,Work Visa,6,section-6-common-mistakes-before-travel-or-filing,Common Mistakes Before Travel Or Filing,a,assets/images/sections/services/visas/work/section-06-common-mistakes-before-travel-or-filing,work-visa-section-06-common-mistakes-before-travel-or-filing-colorful-quadrado-trancoso-bahia-brazil-bg-primary.webp,/assets/images/sections/services/visas/work/section-06-common-mistakes-before-travel-or-filing/work-visa-section-06-common-mistakes-before-travel-or-filing-colorful-quadrado-trancoso-bahia-brazil-bg-primary.webp,the colorful Quadrado of Trancoso,the colorful Quadrado of Trancoso.,Background image of the colorful Quadrado of Trancoso for Brazil immigration and relocation planning.
services,/services/visas/work/,Work Visa,7,section-7-how-we-prepare-the-case,How We Prepare The Case,a,assets/images/sections/services/visas/work/section-07-how-we-prepare-the-case,work-visa-section-07-how-we-prepare-the-case-natural-emas-goias-cerrado-brazil-bg-primary.webp,/assets/images/sections/services/visas/work/section-07-how-we-prepare-the-case/work-visa-section-07-how-we-prepare-the-case-natural-emas-goias-cerrado-brazil-bg-primary.webp,the wide natural landscape of Emas National Park,the wide natural landscape of Emas National Park.,Background image of the wide natural landscape of Emas National Park for Brazil immigration and relocation planning.
services,/services/visas/work/,Work Visa,8,section-8-cross-border-and-language-considerations,Cross-Border And Language Considerations,a,assets/images/sections/services/visas/work/section-08-cross-border-and-language-considerations,work-visa-section-08-cross-border-and-language-considerations-niteroi-contemporary-museum-over-brazil-bg-primary.webp,/assets/images/sections/services/visas/work/section-08-cross-border-and-language-considerations/work-visa-section-08-cross-border-and-language-considerations-niteroi-contemporary-museum-over-brazil-bg-primary.webp,the Niteroi Contemporary Art Museum over Guanabara Bay,the Niteroi Contemporary Art Museum over Guanabara Bay.,Background image of the Niteroi Contemporary Art Museum over Guanabara Bay for Brazil immigration and relocation planning.
services,/services/visas/work/,Work Visa,9,section-9-legal-boundaries-and-practical-expectations,Legal Boundaries And Practical Expectations,a,assets/images/sections/services/visas/work/section-09-legal-boundaries-and-practical-expectations,work-visa-section-09-legal-boundaries-and-practical-expectations-face-monte-roraima-northern-brazil-bg-primary.webp,/assets/images/sections/services/visas/work/section-09-legal-boundaries-and-practical-expectations/work-visa-section-09-legal-boundaries-and-practical-expectations-face-monte-roraima-northern-brazil-bg-primary.webp,the Brazilian face of Monte Roraima,the Brazilian face of Monte Roraima.,Background image of the Brazilian face of Monte Roraima for Brazil immigration and relocation planning.
services,/services/visas/work/,Work Visa,10,section-10-what-the-next-step-should-be,What The Next Step Should Be,a,assets/images/sections/services/visas/work/section-10-what-the-next-step-should-be,work-visa-section-10-what-the-next-step-should-be-indigenous-nations-campo-grande-brazil-bg-primary.webp,/assets/images/sections/services/visas/work/section-10-what-the-next-step-should-be/work-visa-section-10-what-the-next-step-should-be-indigenous-nations-campo-grande-brazil-bg-primary.webp,the Park of Indigenous Nations in Campo Grande,the Park of Indigenous Nations in Campo Grande.,Background image of the Park of Indigenous Nations in Campo Grande for Brazil immigration and relocation planning.
foundation,/start-consultation/,Start Consultation,1,topic-consultation-request-flow,Consultation request flow,a,assets/images/sections/start-consultation/section-01-consultation-request-flow,start-consultation-section-01-consultation-request-flow-iguazu-iguacu-southern-economy-brazil-bg-primary.webp,/assets/images/sections/start-consultation/section-01-consultation-request-flow/start-consultation-section-01-consultation-request-flow-iguazu-iguacu-southern-economy-brazil-bg-primary.webp,Iguazu Falls,Iguazu Falls.,Background image of Iguazu Falls for Brazil immigration and relocation planning.
foundation,/start-consultation/,Start Consultation,2,topic-payment-before-scheduling,Payment before scheduling,a,assets/images/sections/start-consultation/section-02-payment-before-scheduling,start-consultation-section-02-payment-before-scheduling-brasilia-monumental-axis-central-brazil-bg-primary.webp,/assets/images/sections/start-consultation/section-02-payment-before-scheduling/start-consultation-section-02-payment-before-scheduling-brasilia-monumental-axis-central-brazil-bg-primary.webp,Brasilia,Brasilia.,Background image of Brasilia for Brazil immigration and relocation planning.
foundation,/start-consultation/,Start Consultation,3,topic-36-hour-timing-rule,36-hour timing rule,a,assets/images/sections/start-consultation/section-03-36-hour-timing-rule,start-consultation-section-03-36-hour-timing-rule-sunrise-amazon-northern-aerial-brazil-bg-primary.webp,/assets/images/sections/start-consultation/section-03-36-hour-timing-rule/start-consultation-section-03-36-hour-timing-rule-sunrise-amazon-northern-aerial-brazil-bg-primary.webp,the sunrise landscape of Amazon river basin,the sunrise landscape of Amazon river basin.,Background image of the sunrise landscape of Amazon river basin for Brazil immigration and relocation planning.
foundation,/start-consultation/,Start Consultation,4,topic-manual-review-and-confirmation,Manual review and confirmation,a,assets/images/sections/start-consultation/section-04-manual-review-and-confirmation,start-consultation-section-04-manual-review-and-confirmation-curitiba-skyline-parana-southern-brazil-bg-primary.webp,/assets/images/sections/start-consultation/section-04-manual-review-and-confirmation/start-consultation-section-04-manual-review-and-confirmation-curitiba-skyline-parana-southern-brazil-bg-primary.webp,Curitiba,Curitiba.,Background image of Curitiba for Brazil immigration and relocation planning.
foundation,/start-consultation/,Start Consultation,5,topic-what-to-prepare,What to prepare,a,assets/images/sections/start-consultation/section-05-what-to-prepare,start-consultation-section-05-what-to-prepare-florianopolis-coastline-brava-atlantic-brazil-bg-primary.webp,/assets/images/sections/start-consultation/section-05-what-to-prepare/start-consultation-section-05-what-to-prepare-florianopolis-coastline-brava-atlantic-brazil-bg-primary.webp,Florianopolis,Florianopolis.,Background image of Florianopolis for Brazil immigration and relocation planning.
foundation,/start-consultation/,Start Consultation,6,topic-intake-fields,Intake fields,a,assets/images/sections/start-consultation/section-06-intake-fields,start-consultation-section-06-intake-fields-natural-iguazu-iguacu-southern-brazil-bg-primary.webp,/assets/images/sections/start-consultation/section-06-intake-fields/start-consultation-section-06-intake-fields-natural-iguazu-iguacu-southern-brazil-bg-primary.webp,the wide natural landscape of Iguazu Falls on the Brazilian side,the wide natural landscape of Iguazu Falls on the Brazilian side.,Background image of the wide natural landscape of Iguazu Falls on the Brazilian side for Brazil immigration and relocation planning.
foundation,/start-consultation/,Start Consultation,7,topic-document-uploads,Document uploads,a,assets/images/sections/start-consultation/section-07-document-uploads,start-consultation-section-07-document-uploads-waterfront-skyline-aguas-emendadas-brazil-bg-primary.webp,/assets/images/sections/start-consultation/section-07-document-uploads/start-consultation-section-07-document-uploads-waterfront-skyline-aguas-emendadas-brazil-bg-primary.webp,the waterfront and skyline of Aguas Emendadas ecological station,the waterfront and skyline of Aguas Emendadas ecological station.,Background image of the waterfront and skyline of Aguas Emendadas ecological station for Brazil immigration and relocation planning.
foundation,/start-consultation/,Start Consultation,8,topic-scope-boundaries,Scope boundaries,a,assets/images/sections/start-consultation/section-08-scope-boundaries,start-consultation-section-08-scope-boundaries-civic-avenues-goiania-goias-brazil-bg-primary.webp,/assets/images/sections/start-consultation/section-08-scope-boundaries/start-consultation-section-08-scope-boundaries-civic-avenues-goiania-goias-brazil-bg-primary.webp,the civic center and avenues of Goiania,the civic center and avenues of Goiania.,Background image of the civic center and avenues of Goiania for Brazil immigration and relocation planning.
