url,page_file,status,action,priority,metadata,schema,factual_review,deployment
https://immigratetobrazil.com/,pages/0001-home.md,DRAFT — editorial review required,OPTIMIZE,P1,metadata/0001-home.html,schema/0001-home.json,CHECK EXISTING CLAIMS,NOT APPLIED
https://immigratetobrazil.com/404.html,pages/0002-404.html.md,UTILITY — preserve noindex,NOINDEX,P3,metadata/0002-404.html.html,schema/0002-404.html.json,CHECK EXISTING CLAIMS,NOT APPLIED
https://immigratetobrazil.com/about/,pages/0003-about.md,DRAFT — editorial review required,OPTIMIZE,P1,metadata/0003-about.html,schema/0003-about.json,CHECK EXISTING CLAIMS,NOT APPLIED
https://immigratetobrazil.com/about/about/,pages/0004-about--about.md,DRAFT — editorial review required,OPTIMIZE,P1,metadata/0004-about--about.html,schema/0004-about--about.json,CHECK EXISTING CLAIMS,NOT APPLIED
https://immigratetobrazil.com/about/atlas/,pages/0005-about--atlas.md,DRAFT — editorial review required,OPTIMIZE,P1,metadata/0005-about--atlas.html,schema/0005-about--atlas.json,CHECK EXISTING CLAIMS,NOT APPLIED
https://immigratetobrazil.com/about/clients/,pages/0006-about--clients.md,DRAFT — editorial review required,OPTIMIZE,P1,metadata/0006-about--clients.html,schema/0006-about--clients.json,CHECK EXISTING CLAIMS,NOT APPLIED
https://immigratetobrazil.com/about/ethics/,pages/0007-about--ethics.md,DRAFT — editorial review required,OPTIMIZE,P1,metadata/0007-about--ethics.html,schema/0007-about--ethics.json,CHECK EXISTING CLAIMS,NOT APPLIED
https://immigratetobrazil.com/about/lawyer/,pages/0008-about--lawyer.md,DRAFT — editorial review required,OPTIMIZE,P1,metadata/0008-about--lawyer.html,schema/0008-about--lawyer.json,CHECK EXISTING CLAIMS,NOT APPLIED
https://immigratetobrazil.com/about/mission/,pages/0009-about--mission.md,DRAFT — editorial review required,OPTIMIZE,P1,metadata/0009-about--mission.html,schema/0009-about--mission.json,CHECK EXISTING CLAIMS,NOT APPLIED
https://immigratetobrazil.com/about/philosophy/,pages/0010-about--philosophy.md,DRAFT — editorial review required,OPTIMIZE,P1,metadata/0010-about--philosophy.html,schema/0010-about--philosophy.json,CHECK EXISTING CLAIMS,NOT APPLIED
https://immigratetobrazil.com/about/profile/,pages/0011-about--profile.md,DRAFT — editorial review required,OPTIMIZE,P1,metadata/0011-about--profile.html,schema/0011-about--profile.json,CHECK EXISTING CLAIMS,NOT APPLIED
https://immigratetobrazil.com/about/results/,pages/0012-about--results.md,DRAFT — editorial review required,OPTIMIZE,P1,metadata/0012-about--results.html,schema/0012-about--results.json,CHECK EXISTING CLAIMS,NOT APPLIED
https://immigratetobrazil.com/about/stories/,pages/0013-about--stories.md,DRAFT — editorial review required,OPTIMIZE,P1,metadata/0013-about--stories.html,schema/0013-about--stories.json,CHECK EXISTING CLAIMS,NOT APPLIED
https://immigratetobrazil.com/about/story/,pages/0014-about--story.md,DRAFT — editorial review required,OPTIMIZE,P1,metadata/0014-about--story.html,schema/0014-about--story.json,CHECK EXISTING CLAIMS,NOT APPLIED
https://immigratetobrazil.com/about/testimonials/,pages/0015-about--testimonials.md,DRAFT — editorial review required,OPTIMIZE,P1,metadata/0015-about--testimonials.html,schema/0015-about--testimonials.json,CHECK EXISTING CLAIMS,NOT APPLIED
https://immigratetobrazil.com/about/values/,pages/0016-about--values.md,DRAFT — editorial review required,OPTIMIZE,P1,metadata/0016-about--values.html,schema/0016-about--values.json,CHECK EXISTING CLAIMS,NOT APPLIED
https://immigratetobrazil.com/about/whyus/,pages/0017-about--whyus.md,DRAFT — editorial review required,OPTIMIZE,P1,metadata/0017-about--whyus.html,schema/0017-about--whyus.json,CHECK EXISTING CLAIMS,NOT APPLIED
https://immigratetobrazil.com/brazil/,pages/0018-brazil.md,DRAFT — editorial review required,OPTIMIZE,P2,metadata/0018-brazil.html,schema/0018-brazil.json,CHECK EXISTING CLAIMS,NOT APPLIED
https://immigratetobrazil.com/brazil/brazil/,pages/0019-brazil--brazil.md,DRAFT — editorial review required,OPTIMIZE,P2,metadata/0019-brazil--brazil.html,schema/0019-brazil--brazil.json,CHECK EXISTING CLAIMS,NOT APPLIED
https://immigratetobrazil.com/brazil/central-west/,pages/0020-brazil--central-west.md,DRAFT — editorial review required,OPTIMIZE,P2,metadata/0020-brazil--central-west.html,schema/0020-brazil--central-west.json,CHECK EXISTING CLAIMS,NOT APPLIED
https://immigratetobrazil.com/brazil/cities/,pages/0021-brazil--cities.md,DRAFT — editorial review required,OPTIMIZE,P2,metadata/0021-brazil--cities.html,schema/0021-brazil--cities.json,CHECK EXISTING CLAIMS,NOT APPLIED
https://immigratetobrazil.com/brazil/cities/aracaju/,pages/0022-brazil--cities--aracaju.md,DRAFT — editorial review required,OPTIMIZE,P2,metadata/0022-brazil--cities--aracaju.html,schema/0022-brazil--cities--aracaju.json,CHECK EXISTING CLAIMS,NOT APPLIED
https://immigratetobrazil.com/brazil/cities/belem/,pages/0023-brazil--cities--belem.md,DRAFT — editorial review required,OPTIMIZE,P2,metadata/0023-brazil--cities--belem.html,schema/0023-brazil--cities--belem.json,CHECK EXISTING CLAIMS,NOT APPLIED
https://immigratetobrazil.com/brazil/cities/belo-horizonte/,pages/0024-brazil--cities--belo-horizonte.md,DRAFT — editorial review required,OPTIMIZE,P2,metadata/0024-brazil--cities--belo-horizonte.html,schema/0024-brazil--cities--belo-horizonte.json,CHECK EXISTING CLAIMS,NOT APPLIED
https://immigratetobrazil.com/brazil/cities/boa-vista/,pages/0025-brazil--cities--boa-vista.md,DRAFT — editorial review required,OPTIMIZE,P2,metadata/0025-brazil--cities--boa-vista.html,schema/0025-brazil--cities--boa-vista.json,CHECK EXISTING CLAIMS,NOT APPLIED
https://immigratetobrazil.com/brazil/cities/brasilia/,pages/0026-brazil--cities--brasilia.md,DRAFT — editorial review required,OPTIMIZE,P2,metadata/0026-brazil--cities--brasilia.html,schema/0026-brazil--cities--brasilia.json,CHECK EXISTING CLAIMS,NOT APPLIED
https://immigratetobrazil.com/brazil/cities/campinas/,pages/0027-brazil--cities--campinas.md,DRAFT — editorial review required,OPTIMIZE,P2,metadata/0027-brazil--cities--campinas.html,schema/0027-brazil--cities--campinas.json,CHECK EXISTING CLAIMS,NOT APPLIED
https://immigratetobrazil.com/brazil/cities/campo-grande/,pages/0028-brazil--cities--campo-grande.md,DRAFT — editorial review required,OPTIMIZE,P2,metadata/0028-brazil--cities--campo-grande.html,schema/0028-brazil--cities--campo-grande.json,CHECK EXISTING CLAIMS,NOT APPLIED
https://immigratetobrazil.com/brazil/cities/cuiaba/,pages/0029-brazil--cities--cuiaba.md,DRAFT — editorial review required,OPTIMIZE,P2,metadata/0029-brazil--cities--cuiaba.html,schema/0029-brazil--cities--cuiaba.json,CHECK EXISTING CLAIMS,NOT APPLIED
https://immigratetobrazil.com/brazil/cities/curitiba/,pages/0030-brazil--cities--curitiba.md,DRAFT — editorial review required,OPTIMIZE,P2,metadata/0030-brazil--cities--curitiba.html,schema/0030-brazil--cities--curitiba.json,CHECK EXISTING CLAIMS,NOT APPLIED
https://immigratetobrazil.com/brazil/cities/florianopolis/,pages/0031-brazil--cities--florianopolis.md,DRAFT — editorial review required,OPTIMIZE,P2,metadata/0031-brazil--cities--florianopolis.html,schema/0031-brazil--cities--florianopolis.json,CHECK EXISTING CLAIMS,NOT APPLIED
https://immigratetobrazil.com/brazil/cities/fortaleza/,pages/0032-brazil--cities--fortaleza.md,DRAFT — editorial review required,OPTIMIZE,P2,metadata/0032-brazil--cities--fortaleza.html,schema/0032-brazil--cities--fortaleza.json,CHECK EXISTING CLAIMS,NOT APPLIED
https://immigratetobrazil.com/brazil/cities/goiania/,pages/0033-brazil--cities--goiania.md,DRAFT — editorial review required,OPTIMIZE,P2,metadata/0033-brazil--cities--goiania.html,schema/0033-brazil--cities--goiania.json,CHECK EXISTING CLAIMS,NOT APPLIED
https://immigratetobrazil.com/brazil/cities/gramado/,pages/0034-brazil--cities--gramado.md,DRAFT — editorial review required,OPTIMIZE,P2,metadata/0034-brazil--cities--gramado.html,schema/0034-brazil--cities--gramado.json,CHECK EXISTING CLAIMS,NOT APPLIED
https://immigratetobrazil.com/brazil/cities/joao-pessoa/,pages/0035-brazil--cities--joao-pessoa.md,DRAFT — editorial review required,OPTIMIZE,P2,metadata/0035-brazil--cities--joao-pessoa.html,schema/0035-brazil--cities--joao-pessoa.json,CHECK EXISTING CLAIMS,NOT APPLIED
https://immigratetobrazil.com/brazil/cities/macapa/,pages/0036-brazil--cities--macapa.md,DRAFT — editorial review required,OPTIMIZE,P2,metadata/0036-brazil--cities--macapa.html,schema/0036-brazil--cities--macapa.json,CHECK EXISTING CLAIMS,NOT APPLIED
https://immigratetobrazil.com/brazil/cities/maceio/,pages/0037-brazil--cities--maceio.md,DRAFT — editorial review required,OPTIMIZE,P2,metadata/0037-brazil--cities--maceio.html,schema/0037-brazil--cities--maceio.json,CHECK EXISTING CLAIMS,NOT APPLIED
https://immigratetobrazil.com/brazil/cities/manaus/,pages/0038-brazil--cities--manaus.md,DRAFT — editorial review required,OPTIMIZE,P2,metadata/0038-brazil--cities--manaus.html,schema/0038-brazil--cities--manaus.json,CHECK EXISTING CLAIMS,NOT APPLIED
https://immigratetobrazil.com/brazil/cities/natal/,pages/0039-brazil--cities--natal.md,DRAFT — editorial review required,OPTIMIZE,P2,metadata/0039-brazil--cities--natal.html,schema/0039-brazil--cities--natal.json,CHECK EXISTING CLAIMS,NOT APPLIED
https://immigratetobrazil.com/brazil/cities/niteroi/,pages/0040-brazil--cities--niteroi.md,DRAFT — editorial review required,OPTIMIZE,P2,metadata/0040-brazil--cities--niteroi.html,schema/0040-brazil--cities--niteroi.json,CHECK EXISTING CLAIMS,NOT APPLIED
https://immigratetobrazil.com/brazil/cities/palmas/,pages/0041-brazil--cities--palmas.md,DRAFT — editorial review required,OPTIMIZE,P2,metadata/0041-brazil--cities--palmas.html,schema/0041-brazil--cities--palmas.json,CHECK EXISTING CLAIMS,NOT APPLIED
https://immigratetobrazil.com/brazil/cities/porto-alegre/,pages/0042-brazil--cities--porto-alegre.md,DRAFT — editorial review required,OPTIMIZE,P2,metadata/0042-brazil--cities--porto-alegre.html,schema/0042-brazil--cities--porto-alegre.json,CHECK EXISTING CLAIMS,NOT APPLIED
https://immigratetobrazil.com/brazil/cities/porto-velho/,pages/0043-brazil--cities--porto-velho.md,DRAFT — editorial review required,OPTIMIZE,P2,metadata/0043-brazil--cities--porto-velho.html,schema/0043-brazil--cities--porto-velho.json,CHECK EXISTING CLAIMS,NOT APPLIED
https://immigratetobrazil.com/brazil/cities/recife/,pages/0044-brazil--cities--recife.md,DRAFT — editorial review required,OPTIMIZE,P2,metadata/0044-brazil--cities--recife.html,schema/0044-brazil--cities--recife.json,CHECK EXISTING CLAIMS,NOT APPLIED
https://immigratetobrazil.com/brazil/cities/ribeirao-preto/,pages/0045-brazil--cities--ribeirao-preto.md,DRAFT — editorial review required,OPTIMIZE,P2,metadata/0045-brazil--cities--ribeirao-preto.html,schema/0045-brazil--cities--ribeirao-preto.json,CHECK EXISTING CLAIMS,NOT APPLIED
https://immigratetobrazil.com/brazil/cities/rio-branco/,pages/0046-brazil--cities--rio-branco.md,DRAFT — editorial review required,OPTIMIZE,P2,metadata/0046-brazil--cities--rio-branco.html,schema/0046-brazil--cities--rio-branco.json,CHECK EXISTING CLAIMS,NOT APPLIED
https://immigratetobrazil.com/brazil/cities/rio-de-janeiro/,pages/0047-brazil--cities--rio-de-janeiro.md,DRAFT — editorial review required,OPTIMIZE,P2,metadata/0047-brazil--cities--rio-de-janeiro.html,schema/0047-brazil--cities--rio-de-janeiro.json,CHECK EXISTING CLAIMS,NOT APPLIED
https://immigratetobrazil.com/brazil/cities/salvador/,pages/0048-brazil--cities--salvador.md,DRAFT — editorial review required,OPTIMIZE,P2,metadata/0048-brazil--cities--salvador.html,schema/0048-brazil--cities--salvador.json,CHECK EXISTING CLAIMS,NOT APPLIED
https://immigratetobrazil.com/brazil/cities/santos/,pages/0049-brazil--cities--santos.md,DRAFT — editorial review required,OPTIMIZE,P2,metadata/0049-brazil--cities--santos.html,schema/0049-brazil--cities--santos.json,CHECK EXISTING CLAIMS,NOT APPLIED
https://immigratetobrazil.com/brazil/cities/sao-luis/,pages/0050-brazil--cities--sao-luis.md,DRAFT — editorial review required,OPTIMIZE,P2,metadata/0050-brazil--cities--sao-luis.html,schema/0050-brazil--cities--sao-luis.json,CHECK EXISTING CLAIMS,NOT APPLIED
https://immigratetobrazil.com/brazil/cities/sao-paulo/,pages/0051-brazil--cities--sao-paulo.md,DRAFT — editorial review required,OPTIMIZE,P2,metadata/0051-brazil--cities--sao-paulo.html,schema/0051-brazil--cities--sao-paulo.json,CHECK EXISTING CLAIMS,NOT APPLIED
https://immigratetobrazil.com/brazil/cities/teresina/,pages/0052-brazil--cities--teresina.md,DRAFT — editorial review required,OPTIMIZE,P2,metadata/0052-brazil--cities--teresina.html,schema/0052-brazil--cities--teresina.json,CHECK EXISTING CLAIMS,NOT APPLIED
https://immigratetobrazil.com/brazil/cities/vitoria/,pages/0053-brazil--cities--vitoria.md,DRAFT — editorial review required,OPTIMIZE,P2,metadata/0053-brazil--cities--vitoria.html,schema/0053-brazil--cities--vitoria.json,CHECK EXISTING CLAIMS,NOT APPLIED
https://immigratetobrazil.com/brazil/cost/,pages/0054-brazil--cost.md,DRAFT — editorial review required,OPTIMIZE,P2,metadata/0054-brazil--cost.html,schema/0054-brazil--cost.json,CHECK EXISTING CLAIMS,NOT APPLIED
https://immigratetobrazil.com/brazil/cuisine/,pages/0055-brazil--cuisine.md,DRAFT — editorial review required,OPTIMIZE,P2,metadata/0055-brazil--cuisine.html,schema/0055-brazil--cuisine.json,CHECK EXISTING CLAIMS,NOT APPLIED
https://immigratetobrazil.com/brazil/culture/,pages/0056-brazil--culture.md,DRAFT — editorial review required,OPTIMIZE,P2,metadata/0056-brazil--culture.html,schema/0056-brazil--culture.json,CHECK EXISTING CLAIMS,NOT APPLIED
https://immigratetobrazil.com/brazil/directory/,pages/0057-brazil--directory.md,DRAFT — editorial review required,OPTIMIZE,P2,metadata/0057-brazil--directory.html,schema/0057-brazil--directory.json,CHECK EXISTING CLAIMS,NOT APPLIED
https://immigratetobrazil.com/brazil/economy/,pages/0058-brazil--economy.md,DRAFT — editorial review required,OPTIMIZE,P2,metadata/0058-brazil--economy.html,schema/0058-brazil--economy.json,CHECK EXISTING CLAIMS,NOT APPLIED
https://immigratetobrazil.com/brazil/education/,pages/0059-brazil--education.md,DRAFT — editorial review required,OPTIMIZE,P2,metadata/0059-brazil--education.html,schema/0059-brazil--education.json,CHECK EXISTING CLAIMS,NOT APPLIED
https://immigratetobrazil.com/brazil/events/,pages/0060-brazil--events.md,DRAFT — editorial review required,OPTIMIZE,P2,metadata/0060-brazil--events.html,schema/0060-brazil--events.json,CHECK EXISTING CLAIMS,NOT APPLIED
https://immigratetobrazil.com/brazil/faqs/,pages/0061-brazil--faqs.md,DRAFT — editorial review required,OPTIMIZE,P2,metadata/0061-brazil--faqs.html,schema/0061-brazil--faqs.json,CHECK EXISTING CLAIMS,NOT APPLIED
https://immigratetobrazil.com/brazil/festivals/,pages/0062-brazil--festivals.md,DRAFT — editorial review required,OPTIMIZE,P2,metadata/0062-brazil--festivals.html,schema/0062-brazil--festivals.json,CHECK EXISTING CLAIMS,NOT APPLIED
https://immigratetobrazil.com/brazil/guides/,pages/0063-brazil--guides.md,DRAFT — editorial review required,OPTIMIZE,P2,metadata/0063-brazil--guides.html,schema/0063-brazil--guides.json,CHECK EXISTING CLAIMS,NOT APPLIED
https://immigratetobrazil.com/brazil/healthcare/,pages/0064-brazil--healthcare.md,DRAFT — editorial review required,OPTIMIZE,P2,metadata/0064-brazil--healthcare.html,schema/0064-brazil--healthcare.json,CHECK EXISTING CLAIMS,NOT APPLIED
https://immigratetobrazil.com/brazil/housing/,pages/0065-brazil--housing.md,DRAFT — editorial review required,OPTIMIZE,P2,metadata/0065-brazil--housing.html,schema/0065-brazil--housing.json,CHECK EXISTING CLAIMS,NOT APPLIED
https://immigratetobrazil.com/brazil/investment/,pages/0066-brazil--investment.md,DRAFT — editorial review required,OPTIMIZE,P2,metadata/0066-brazil--investment.html,schema/0066-brazil--investment.json,CHECK EXISTING CLAIMS,NOT APPLIED
https://immigratetobrazil.com/brazil/living/,pages/0067-brazil--living.md,DRAFT — editorial review required,OPTIMIZE,P2,metadata/0067-brazil--living.html,schema/0067-brazil--living.json,CHECK EXISTING CLAIMS,NOT APPLIED
https://immigratetobrazil.com/brazil/municipalities/,pages/0068-brazil--municipalities.md,DRAFT — editorial review required,OPTIMIZE,P2,metadata/0068-brazil--municipalities.html,schema/0068-brazil--municipalities.json,CHECK EXISTING CLAIMS,NOT APPLIED
https://immigratetobrazil.com/brazil/north/,pages/0069-brazil--north.md,DRAFT — editorial review required,OPTIMIZE,P2,metadata/0069-brazil--north.html,schema/0069-brazil--north.json,CHECK EXISTING CLAIMS,NOT APPLIED
https://immigratetobrazil.com/brazil/northeast/,pages/0070-brazil--northeast.md,DRAFT — editorial review required,OPTIMIZE,P2,metadata/0070-brazil--northeast.html,schema/0070-brazil--northeast.json,CHECK EXISTING CLAIMS,NOT APPLIED
https://immigratetobrazil.com/brazil/places/,pages/0071-brazil--places.md,DRAFT — editorial review required,OPTIMIZE,P2,metadata/0071-brazil--places.html,schema/0071-brazil--places.json,CHECK EXISTING CLAIMS,NOT APPLIED
https://immigratetobrazil.com/brazil/quality/,pages/0072-brazil--quality.md,DRAFT — editorial review required,OPTIMIZE,P2,metadata/0072-brazil--quality.html,schema/0072-brazil--quality.json,CHECK EXISTING CLAIMS,NOT APPLIED
https://immigratetobrazil.com/brazil/safety/,pages/0073-brazil--safety.md,DRAFT — editorial review required,OPTIMIZE,P2,metadata/0073-brazil--safety.html,schema/0073-brazil--safety.json,CHECK EXISTING CLAIMS,NOT APPLIED
https://immigratetobrazil.com/brazil/search/,pages/0074-brazil--search.md,UTILITY — preserve noindex,NOINDEX,P3,metadata/0074-brazil--search.html,schema/0074-brazil--search.json,CHECK EXISTING CLAIMS,NOT APPLIED
https://immigratetobrazil.com/brazil/south/,pages/0075-brazil--south.md,DRAFT — editorial review required,OPTIMIZE,P2,metadata/0075-brazil--south.html,schema/0075-brazil--south.json,CHECK EXISTING CLAIMS,NOT APPLIED
https://immigratetobrazil.com/brazil/southeast/,pages/0076-brazil--southeast.md,DRAFT — editorial review required,OPTIMIZE,P2,metadata/0076-brazil--southeast.html,schema/0076-brazil--southeast.json,CHECK EXISTING CLAIMS,NOT APPLIED
https://immigratetobrazil.com/brazil/states/,pages/0077-brazil--states.md,DRAFT — editorial review required,OPTIMIZE,P2,metadata/0077-brazil--states.html,schema/0077-brazil--states.json,CHECK EXISTING CLAIMS,NOT APPLIED
https://immigratetobrazil.com/client-feedback/,pages/0078-client-feedback.md,UTILITY — preserve noindex,NOINDEX,P3,metadata/0078-client-feedback.html,schema/0078-client-feedback.json,CHECK EXISTING CLAIMS,NOT APPLIED
https://immigratetobrazil.com/contact/,pages/0079-contact.md,DRAFT — editorial review required,OPTIMIZE,P2,metadata/0079-contact.html,schema/0079-contact.json,CHECK EXISTING CLAIMS,NOT APPLIED
https://immigratetobrazil.com/countries/,pages/0080-countries.md,DRAFT — editorial review required,OPTIMIZE,P2,metadata/0080-countries.html,schema/0080-countries.json,CHECK EXISTING CLAIMS,NOT APPLIED
https://immigratetobrazil.com/countries/afghanistan/,pages/0081-countries--afghanistan.md,COUNTRY EVIDENCE REQUIRED — conditional editorial draft,EXPAND,P2,metadata/0081-countries--afghanistan.html,schema/0081-countries--afghanistan.json,REQUIRED,NOT APPLIED
https://immigratetobrazil.com/countries/albania/,pages/0082-countries--albania.md,COUNTRY EVIDENCE REQUIRED — conditional editorial draft,EXPAND,P2,metadata/0082-countries--albania.html,schema/0082-countries--albania.json,REQUIRED,NOT APPLIED
https://immigratetobrazil.com/countries/algeria/,pages/0083-countries--algeria.md,COUNTRY EVIDENCE REQUIRED — conditional editorial draft,EXPAND,P2,metadata/0083-countries--algeria.html,schema/0083-countries--algeria.json,REQUIRED,NOT APPLIED
https://immigratetobrazil.com/countries/andorra/,pages/0084-countries--andorra.md,COUNTRY EVIDENCE REQUIRED — conditional editorial draft,EXPAND,P2,metadata/0084-countries--andorra.html,schema/0084-countries--andorra.json,REQUIRED,NOT APPLIED
https://immigratetobrazil.com/countries/angola/,pages/0085-countries--angola.md,COUNTRY EVIDENCE REQUIRED — conditional editorial draft,EXPAND,P2,metadata/0085-countries--angola.html,schema/0085-countries--angola.json,REQUIRED,NOT APPLIED
https://immigratetobrazil.com/countries/antigua-and-barbuda/,pages/0086-countries--antigua-and-barbuda.md,COUNTRY EVIDENCE REQUIRED — conditional editorial draft,EXPAND,P2,metadata/0086-countries--antigua-and-barbuda.html,schema/0086-countries--antigua-and-barbuda.json,REQUIRED,NOT APPLIED
https://immigratetobrazil.com/countries/argentina/,pages/0087-countries--argentina.md,COUNTRY EVIDENCE REQUIRED — conditional editorial draft,EXPAND,P2,metadata/0087-countries--argentina.html,schema/0087-countries--argentina.json,REQUIRED,NOT APPLIED
https://immigratetobrazil.com/countries/armenia/,pages/0088-countries--armenia.md,COUNTRY EVIDENCE REQUIRED — conditional editorial draft,EXPAND,P2,metadata/0088-countries--armenia.html,schema/0088-countries--armenia.json,REQUIRED,NOT APPLIED
https://immigratetobrazil.com/countries/australia/,pages/0089-countries--australia.md,COUNTRY EVIDENCE REQUIRED — conditional editorial draft,EXPAND,P2,metadata/0089-countries--australia.html,schema/0089-countries--australia.json,REQUIRED,NOT APPLIED
https://immigratetobrazil.com/countries/austria/,pages/0090-countries--austria.md,COUNTRY EVIDENCE REQUIRED — conditional editorial draft,EXPAND,P2,metadata/0090-countries--austria.html,schema/0090-countries--austria.json,REQUIRED,NOT APPLIED
https://immigratetobrazil.com/countries/azerbaijan/,pages/0091-countries--azerbaijan.md,COUNTRY EVIDENCE REQUIRED — conditional editorial draft,EXPAND,P2,metadata/0091-countries--azerbaijan.html,schema/0091-countries--azerbaijan.json,REQUIRED,NOT APPLIED
https://immigratetobrazil.com/countries/bahamas/,pages/0092-countries--bahamas.md,COUNTRY EVIDENCE REQUIRED — conditional editorial draft,EXPAND,P2,metadata/0092-countries--bahamas.html,schema/0092-countries--bahamas.json,REQUIRED,NOT APPLIED
https://immigratetobrazil.com/countries/bahrain/,pages/0093-countries--bahrain.md,COUNTRY EVIDENCE REQUIRED — conditional editorial draft,EXPAND,P2,metadata/0093-countries--bahrain.html,schema/0093-countries--bahrain.json,REQUIRED,NOT APPLIED
https://immigratetobrazil.com/countries/bangladesh/,pages/0094-countries--bangladesh.md,COUNTRY EVIDENCE REQUIRED — conditional editorial draft,EXPAND,P2,metadata/0094-countries--bangladesh.html,schema/0094-countries--bangladesh.json,REQUIRED,NOT APPLIED
https://immigratetobrazil.com/countries/barbados/,pages/0095-countries--barbados.md,COUNTRY EVIDENCE REQUIRED — conditional editorial draft,EXPAND,P2,metadata/0095-countries--barbados.html,schema/0095-countries--barbados.json,REQUIRED,NOT APPLIED
https://immigratetobrazil.com/countries/belarus/,pages/0096-countries--belarus.md,COUNTRY EVIDENCE REQUIRED — conditional editorial draft,EXPAND,P2,metadata/0096-countries--belarus.html,schema/0096-countries--belarus.json,REQUIRED,NOT APPLIED
https://immigratetobrazil.com/countries/belgium/,pages/0097-countries--belgium.md,COUNTRY EVIDENCE REQUIRED — conditional editorial draft,EXPAND,P2,metadata/0097-countries--belgium.html,schema/0097-countries--belgium.json,REQUIRED,NOT APPLIED
https://immigratetobrazil.com/countries/belize/,pages/0098-countries--belize.md,COUNTRY EVIDENCE REQUIRED — conditional editorial draft,EXPAND,P2,metadata/0098-countries--belize.html,schema/0098-countries--belize.json,REQUIRED,NOT APPLIED
https://immigratetobrazil.com/countries/benin/,pages/0099-countries--benin.md,COUNTRY EVIDENCE REQUIRED — conditional editorial draft,EXPAND,P2,metadata/0099-countries--benin.html,schema/0099-countries--benin.json,REQUIRED,NOT APPLIED
https://immigratetobrazil.com/countries/bhutan/,pages/0100-countries--bhutan.md,COUNTRY EVIDENCE REQUIRED — conditional editorial draft,EXPAND,P2,metadata/0100-countries--bhutan.html,schema/0100-countries--bhutan.json,REQUIRED,NOT APPLIED
https://immigratetobrazil.com/countries/bolivia/,pages/0101-countries--bolivia.md,COUNTRY EVIDENCE REQUIRED — conditional editorial draft,EXPAND,P2,metadata/0101-countries--bolivia.html,schema/0101-countries--bolivia.json,REQUIRED,NOT APPLIED
https://immigratetobrazil.com/countries/bosnia-and-herzegovina/,pages/0102-countries--bosnia-and-herzegovina.md,COUNTRY EVIDENCE REQUIRED — conditional editorial draft,EXPAND,P2,metadata/0102-countries--bosnia-and-herzegovina.html,schema/0102-countries--bosnia-and-herzegovina.json,REQUIRED,NOT APPLIED
https://immigratetobrazil.com/countries/botswana/,pages/0103-countries--botswana.md,COUNTRY EVIDENCE REQUIRED — conditional editorial draft,EXPAND,P2,metadata/0103-countries--botswana.html,schema/0103-countries--botswana.json,REQUIRED,NOT APPLIED
https://immigratetobrazil.com/countries/brazil/,pages/0104-countries--brazil.md,CONSOLIDATION REVIEW REQUIRED,INVESTIGATE FURTHER,P2,metadata/0104-countries--brazil.html,schema/0104-countries--brazil.json,REQUIRED,NOT APPLIED
https://immigratetobrazil.com/countries/brunei/,pages/0105-countries--brunei.md,COUNTRY EVIDENCE REQUIRED — conditional editorial draft,EXPAND,P2,metadata/0105-countries--brunei.html,schema/0105-countries--brunei.json,REQUIRED,NOT APPLIED
https://immigratetobrazil.com/countries/bulgaria/,pages/0106-countries--bulgaria.md,COUNTRY EVIDENCE REQUIRED — conditional editorial draft,EXPAND,P2,metadata/0106-countries--bulgaria.html,schema/0106-countries--bulgaria.json,REQUIRED,NOT APPLIED
https://immigratetobrazil.com/countries/burkina-faso/,pages/0107-countries--burkina-faso.md,COUNTRY EVIDENCE REQUIRED — conditional editorial draft,EXPAND,P2,metadata/0107-countries--burkina-faso.html,schema/0107-countries--burkina-faso.json,REQUIRED,NOT APPLIED
https://immigratetobrazil.com/countries/burundi/,pages/0108-countries--burundi.md,COUNTRY EVIDENCE REQUIRED — conditional editorial draft,EXPAND,P2,metadata/0108-countries--burundi.html,schema/0108-countries--burundi.json,REQUIRED,NOT APPLIED
https://immigratetobrazil.com/countries/cabo-verde/,pages/0109-countries--cabo-verde.md,COUNTRY EVIDENCE REQUIRED — conditional editorial draft,EXPAND,P2,metadata/0109-countries--cabo-verde.html,schema/0109-countries--cabo-verde.json,REQUIRED,NOT APPLIED
https://immigratetobrazil.com/countries/cambodia/,pages/0110-countries--cambodia.md,COUNTRY EVIDENCE REQUIRED — conditional editorial draft,EXPAND,P2,metadata/0110-countries--cambodia.html,schema/0110-countries--cambodia.json,REQUIRED,NOT APPLIED
https://immigratetobrazil.com/countries/cameroon/,pages/0111-countries--cameroon.md,COUNTRY EVIDENCE REQUIRED — conditional editorial draft,EXPAND,P2,metadata/0111-countries--cameroon.html,schema/0111-countries--cameroon.json,REQUIRED,NOT APPLIED
https://immigratetobrazil.com/countries/canada/,pages/0112-countries--canada.md,COUNTRY EVIDENCE REQUIRED — conditional editorial draft,EXPAND,P2,metadata/0112-countries--canada.html,schema/0112-countries--canada.json,REQUIRED,NOT APPLIED
https://immigratetobrazil.com/countries/central-african-republic/,pages/0113-countries--central-african-republic.md,COUNTRY EVIDENCE REQUIRED — conditional editorial draft,EXPAND,P2,metadata/0113-countries--central-african-republic.html,schema/0113-countries--central-african-republic.json,REQUIRED,NOT APPLIED
https://immigratetobrazil.com/countries/chad/,pages/0114-countries--chad.md,COUNTRY EVIDENCE REQUIRED — conditional editorial draft,EXPAND,P2,metadata/0114-countries--chad.html,schema/0114-countries--chad.json,REQUIRED,NOT APPLIED
https://immigratetobrazil.com/countries/chile/,pages/0115-countries--chile.md,COUNTRY EVIDENCE REQUIRED — conditional editorial draft,EXPAND,P2,metadata/0115-countries--chile.html,schema/0115-countries--chile.json,REQUIRED,NOT APPLIED
https://immigratetobrazil.com/countries/china/,pages/0116-countries--china.md,COUNTRY EVIDENCE REQUIRED — conditional editorial draft,EXPAND,P2,metadata/0116-countries--china.html,schema/0116-countries--china.json,REQUIRED,NOT APPLIED
https://immigratetobrazil.com/countries/colombia/,pages/0117-countries--colombia.md,COUNTRY EVIDENCE REQUIRED — conditional editorial draft,EXPAND,P2,metadata/0117-countries--colombia.html,schema/0117-countries--colombia.json,REQUIRED,NOT APPLIED
https://immigratetobrazil.com/countries/comoros/,pages/0118-countries--comoros.md,COUNTRY EVIDENCE REQUIRED — conditional editorial draft,EXPAND,P2,metadata/0118-countries--comoros.html,schema/0118-countries--comoros.json,REQUIRED,NOT APPLIED
https://immigratetobrazil.com/countries/congo-democratic-republic-of-the-congo/,pages/0119-countries--congo-democratic-republic-of-the-congo.md,COUNTRY EVIDENCE REQUIRED — conditional editorial draft,EXPAND,P2,metadata/0119-countries--congo-democratic-republic-of-the-congo.html,schema/0119-countries--congo-democratic-republic-of-the-congo.json,REQUIRED,NOT APPLIED
https://immigratetobrazil.com/countries/congo-republic-of-the-congo/,pages/0120-countries--congo-republic-of-the-congo.md,COUNTRY EVIDENCE REQUIRED — conditional editorial draft,EXPAND,P2,metadata/0120-countries--congo-republic-of-the-congo.html,schema/0120-countries--congo-republic-of-the-congo.json,REQUIRED,NOT APPLIED
https://immigratetobrazil.com/countries/costa-rica/,pages/0121-countries--costa-rica.md,COUNTRY EVIDENCE REQUIRED — conditional editorial draft,EXPAND,P2,metadata/0121-countries--costa-rica.html,schema/0121-countries--costa-rica.json,REQUIRED,NOT APPLIED
https://immigratetobrazil.com/countries/croatia/,pages/0122-countries--croatia.md,COUNTRY EVIDENCE REQUIRED — conditional editorial draft,EXPAND,P2,metadata/0122-countries--croatia.html,schema/0122-countries--croatia.json,REQUIRED,NOT APPLIED
https://immigratetobrazil.com/countries/cuba/,pages/0123-countries--cuba.md,COUNTRY EVIDENCE REQUIRED — conditional editorial draft,EXPAND,P2,metadata/0123-countries--cuba.html,schema/0123-countries--cuba.json,REQUIRED,NOT APPLIED
https://immigratetobrazil.com/countries/cyprus/,pages/0124-countries--cyprus.md,COUNTRY EVIDENCE REQUIRED — conditional editorial draft,EXPAND,P2,metadata/0124-countries--cyprus.html,schema/0124-countries--cyprus.json,REQUIRED,NOT APPLIED
https://immigratetobrazil.com/countries/czechia/,pages/0125-countries--czechia.md,COUNTRY EVIDENCE REQUIRED — conditional editorial draft,EXPAND,P2,metadata/0125-countries--czechia.html,schema/0125-countries--czechia.json,REQUIRED,NOT APPLIED
https://immigratetobrazil.com/countries/denmark/,pages/0126-countries--denmark.md,COUNTRY EVIDENCE REQUIRED — conditional editorial draft,EXPAND,P2,metadata/0126-countries--denmark.html,schema/0126-countries--denmark.json,REQUIRED,NOT APPLIED
https://immigratetobrazil.com/countries/djibouti/,pages/0127-countries--djibouti.md,COUNTRY EVIDENCE REQUIRED — conditional editorial draft,EXPAND,P2,metadata/0127-countries--djibouti.html,schema/0127-countries--djibouti.json,REQUIRED,NOT APPLIED
https://immigratetobrazil.com/countries/dominica/,pages/0128-countries--dominica.md,COUNTRY EVIDENCE REQUIRED — conditional editorial draft,EXPAND,P2,metadata/0128-countries--dominica.html,schema/0128-countries--dominica.json,REQUIRED,NOT APPLIED
https://immigratetobrazil.com/countries/dominican-republic/,pages/0129-countries--dominican-republic.md,COUNTRY EVIDENCE REQUIRED — conditional editorial draft,EXPAND,P2,metadata/0129-countries--dominican-republic.html,schema/0129-countries--dominican-republic.json,REQUIRED,NOT APPLIED
https://immigratetobrazil.com/countries/ecuador/,pages/0130-countries--ecuador.md,COUNTRY EVIDENCE REQUIRED — conditional editorial draft,EXPAND,P2,metadata/0130-countries--ecuador.html,schema/0130-countries--ecuador.json,REQUIRED,NOT APPLIED
https://immigratetobrazil.com/countries/egypt/,pages/0131-countries--egypt.md,COUNTRY EVIDENCE REQUIRED — conditional editorial draft,EXPAND,P2,metadata/0131-countries--egypt.html,schema/0131-countries--egypt.json,REQUIRED,NOT APPLIED
https://immigratetobrazil.com/countries/el-salvador/,pages/0132-countries--el-salvador.md,COUNTRY EVIDENCE REQUIRED — conditional editorial draft,EXPAND,P2,metadata/0132-countries--el-salvador.html,schema/0132-countries--el-salvador.json,REQUIRED,NOT APPLIED
https://immigratetobrazil.com/countries/equatorial-guinea/,pages/0133-countries--equatorial-guinea.md,COUNTRY EVIDENCE REQUIRED — conditional editorial draft,EXPAND,P2,metadata/0133-countries--equatorial-guinea.html,schema/0133-countries--equatorial-guinea.json,REQUIRED,NOT APPLIED
https://immigratetobrazil.com/countries/eritrea/,pages/0134-countries--eritrea.md,COUNTRY EVIDENCE REQUIRED — conditional editorial draft,EXPAND,P2,metadata/0134-countries--eritrea.html,schema/0134-countries--eritrea.json,REQUIRED,NOT APPLIED
https://immigratetobrazil.com/countries/estonia/,pages/0135-countries--estonia.md,COUNTRY EVIDENCE REQUIRED — conditional editorial draft,EXPAND,P2,metadata/0135-countries--estonia.html,schema/0135-countries--estonia.json,REQUIRED,NOT APPLIED
https://immigratetobrazil.com/countries/eswatini/,pages/0136-countries--eswatini.md,COUNTRY EVIDENCE REQUIRED — conditional editorial draft,EXPAND,P2,metadata/0136-countries--eswatini.html,schema/0136-countries--eswatini.json,REQUIRED,NOT APPLIED
https://immigratetobrazil.com/countries/ethiopia/,pages/0137-countries--ethiopia.md,COUNTRY EVIDENCE REQUIRED — conditional editorial draft,EXPAND,P2,metadata/0137-countries--ethiopia.html,schema/0137-countries--ethiopia.json,REQUIRED,NOT APPLIED
https://immigratetobrazil.com/countries/fiji/,pages/0138-countries--fiji.md,COUNTRY EVIDENCE REQUIRED — conditional editorial draft,EXPAND,P2,metadata/0138-countries--fiji.html,schema/0138-countries--fiji.json,REQUIRED,NOT APPLIED
https://immigratetobrazil.com/countries/finland/,pages/0139-countries--finland.md,COUNTRY EVIDENCE REQUIRED — conditional editorial draft,EXPAND,P2,metadata/0139-countries--finland.html,schema/0139-countries--finland.json,REQUIRED,NOT APPLIED
https://immigratetobrazil.com/countries/france/,pages/0140-countries--france.md,COUNTRY EVIDENCE REQUIRED — conditional editorial draft,EXPAND,P2,metadata/0140-countries--france.html,schema/0140-countries--france.json,REQUIRED,NOT APPLIED
https://immigratetobrazil.com/countries/gabon/,pages/0141-countries--gabon.md,COUNTRY EVIDENCE REQUIRED — conditional editorial draft,EXPAND,P2,metadata/0141-countries--gabon.html,schema/0141-countries--gabon.json,REQUIRED,NOT APPLIED
https://immigratetobrazil.com/countries/gambia/,pages/0142-countries--gambia.md,COUNTRY EVIDENCE REQUIRED — conditional editorial draft,EXPAND,P2,metadata/0142-countries--gambia.html,schema/0142-countries--gambia.json,REQUIRED,NOT APPLIED
https://immigratetobrazil.com/countries/georgia/,pages/0143-countries--georgia.md,COUNTRY EVIDENCE REQUIRED — conditional editorial draft,EXPAND,P2,metadata/0143-countries--georgia.html,schema/0143-countries--georgia.json,REQUIRED,NOT APPLIED
https://immigratetobrazil.com/countries/germany/,pages/0144-countries--germany.md,COUNTRY EVIDENCE REQUIRED — conditional editorial draft,EXPAND,P2,metadata/0144-countries--germany.html,schema/0144-countries--germany.json,REQUIRED,NOT APPLIED
https://immigratetobrazil.com/countries/ghana/,pages/0145-countries--ghana.md,COUNTRY EVIDENCE REQUIRED — conditional editorial draft,EXPAND,P2,metadata/0145-countries--ghana.html,schema/0145-countries--ghana.json,REQUIRED,NOT APPLIED
https://immigratetobrazil.com/countries/greece/,pages/0146-countries--greece.md,COUNTRY EVIDENCE REQUIRED — conditional editorial draft,EXPAND,P2,metadata/0146-countries--greece.html,schema/0146-countries--greece.json,REQUIRED,NOT APPLIED
https://immigratetobrazil.com/countries/grenada/,pages/0147-countries--grenada.md,COUNTRY EVIDENCE REQUIRED — conditional editorial draft,EXPAND,P2,metadata/0147-countries--grenada.html,schema/0147-countries--grenada.json,REQUIRED,NOT APPLIED
https://immigratetobrazil.com/countries/guatemala/,pages/0148-countries--guatemala.md,COUNTRY EVIDENCE REQUIRED — conditional editorial draft,EXPAND,P2,metadata/0148-countries--guatemala.html,schema/0148-countries--guatemala.json,REQUIRED,NOT APPLIED
https://immigratetobrazil.com/countries/guinea-bissau/,pages/0149-countries--guinea-bissau.md,COUNTRY EVIDENCE REQUIRED — conditional editorial draft,EXPAND,P2,metadata/0149-countries--guinea-bissau.html,schema/0149-countries--guinea-bissau.json,REQUIRED,NOT APPLIED
https://immigratetobrazil.com/countries/guinea/,pages/0150-countries--guinea.md,COUNTRY EVIDENCE REQUIRED — conditional editorial draft,EXPAND,P2,metadata/0150-countries--guinea.html,schema/0150-countries--guinea.json,REQUIRED,NOT APPLIED
https://immigratetobrazil.com/countries/guyana/,pages/0151-countries--guyana.md,COUNTRY EVIDENCE REQUIRED — conditional editorial draft,EXPAND,P2,metadata/0151-countries--guyana.html,schema/0151-countries--guyana.json,REQUIRED,NOT APPLIED
https://immigratetobrazil.com/countries/haiti/,pages/0152-countries--haiti.md,COUNTRY EVIDENCE REQUIRED — conditional editorial draft,EXPAND,P2,metadata/0152-countries--haiti.html,schema/0152-countries--haiti.json,REQUIRED,NOT APPLIED
https://immigratetobrazil.com/countries/honduras/,pages/0153-countries--honduras.md,COUNTRY EVIDENCE REQUIRED — conditional editorial draft,EXPAND,P2,metadata/0153-countries--honduras.html,schema/0153-countries--honduras.json,REQUIRED,NOT APPLIED
https://immigratetobrazil.com/countries/hungary/,pages/0154-countries--hungary.md,COUNTRY EVIDENCE REQUIRED — conditional editorial draft,EXPAND,P2,metadata/0154-countries--hungary.html,schema/0154-countries--hungary.json,REQUIRED,NOT APPLIED
https://immigratetobrazil.com/countries/iceland/,pages/0155-countries--iceland.md,COUNTRY EVIDENCE REQUIRED — conditional editorial draft,EXPAND,P2,metadata/0155-countries--iceland.html,schema/0155-countries--iceland.json,REQUIRED,NOT APPLIED
https://immigratetobrazil.com/countries/india/,pages/0156-countries--india.md,COUNTRY EVIDENCE REQUIRED — conditional editorial draft,EXPAND,P2,metadata/0156-countries--india.html,schema/0156-countries--india.json,REQUIRED,NOT APPLIED
https://immigratetobrazil.com/countries/indonesia/,pages/0157-countries--indonesia.md,COUNTRY EVIDENCE REQUIRED — conditional editorial draft,EXPAND,P2,metadata/0157-countries--indonesia.html,schema/0157-countries--indonesia.json,REQUIRED,NOT APPLIED
https://immigratetobrazil.com/countries/iran/,pages/0158-countries--iran.md,COUNTRY EVIDENCE REQUIRED — conditional editorial draft,EXPAND,P2,metadata/0158-countries--iran.html,schema/0158-countries--iran.json,REQUIRED,NOT APPLIED
https://immigratetobrazil.com/countries/iraq/,pages/0159-countries--iraq.md,COUNTRY EVIDENCE REQUIRED — conditional editorial draft,EXPAND,P2,metadata/0159-countries--iraq.html,schema/0159-countries--iraq.json,REQUIRED,NOT APPLIED
https://immigratetobrazil.com/countries/ireland/,pages/0160-countries--ireland.md,COUNTRY EVIDENCE REQUIRED — conditional editorial draft,EXPAND,P2,metadata/0160-countries--ireland.html,schema/0160-countries--ireland.json,REQUIRED,NOT APPLIED
https://immigratetobrazil.com/countries/israel/,pages/0161-countries--israel.md,COUNTRY EVIDENCE REQUIRED — conditional editorial draft,EXPAND,P2,metadata/0161-countries--israel.html,schema/0161-countries--israel.json,REQUIRED,NOT APPLIED
https://immigratetobrazil.com/countries/italy/,pages/0162-countries--italy.md,COUNTRY EVIDENCE REQUIRED — conditional editorial draft,EXPAND,P2,metadata/0162-countries--italy.html,schema/0162-countries--italy.json,REQUIRED,NOT APPLIED
https://immigratetobrazil.com/countries/jamaica/,pages/0163-countries--jamaica.md,COUNTRY EVIDENCE REQUIRED — conditional editorial draft,EXPAND,P2,metadata/0163-countries--jamaica.html,schema/0163-countries--jamaica.json,REQUIRED,NOT APPLIED
https://immigratetobrazil.com/countries/japan/,pages/0164-countries--japan.md,COUNTRY EVIDENCE REQUIRED — conditional editorial draft,EXPAND,P2,metadata/0164-countries--japan.html,schema/0164-countries--japan.json,REQUIRED,NOT APPLIED
https://immigratetobrazil.com/countries/jordan/,pages/0165-countries--jordan.md,COUNTRY EVIDENCE REQUIRED — conditional editorial draft,EXPAND,P2,metadata/0165-countries--jordan.html,schema/0165-countries--jordan.json,REQUIRED,NOT APPLIED
https://immigratetobrazil.com/countries/kazakhstan/,pages/0166-countries--kazakhstan.md,COUNTRY EVIDENCE REQUIRED — conditional editorial draft,EXPAND,P2,metadata/0166-countries--kazakhstan.html,schema/0166-countries--kazakhstan.json,REQUIRED,NOT APPLIED
https://immigratetobrazil.com/countries/kenya/,pages/0167-countries--kenya.md,COUNTRY EVIDENCE REQUIRED — conditional editorial draft,EXPAND,P2,metadata/0167-countries--kenya.html,schema/0167-countries--kenya.json,REQUIRED,NOT APPLIED
https://immigratetobrazil.com/countries/kiribati/,pages/0168-countries--kiribati.md,COUNTRY EVIDENCE REQUIRED — conditional editorial draft,EXPAND,P2,metadata/0168-countries--kiribati.html,schema/0168-countries--kiribati.json,REQUIRED,NOT APPLIED
https://immigratetobrazil.com/countries/kuwait/,pages/0169-countries--kuwait.md,COUNTRY EVIDENCE REQUIRED — conditional editorial draft,EXPAND,P2,metadata/0169-countries--kuwait.html,schema/0169-countries--kuwait.json,REQUIRED,NOT APPLIED
https://immigratetobrazil.com/countries/kyrgyzstan/,pages/0170-countries--kyrgyzstan.md,COUNTRY EVIDENCE REQUIRED — conditional editorial draft,EXPAND,P2,metadata/0170-countries--kyrgyzstan.html,schema/0170-countries--kyrgyzstan.json,REQUIRED,NOT APPLIED
https://immigratetobrazil.com/countries/laos/,pages/0171-countries--laos.md,COUNTRY EVIDENCE REQUIRED — conditional editorial draft,EXPAND,P2,metadata/0171-countries--laos.html,schema/0171-countries--laos.json,REQUIRED,NOT APPLIED
https://immigratetobrazil.com/countries/latvia/,pages/0172-countries--latvia.md,COUNTRY EVIDENCE REQUIRED — conditional editorial draft,EXPAND,P2,metadata/0172-countries--latvia.html,schema/0172-countries--latvia.json,REQUIRED,NOT APPLIED
https://immigratetobrazil.com/countries/lebanon/,pages/0173-countries--lebanon.md,COUNTRY EVIDENCE REQUIRED — conditional editorial draft,EXPAND,P2,metadata/0173-countries--lebanon.html,schema/0173-countries--lebanon.json,REQUIRED,NOT APPLIED
https://immigratetobrazil.com/countries/lesotho/,pages/0174-countries--lesotho.md,COUNTRY EVIDENCE REQUIRED — conditional editorial draft,EXPAND,P2,metadata/0174-countries--lesotho.html,schema/0174-countries--lesotho.json,REQUIRED,NOT APPLIED
https://immigratetobrazil.com/countries/liberia/,pages/0175-countries--liberia.md,COUNTRY EVIDENCE REQUIRED — conditional editorial draft,EXPAND,P2,metadata/0175-countries--liberia.html,schema/0175-countries--liberia.json,REQUIRED,NOT APPLIED
https://immigratetobrazil.com/countries/libya/,pages/0176-countries--libya.md,COUNTRY EVIDENCE REQUIRED — conditional editorial draft,EXPAND,P2,metadata/0176-countries--libya.html,schema/0176-countries--libya.json,REQUIRED,NOT APPLIED
https://immigratetobrazil.com/countries/liechtenstein/,pages/0177-countries--liechtenstein.md,COUNTRY EVIDENCE REQUIRED — conditional editorial draft,EXPAND,P2,metadata/0177-countries--liechtenstein.html,schema/0177-countries--liechtenstein.json,REQUIRED,NOT APPLIED
https://immigratetobrazil.com/countries/lithuania/,pages/0178-countries--lithuania.md,COUNTRY EVIDENCE REQUIRED — conditional editorial draft,EXPAND,P2,metadata/0178-countries--lithuania.html,schema/0178-countries--lithuania.json,REQUIRED,NOT APPLIED
https://immigratetobrazil.com/countries/luxembourg/,pages/0179-countries--luxembourg.md,COUNTRY EVIDENCE REQUIRED — conditional editorial draft,EXPAND,P2,metadata/0179-countries--luxembourg.html,schema/0179-countries--luxembourg.json,REQUIRED,NOT APPLIED
https://immigratetobrazil.com/countries/madagascar/,pages/0180-countries--madagascar.md,COUNTRY EVIDENCE REQUIRED — conditional editorial draft,EXPAND,P2,metadata/0180-countries--madagascar.html,schema/0180-countries--madagascar.json,REQUIRED,NOT APPLIED
https://immigratetobrazil.com/countries/malawi/,pages/0181-countries--malawi.md,COUNTRY EVIDENCE REQUIRED — conditional editorial draft,EXPAND,P2,metadata/0181-countries--malawi.html,schema/0181-countries--malawi.json,REQUIRED,NOT APPLIED
https://immigratetobrazil.com/countries/malaysia/,pages/0182-countries--malaysia.md,COUNTRY EVIDENCE REQUIRED — conditional editorial draft,EXPAND,P2,metadata/0182-countries--malaysia.html,schema/0182-countries--malaysia.json,REQUIRED,NOT APPLIED
https://immigratetobrazil.com/countries/maldives/,pages/0183-countries--maldives.md,COUNTRY EVIDENCE REQUIRED — conditional editorial draft,EXPAND,P2,metadata/0183-countries--maldives.html,schema/0183-countries--maldives.json,REQUIRED,NOT APPLIED
https://immigratetobrazil.com/countries/mali/,pages/0184-countries--mali.md,COUNTRY EVIDENCE REQUIRED — conditional editorial draft,EXPAND,P2,metadata/0184-countries--mali.html,schema/0184-countries--mali.json,REQUIRED,NOT APPLIED
https://immigratetobrazil.com/countries/malta/,pages/0185-countries--malta.md,COUNTRY EVIDENCE REQUIRED — conditional editorial draft,EXPAND,P2,metadata/0185-countries--malta.html,schema/0185-countries--malta.json,REQUIRED,NOT APPLIED
https://immigratetobrazil.com/countries/marshall-islands/,pages/0186-countries--marshall-islands.md,COUNTRY EVIDENCE REQUIRED — conditional editorial draft,EXPAND,P2,metadata/0186-countries--marshall-islands.html,schema/0186-countries--marshall-islands.json,REQUIRED,NOT APPLIED
https://immigratetobrazil.com/countries/mauritania/,pages/0187-countries--mauritania.md,COUNTRY EVIDENCE REQUIRED — conditional editorial draft,EXPAND,P2,metadata/0187-countries--mauritania.html,schema/0187-countries--mauritania.json,REQUIRED,NOT APPLIED
https://immigratetobrazil.com/countries/mauritius/,pages/0188-countries--mauritius.md,COUNTRY EVIDENCE REQUIRED — conditional editorial draft,EXPAND,P2,metadata/0188-countries--mauritius.html,schema/0188-countries--mauritius.json,REQUIRED,NOT APPLIED
https://immigratetobrazil.com/countries/mexico/,pages/0189-countries--mexico.md,COUNTRY EVIDENCE REQUIRED — conditional editorial draft,EXPAND,P2,metadata/0189-countries--mexico.html,schema/0189-countries--mexico.json,REQUIRED,NOT APPLIED
https://immigratetobrazil.com/countries/micronesia/,pages/0190-countries--micronesia.md,COUNTRY EVIDENCE REQUIRED — conditional editorial draft,EXPAND,P2,metadata/0190-countries--micronesia.html,schema/0190-countries--micronesia.json,REQUIRED,NOT APPLIED
https://immigratetobrazil.com/countries/moldova/,pages/0191-countries--moldova.md,COUNTRY EVIDENCE REQUIRED — conditional editorial draft,EXPAND,P2,metadata/0191-countries--moldova.html,schema/0191-countries--moldova.json,REQUIRED,NOT APPLIED
https://immigratetobrazil.com/countries/monaco/,pages/0192-countries--monaco.md,COUNTRY EVIDENCE REQUIRED — conditional editorial draft,EXPAND,P2,metadata/0192-countries--monaco.html,schema/0192-countries--monaco.json,REQUIRED,NOT APPLIED
https://immigratetobrazil.com/countries/mongolia/,pages/0193-countries--mongolia.md,COUNTRY EVIDENCE REQUIRED — conditional editorial draft,EXPAND,P2,metadata/0193-countries--mongolia.html,schema/0193-countries--mongolia.json,REQUIRED,NOT APPLIED
https://immigratetobrazil.com/countries/montenegro/,pages/0194-countries--montenegro.md,COUNTRY EVIDENCE REQUIRED — conditional editorial draft,EXPAND,P2,metadata/0194-countries--montenegro.html,schema/0194-countries--montenegro.json,REQUIRED,NOT APPLIED
https://immigratetobrazil.com/countries/morocco/,pages/0195-countries--morocco.md,COUNTRY EVIDENCE REQUIRED — conditional editorial draft,EXPAND,P2,metadata/0195-countries--morocco.html,schema/0195-countries--morocco.json,REQUIRED,NOT APPLIED
https://immigratetobrazil.com/countries/mozambique/,pages/0196-countries--mozambique.md,COUNTRY EVIDENCE REQUIRED — conditional editorial draft,EXPAND,P2,metadata/0196-countries--mozambique.html,schema/0196-countries--mozambique.json,REQUIRED,NOT APPLIED
https://immigratetobrazil.com/countries/myanmar/,pages/0197-countries--myanmar.md,COUNTRY EVIDENCE REQUIRED — conditional editorial draft,EXPAND,P2,metadata/0197-countries--myanmar.html,schema/0197-countries--myanmar.json,REQUIRED,NOT APPLIED
https://immigratetobrazil.com/countries/namibia/,pages/0198-countries--namibia.md,COUNTRY EVIDENCE REQUIRED — conditional editorial draft,EXPAND,P2,metadata/0198-countries--namibia.html,schema/0198-countries--namibia.json,REQUIRED,NOT APPLIED
https://immigratetobrazil.com/countries/nauru/,pages/0199-countries--nauru.md,COUNTRY EVIDENCE REQUIRED — conditional editorial draft,EXPAND,P2,metadata/0199-countries--nauru.html,schema/0199-countries--nauru.json,REQUIRED,NOT APPLIED
https://immigratetobrazil.com/countries/nepal/,pages/0200-countries--nepal.md,COUNTRY EVIDENCE REQUIRED — conditional editorial draft,EXPAND,P2,metadata/0200-countries--nepal.html,schema/0200-countries--nepal.json,REQUIRED,NOT APPLIED
https://immigratetobrazil.com/countries/netherlands/,pages/0201-countries--netherlands.md,COUNTRY EVIDENCE REQUIRED — conditional editorial draft,EXPAND,P2,metadata/0201-countries--netherlands.html,schema/0201-countries--netherlands.json,REQUIRED,NOT APPLIED
https://immigratetobrazil.com/countries/new-zealand/,pages/0202-countries--new-zealand.md,COUNTRY EVIDENCE REQUIRED — conditional editorial draft,EXPAND,P2,metadata/0202-countries--new-zealand.html,schema/0202-countries--new-zealand.json,REQUIRED,NOT APPLIED
https://immigratetobrazil.com/countries/nicaragua/,pages/0203-countries--nicaragua.md,COUNTRY EVIDENCE REQUIRED — conditional editorial draft,EXPAND,P2,metadata/0203-countries--nicaragua.html,schema/0203-countries--nicaragua.json,REQUIRED,NOT APPLIED
https://immigratetobrazil.com/countries/niger/,pages/0204-countries--niger.md,COUNTRY EVIDENCE REQUIRED — conditional editorial draft,EXPAND,P2,metadata/0204-countries--niger.html,schema/0204-countries--niger.json,REQUIRED,NOT APPLIED
https://immigratetobrazil.com/countries/nigeria/,pages/0205-countries--nigeria.md,COUNTRY EVIDENCE REQUIRED — conditional editorial draft,EXPAND,P2,metadata/0205-countries--nigeria.html,schema/0205-countries--nigeria.json,REQUIRED,NOT APPLIED
https://immigratetobrazil.com/countries/north-korea/,pages/0206-countries--north-korea.md,COUNTRY EVIDENCE REQUIRED — conditional editorial draft,EXPAND,P2,metadata/0206-countries--north-korea.html,schema/0206-countries--north-korea.json,REQUIRED,NOT APPLIED
https://immigratetobrazil.com/countries/north-macedonia/,pages/0207-countries--north-macedonia.md,COUNTRY EVIDENCE REQUIRED — conditional editorial draft,EXPAND,P2,metadata/0207-countries--north-macedonia.html,schema/0207-countries--north-macedonia.json,REQUIRED,NOT APPLIED
https://immigratetobrazil.com/countries/norway/,pages/0208-countries--norway.md,COUNTRY EVIDENCE REQUIRED — conditional editorial draft,EXPAND,P2,metadata/0208-countries--norway.html,schema/0208-countries--norway.json,REQUIRED,NOT APPLIED
https://immigratetobrazil.com/countries/oman/,pages/0209-countries--oman.md,COUNTRY EVIDENCE REQUIRED — conditional editorial draft,EXPAND,P2,metadata/0209-countries--oman.html,schema/0209-countries--oman.json,REQUIRED,NOT APPLIED
https://immigratetobrazil.com/countries/pakistan/,pages/0210-countries--pakistan.md,COUNTRY EVIDENCE REQUIRED — conditional editorial draft,EXPAND,P2,metadata/0210-countries--pakistan.html,schema/0210-countries--pakistan.json,REQUIRED,NOT APPLIED
https://immigratetobrazil.com/countries/palau/,pages/0211-countries--palau.md,COUNTRY EVIDENCE REQUIRED — conditional editorial draft,EXPAND,P2,metadata/0211-countries--palau.html,schema/0211-countries--palau.json,REQUIRED,NOT APPLIED
https://immigratetobrazil.com/countries/palestine/,pages/0212-countries--palestine.md,COUNTRY EVIDENCE REQUIRED — conditional editorial draft,EXPAND,P2,metadata/0212-countries--palestine.html,schema/0212-countries--palestine.json,REQUIRED,NOT APPLIED
https://immigratetobrazil.com/countries/panama/,pages/0213-countries--panama.md,COUNTRY EVIDENCE REQUIRED — conditional editorial draft,EXPAND,P2,metadata/0213-countries--panama.html,schema/0213-countries--panama.json,REQUIRED,NOT APPLIED
https://immigratetobrazil.com/countries/papua-new-guinea/,pages/0214-countries--papua-new-guinea.md,COUNTRY EVIDENCE REQUIRED — conditional editorial draft,EXPAND,P2,metadata/0214-countries--papua-new-guinea.html,schema/0214-countries--papua-new-guinea.json,REQUIRED,NOT APPLIED
https://immigratetobrazil.com/countries/paraguay/,pages/0215-countries--paraguay.md,COUNTRY EVIDENCE REQUIRED — conditional editorial draft,EXPAND,P2,metadata/0215-countries--paraguay.html,schema/0215-countries--paraguay.json,REQUIRED,NOT APPLIED
https://immigratetobrazil.com/countries/peru/,pages/0216-countries--peru.md,COUNTRY EVIDENCE REQUIRED — conditional editorial draft,EXPAND,P2,metadata/0216-countries--peru.html,schema/0216-countries--peru.json,REQUIRED,NOT APPLIED
https://immigratetobrazil.com/countries/philippines/,pages/0217-countries--philippines.md,COUNTRY EVIDENCE REQUIRED — conditional editorial draft,EXPAND,P2,metadata/0217-countries--philippines.html,schema/0217-countries--philippines.json,REQUIRED,NOT APPLIED
https://immigratetobrazil.com/countries/poland/,pages/0218-countries--poland.md,COUNTRY EVIDENCE REQUIRED — conditional editorial draft,EXPAND,P2,metadata/0218-countries--poland.html,schema/0218-countries--poland.json,REQUIRED,NOT APPLIED
https://immigratetobrazil.com/countries/portugal/,pages/0219-countries--portugal.md,COUNTRY EVIDENCE REQUIRED — conditional editorial draft,EXPAND,P2,metadata/0219-countries--portugal.html,schema/0219-countries--portugal.json,REQUIRED,NOT APPLIED
https://immigratetobrazil.com/countries/qatar/,pages/0220-countries--qatar.md,COUNTRY EVIDENCE REQUIRED — conditional editorial draft,EXPAND,P2,metadata/0220-countries--qatar.html,schema/0220-countries--qatar.json,REQUIRED,NOT APPLIED
https://immigratetobrazil.com/countries/romania/,pages/0221-countries--romania.md,COUNTRY EVIDENCE REQUIRED — conditional editorial draft,EXPAND,P2,metadata/0221-countries--romania.html,schema/0221-countries--romania.json,REQUIRED,NOT APPLIED
https://immigratetobrazil.com/countries/russia/,pages/0222-countries--russia.md,COUNTRY EVIDENCE REQUIRED — conditional editorial draft,EXPAND,P2,metadata/0222-countries--russia.html,schema/0222-countries--russia.json,REQUIRED,NOT APPLIED
https://immigratetobrazil.com/countries/rwanda/,pages/0223-countries--rwanda.md,COUNTRY EVIDENCE REQUIRED — conditional editorial draft,EXPAND,P2,metadata/0223-countries--rwanda.html,schema/0223-countries--rwanda.json,REQUIRED,NOT APPLIED
https://immigratetobrazil.com/countries/saint-kitts-and-nevis/,pages/0224-countries--saint-kitts-and-nevis.md,COUNTRY EVIDENCE REQUIRED — conditional editorial draft,EXPAND,P2,metadata/0224-countries--saint-kitts-and-nevis.html,schema/0224-countries--saint-kitts-and-nevis.json,REQUIRED,NOT APPLIED
https://immigratetobrazil.com/countries/saint-lucia/,pages/0225-countries--saint-lucia.md,COUNTRY EVIDENCE REQUIRED — conditional editorial draft,EXPAND,P2,metadata/0225-countries--saint-lucia.html,schema/0225-countries--saint-lucia.json,REQUIRED,NOT APPLIED
https://immigratetobrazil.com/countries/saint-vincent-and-the-grenadines/,pages/0226-countries--saint-vincent-and-the-grenadines.md,COUNTRY EVIDENCE REQUIRED — conditional editorial draft,EXPAND,P2,metadata/0226-countries--saint-vincent-and-the-grenadines.html,schema/0226-countries--saint-vincent-and-the-grenadines.json,REQUIRED,NOT APPLIED
https://immigratetobrazil.com/countries/samoa/,pages/0227-countries--samoa.md,COUNTRY EVIDENCE REQUIRED — conditional editorial draft,EXPAND,P2,metadata/0227-countries--samoa.html,schema/0227-countries--samoa.json,REQUIRED,NOT APPLIED
https://immigratetobrazil.com/countries/san-marino/,pages/0228-countries--san-marino.md,COUNTRY EVIDENCE REQUIRED — conditional editorial draft,EXPAND,P2,metadata/0228-countries--san-marino.html,schema/0228-countries--san-marino.json,REQUIRED,NOT APPLIED
https://immigratetobrazil.com/countries/sao-tome-and-principe/,pages/0229-countries--sao-tome-and-principe.md,COUNTRY EVIDENCE REQUIRED — conditional editorial draft,EXPAND,P2,metadata/0229-countries--sao-tome-and-principe.html,schema/0229-countries--sao-tome-and-principe.json,REQUIRED,NOT APPLIED
https://immigratetobrazil.com/countries/saudi-arabia/,pages/0230-countries--saudi-arabia.md,COUNTRY EVIDENCE REQUIRED — conditional editorial draft,EXPAND,P2,metadata/0230-countries--saudi-arabia.html,schema/0230-countries--saudi-arabia.json,REQUIRED,NOT APPLIED
https://immigratetobrazil.com/countries/senegal/,pages/0231-countries--senegal.md,COUNTRY EVIDENCE REQUIRED — conditional editorial draft,EXPAND,P2,metadata/0231-countries--senegal.html,schema/0231-countries--senegal.json,REQUIRED,NOT APPLIED
https://immigratetobrazil.com/countries/serbia/,pages/0232-countries--serbia.md,COUNTRY EVIDENCE REQUIRED — conditional editorial draft,EXPAND,P2,metadata/0232-countries--serbia.html,schema/0232-countries--serbia.json,REQUIRED,NOT APPLIED
https://immigratetobrazil.com/countries/seychelles/,pages/0233-countries--seychelles.md,COUNTRY EVIDENCE REQUIRED — conditional editorial draft,EXPAND,P2,metadata/0233-countries--seychelles.html,schema/0233-countries--seychelles.json,REQUIRED,NOT APPLIED
https://immigratetobrazil.com/countries/sierra-leone/,pages/0234-countries--sierra-leone.md,COUNTRY EVIDENCE REQUIRED — conditional editorial draft,EXPAND,P2,metadata/0234-countries--sierra-leone.html,schema/0234-countries--sierra-leone.json,REQUIRED,NOT APPLIED
https://immigratetobrazil.com/countries/singapore/,pages/0235-countries--singapore.md,COUNTRY EVIDENCE REQUIRED — conditional editorial draft,EXPAND,P2,metadata/0235-countries--singapore.html,schema/0235-countries--singapore.json,REQUIRED,NOT APPLIED
https://immigratetobrazil.com/countries/slovakia/,pages/0236-countries--slovakia.md,COUNTRY EVIDENCE REQUIRED — conditional editorial draft,EXPAND,P2,metadata/0236-countries--slovakia.html,schema/0236-countries--slovakia.json,REQUIRED,NOT APPLIED
https://immigratetobrazil.com/countries/slovenia/,pages/0237-countries--slovenia.md,COUNTRY EVIDENCE REQUIRED — conditional editorial draft,EXPAND,P2,metadata/0237-countries--slovenia.html,schema/0237-countries--slovenia.json,REQUIRED,NOT APPLIED
https://immigratetobrazil.com/countries/solomon-islands/,pages/0238-countries--solomon-islands.md,COUNTRY EVIDENCE REQUIRED — conditional editorial draft,EXPAND,P2,metadata/0238-countries--solomon-islands.html,schema/0238-countries--solomon-islands.json,REQUIRED,NOT APPLIED
https://immigratetobrazil.com/countries/somalia/,pages/0239-countries--somalia.md,COUNTRY EVIDENCE REQUIRED — conditional editorial draft,EXPAND,P2,metadata/0239-countries--somalia.html,schema/0239-countries--somalia.json,REQUIRED,NOT APPLIED
https://immigratetobrazil.com/countries/south-africa/,pages/0240-countries--south-africa.md,COUNTRY EVIDENCE REQUIRED — conditional editorial draft,EXPAND,P2,metadata/0240-countries--south-africa.html,schema/0240-countries--south-africa.json,REQUIRED,NOT APPLIED
https://immigratetobrazil.com/countries/south-korea/,pages/0241-countries--south-korea.md,COUNTRY EVIDENCE REQUIRED — conditional editorial draft,EXPAND,P2,metadata/0241-countries--south-korea.html,schema/0241-countries--south-korea.json,REQUIRED,NOT APPLIED
https://immigratetobrazil.com/countries/south-sudan/,pages/0242-countries--south-sudan.md,COUNTRY EVIDENCE REQUIRED — conditional editorial draft,EXPAND,P2,metadata/0242-countries--south-sudan.html,schema/0242-countries--south-sudan.json,REQUIRED,NOT APPLIED
https://immigratetobrazil.com/countries/spain/,pages/0243-countries--spain.md,COUNTRY EVIDENCE REQUIRED — conditional editorial draft,EXPAND,P2,metadata/0243-countries--spain.html,schema/0243-countries--spain.json,REQUIRED,NOT APPLIED
https://immigratetobrazil.com/countries/sri-lanka/,pages/0244-countries--sri-lanka.md,COUNTRY EVIDENCE REQUIRED — conditional editorial draft,EXPAND,P2,metadata/0244-countries--sri-lanka.html,schema/0244-countries--sri-lanka.json,REQUIRED,NOT APPLIED
https://immigratetobrazil.com/countries/sudan/,pages/0245-countries--sudan.md,COUNTRY EVIDENCE REQUIRED — conditional editorial draft,EXPAND,P2,metadata/0245-countries--sudan.html,schema/0245-countries--sudan.json,REQUIRED,NOT APPLIED
https://immigratetobrazil.com/countries/suriname/,pages/0246-countries--suriname.md,COUNTRY EVIDENCE REQUIRED — conditional editorial draft,EXPAND,P2,metadata/0246-countries--suriname.html,schema/0246-countries--suriname.json,REQUIRED,NOT APPLIED
https://immigratetobrazil.com/countries/sweden/,pages/0247-countries--sweden.md,COUNTRY EVIDENCE REQUIRED — conditional editorial draft,EXPAND,P2,metadata/0247-countries--sweden.html,schema/0247-countries--sweden.json,REQUIRED,NOT APPLIED
https://immigratetobrazil.com/countries/switzerland/,pages/0248-countries--switzerland.md,COUNTRY EVIDENCE REQUIRED — conditional editorial draft,EXPAND,P2,metadata/0248-countries--switzerland.html,schema/0248-countries--switzerland.json,REQUIRED,NOT APPLIED
https://immigratetobrazil.com/countries/syria/,pages/0249-countries--syria.md,COUNTRY EVIDENCE REQUIRED — conditional editorial draft,EXPAND,P2,metadata/0249-countries--syria.html,schema/0249-countries--syria.json,REQUIRED,NOT APPLIED
https://immigratetobrazil.com/countries/tajikistan/,pages/0250-countries--tajikistan.md,COUNTRY EVIDENCE REQUIRED — conditional editorial draft,EXPAND,P2,metadata/0250-countries--tajikistan.html,schema/0250-countries--tajikistan.json,REQUIRED,NOT APPLIED
https://immigratetobrazil.com/countries/tanzania/,pages/0251-countries--tanzania.md,COUNTRY EVIDENCE REQUIRED — conditional editorial draft,EXPAND,P2,metadata/0251-countries--tanzania.html,schema/0251-countries--tanzania.json,REQUIRED,NOT APPLIED
https://immigratetobrazil.com/countries/thailand/,pages/0252-countries--thailand.md,COUNTRY EVIDENCE REQUIRED — conditional editorial draft,EXPAND,P2,metadata/0252-countries--thailand.html,schema/0252-countries--thailand.json,REQUIRED,NOT APPLIED
https://immigratetobrazil.com/countries/timor-leste/,pages/0253-countries--timor-leste.md,COUNTRY EVIDENCE REQUIRED — conditional editorial draft,EXPAND,P2,metadata/0253-countries--timor-leste.html,schema/0253-countries--timor-leste.json,REQUIRED,NOT APPLIED
https://immigratetobrazil.com/countries/togo/,pages/0254-countries--togo.md,COUNTRY EVIDENCE REQUIRED — conditional editorial draft,EXPAND,P2,metadata/0254-countries--togo.html,schema/0254-countries--togo.json,REQUIRED,NOT APPLIED
https://immigratetobrazil.com/countries/tonga/,pages/0255-countries--tonga.md,COUNTRY EVIDENCE REQUIRED — conditional editorial draft,EXPAND,P2,metadata/0255-countries--tonga.html,schema/0255-countries--tonga.json,REQUIRED,NOT APPLIED
https://immigratetobrazil.com/countries/trinidad-and-tobago/,pages/0256-countries--trinidad-and-tobago.md,COUNTRY EVIDENCE REQUIRED — conditional editorial draft,EXPAND,P2,metadata/0256-countries--trinidad-and-tobago.html,schema/0256-countries--trinidad-and-tobago.json,REQUIRED,NOT APPLIED
https://immigratetobrazil.com/countries/tunisia/,pages/0257-countries--tunisia.md,COUNTRY EVIDENCE REQUIRED — conditional editorial draft,EXPAND,P2,metadata/0257-countries--tunisia.html,schema/0257-countries--tunisia.json,REQUIRED,NOT APPLIED
https://immigratetobrazil.com/countries/turkey/,pages/0258-countries--turkey.md,COUNTRY EVIDENCE REQUIRED — conditional editorial draft,EXPAND,P2,metadata/0258-countries--turkey.html,schema/0258-countries--turkey.json,REQUIRED,NOT APPLIED
https://immigratetobrazil.com/countries/turkmenistan/,pages/0259-countries--turkmenistan.md,COUNTRY EVIDENCE REQUIRED — conditional editorial draft,EXPAND,P2,metadata/0259-countries--turkmenistan.html,schema/0259-countries--turkmenistan.json,REQUIRED,NOT APPLIED
https://immigratetobrazil.com/countries/tuvalu/,pages/0260-countries--tuvalu.md,COUNTRY EVIDENCE REQUIRED — conditional editorial draft,EXPAND,P2,metadata/0260-countries--tuvalu.html,schema/0260-countries--tuvalu.json,REQUIRED,NOT APPLIED
https://immigratetobrazil.com/countries/uganda/,pages/0261-countries--uganda.md,COUNTRY EVIDENCE REQUIRED — conditional editorial draft,EXPAND,P2,metadata/0261-countries--uganda.html,schema/0261-countries--uganda.json,REQUIRED,NOT APPLIED
https://immigratetobrazil.com/countries/ukraine/,pages/0262-countries--ukraine.md,COUNTRY EVIDENCE REQUIRED — conditional editorial draft,EXPAND,P2,metadata/0262-countries--ukraine.html,schema/0262-countries--ukraine.json,REQUIRED,NOT APPLIED
https://immigratetobrazil.com/countries/united-arab-emirates/,pages/0263-countries--united-arab-emirates.md,COUNTRY EVIDENCE REQUIRED — conditional editorial draft,EXPAND,P2,metadata/0263-countries--united-arab-emirates.html,schema/0263-countries--united-arab-emirates.json,REQUIRED,NOT APPLIED
https://immigratetobrazil.com/countries/united-kingdom/,pages/0264-countries--united-kingdom.md,COUNTRY EVIDENCE REQUIRED — conditional editorial draft,EXPAND,P2,metadata/0264-countries--united-kingdom.html,schema/0264-countries--united-kingdom.json,REQUIRED,NOT APPLIED
https://immigratetobrazil.com/countries/united-states/,pages/0265-countries--united-states.md,COUNTRY EVIDENCE REQUIRED — conditional editorial draft,EXPAND,P2,metadata/0265-countries--united-states.html,schema/0265-countries--united-states.json,REQUIRED,NOT APPLIED
https://immigratetobrazil.com/countries/uruguay/,pages/0266-countries--uruguay.md,COUNTRY EVIDENCE REQUIRED — conditional editorial draft,EXPAND,P2,metadata/0266-countries--uruguay.html,schema/0266-countries--uruguay.json,REQUIRED,NOT APPLIED
https://immigratetobrazil.com/countries/uzbekistan/,pages/0267-countries--uzbekistan.md,COUNTRY EVIDENCE REQUIRED — conditional editorial draft,EXPAND,P2,metadata/0267-countries--uzbekistan.html,schema/0267-countries--uzbekistan.json,REQUIRED,NOT APPLIED
https://immigratetobrazil.com/countries/vanuatu/,pages/0268-countries--vanuatu.md,COUNTRY EVIDENCE REQUIRED — conditional editorial draft,EXPAND,P2,metadata/0268-countries--vanuatu.html,schema/0268-countries--vanuatu.json,REQUIRED,NOT APPLIED
https://immigratetobrazil.com/countries/vatican-city/,pages/0269-countries--vatican-city.md,COUNTRY EVIDENCE REQUIRED — conditional editorial draft,EXPAND,P2,metadata/0269-countries--vatican-city.html,schema/0269-countries--vatican-city.json,REQUIRED,NOT APPLIED
https://immigratetobrazil.com/countries/venezuela/,pages/0270-countries--venezuela.md,COUNTRY EVIDENCE REQUIRED — conditional editorial draft,EXPAND,P2,metadata/0270-countries--venezuela.html,schema/0270-countries--venezuela.json,REQUIRED,NOT APPLIED
https://immigratetobrazil.com/countries/vietnam/,pages/0271-countries--vietnam.md,COUNTRY EVIDENCE REQUIRED — conditional editorial draft,EXPAND,P2,metadata/0271-countries--vietnam.html,schema/0271-countries--vietnam.json,REQUIRED,NOT APPLIED
https://immigratetobrazil.com/countries/yemen/,pages/0272-countries--yemen.md,COUNTRY EVIDENCE REQUIRED — conditional editorial draft,EXPAND,P2,metadata/0272-countries--yemen.html,schema/0272-countries--yemen.json,REQUIRED,NOT APPLIED
https://immigratetobrazil.com/countries/zambia/,pages/0273-countries--zambia.md,COUNTRY EVIDENCE REQUIRED — conditional editorial draft,EXPAND,P2,metadata/0273-countries--zambia.html,schema/0273-countries--zambia.json,REQUIRED,NOT APPLIED
https://immigratetobrazil.com/countries/zimbabwe/,pages/0274-countries--zimbabwe.md,COUNTRY EVIDENCE REQUIRED — conditional editorial draft,EXPAND,P2,metadata/0274-countries--zimbabwe.html,schema/0274-countries--zimbabwe.json,REQUIRED,NOT APPLIED
https://immigratetobrazil.com/google55d84a2211a04ae2.html,pages/0275-google55d84a2211a04ae2.html.md,UTILITY — preserve verification token,KEEP,P2,,,CHECK EXISTING CLAIMS,NOT APPLIED
https://immigratetobrazil.com/insights/,pages/0276-insights.md,DRAFT — editorial review required,OPTIMIZE,P2,metadata/0276-insights.html,schema/0276-insights.json,CHECK EXISTING CLAIMS,NOT APPLIED
https://immigratetobrazil.com/insights/blog/,pages/0277-insights--blog.md,DRAFT — editorial review required,OPTIMIZE,P2,metadata/0277-insights--blog.html,schema/0277-insights--blog.json,CHECK EXISTING CLAIMS,NOT APPLIED
https://immigratetobrazil.com/insights/fyi/,pages/0278-insights--fyi.md,DRAFT — editorial review required,OPTIMIZE,P2,metadata/0278-insights--fyi.html,schema/0278-insights--fyi.json,CHECK EXISTING CLAIMS,NOT APPLIED
https://immigratetobrazil.com/insights/fyi/ant-nio-prado-rs-wins-un-tourism-seal-and-becomes-a-world-reference-the-charming/,pages/0279-insights--fyi--ant-nio-prado-rs-wins-un-tourism-seal-and-becomes-a-world-reference-the-charming.md,SOURCE REVIEW REQUIRED — no publication-ready rewrite,INVESTIGATE FURTHER,P2,metadata/0279-insights--fyi--ant-nio-prado-rs-wins-un-tourism-seal-and-becomes-a-world-reference-the-charming.html,schema/0279-insights--fyi--ant-nio-prado-rs-wins-un-tourism-seal-and-becomes-a-world-reference-the-charming.json,REQUIRED,NOT APPLIED
https://immigratetobrazil.com/insights/fyi/ant-nio-prado-village-brazil-s-italian-heritage-gains-global-recognition-the-charming/,pages/0280-insights--fyi--ant-nio-prado-village-brazil-s-italian-heritage-gains-global-recognition-the-charming.md,SOURCE REVIEW REQUIRED — no publication-ready rewrite,INVESTIGATE FURTHER,P2,metadata/0280-insights--fyi--ant-nio-prado-village-brazil-s-italian-heritage-gains-global-recognition-the-charming.html,schema/0280-insights--fyi--ant-nio-prado-village-brazil-s-italian-heritage-gains-global-recognition-the-charming.json,REQUIRED,NOT APPLIED
https://immigratetobrazil.com/insights/fyi/attention-what-to-avoid-in-the-airport-restricted-area-being-in-a-restricted-area-of/,pages/0281-insights--fyi--attention-what-to-avoid-in-the-airport-restricted-area-being-in-a-restricted-area-of.md,SOURCE REVIEW REQUIRED — no publication-ready rewrite,INVESTIGATE FURTHER,P2,metadata/0281-insights--fyi--attention-what-to-avoid-in-the-airport-restricted-area-being-in-a-restricted-area-of.html,schema/0281-insights--fyi--attention-what-to-avoid-in-the-airport-restricted-area-being-in-a-restricted-area-of.json,REQUIRED,NOT APPLIED
https://immigratetobrazil.com/insights/fyi/beninese-citizenship-the-symbolic-return-of-thousands-of-afro-brazilians-to-their/,pages/0282-insights--fyi--beninese-citizenship-the-symbolic-return-of-thousands-of-afro-brazilians-to-their.md,SOURCE REVIEW REQUIRED — no publication-ready rewrite,INVESTIGATE FURTHER,P2,metadata/0282-insights--fyi--beninese-citizenship-the-symbolic-return-of-thousands-of-afro-brazilians-to-their.html,schema/0282-insights--fyi--beninese-citizenship-the-symbolic-return-of-thousands-of-afro-brazilians-to-their.json,REQUIRED,NOT APPLIED
https://immigratetobrazil.com/insights/fyi/bomb-in-suitcase-joke-leads-passenger-to-arrest-at-bras-lia-airport-in-news-recently/,pages/0283-insights--fyi--bomb-in-suitcase-joke-leads-passenger-to-arrest-at-bras-lia-airport-in-news-recently.md,SOURCE REVIEW REQUIRED — no publication-ready rewrite,INVESTIGATE FURTHER,P2,metadata/0283-insights--fyi--bomb-in-suitcase-joke-leads-passenger-to-arrest-at-bras-lia-airport-in-news-recently.html,schema/0283-insights--fyi--bomb-in-suitcase-joke-leads-passenger-to-arrest-at-bras-lia-airport-in-news-recently.json,REQUIRED,NOT APPLIED
https://immigratetobrazil.com/insights/fyi/brazil-and-india-extend-visa-validity-to-10-years-brazil-and-india-signed-a/,pages/0284-insights--fyi--brazil-and-india-extend-visa-validity-to-10-years-brazil-and-india-signed-a.md,SOURCE REVIEW REQUIRED — no publication-ready rewrite,INVESTIGATE FURTHER,P2,metadata/0284-insights--fyi--brazil-and-india-extend-visa-validity-to-10-years-brazil-and-india-signed-a.html,schema/0284-insights--fyi--brazil-and-india-extend-visa-validity-to-10-years-brazil-and-india-signed-a.json,REQUIRED,NOT APPLIED
https://immigratetobrazil.com/insights/fyi/brazil-broadens-visitor-visa-rules-to-allow-technical-and-technology-transfer-work/,pages/0285-insights--fyi--brazil-broadens-visitor-visa-rules-to-allow-technical-and-technology-transfer-work.md,SOURCE REVIEW REQUIRED — no publication-ready rewrite,INVESTIGATE FURTHER,P2,metadata/0285-insights--fyi--brazil-broadens-visitor-visa-rules-to-allow-technical-and-technology-transfer-work.html,schema/0285-insights--fyi--brazil-broadens-visitor-visa-rules-to-allow-technical-and-technology-transfer-work.json,REQUIRED,NOT APPLIED
https://immigratetobrazil.com/insights/fyi/brazil-legal-insight-from-instagram-post-2/,pages/0286-insights--fyi--brazil-legal-insight-from-instagram-post-2.md,SOURCE REVIEW REQUIRED — no publication-ready rewrite,INVESTIGATE FURTHER,P2,metadata/0286-insights--fyi--brazil-legal-insight-from-instagram-post-2.html,schema/0286-insights--fyi--brazil-legal-insight-from-instagram-post-2.json,REQUIRED,NOT APPLIED
https://immigratetobrazil.com/insights/fyi/brazil-legal-insight-from-instagram-post-3/,pages/0287-insights--fyi--brazil-legal-insight-from-instagram-post-3.md,SOURCE REVIEW REQUIRED — no publication-ready rewrite,INVESTIGATE FURTHER,P2,metadata/0287-insights--fyi--brazil-legal-insight-from-instagram-post-3.html,schema/0287-insights--fyi--brazil-legal-insight-from-instagram-post-3.json,REQUIRED,NOT APPLIED
https://immigratetobrazil.com/insights/fyi/brazil-legal-insight-from-instagram-post/,pages/0288-insights--fyi--brazil-legal-insight-from-instagram-post.md,SOURCE REVIEW REQUIRED — no publication-ready rewrite,INVESTIGATE FURTHER,P2,metadata/0288-insights--fyi--brazil-legal-insight-from-instagram-post.html,schema/0288-insights--fyi--brazil-legal-insight-from-instagram-post.json,REQUIRED,NOT APPLIED
https://immigratetobrazil.com/insights/fyi/brazil-makes-the-top-10/,pages/0289-insights--fyi--brazil-makes-the-top-10.md,SOURCE REVIEW REQUIRED — no publication-ready rewrite,INVESTIGATE FURTHER,P2,metadata/0289-insights--fyi--brazil-makes-the-top-10.html,schema/0289-insights--fyi--brazil-makes-the-top-10.json,REQUIRED,NOT APPLIED
https://immigratetobrazil.com/insights/fyi/brazil-s-carnival-holiday-carnival-in-brazil-is-a-vibrant-festival-that/,pages/0290-insights--fyi--brazil-s-carnival-holiday-carnival-in-brazil-is-a-vibrant-festival-that.md,SOURCE REVIEW REQUIRED — no publication-ready rewrite,INVESTIGATE FURTHER,P2,metadata/0290-insights--fyi--brazil-s-carnival-holiday-carnival-in-brazil-is-a-vibrant-festival-that.html,schema/0290-insights--fyi--brazil-s-carnival-holiday-carnival-in-brazil-is-a-vibrant-festival-that.json,REQUIRED,NOT APPLIED
https://immigratetobrazil.com/insights/fyi/brazil-s-digital-nomad-visa-is-a-trending-choice/,pages/0291-insights--fyi--brazil-s-digital-nomad-visa-is-a-trending-choice.md,SOURCE REVIEW REQUIRED — no publication-ready rewrite,INVESTIGATE FURTHER,P2,metadata/0291-insights--fyi--brazil-s-digital-nomad-visa-is-a-trending-choice.html,schema/0291-insights--fyi--brazil-s-digital-nomad-visa-is-a-trending-choice.json,REQUIRED,NOT APPLIED
https://immigratetobrazil.com/insights/fyi/brazil-s-paraty-city-recognised-as-one-of-the-world-s-most-beautiful-villages-paraty/,pages/0292-insights--fyi--brazil-s-paraty-city-recognised-as-one-of-the-world-s-most-beautiful-villages-paraty.md,SOURCE REVIEW REQUIRED — no publication-ready rewrite,INVESTIGATE FURTHER,P2,metadata/0292-insights--fyi--brazil-s-paraty-city-recognised-as-one-of-the-world-s-most-beautiful-villages-paraty.html,schema/0292-insights--fyi--brazil-s-paraty-city-recognised-as-one-of-the-world-s-most-beautiful-villages-paraty.json,REQUIRED,NOT APPLIED
https://immigratetobrazil.com/insights/fyi/brazil-s-working-holiday-visa-for-young-travellers-from-select-countries/,pages/0293-insights--fyi--brazil-s-working-holiday-visa-for-young-travellers-from-select-countries.md,SOURCE REVIEW REQUIRED — no publication-ready rewrite,INVESTIGATE FURTHER,P2,metadata/0293-insights--fyi--brazil-s-working-holiday-visa-for-young-travellers-from-select-countries.html,schema/0293-insights--fyi--brazil-s-working-holiday-visa-for-young-travellers-from-select-countries.json,REQUIRED,NOT APPLIED
https://immigratetobrazil.com/insights/fyi/brazilians-around-the-world-where-of-the-largest-communities-live/,pages/0294-insights--fyi--brazilians-around-the-world-where-of-the-largest-communities-live.md,SOURCE REVIEW REQUIRED — no publication-ready rewrite,INVESTIGATE FURTHER,P2,metadata/0294-insights--fyi--brazilians-around-the-world-where-of-the-largest-communities-live.html,schema/0294-insights--fyi--brazilians-around-the-world-where-of-the-largest-communities-live.json,REQUIRED,NOT APPLIED
https://immigratetobrazil.com/insights/fyi/china-extends-visa-exemption-for-brazilians-until-the-end-of-2026-china/,pages/0295-insights--fyi--china-extends-visa-exemption-for-brazilians-until-the-end-of-2026-china.md,SOURCE REVIEW REQUIRED — no publication-ready rewrite,INVESTIGATE FURTHER,P2,metadata/0295-insights--fyi--china-extends-visa-exemption-for-brazilians-until-the-end-of-2026-china.html,schema/0295-insights--fyi--china-extends-visa-exemption-for-brazilians-until-the-end-of-2026-china.json,REQUIRED,NOT APPLIED
https://immigratetobrazil.com/insights/fyi/did-you-know-portugal-signed-a-historic-decree-to-recognize-the-national-driving/,pages/0296-insights--fyi--did-you-know-portugal-signed-a-historic-decree-to-recognize-the-national-driving.md,SOURCE REVIEW REQUIRED — no publication-ready rewrite,INVESTIGATE FURTHER,P2,metadata/0296-insights--fyi--did-you-know-portugal-signed-a-historic-decree-to-recognize-the-national-driving.html,schema/0296-insights--fyi--did-you-know-portugal-signed-a-historic-decree-to-recognize-the-national-driving.json,REQUIRED,NOT APPLIED
https://immigratetobrazil.com/insights/fyi/federal-government-launches-official-page-on-definitive-tax-exit-from-brazil-the/,pages/0297-insights--fyi--federal-government-launches-official-page-on-definitive-tax-exit-from-brazil-the.md,SOURCE REVIEW REQUIRED — no publication-ready rewrite,INVESTIGATE FURTHER,P2,metadata/0297-insights--fyi--federal-government-launches-official-page-on-definitive-tax-exit-from-brazil-the.html,schema/0297-insights--fyi--federal-government-launches-official-page-on-definitive-tax-exit-from-brazil-the.json,REQUIRED,NOT APPLIED
https://immigratetobrazil.com/insights/fyi/guarulhos-airport-reinforces-liquid-inspection-attention-travelers/,pages/0298-insights--fyi--guarulhos-airport-reinforces-liquid-inspection-attention-travelers.md,SOURCE REVIEW REQUIRED — no publication-ready rewrite,INVESTIGATE FURTHER,P2,metadata/0298-insights--fyi--guarulhos-airport-reinforces-liquid-inspection-attention-travelers.html,schema/0298-insights--fyi--guarulhos-airport-reinforces-liquid-inspection-attention-travelers.json,REQUIRED,NOT APPLIED
https://immigratetobrazil.com/insights/fyi/happy-new-year-happy-new-year-if-you-haven-t-started-planning-your-year-yet-this-is/,pages/0299-insights--fyi--happy-new-year-happy-new-year-if-you-haven-t-started-planning-your-year-yet-this-is.md,SOURCE REVIEW REQUIRED — no publication-ready rewrite,INVESTIGATE FURTHER,P2,metadata/0299-insights--fyi--happy-new-year-happy-new-year-if-you-haven-t-started-planning-your-year-yet-this-is.html,schema/0299-insights--fyi--happy-new-year-happy-new-year-if-you-haven-t-started-planning-your-year-yet-this-is.json,REQUIRED,NOT APPLIED
https://immigratetobrazil.com/insights/fyi/immigrant-children-in-brazil-how-provisional-naturalization-works-it-is-a-form-of/,pages/0300-insights--fyi--immigrant-children-in-brazil-how-provisional-naturalization-works-it-is-a-form-of.md,SOURCE REVIEW REQUIRED — no publication-ready rewrite,INVESTIGATE FURTHER,P2,metadata/0300-insights--fyi--immigrant-children-in-brazil-how-provisional-naturalization-works-it-is-a-form-of.html,schema/0300-insights--fyi--immigrant-children-in-brazil-how-provisional-naturalization-works-it-is-a-form-of.json,REQUIRED,NOT APPLIED
https://immigratetobrazil.com/insights/fyi/international-buyers-can-purchase-property-in-brazil-how-does-it-work/,pages/0301-insights--fyi--international-buyers-can-purchase-property-in-brazil-how-does-it-work.md,SOURCE REVIEW REQUIRED — no publication-ready rewrite,INVESTIGATE FURTHER,P2,metadata/0301-insights--fyi--international-buyers-can-purchase-property-in-brazil-how-does-it-work.html,schema/0301-insights--fyi--international-buyers-can-purchase-property-in-brazil-how-does-it-work.json,REQUIRED,NOT APPLIED
https://immigratetobrazil.com/insights/fyi/italy-allows-large-dogs-in-the-airplane-cabin-for-the-first-time-in-the-world/,pages/0302-insights--fyi--italy-allows-large-dogs-in-the-airplane-cabin-for-the-first-time-in-the-world.md,SOURCE REVIEW REQUIRED — no publication-ready rewrite,INVESTIGATE FURTHER,P2,metadata/0302-insights--fyi--italy-allows-large-dogs-in-the-airplane-cabin-for-the-first-time-in-the-world.html,schema/0302-insights--fyi--italy-allows-large-dogs-in-the-airplane-cabin-for-the-first-time-in-the-world.json,REQUIRED,NOT APPLIED
https://immigratetobrazil.com/insights/fyi/italy-plans-almost-500-000-work-visas-for-non-europeans-by-2028-the-government/,pages/0303-insights--fyi--italy-plans-almost-500-000-work-visas-for-non-europeans-by-2028-the-government.md,SOURCE REVIEW REQUIRED — no publication-ready rewrite,INVESTIGATE FURTHER,P2,metadata/0303-insights--fyi--italy-plans-almost-500-000-work-visas-for-non-europeans-by-2028-the-government.html,schema/0303-insights--fyi--italy-plans-almost-500-000-work-visas-for-non-europeans-by-2028-the-government.json,REQUIRED,NOT APPLIED
https://immigratetobrazil.com/insights/fyi/new-criteria-on-health-could-restrict-the-granting-of-us-visas-the-government-of-the/,pages/0304-insights--fyi--new-criteria-on-health-could-restrict-the-granting-of-us-visas-the-government-of-the.md,SOURCE REVIEW REQUIRED — no publication-ready rewrite,INVESTIGATE FURTHER,P2,metadata/0304-insights--fyi--new-criteria-on-health-could-restrict-the-granting-of-us-visas-the-government-of-the.html,schema/0304-insights--fyi--new-criteria-on-health-could-restrict-the-granting-of-us-visas-the-government-of-the.json,REQUIRED,NOT APPLIED
https://immigratetobrazil.com/insights/fyi/new-fee-on-international-connections-in-peru-could-change-the-game-for-those-stopping/,pages/0305-insights--fyi--new-fee-on-international-connections-in-peru-could-change-the-game-for-those-stopping.md,SOURCE REVIEW REQUIRED — no publication-ready rewrite,INVESTIGATE FURTHER,P2,metadata/0305-insights--fyi--new-fee-on-international-connections-in-peru-could-change-the-game-for-those-stopping.html,schema/0305-insights--fyi--new-fee-on-international-connections-in-peru-could-change-the-game-for-those-stopping.json,REQUIRED,NOT APPLIED
https://immigratetobrazil.com/insights/fyi/pathways-to-brazilian-citizenship-for-parents-and-siblings-of-brazilian-children/,pages/0306-insights--fyi--pathways-to-brazilian-citizenship-for-parents-and-siblings-of-brazilian-children.md,SOURCE REVIEW REQUIRED — no publication-ready rewrite,INVESTIGATE FURTHER,P2,metadata/0306-insights--fyi--pathways-to-brazilian-citizenship-for-parents-and-siblings-of-brazilian-children.html,schema/0306-insights--fyi--pathways-to-brazilian-citizenship-for-parents-and-siblings-of-brazilian-children.json,REQUIRED,NOT APPLIED
https://immigratetobrazil.com/insights/fyi/portugal-ends-the-old-work-search-visa-and-creates-a-new-modality-visa-to-search/,pages/0307-insights--fyi--portugal-ends-the-old-work-search-visa-and-creates-a-new-modality-visa-to-search.md,SOURCE REVIEW REQUIRED — no publication-ready rewrite,INVESTIGATE FURTHER,P2,metadata/0307-insights--fyi--portugal-ends-the-old-work-search-visa-and-creates-a-new-modality-visa-to-search.html,schema/0307-insights--fyi--portugal-ends-the-old-work-search-visa-and-creates-a-new-modality-visa-to-search.json,REQUIRED,NOT APPLIED
https://immigratetobrazil.com/insights/fyi/sistema-ees-entra-em-vigor-nos-aeroportos-europa-aperta-o-cerco-a-quem-ultrapassa-o/,pages/0308-insights--fyi--sistema-ees-entra-em-vigor-nos-aeroportos-europa-aperta-o-cerco-a-quem-ultrapassa-o.md,SOURCE REVIEW REQUIRED — no publication-ready rewrite,INVESTIGATE FURTHER,P2,metadata/0308-insights--fyi--sistema-ees-entra-em-vigor-nos-aeroportos-europa-aperta-o-cerco-a-quem-ultrapassa-o.html,schema/0308-insights--fyi--sistema-ees-entra-em-vigor-nos-aeroportos-europa-aperta-o-cerco-a-quem-ultrapassa-o.json,REQUIRED,NOT APPLIED
https://immigratetobrazil.com/insights/fyi/things-you-should-never-of-in-the-airport-s-restricted-area-being-in-an-airport-s/,pages/0309-insights--fyi--things-you-should-never-of-in-the-airport-s-restricted-area-being-in-an-airport-s.md,SOURCE REVIEW REQUIRED — no publication-ready rewrite,INVESTIGATE FURTHER,P2,metadata/0309-insights--fyi--things-you-should-never-of-in-the-airport-s-restricted-area-being-in-an-airport-s.html,schema/0309-insights--fyi--things-you-should-never-of-in-the-airport-s-restricted-area-being-in-an-airport-s.json,REQUIRED,NOT APPLIED
https://immigratetobrazil.com/insights/fyi/tourism-in-brazil-hits-historic-record-with-nearly-8-million-international-arrivals-in/,pages/0310-insights--fyi--tourism-in-brazil-hits-historic-record-with-nearly-8-million-international-arrivals-in.md,SOURCE REVIEW REQUIRED — no publication-ready rewrite,INVESTIGATE FURTHER,P2,metadata/0310-insights--fyi--tourism-in-brazil-hits-historic-record-with-nearly-8-million-international-arrivals-in.html,schema/0310-insights--fyi--tourism-in-brazil-hits-historic-record-with-nearly-8-million-international-arrivals-in.json,REQUIRED,NOT APPLIED
https://immigratetobrazil.com/insights/fyi/travelling-solo-with-your-child-important-name-mismatch-considerations-a-parent/,pages/0311-insights--fyi--travelling-solo-with-your-child-important-name-mismatch-considerations-a-parent.md,SOURCE REVIEW REQUIRED — no publication-ready rewrite,INVESTIGATE FURTHER,P2,metadata/0311-insights--fyi--travelling-solo-with-your-child-important-name-mismatch-considerations-a-parent.html,schema/0311-insights--fyi--travelling-solo-with-your-child-important-name-mismatch-considerations-a-parent.json,REQUIRED,NOT APPLIED
https://immigratetobrazil.com/insights/fyi/united-kingdom-makes-changes-to-its-asylum-policy-the-united-kingdom-announced/,pages/0312-insights--fyi--united-kingdom-makes-changes-to-its-asylum-policy-the-united-kingdom-announced.md,SOURCE REVIEW REQUIRED — no publication-ready rewrite,INVESTIGATE FURTHER,P2,metadata/0312-insights--fyi--united-kingdom-makes-changes-to-its-asylum-policy-the-united-kingdom-announced.html,schema/0312-insights--fyi--united-kingdom-makes-changes-to-its-asylum-policy-the-united-kingdom-announced.json,REQUIRED,NOT APPLIED
https://immigratetobrazil.com/insights/fyi/usa-suspends-issuing-immigrant-visas-to-brazilians-the-united-states-announced-the/,pages/0313-insights--fyi--usa-suspends-issuing-immigrant-visas-to-brazilians-the-united-states-announced-the.md,SOURCE REVIEW REQUIRED — no publication-ready rewrite,INVESTIGATE FURTHER,P2,metadata/0313-insights--fyi--usa-suspends-issuing-immigrant-visas-to-brazilians-the-united-states-announced-the.html,schema/0313-insights--fyi--usa-suspends-issuing-immigrant-visas-to-brazilians-the-united-states-announced-the.json,REQUIRED,NOT APPLIED
https://immigratetobrazil.com/insights/fyi/valorizando-o-brazil-a-vila-brasileira-reconhecida-entre-as-mais-bonitas-of-mundo/,pages/0314-insights--fyi--valorizando-o-brazil-a-vila-brasileira-reconhecida-entre-as-mais-bonitas-of-mundo.md,SOURCE REVIEW REQUIRED — no publication-ready rewrite,INVESTIGATE FURTHER,P2,metadata/0314-insights--fyi--valorizando-o-brazil-a-vila-brasileira-reconhecida-entre-as-mais-bonitas-of-mundo.html,schema/0314-insights--fyi--valorizando-o-brazil-a-vila-brasileira-reconhecida-entre-as-mais-bonitas-of-mundo.json,REQUIRED,NOT APPLIED
https://immigratetobrazil.com/insights/fyi/volunteer-visa-for-work-in-non-profit-and-international-organisations-in-brazil/,pages/0315-insights--fyi--volunteer-visa-for-work-in-non-profit-and-international-organisations-in-brazil.md,SOURCE REVIEW REQUIRED — no publication-ready rewrite,INVESTIGATE FURTHER,P2,metadata/0315-insights--fyi--volunteer-visa-for-work-in-non-profit-and-international-organisations-in-brazil.html,schema/0315-insights--fyi--volunteer-visa-for-work-in-non-profit-and-international-organisations-in-brazil.json,REQUIRED,NOT APPLIED
https://immigratetobrazil.com/insights/fyi/what-are-the-steps-to-legally-move-and-live-in-brazil/,pages/0316-insights--fyi--what-are-the-steps-to-legally-move-and-live-in-brazil.md,SOURCE REVIEW REQUIRED — no publication-ready rewrite,INVESTIGATE FURTHER,P2,metadata/0316-insights--fyi--what-are-the-steps-to-legally-move-and-live-in-brazil.html,schema/0316-insights--fyi--what-are-the-steps-to-legally-move-and-live-in-brazil.json,REQUIRED,NOT APPLIED
https://immigratetobrazil.com/insights/fyi/when-that-traveler-from-a-cold-country-comes-to-brazil-and-feels-amazed-with-the/,pages/0317-insights--fyi--when-that-traveler-from-a-cold-country-comes-to-brazil-and-feels-amazed-with-the.md,SOURCE REVIEW REQUIRED — no publication-ready rewrite,INVESTIGATE FURTHER,P2,metadata/0317-insights--fyi--when-that-traveler-from-a-cold-country-comes-to-brazil-and-feels-amazed-with-the.html,schema/0317-insights--fyi--when-that-traveler-from-a-cold-country-comes-to-brazil-and-feels-amazed-with-the.json,REQUIRED,NOT APPLIED
https://immigratetobrazil.com/insights/fyi/why-brazil-s-student-visa-vitem-iv-absolutely-beats-the-us-f-1-you-land/,pages/0318-insights--fyi--why-brazil-s-student-visa-vitem-iv-absolutely-beats-the-us-f-1-you-land.md,SOURCE REVIEW REQUIRED — no publication-ready rewrite,INVESTIGATE FURTHER,P2,metadata/0318-insights--fyi--why-brazil-s-student-visa-vitem-iv-absolutely-beats-the-us-f-1-you-land.html,schema/0318-insights--fyi--why-brazil-s-student-visa-vitem-iv-absolutely-beats-the-us-f-1-you-land.json,REQUIRED,NOT APPLIED
https://immigratetobrazil.com/insights/general/,pages/0319-insights--general.md,DRAFT — editorial review required,OPTIMIZE,P2,metadata/0319-insights--general.html,schema/0319-insights--general.json,CHECK EXISTING CLAIMS,NOT APPLIED
https://immigratetobrazil.com/insights/guides/,pages/0320-insights--guides.md,DRAFT — editorial review required,OPTIMIZE,P2,metadata/0320-insights--guides.html,schema/0320-insights--guides.json,CHECK EXISTING CLAIMS,NOT APPLIED
https://immigratetobrazil.com/insights/guides/are-you-a-tourist-in-brazil-and-want-to-live-here/,pages/0321-insights--guides--are-you-a-tourist-in-brazil-and-want-to-live-here.md,SOURCE REVIEW REQUIRED — no publication-ready rewrite,INVESTIGATE FURTHER,P1,metadata/0321-insights--guides--are-you-a-tourist-in-brazil-and-want-to-live-here.html,schema/0321-insights--guides--are-you-a-tourist-in-brazil-and-want-to-live-here.json,REQUIRED,NOT APPLIED
https://immigratetobrazil.com/insights/guides/are-you-dreaming-of-getting-a-green-card-but-worried-about-the-sponsor/,pages/0322-insights--guides--are-you-dreaming-of-getting-a-green-card-but-worried-about-the-sponsor.md,SOURCE REVIEW REQUIRED — no publication-ready rewrite,INVESTIGATE FURTHER,P1,metadata/0322-insights--guides--are-you-dreaming-of-getting-a-green-card-but-worried-about-the-sponsor.html,schema/0322-insights--guides--are-you-dreaming-of-getting-a-green-card-but-worried-about-the-sponsor.json,REQUIRED,NOT APPLIED
https://immigratetobrazil.com/insights/guides/can-football-fans-sing-homophobic-chants/,pages/0323-insights--guides--can-football-fans-sing-homophobic-chants.md,SOURCE REVIEW REQUIRED — no publication-ready rewrite,INVESTIGATE FURTHER,P1,metadata/0323-insights--guides--can-football-fans-sing-homophobic-chants.html,schema/0323-insights--guides--can-football-fans-sing-homophobic-chants.json,REQUIRED,NOT APPLIED
https://immigratetobrazil.com/insights/guides/can-i-bring-my-familia-family-to-brazil-if-i-have-a-work-visa/,pages/0324-insights--guides--can-i-bring-my-familia-family-to-brazil-if-i-have-a-work-visa.md,SOURCE REVIEW REQUIRED — no publication-ready rewrite,INVESTIGATE FURTHER,P1,metadata/0324-insights--guides--can-i-bring-my-familia-family-to-brazil-if-i-have-a-work-visa.html,schema/0324-insights--guides--can-i-bring-my-familia-family-to-brazil-if-i-have-a-work-visa.json,REQUIRED,NOT APPLIED
https://immigratetobrazil.com/insights/guides/did-the-bank-lower-your-credit-limit-or-cancel-your-account-suddenly/,pages/0325-insights--guides--did-the-bank-lower-your-credit-limit-or-cancel-your-account-suddenly.md,SOURCE REVIEW REQUIRED — no publication-ready rewrite,INVESTIGATE FURTHER,P1,metadata/0325-insights--guides--did-the-bank-lower-your-credit-limit-or-cancel-your-account-suddenly.html,schema/0325-insights--guides--did-the-bank-lower-your-credit-limit-or-cancel-your-account-suddenly.json,REQUIRED,NOT APPLIED
https://immigratetobrazil.com/insights/guides/did-you-know-that-anyone-who-buys-their-first-residential-property-fin/,pages/0326-insights--guides--did-you-know-that-anyone-who-buys-their-first-residential-property-fin.md,SOURCE REVIEW REQUIRED — no publication-ready rewrite,INVESTIGATE FURTHER,P1,metadata/0326-insights--guides--did-you-know-that-anyone-who-buys-their-first-residential-property-fin.html,schema/0326-insights--guides--did-you-know-that-anyone-who-buys-their-first-residential-property-fin.json,REQUIRED,NOT APPLIED
https://immigratetobrazil.com/insights/guides/did-you-know-that-brazilian-naturalization-can-open-doors-to-incredibl-2/,pages/0327-insights--guides--did-you-know-that-brazilian-naturalization-can-open-doors-to-incredibl-2.md,SOURCE REVIEW REQUIRED — no publication-ready rewrite,INVESTIGATE FURTHER,P1,metadata/0327-insights--guides--did-you-know-that-brazilian-naturalization-can-open-doors-to-incredibl-2.html,schema/0327-insights--guides--did-you-know-that-brazilian-naturalization-can-open-doors-to-incredibl-2.json,REQUIRED,NOT APPLIED
https://immigratetobrazil.com/insights/guides/did-you-know-that-brazilian-naturalization-can-open-doors-to-incredibl/,pages/0328-insights--guides--did-you-know-that-brazilian-naturalization-can-open-doors-to-incredibl.md,SOURCE REVIEW REQUIRED — no publication-ready rewrite,INVESTIGATE FURTHER,P1,metadata/0328-insights--guides--did-you-know-that-brazilian-naturalization-can-open-doors-to-incredibl.html,schema/0328-insights--guides--did-you-know-that-brazilian-naturalization-can-open-doors-to-incredibl.json,REQUIRED,NOT APPLIED
https://immigratetobrazil.com/insights/guides/do-i-need-to-get-my-diploma-from-my-home-country-validated-in-brazil/,pages/0329-insights--guides--do-i-need-to-get-my-diploma-from-my-home-country-validated-in-brazil.md,SOURCE REVIEW REQUIRED — no publication-ready rewrite,INVESTIGATE FURTHER,P1,metadata/0329-insights--guides--do-i-need-to-get-my-diploma-from-my-home-country-validated-in-brazil.html,schema/0329-insights--guides--do-i-need-to-get-my-diploma-from-my-home-country-validated-in-brazil.json,REQUIRED,NOT APPLIED
https://immigratetobrazil.com/insights/guides/do-you-dream-of-getting-a-green-card-but-are-concerned-about-the-requi/,pages/0330-insights--guides--do-you-dream-of-getting-a-green-card-but-are-concerned-about-the-requi.md,SOURCE REVIEW REQUIRED — no publication-ready rewrite,INVESTIGATE FURTHER,P1,metadata/0330-insights--guides--do-you-dream-of-getting-a-green-card-but-are-concerned-about-the-requi.html,schema/0330-insights--guides--do-you-dream-of-getting-a-green-card-but-are-concerned-about-the-requi.json,REQUIRED,NOT APPLIED
https://immigratetobrazil.com/insights/guides/do-you-want-to-live-in-brazil-and-invest-intelligently/,pages/0331-insights--guides--do-you-want-to-live-in-brazil-and-invest-intelligently.md,SOURCE REVIEW REQUIRED — no publication-ready rewrite,INVESTIGATE FURTHER,P1,metadata/0331-insights--guides--do-you-want-to-live-in-brazil-and-invest-intelligently.html,schema/0331-insights--guides--do-you-want-to-live-in-brazil-and-invest-intelligently.json,REQUIRED,NOT APPLIED
https://immigratetobrazil.com/insights/guides/have-you-ever-wondered-what-happens-if-a-child-support-decision-for-a/,pages/0332-insights--guides--have-you-ever-wondered-what-happens-if-a-child-support-decision-for-a.md,SOURCE REVIEW REQUIRED — no publication-ready rewrite,INVESTIGATE FURTHER,P1,metadata/0332-insights--guides--have-you-ever-wondered-what-happens-if-a-child-support-decision-for-a.html,schema/0332-insights--guides--have-you-ever-wondered-what-happens-if-a-child-support-decision-for-a.json,REQUIRED,NOT APPLIED
https://immigratetobrazil.com/insights/guides/have-you-paid-a-debt-at-a-discount-but-your-name-remains-subject-to-in/,pages/0333-insights--guides--have-you-paid-a-debt-at-a-discount-but-your-name-remains-subject-to-in.md,SOURCE REVIEW REQUIRED — no publication-ready rewrite,INVESTIGATE FURTHER,P1,metadata/0333-insights--guides--have-you-paid-a-debt-at-a-discount-but-your-name-remains-subject-to-in.html,schema/0333-insights--guides--have-you-paid-a-debt-at-a-discount-but-your-name-remains-subject-to-in.json,REQUIRED,NOT APPLIED
https://immigratetobrazil.com/insights/guides/how-can-i-keep-in-touch-with-my-child-in-brazil-if-i-dont-live-there/,pages/0334-insights--guides--how-can-i-keep-in-touch-with-my-child-in-brazil-if-i-dont-live-there.md,SOURCE REVIEW REQUIRED — no publication-ready rewrite,INVESTIGATE FURTHER,P1,metadata/0334-insights--guides--how-can-i-keep-in-touch-with-my-child-in-brazil-if-i-dont-live-there.html,schema/0334-insights--guides--how-can-i-keep-in-touch-with-my-child-in-brazil-if-i-dont-live-there.json,REQUIRED,NOT APPLIED
https://immigratetobrazil.com/insights/guides/how-can-i-keep-in-touch-with-my-child-located-in-brazil-if-i-don-t-liv/,pages/0335-insights--guides--how-can-i-keep-in-touch-with-my-child-located-in-brazil-if-i-don-t-liv.md,SOURCE REVIEW REQUIRED — no publication-ready rewrite,INVESTIGATE FURTHER,P1,metadata/0335-insights--guides--how-can-i-keep-in-touch-with-my-child-located-in-brazil-if-i-don-t-liv.html,schema/0335-insights--guides--how-can-i-keep-in-touch-with-my-child-located-in-brazil-if-i-don-t-liv.json,REQUIRED,NOT APPLIED
https://immigratetobrazil.com/insights/guides/how-long-does-it-take-to-get-brazilian-passport/,pages/0336-insights--guides--how-long-does-it-take-to-get-brazilian-passport.md,SOURCE REVIEW REQUIRED — no publication-ready rewrite,INVESTIGATE FURTHER,P1,metadata/0336-insights--guides--how-long-does-it-take-to-get-brazilian-passport.html,schema/0336-insights--guides--how-long-does-it-take-to-get-brazilian-passport.json,REQUIRED,NOT APPLIED
https://immigratetobrazil.com/insights/guides/how-long-does-it-take-to-obtain-brazilian-citizenship/,pages/0337-insights--guides--how-long-does-it-take-to-obtain-brazilian-citizenship.md,SOURCE REVIEW REQUIRED — no publication-ready rewrite,INVESTIGATE FURTHER,P1,metadata/0337-insights--guides--how-long-does-it-take-to-obtain-brazilian-citizenship.html,schema/0337-insights--guides--how-long-does-it-take-to-obtain-brazilian-citizenship.json,REQUIRED,NOT APPLIED
https://immigratetobrazil.com/insights/guides/how-to-schedule-an-immigration-interview-for-residency-with-the-federa/,pages/0338-insights--guides--how-to-schedule-an-immigration-interview-for-residency-with-the-federa.md,SOURCE REVIEW REQUIRED — no publication-ready rewrite,INVESTIGATE FURTHER,P1,metadata/0338-insights--guides--how-to-schedule-an-immigration-interview-for-residency-with-the-federa.html,schema/0338-insights--guides--how-to-schedule-an-immigration-interview-for-residency-with-the-federa.json,REQUIRED,NOT APPLIED
https://immigratetobrazil.com/insights/guides/if-a-foreigner-has-a-child-in-brazil-does-he-have-the-automatic-right/,pages/0339-insights--guides--if-a-foreigner-has-a-child-in-brazil-does-he-have-the-automatic-right.md,SOURCE REVIEW REQUIRED — no publication-ready rewrite,INVESTIGATE FURTHER,P1,metadata/0339-insights--guides--if-a-foreigner-has-a-child-in-brazil-does-he-have-the-automatic-right.html,schema/0339-insights--guides--if-a-foreigner-has-a-child-in-brazil-does-he-have-the-automatic-right.json,REQUIRED,NOT APPLIED
https://immigratetobrazil.com/insights/guides/immigration-x-emigration-do-you-know-the-difference/,pages/0340-insights--guides--immigration-x-emigration-do-you-know-the-difference.md,SOURCE REVIEW REQUIRED — no publication-ready rewrite,INVESTIGATE FURTHER,P1,metadata/0340-insights--guides--immigration-x-emigration-do-you-know-the-difference.html,schema/0340-insights--guides--immigration-x-emigration-do-you-know-the-difference.json,REQUIRED,NOT APPLIED
https://immigratetobrazil.com/insights/guides/is-a-marriage-celebrated-abroad-valid-in-brazil/,pages/0341-insights--guides--is-a-marriage-celebrated-abroad-valid-in-brazil.md,SOURCE REVIEW REQUIRED — no publication-ready rewrite,INVESTIGATE FURTHER,P1,metadata/0341-insights--guides--is-a-marriage-celebrated-abroad-valid-in-brazil.html,schema/0341-insights--guides--is-a-marriage-celebrated-abroad-valid-in-brazil.json,REQUIRED,NOT APPLIED
https://immigratetobrazil.com/insights/guides/is-it-necessary-to-speak-portuguese-to-live-in-brazil/,pages/0342-insights--guides--is-it-necessary-to-speak-portuguese-to-live-in-brazil.md,SOURCE REVIEW REQUIRED — no publication-ready rewrite,INVESTIGATE FURTHER,P1,metadata/0342-insights--guides--is-it-necessary-to-speak-portuguese-to-live-in-brazil.html,schema/0342-insights--guides--is-it-necessary-to-speak-portuguese-to-live-in-brazil.json,REQUIRED,NOT APPLIED
https://immigratetobrazil.com/insights/guides/is-it-true-that-there-were-changes-to-obtaining-an-american-visa/,pages/0343-insights--guides--is-it-true-that-there-were-changes-to-obtaining-an-american-visa.md,SOURCE REVIEW REQUIRED — no publication-ready rewrite,INVESTIGATE FURTHER,P1,metadata/0343-insights--guides--is-it-true-that-there-were-changes-to-obtaining-an-american-visa.html,schema/0343-insights--guides--is-it-true-that-there-were-changes-to-obtaining-an-american-visa.json,REQUIRED,NOT APPLIED
https://immigratetobrazil.com/insights/guides/living-in-brazil-and-had-an-issue-with-a-product-or-service/,pages/0344-insights--guides--living-in-brazil-and-had-an-issue-with-a-product-or-service.md,SOURCE REVIEW REQUIRED — no publication-ready rewrite,INVESTIGATE FURTHER,P1,metadata/0344-insights--guides--living-in-brazil-and-had-an-issue-with-a-product-or-service.html,schema/0344-insights--guides--living-in-brazil-and-had-an-issue-with-a-product-or-service.json,REQUIRED,NOT APPLIED
https://immigratetobrazil.com/insights/guides/the-visa-has-expired-will-i-have-to-pay-a-fine/,pages/0345-insights--guides--the-visa-has-expired-will-i-have-to-pay-a-fine.md,SOURCE REVIEW REQUIRED — no publication-ready rewrite,INVESTIGATE FURTHER,P1,metadata/0345-insights--guides--the-visa-has-expired-will-i-have-to-pay-a-fine.html,schema/0345-insights--guides--the-visa-has-expired-will-i-have-to-pay-a-fine.json,REQUIRED,NOT APPLIED
https://immigratetobrazil.com/insights/guides/this-way-in-the-event-of-an-end-to-the-relationship-they-will-have-to/,pages/0346-insights--guides--this-way-in-the-event-of-an-end-to-the-relationship-they-will-have-to.md,SOURCE REVIEW REQUIRED — no publication-ready rewrite,INVESTIGATE FURTHER,P1,metadata/0346-insights--guides--this-way-in-the-event-of-an-end-to-the-relationship-they-will-have-to.html,schema/0346-insights--guides--this-way-in-the-event-of-an-end-to-the-relationship-they-will-have-to.json,REQUIRED,NOT APPLIED
https://immigratetobrazil.com/insights/guides/tourists-can-usually-stay-in-brazil-for-up-to-90-days-depending-on-vis/,pages/0347-insights--guides--tourists-can-usually-stay-in-brazil-for-up-to-90-days-depending-on-vis.md,SOURCE REVIEW REQUIRED — no publication-ready rewrite,INVESTIGATE FURTHER,P1,metadata/0347-insights--guides--tourists-can-usually-stay-in-brazil-for-up-to-90-days-depending-on-vis.html,schema/0347-insights--guides--tourists-can-usually-stay-in-brazil-for-up-to-90-days-depending-on-vis.json,REQUIRED,NOT APPLIED
https://immigratetobrazil.com/insights/guides/want-to-live-in-brazil-while-investing-in-the-countrys-growth/,pages/0348-insights--guides--want-to-live-in-brazil-while-investing-in-the-countrys-growth.md,SOURCE REVIEW REQUIRED — no publication-ready rewrite,INVESTIGATE FURTHER,P1,metadata/0348-insights--guides--want-to-live-in-brazil-while-investing-in-the-countrys-growth.html,schema/0348-insights--guides--want-to-live-in-brazil-while-investing-in-the-countrys-growth.json,REQUIRED,NOT APPLIED
https://immigratetobrazil.com/insights/guides/want-to-turn-your-investment-into-residency-in-brazil/,pages/0349-insights--guides--want-to-turn-your-investment-into-residency-in-brazil.md,SOURCE REVIEW REQUIRED — no publication-ready rewrite,INVESTIGATE FURTHER,P1,metadata/0349-insights--guides--want-to-turn-your-investment-into-residency-in-brazil.html,schema/0349-insights--guides--want-to-turn-your-investment-into-residency-in-brazil.json,REQUIRED,NOT APPLIED
https://immigratetobrazil.com/insights/guides/what-happens-during-an-immigration-consultation/,pages/0350-insights--guides--what-happens-during-an-immigration-consultation.md,SOURCE REVIEW REQUIRED — no publication-ready rewrite,INVESTIGATE FURTHER,P1,metadata/0350-insights--guides--what-happens-during-an-immigration-consultation.html,schema/0350-insights--guides--what-happens-during-an-immigration-consultation.json,REQUIRED,NOT APPLIED
https://immigratetobrazil.com/insights/guides/what-rights-do-immigrants-have-in-brazil/,pages/0351-insights--guides--what-rights-do-immigrants-have-in-brazil.md,SOURCE REVIEW REQUIRED — no publication-ready rewrite,INVESTIGATE FURTHER,P1,metadata/0351-insights--guides--what-rights-do-immigrants-have-in-brazil.html,schema/0351-insights--guides--what-rights-do-immigrants-have-in-brazil.json,REQUIRED,NOT APPLIED
https://immigratetobrazil.com/insights/guides/what-to-do-after-arriving-in-brazil-with-a-visa-that-allows-residency/,pages/0352-insights--guides--what-to-do-after-arriving-in-brazil-with-a-visa-that-allows-residency.md,SOURCE REVIEW REQUIRED — no publication-ready rewrite,INVESTIGATE FURTHER,P1,metadata/0352-insights--guides--what-to-do-after-arriving-in-brazil-with-a-visa-that-allows-residency.html,schema/0352-insights--guides--what-to-do-after-arriving-in-brazil-with-a-visa-that-allows-residency.json,REQUIRED,NOT APPLIED
https://immigratetobrazil.com/insights/guides/when-a-brazilian-citizen-faces-problems-abroad-the-first-instance-of-s/,pages/0353-insights--guides--when-a-brazilian-citizen-faces-problems-abroad-the-first-instance-of-s.md,SOURCE REVIEW REQUIRED — no publication-ready rewrite,INVESTIGATE FURTHER,P1,metadata/0353-insights--guides--when-a-brazilian-citizen-faces-problems-abroad-the-first-instance-of-s.html,schema/0353-insights--guides--when-a-brazilian-citizen-faces-problems-abroad-the-first-instance-of-s.json,REQUIRED,NOT APPLIED
https://immigratetobrazil.com/insights/guides/when-a-brazilian-resides-in-another-country-and-works-there-without-ea/,pages/0354-insights--guides--when-a-brazilian-resides-in-another-country-and-works-there-without-ea.md,SOURCE REVIEW REQUIRED — no publication-ready rewrite,INVESTIGATE FURTHER,P1,metadata/0354-insights--guides--when-a-brazilian-resides-in-another-country-and-works-there-without-ea.html,schema/0354-insights--guides--when-a-brazilian-resides-in-another-country-and-works-there-without-ea.json,REQUIRED,NOT APPLIED
https://immigratetobrazil.com/insights/guides/when-a-foreign-person-is-engaged-to-a-brazilian-citizen-and-intends-to/,pages/0355-insights--guides--when-a-foreign-person-is-engaged-to-a-brazilian-citizen-and-intends-to.md,SOURCE REVIEW REQUIRED — no publication-ready rewrite,INVESTIGATE FURTHER,P1,metadata/0355-insights--guides--when-a-foreign-person-is-engaged-to-a-brazilian-citizen-and-intends-to.html,schema/0355-insights--guides--when-a-foreign-person-is-engaged-to-a-brazilian-citizen-and-intends-to.json,REQUIRED,NOT APPLIED
https://immigratetobrazil.com/insights/guides/when-a-foreign-person-is-engaged-to-a-brazilian-citizen-and-plans-to-g/,pages/0356-insights--guides--when-a-foreign-person-is-engaged-to-a-brazilian-citizen-and-plans-to-g.md,SOURCE REVIEW REQUIRED — no publication-ready rewrite,INVESTIGATE FURTHER,P1,metadata/0356-insights--guides--when-a-foreign-person-is-engaged-to-a-brazilian-citizen-and-plans-to-g.html,schema/0356-insights--guides--when-a-foreign-person-is-engaged-to-a-brazilian-citizen-and-plans-to-g.json,REQUIRED,NOT APPLIED
https://immigratetobrazil.com/insights/guides/when-a-person-from-abroad-arrives-in-brazil-this-person-has-the-right/,pages/0357-insights--guides--when-a-person-from-abroad-arrives-in-brazil-this-person-has-the-right.md,SOURCE REVIEW REQUIRED — no publication-ready rewrite,INVESTIGATE FURTHER,P1,metadata/0357-insights--guides--when-a-person-from-abroad-arrives-in-brazil-this-person-has-the-right.html,schema/0357-insights--guides--when-a-person-from-abroad-arrives-in-brazil-this-person-has-the-right.json,REQUIRED,NOT APPLIED
https://immigratetobrazil.com/insights/guides/when-a-person-stays-in-the-united-states-beyond-the-time-allowed-as-a/,pages/0358-insights--guides--when-a-person-stays-in-the-united-states-beyond-the-time-allowed-as-a.md,SOURCE REVIEW REQUIRED — no publication-ready rewrite,INVESTIGATE FURTHER,P1,metadata/0358-insights--guides--when-a-person-stays-in-the-united-states-beyond-the-time-allowed-as-a.html,schema/0358-insights--guides--when-a-person-stays-in-the-united-states-beyond-the-time-allowed-as-a.json,REQUIRED,NOT APPLIED
https://immigratetobrazil.com/insights/guides/when-a-temporary-brazilian-visa-is-nearing-its-expiry-it-is-necessary/,pages/0359-insights--guides--when-a-temporary-brazilian-visa-is-nearing-its-expiry-it-is-necessary.md,SOURCE REVIEW REQUIRED — no publication-ready rewrite,INVESTIGATE FURTHER,P1,metadata/0359-insights--guides--when-a-temporary-brazilian-visa-is-nearing-its-expiry-it-is-necessary.html,schema/0359-insights--guides--when-a-temporary-brazilian-visa-is-nearing-its-expiry-it-is-necessary.json,REQUIRED,NOT APPLIED
https://immigratetobrazil.com/insights/guides/when-a-us-visa-is-denied-the-consulate-does-not-provide-specific-detai/,pages/0360-insights--guides--when-a-us-visa-is-denied-the-consulate-does-not-provide-specific-detai.md,SOURCE REVIEW REQUIRED — no publication-ready rewrite,INVESTIGATE FURTHER,P1,metadata/0360-insights--guides--when-a-us-visa-is-denied-the-consulate-does-not-provide-specific-detai.html,schema/0360-insights--guides--when-a-us-visa-is-denied-the-consulate-does-not-provide-specific-detai.json,REQUIRED,NOT APPLIED
https://immigratetobrazil.com/insights/guides/when-exchanging-money-during-international-travel-it-is-essential-to-b/,pages/0361-insights--guides--when-exchanging-money-during-international-travel-it-is-essential-to-b.md,SOURCE REVIEW REQUIRED — no publication-ready rewrite,INVESTIGATE FURTHER,P1,metadata/0361-insights--guides--when-exchanging-money-during-international-travel-it-is-essential-to-b.html,schema/0361-insights--guides--when-exchanging-money-during-international-travel-it-is-essential-to-b.json,REQUIRED,NOT APPLIED
https://immigratetobrazil.com/insights/guides/when-exchanging-money-on-international-trips-it-is-essential-to-be-car/,pages/0362-insights--guides--when-exchanging-money-on-international-trips-it-is-essential-to-be-car.md,SOURCE REVIEW REQUIRED — no publication-ready rewrite,INVESTIGATE FURTHER,P1,metadata/0362-insights--guides--when-exchanging-money-on-international-trips-it-is-essential-to-be-car.html,schema/0362-insights--guides--when-exchanging-money-on-international-trips-it-is-essential-to-be-car.json,REQUIRED,NOT APPLIED
https://immigratetobrazil.com/insights/guides/when-one-of-the-parents-is-a-foreigner-and-a-brazilian-child-is-born-t/,pages/0363-insights--guides--when-one-of-the-parents-is-a-foreigner-and-a-brazilian-child-is-born-t.md,SOURCE REVIEW REQUIRED — no publication-ready rewrite,INVESTIGATE FURTHER,P1,metadata/0363-insights--guides--when-one-of-the-parents-is-a-foreigner-and-a-brazilian-child-is-born-t.html,schema/0363-insights--guides--when-one-of-the-parents-is-a-foreigner-and-a-brazilian-child-is-born-t.json,REQUIRED,NOT APPLIED
https://immigratetobrazil.com/insights/guides/when-requested-the-resident-immigrant-card-may-take-60-to-90-days-to-b/,pages/0364-insights--guides--when-requested-the-resident-immigrant-card-may-take-60-to-90-days-to-b.md,SOURCE REVIEW REQUIRED — no publication-ready rewrite,INVESTIGATE FURTHER,P1,metadata/0364-insights--guides--when-requested-the-resident-immigrant-card-may-take-60-to-90-days-to-b.html,schema/0364-insights--guides--when-requested-the-resident-immigrant-card-may-take-60-to-90-days-to-b.json,REQUIRED,NOT APPLIED
https://immigratetobrazil.com/insights/guides/when-the-temporary-visa-granted-is-close-to-expiry-it-is-necessary-to/,pages/0365-insights--guides--when-the-temporary-visa-granted-is-close-to-expiry-it-is-necessary-to.md,SOURCE REVIEW REQUIRED — no publication-ready rewrite,INVESTIGATE FURTHER,P1,metadata/0365-insights--guides--when-the-temporary-visa-granted-is-close-to-expiry-it-is-necessary-to.html,schema/0365-insights--guides--when-the-temporary-visa-granted-is-close-to-expiry-it-is-necessary-to.json,REQUIRED,NOT APPLIED
https://immigratetobrazil.com/insights/naturalisation/,pages/0366-insights--naturalisation.md,DRAFT — editorial review required,OPTIMIZE,P2,metadata/0366-insights--naturalisation.html,schema/0366-insights--naturalisation.json,CHECK EXISTING CLAIMS,NOT APPLIED
https://immigratetobrazil.com/insights/naturalisation/a-child-born-in-brazil-has-in-general-the-right-to-brazilian-nationali/,pages/0367-insights--naturalisation--a-child-born-in-brazil-has-in-general-the-right-to-brazilian-nationali.md,SOURCE REVIEW REQUIRED — no publication-ready rewrite,INVESTIGATE FURTHER,P1,metadata/0367-insights--naturalisation--a-child-born-in-brazil-has-in-general-the-right-to-brazilian-nationali.html,schema/0367-insights--naturalisation--a-child-born-in-brazil-has-in-general-the-right-to-brazilian-nationali.json,REQUIRED,NOT APPLIED
https://immigratetobrazil.com/insights/naturalisation/a-recent-case-in-brazil-where-a-tourist-was-fined-the-equivalent-of-ne/,pages/0368-insights--naturalisation--a-recent-case-in-brazil-where-a-tourist-was-fined-the-equivalent-of-ne.md,SOURCE REVIEW REQUIRED — no publication-ready rewrite,INVESTIGATE FURTHER,P1,metadata/0368-insights--naturalisation--a-recent-case-in-brazil-where-a-tourist-was-fined-the-equivalent-of-ne.html,schema/0368-insights--naturalisation--a-recent-case-in-brazil-where-a-tourist-was-fined-the-equivalent-of-ne.json,REQUIRED,NOT APPLIED
https://immigratetobrazil.com/insights/naturalisation/a-very-important-public-body-that-foreigners-should-know-about-when-li/,pages/0369-insights--naturalisation--a-very-important-public-body-that-foreigners-should-know-about-when-li.md,SOURCE REVIEW REQUIRED — no publication-ready rewrite,INVESTIGATE FURTHER,P1,metadata/0369-insights--naturalisation--a-very-important-public-body-that-foreigners-should-know-about-when-li.html,schema/0369-insights--naturalisation--a-very-important-public-body-that-foreigners-should-know-about-when-li.json,REQUIRED,NOT APPLIED
https://immigratetobrazil.com/insights/naturalisation/after-an-application-for-naturalization-was-denied-through-the-adminis/,pages/0370-insights--naturalisation--after-an-application-for-naturalization-was-denied-through-the-adminis.md,SOURCE REVIEW REQUIRED — no publication-ready rewrite,INVESTIGATE FURTHER,P1,metadata/0370-insights--naturalisation--after-an-application-for-naturalization-was-denied-through-the-adminis.html,schema/0370-insights--naturalisation--after-an-application-for-naturalization-was-denied-through-the-adminis.json,REQUIRED,NOT APPLIED
https://immigratetobrazil.com/insights/naturalisation/after-the-naturalization-request-was-denied-administratively-an-action/,pages/0371-insights--naturalisation--after-the-naturalization-request-was-denied-administratively-an-action.md,SOURCE REVIEW REQUIRED — no publication-ready rewrite,INVESTIGATE FURTHER,P1,metadata/0371-insights--naturalisation--after-the-naturalization-request-was-denied-administratively-an-action.html,schema/0371-insights--naturalisation--after-the-naturalization-request-was-denied-administratively-an-action.json,REQUIRED,NOT APPLIED
https://immigratetobrazil.com/insights/naturalisation/aire-is-a-vital-and-mandatory-registration-for-italian-citizens-living/,pages/0372-insights--naturalisation--aire-is-a-vital-and-mandatory-registration-for-italian-citizens-living.md,SOURCE REVIEW REQUIRED — no publication-ready rewrite,INVESTIGATE FURTHER,P1,metadata/0372-insights--naturalisation--aire-is-a-vital-and-mandatory-registration-for-italian-citizens-living.html,schema/0372-insights--naturalisation--aire-is-a-vital-and-mandatory-registration-for-italian-citizens-living.json,REQUIRED,NOT APPLIED
https://immigratetobrazil.com/insights/naturalisation/as-of-late-july-2024-the-ministry-of-justice-and-public-security-mjsp/,pages/0373-insights--naturalisation--as-of-late-july-2024-the-ministry-of-justice-and-public-security-mjsp.md,SOURCE REVIEW REQUIRED — no publication-ready rewrite,INVESTIGATE FURTHER,P1,metadata/0373-insights--naturalisation--as-of-late-july-2024-the-ministry-of-justice-and-public-security-mjsp.html,schema/0373-insights--naturalisation--as-of-late-july-2024-the-ministry-of-justice-and-public-security-mjsp.json,REQUIRED,NOT APPLIED
https://immigratetobrazil.com/insights/naturalisation/at-the-beginning-of-the-search-and-with-little-information-identifying/,pages/0374-insights--naturalisation--at-the-beginning-of-the-search-and-with-little-information-identifying.md,SOURCE REVIEW REQUIRED — no publication-ready rewrite,INVESTIGATE FURTHER,P1,metadata/0374-insights--naturalisation--at-the-beginning-of-the-search-and-with-little-information-identifying.html,schema/0374-insights--naturalisation--at-the-beginning-of-the-search-and-with-little-information-identifying.json,REQUIRED,NOT APPLIED
https://immigratetobrazil.com/insights/naturalisation/brazil-grants-permanent-residence-to-foreigners-through-different-type/,pages/0375-insights--naturalisation--brazil-grants-permanent-residence-to-foreigners-through-different-type.md,SOURCE REVIEW REQUIRED — no publication-ready rewrite,INVESTIGATE FURTHER,P1,metadata/0375-insights--naturalisation--brazil-grants-permanent-residence-to-foreigners-through-different-type.html,schema/0375-insights--naturalisation--brazil-grants-permanent-residence-to-foreigners-through-different-type.json,REQUIRED,NOT APPLIED
https://immigratetobrazil.com/insights/naturalisation/brazil-legal-guidance-eligibility-and-process-2/,pages/0376-insights--naturalisation--brazil-legal-guidance-eligibility-and-process-2.md,SOURCE REVIEW REQUIRED — no publication-ready rewrite,INVESTIGATE FURTHER,P1,metadata/0376-insights--naturalisation--brazil-legal-guidance-eligibility-and-process-2.html,schema/0376-insights--naturalisation--brazil-legal-guidance-eligibility-and-process-2.json,REQUIRED,NOT APPLIED
https://immigratetobrazil.com/insights/naturalisation/brazil-legal-guidance-eligibility-and-process-3/,pages/0377-insights--naturalisation--brazil-legal-guidance-eligibility-and-process-3.md,SOURCE REVIEW REQUIRED — no publication-ready rewrite,INVESTIGATE FURTHER,P1,metadata/0377-insights--naturalisation--brazil-legal-guidance-eligibility-and-process-3.html,schema/0377-insights--naturalisation--brazil-legal-guidance-eligibility-and-process-3.json,REQUIRED,NOT APPLIED
https://immigratetobrazil.com/insights/naturalisation/brazil-legal-guidance-eligibility-and-process-4/,pages/0378-insights--naturalisation--brazil-legal-guidance-eligibility-and-process-4.md,SOURCE REVIEW REQUIRED — no publication-ready rewrite,INVESTIGATE FURTHER,P1,metadata/0378-insights--naturalisation--brazil-legal-guidance-eligibility-and-process-4.html,schema/0378-insights--naturalisation--brazil-legal-guidance-eligibility-and-process-4.json,REQUIRED,NOT APPLIED
https://immigratetobrazil.com/insights/naturalisation/brazil-legal-guidance-eligibility-and-process/,pages/0379-insights--naturalisation--brazil-legal-guidance-eligibility-and-process.md,SOURCE REVIEW REQUIRED — no publication-ready rewrite,INVESTIGATE FURTHER,P1,metadata/0379-insights--naturalisation--brazil-legal-guidance-eligibility-and-process.html,schema/0379-insights--naturalisation--brazil-legal-guidance-eligibility-and-process.json,REQUIRED,NOT APPLIED
https://immigratetobrazil.com/insights/naturalisation/brazil-offers-a-special-form-of-naturalisation-for-foreigners-who-have/,pages/0380-insights--naturalisation--brazil-offers-a-special-form-of-naturalisation-for-foreigners-who-have.md,SOURCE REVIEW REQUIRED — no publication-ready rewrite,INVESTIGATE FURTHER,P1,metadata/0380-insights--naturalisation--brazil-offers-a-special-form-of-naturalisation-for-foreigners-who-have.html,schema/0380-insights--naturalisation--brazil-offers-a-special-form-of-naturalisation-for-foreigners-who-have.json,REQUIRED,NOT APPLIED
https://immigratetobrazil.com/insights/naturalisation/brazil-offers-a-special-form-of-naturalization-for-those-who-have-prov/,pages/0381-insights--naturalisation--brazil-offers-a-special-form-of-naturalization-for-those-who-have-prov.md,SOURCE REVIEW REQUIRED — no publication-ready rewrite,INVESTIGATE FURTHER,P1,metadata/0381-insights--naturalisation--brazil-offers-a-special-form-of-naturalization-for-those-who-have-prov.html,schema/0381-insights--naturalisation--brazil-offers-a-special-form-of-naturalization-for-those-who-have-prov.json,REQUIRED,NOT APPLIED
https://immigratetobrazil.com/insights/naturalisation/brazil-offers-a-specific-visa-and-residence-permit-for-artists-and-ath/,pages/0382-insights--naturalisation--brazil-offers-a-specific-visa-and-residence-permit-for-artists-and-ath.md,SOURCE REVIEW REQUIRED — no publication-ready rewrite,INVESTIGATE FURTHER,P1,metadata/0382-insights--naturalisation--brazil-offers-a-specific-visa-and-residence-permit-for-artists-and-ath.html,schema/0382-insights--naturalisation--brazil-offers-a-specific-visa-and-residence-permit-for-artists-and-ath.json,REQUIRED,NOT APPLIED
https://immigratetobrazil.com/insights/naturalisation/brazil-offers-the-possibility-of-permanent-residence-for-foreign-famil/,pages/0383-insights--naturalisation--brazil-offers-the-possibility-of-permanent-residence-for-foreign-famil.md,SOURCE REVIEW REQUIRED — no publication-ready rewrite,INVESTIGATE FURTHER,P1,metadata/0383-insights--naturalisation--brazil-offers-the-possibility-of-permanent-residence-for-foreign-famil.html,schema/0383-insights--naturalisation--brazil-offers-the-possibility-of-permanent-residence-for-foreign-famil.json,REQUIRED,NOT APPLIED
https://immigratetobrazil.com/insights/naturalisation/brazil-recognises-various-types-of-travel-documents-for-the-purposes-o/,pages/0384-insights--naturalisation--brazil-recognises-various-types-of-travel-documents-for-the-purposes-o.md,SOURCE REVIEW REQUIRED — no publication-ready rewrite,INVESTIGATE FURTHER,P1,metadata/0384-insights--naturalisation--brazil-recognises-various-types-of-travel-documents-for-the-purposes-o.html,schema/0384-insights--naturalisation--brazil-recognises-various-types-of-travel-documents-for-the-purposes-o.json,REQUIRED,NOT APPLIED
https://immigratetobrazil.com/insights/naturalisation/brazil-recognizes-several-types-of-travel-documents-for-purposes-of-en/,pages/0385-insights--naturalisation--brazil-recognizes-several-types-of-travel-documents-for-purposes-of-en.md,SOURCE REVIEW REQUIRED — no publication-ready rewrite,INVESTIGATE FURTHER,P1,metadata/0385-insights--naturalisation--brazil-recognizes-several-types-of-travel-documents-for-purposes-of-en.html,schema/0385-insights--naturalisation--brazil-recognizes-several-types-of-travel-documents-for-purposes-of-en.json,REQUIRED,NOT APPLIED
https://immigratetobrazil.com/insights/naturalisation/brazil-s-rise-in-global-mobility-rankings-and-the-usa-passport-drops-o/,pages/0386-insights--naturalisation--brazil-s-rise-in-global-mobility-rankings-and-the-usa-passport-drops-o.md,SOURCE REVIEW REQUIRED — no publication-ready rewrite,INVESTIGATE FURTHER,P1,metadata/0386-insights--naturalisation--brazil-s-rise-in-global-mobility-rankings-and-the-usa-passport-drops-o.html,schema/0386-insights--naturalisation--brazil-s-rise-in-global-mobility-rankings-and-the-usa-passport-drops-o.json,REQUIRED,NOT APPLIED
https://immigratetobrazil.com/insights/naturalisation/brazilian-nationality-is-not-always-determined-automatically/,pages/0387-insights--naturalisation--brazilian-nationality-is-not-always-determined-automatically.md,SOURCE REVIEW REQUIRED — no publication-ready rewrite,INVESTIGATE FURTHER,P1,metadata/0387-insights--naturalisation--brazilian-nationality-is-not-always-determined-automatically.html,schema/0387-insights--naturalisation--brazilian-nationality-is-not-always-determined-automatically.json,REQUIRED,NOT APPLIED
https://immigratetobrazil.com/insights/naturalisation/brazilian-naturalisation-legal-requirements-and-filing-steps-in-brazil-2/,pages/0388-insights--naturalisation--brazilian-naturalisation-legal-requirements-and-filing-steps-in-brazil-2.md,SOURCE REVIEW REQUIRED — no publication-ready rewrite,INVESTIGATE FURTHER,P1,metadata/0388-insights--naturalisation--brazilian-naturalisation-legal-requirements-and-filing-steps-in-brazil-2.html,schema/0388-insights--naturalisation--brazilian-naturalisation-legal-requirements-and-filing-steps-in-brazil-2.json,REQUIRED,NOT APPLIED
https://immigratetobrazil.com/insights/naturalisation/brazilian-naturalisation-legal-requirements-and-filing-steps-in-brazil-3/,pages/0389-insights--naturalisation--brazilian-naturalisation-legal-requirements-and-filing-steps-in-brazil-3.md,SOURCE REVIEW REQUIRED — no publication-ready rewrite,INVESTIGATE FURTHER,P1,metadata/0389-insights--naturalisation--brazilian-naturalisation-legal-requirements-and-filing-steps-in-brazil-3.html,schema/0389-insights--naturalisation--brazilian-naturalisation-legal-requirements-and-filing-steps-in-brazil-3.json,REQUIRED,NOT APPLIED
https://immigratetobrazil.com/insights/naturalisation/brazilian-naturalisation-legal-requirements-and-filing-steps-in-brazil/,pages/0390-insights--naturalisation--brazilian-naturalisation-legal-requirements-and-filing-steps-in-brazil.md,SOURCE REVIEW REQUIRED — no publication-ready rewrite,INVESTIGATE FURTHER,P1,metadata/0390-insights--naturalisation--brazilian-naturalisation-legal-requirements-and-filing-steps-in-brazil.html,schema/0390-insights--naturalisation--brazilian-naturalisation-legal-requirements-and-filing-steps-in-brazil.json,REQUIRED,NOT APPLIED
https://immigratetobrazil.com/insights/naturalisation/brazilians-have-reported-problems-processing-expressions-of-interest-t/,pages/0391-insights--naturalisation--brazilians-have-reported-problems-processing-expressions-of-interest-t.md,SOURCE REVIEW REQUIRED — no publication-ready rewrite,INVESTIGATE FURTHER,P1,metadata/0391-insights--naturalisation--brazilians-have-reported-problems-processing-expressions-of-interest-t.html,schema/0391-insights--naturalisation--brazilians-have-reported-problems-processing-expressions-of-interest-t.json,REQUIRED,NOT APPLIED
https://immigratetobrazil.com/insights/naturalisation/companies-and-individuals-in-brazil-can-hire-foreigners-through-a-form/,pages/0392-insights--naturalisation--companies-and-individuals-in-brazil-can-hire-foreigners-through-a-form.md,SOURCE REVIEW REQUIRED — no publication-ready rewrite,INVESTIGATE FURTHER,P1,metadata/0392-insights--naturalisation--companies-and-individuals-in-brazil-can-hire-foreigners-through-a-form.html,schema/0392-insights--naturalisation--companies-and-individuals-in-brazil-can-hire-foreigners-through-a-form.json,REQUIRED,NOT APPLIED
https://immigratetobrazil.com/insights/naturalisation/despite-the-international-names-these-delicacies-are-very-brazilian-or/,pages/0393-insights--naturalisation--despite-the-international-names-these-delicacies-are-very-brazilian-or.md,SOURCE REVIEW REQUIRED — no publication-ready rewrite,INVESTIGATE FURTHER,P1,metadata/0393-insights--naturalisation--despite-the-international-names-these-delicacies-are-very-brazilian-or.html,schema/0393-insights--naturalisation--despite-the-international-names-these-delicacies-are-very-brazilian-or.json,REQUIRED,NOT APPLIED
https://immigratetobrazil.com/insights/naturalisation/establishing-yourself-in-brazil-with-your-family-is-entirely-possible/,pages/0394-insights--naturalisation--establishing-yourself-in-brazil-with-your-family-is-entirely-possible.md,SOURCE REVIEW REQUIRED — no publication-ready rewrite,INVESTIGATE FURTHER,P1,metadata/0394-insights--naturalisation--establishing-yourself-in-brazil-with-your-family-is-entirely-possible.html,schema/0394-insights--naturalisation--establishing-yourself-in-brazil-with-your-family-is-entirely-possible.json,REQUIRED,NOT APPLIED
https://immigratetobrazil.com/insights/naturalisation/etias-european-travel-information-and-authorization-system-will-be-a-r/,pages/0395-insights--naturalisation--etias-european-travel-information-and-authorization-system-will-be-a-r.md,SOURCE REVIEW REQUIRED — no publication-ready rewrite,INVESTIGATE FURTHER,P1,metadata/0395-insights--naturalisation--etias-european-travel-information-and-authorization-system-will-be-a-r.html,schema/0395-insights--naturalisation--etias-european-travel-information-and-authorization-system-will-be-a-r.json,REQUIRED,NOT APPLIED
https://immigratetobrazil.com/insights/naturalisation/firstly-it-is-essential-to-understand-that-both-brazil-and-the-united/,pages/0396-insights--naturalisation--firstly-it-is-essential-to-understand-that-both-brazil-and-the-united.md,SOURCE REVIEW REQUIRED — no publication-ready rewrite,INVESTIGATE FURTHER,P1,metadata/0396-insights--naturalisation--firstly-it-is-essential-to-understand-that-both-brazil-and-the-united.html,schema/0396-insights--naturalisation--firstly-it-is-essential-to-understand-that-both-brazil-and-the-united.json,REQUIRED,NOT APPLIED
https://immigratetobrazil.com/insights/naturalisation/for-those-who-have-fallen-in-love-with-brazil-and-wish-to-make-it-thei/,pages/0397-insights--naturalisation--for-those-who-have-fallen-in-love-with-brazil-and-wish-to-make-it-thei.md,SOURCE REVIEW REQUIRED — no publication-ready rewrite,INVESTIGATE FURTHER,P1,metadata/0397-insights--naturalisation--for-those-who-have-fallen-in-love-with-brazil-and-wish-to-make-it-thei.html,schema/0397-insights--naturalisation--for-those-who-have-fallen-in-love-with-brazil-and-wish-to-make-it-thei.json,REQUIRED,NOT APPLIED
https://immigratetobrazil.com/insights/naturalisation/foreigners-may-apply-for-a-brazilian-passport-under-specific-circumsta/,pages/0398-insights--naturalisation--foreigners-may-apply-for-a-brazilian-passport-under-specific-circumsta.md,SOURCE REVIEW REQUIRED — no publication-ready rewrite,INVESTIGATE FURTHER,P1,metadata/0398-insights--naturalisation--foreigners-may-apply-for-a-brazilian-passport-under-specific-circumsta.html,schema/0398-insights--naturalisation--foreigners-may-apply-for-a-brazilian-passport-under-specific-circumsta.json,REQUIRED,NOT APPLIED
https://immigratetobrazil.com/insights/naturalisation/foreigners-must-prove-legal-residence-in-portugal-for-at-least-five-ye/,pages/0399-insights--naturalisation--foreigners-must-prove-legal-residence-in-portugal-for-at-least-five-ye.md,SOURCE REVIEW REQUIRED — no publication-ready rewrite,INVESTIGATE FURTHER,P1,metadata/0399-insights--naturalisation--foreigners-must-prove-legal-residence-in-portugal-for-at-least-five-ye.html,schema/0399-insights--naturalisation--foreigners-must-prove-legal-residence-in-portugal-for-at-least-five-ye.json,REQUIRED,NOT APPLIED
https://immigratetobrazil.com/insights/naturalisation/foreigners-who-exceed-the-permitted-time-of-stay-in-brazil-either-by-e/,pages/0400-insights--naturalisation--foreigners-who-exceed-the-permitted-time-of-stay-in-brazil-either-by-e.md,SOURCE REVIEW REQUIRED — no publication-ready rewrite,INVESTIGATE FURTHER,P1,metadata/0400-insights--naturalisation--foreigners-who-exceed-the-permitted-time-of-stay-in-brazil-either-by-e.html,schema/0400-insights--naturalisation--foreigners-who-exceed-the-permitted-time-of-stay-in-brazil-either-by-e.json,REQUIRED,NOT APPLIED
https://immigratetobrazil.com/insights/naturalisation/having-a-valid-american-visa-does-not-automatically-guarantee-entry-in/,pages/0401-insights--naturalisation--having-a-valid-american-visa-does-not-automatically-guarantee-entry-in.md,SOURCE REVIEW REQUIRED — no publication-ready rewrite,INVESTIGATE FURTHER,P1,metadata/0401-insights--naturalisation--having-a-valid-american-visa-does-not-automatically-guarantee-entry-in.html,schema/0401-insights--naturalisation--having-a-valid-american-visa-does-not-automatically-guarantee-entry-in.json,REQUIRED,NOT APPLIED
https://immigratetobrazil.com/insights/naturalisation/i-am-a-regular-resident-but-i-am-outside-brazil/,pages/0402-insights--naturalisation--i-am-a-regular-resident-but-i-am-outside-brazil.md,SOURCE REVIEW REQUIRED — no publication-ready rewrite,INVESTIGATE FURTHER,P1,metadata/0402-insights--naturalisation--i-am-a-regular-resident-but-i-am-outside-brazil.html,schema/0402-insights--naturalisation--i-am-a-regular-resident-but-i-am-outside-brazil.json,REQUIRED,NOT APPLIED
https://immigratetobrazil.com/insights/naturalisation/if-you-fell-in-love-with-brazil-and-want-to-make-this-country-your-tru/,pages/0403-insights--naturalisation--if-you-fell-in-love-with-brazil-and-want-to-make-this-country-your-tru.md,SOURCE REVIEW REQUIRED — no publication-ready rewrite,INVESTIGATE FURTHER,P1,metadata/0403-insights--naturalisation--if-you-fell-in-love-with-brazil-and-want-to-make-this-country-your-tru.html,schema/0403-insights--naturalisation--if-you-fell-in-love-with-brazil-and-want-to-make-this-country-your-tru.json,REQUIRED,NOT APPLIED
https://immigratetobrazil.com/insights/naturalisation/if-you-have-a-luxembourgish-parent-or-grandparent-you-also-would-not-n/,pages/0404-insights--naturalisation--if-you-have-a-luxembourgish-parent-or-grandparent-you-also-would-not-n.md,SOURCE REVIEW REQUIRED — no publication-ready rewrite,INVESTIGATE FURTHER,P1,metadata/0404-insights--naturalisation--if-you-have-a-luxembourgish-parent-or-grandparent-you-also-would-not-n.html,schema/0404-insights--naturalisation--if-you-have-a-luxembourgish-parent-or-grandparent-you-also-would-not-n.json,REQUIRED,NOT APPLIED
https://immigratetobrazil.com/insights/naturalisation/if-your-baby-was-born-in-brazil-you-may-be-eligible-to-apply-for-a-bra/,pages/0405-insights--naturalisation--if-your-baby-was-born-in-brazil-you-may-be-eligible-to-apply-for-a-bra.md,SOURCE REVIEW REQUIRED — no publication-ready rewrite,INVESTIGATE FURTHER,P1,metadata/0405-insights--naturalisation--if-your-baby-was-born-in-brazil-you-may-be-eligible-to-apply-for-a-bra.html,schema/0405-insights--naturalisation--if-your-baby-was-born-in-brazil-you-may-be-eligible-to-apply-for-a-bra.json,REQUIRED,NOT APPLIED
https://immigratetobrazil.com/insights/naturalisation/in-brazil-deportation-is-an-administrative-measure-applied-to-people-w/,pages/0406-insights--naturalisation--in-brazil-deportation-is-an-administrative-measure-applied-to-people-w.md,SOURCE REVIEW REQUIRED — no publication-ready rewrite,INVESTIGATE FURTHER,P1,metadata/0406-insights--naturalisation--in-brazil-deportation-is-an-administrative-measure-applied-to-people-w.html,schema/0406-insights--naturalisation--in-brazil-deportation-is-an-administrative-measure-applied-to-people-w.json,REQUIRED,NOT APPLIED
https://immigratetobrazil.com/insights/naturalisation/in-brazil-undergraduate-and-postgraduate-diplomas-obtained-abroad-must/,pages/0407-insights--naturalisation--in-brazil-undergraduate-and-postgraduate-diplomas-obtained-abroad-must.md,SOURCE REVIEW REQUIRED — no publication-ready rewrite,INVESTIGATE FURTHER,P1,metadata/0407-insights--naturalisation--in-brazil-undergraduate-and-postgraduate-diplomas-obtained-abroad-must.html,schema/0407-insights--naturalisation--in-brazil-undergraduate-and-postgraduate-diplomas-obtained-abroad-must.json,REQUIRED,NOT APPLIED
https://immigratetobrazil.com/insights/naturalisation/in-other-words-even-if-the-birth-took-place-years-ago-registration-can/,pages/0408-insights--naturalisation--in-other-words-even-if-the-birth-took-place-years-ago-registration-can.md,SOURCE REVIEW REQUIRED — no publication-ready rewrite,INVESTIGATE FURTHER,P1,metadata/0408-insights--naturalisation--in-other-words-even-if-the-birth-took-place-years-ago-registration-can.html,schema/0408-insights--naturalisation--in-other-words-even-if-the-birth-took-place-years-ago-registration-can.json,REQUIRED,NOT APPLIED
https://immigratetobrazil.com/insights/naturalisation/in-principle-yes-but-it-is-not-recommended/,pages/0409-insights--naturalisation--in-principle-yes-but-it-is-not-recommended.md,SOURCE REVIEW REQUIRED — no publication-ready rewrite,INVESTIGATE FURTHER,P1,metadata/0409-insights--naturalisation--in-principle-yes-but-it-is-not-recommended.html,schema/0409-insights--naturalisation--in-principle-yes-but-it-is-not-recommended.json,REQUIRED,NOT APPLIED
https://immigratetobrazil.com/insights/naturalisation/in-some-cases-there-is-the-possibility-for-the-great-grandchildren-of/,pages/0410-insights--naturalisation--in-some-cases-there-is-the-possibility-for-the-great-grandchildren-of.md,SOURCE REVIEW REQUIRED — no publication-ready rewrite,INVESTIGATE FURTHER,P1,metadata/0410-insights--naturalisation--in-some-cases-there-is-the-possibility-for-the-great-grandchildren-of.html,schema/0410-insights--naturalisation--in-some-cases-there-is-the-possibility-for-the-great-grandchildren-of.json,REQUIRED,NOT APPLIED
https://immigratetobrazil.com/insights/naturalisation/in-the-context-of-relations-between-brazil-and-portugal-the-request-fo/,pages/0411-insights--naturalisation--in-the-context-of-relations-between-brazil-and-portugal-the-request-fo.md,SOURCE REVIEW REQUIRED — no publication-ready rewrite,INVESTIGATE FURTHER,P1,metadata/0411-insights--naturalisation--in-the-context-of-relations-between-brazil-and-portugal-the-request-fo.html,schema/0411-insights--naturalisation--in-the-context-of-relations-between-brazil-and-portugal-the-request-fo.json,REQUIRED,NOT APPLIED
https://immigratetobrazil.com/insights/naturalisation/in-the-event-of-deportation-it-is-essential-that-the-immigrant-is-awar/,pages/0412-insights--naturalisation--in-the-event-of-deportation-it-is-essential-that-the-immigrant-is-awar.md,SOURCE REVIEW REQUIRED — no publication-ready rewrite,INVESTIGATE FURTHER,P1,metadata/0412-insights--naturalisation--in-the-event-of-deportation-it-is-essential-that-the-immigrant-is-awar.html,schema/0412-insights--naturalisation--in-the-event-of-deportation-it-is-essential-that-the-immigrant-is-awar.json,REQUIRED,NOT APPLIED
https://immigratetobrazil.com/insights/naturalisation/international-child-custody-can-become-a-complex-issue-when-one-of-the/,pages/0413-insights--naturalisation--international-child-custody-can-become-a-complex-issue-when-one-of-the.md,SOURCE REVIEW REQUIRED — no publication-ready rewrite,INVESTIGATE FURTHER,P1,metadata/0413-insights--naturalisation--international-child-custody-can-become-a-complex-issue-when-one-of-the.html,schema/0413-insights--naturalisation--international-child-custody-can-become-a-complex-issue-when-one-of-the.json,REQUIRED,NOT APPLIED
https://immigratetobrazil.com/insights/naturalisation/international-child-custody-can-become-a-complex-issue-when-one-parent/,pages/0414-insights--naturalisation--international-child-custody-can-become-a-complex-issue-when-one-parent.md,SOURCE REVIEW REQUIRED — no publication-ready rewrite,INVESTIGATE FURTHER,P1,metadata/0414-insights--naturalisation--international-child-custody-can-become-a-complex-issue-when-one-parent.html,schema/0414-insights--naturalisation--international-child-custody-can-become-a-complex-issue-when-one-parent.json,REQUIRED,NOT APPLIED
https://immigratetobrazil.com/insights/naturalisation/investing-in-brazil-with-an-investor-visa-offers-a-dynamic-blend-of-ec/,pages/0415-insights--naturalisation--investing-in-brazil-with-an-investor-visa-offers-a-dynamic-blend-of-ec.md,SOURCE REVIEW REQUIRED — no publication-ready rewrite,INVESTIGATE FURTHER,P1,metadata/0415-insights--naturalisation--investing-in-brazil-with-an-investor-visa-offers-a-dynamic-blend-of-ec.html,schema/0415-insights--naturalisation--investing-in-brazil-with-an-investor-visa-offers-a-dynamic-blend-of-ec.json,REQUIRED,NOT APPLIED
https://immigratetobrazil.com/insights/naturalisation/it-is-an-important-date-to-reinforce-the-fight-against-all-forms-of-ra/,pages/0416-insights--naturalisation--it-is-an-important-date-to-reinforce-the-fight-against-all-forms-of-ra.md,SOURCE REVIEW REQUIRED — no publication-ready rewrite,INVESTIGATE FURTHER,P1,metadata/0416-insights--naturalisation--it-is-an-important-date-to-reinforce-the-fight-against-all-forms-of-ra.html,schema/0416-insights--naturalisation--it-is-an-important-date-to-reinforce-the-fight-against-all-forms-of-ra.json,REQUIRED,NOT APPLIED
https://immigratetobrazil.com/insights/naturalisation/it-is-important-to-highlight-that-the-process-of-obtaining-luxembourg/,pages/0417-insights--naturalisation--it-is-important-to-highlight-that-the-process-of-obtaining-luxembourg.md,SOURCE REVIEW REQUIRED — no publication-ready rewrite,INVESTIGATE FURTHER,P1,metadata/0417-insights--naturalisation--it-is-important-to-highlight-that-the-process-of-obtaining-luxembourg.html,schema/0417-insights--naturalisation--it-is-important-to-highlight-that-the-process-of-obtaining-luxembourg.json,REQUIRED,NOT APPLIED
https://immigratetobrazil.com/insights/naturalisation/it-is-possible-for-a-brazilian-person-to-request-recognition-of-irish/,pages/0418-insights--naturalisation--it-is-possible-for-a-brazilian-person-to-request-recognition-of-irish.md,SOURCE REVIEW REQUIRED — no publication-ready rewrite,INVESTIGATE FURTHER,P1,metadata/0418-insights--naturalisation--it-is-possible-for-a-brazilian-person-to-request-recognition-of-irish.html,schema/0418-insights--naturalisation--it-is-possible-for-a-brazilian-person-to-request-recognition-of-irish.json,REQUIRED,NOT APPLIED
https://immigratetobrazil.com/insights/naturalisation/it-is-possible-for-someone-to-visit-brazil-as-a-tourist-and-upon-falli-2/,pages/0419-insights--naturalisation--it-is-possible-for-someone-to-visit-brazil-as-a-tourist-and-upon-falli-2.md,SOURCE REVIEW REQUIRED — no publication-ready rewrite,INVESTIGATE FURTHER,P1,metadata/0419-insights--naturalisation--it-is-possible-for-someone-to-visit-brazil-as-a-tourist-and-upon-falli-2.html,schema/0419-insights--naturalisation--it-is-possible-for-someone-to-visit-brazil-as-a-tourist-and-upon-falli-2.json,REQUIRED,NOT APPLIED
https://immigratetobrazil.com/insights/naturalisation/it-is-possible-for-someone-to-visit-brazil-as-a-tourist-and-upon-falli/,pages/0420-insights--naturalisation--it-is-possible-for-someone-to-visit-brazil-as-a-tourist-and-upon-falli.md,SOURCE REVIEW REQUIRED — no publication-ready rewrite,INVESTIGATE FURTHER,P1,metadata/0420-insights--naturalisation--it-is-possible-for-someone-to-visit-brazil-as-a-tourist-and-upon-falli.html,schema/0420-insights--naturalisation--it-is-possible-for-someone-to-visit-brazil-as-a-tourist-and-upon-falli.json,REQUIRED,NOT APPLIED
https://immigratetobrazil.com/insights/naturalisation/it-should-be-noted-that-no-one-will-be-prevented-from-entering-the-cou/,pages/0421-insights--naturalisation--it-should-be-noted-that-no-one-will-be-prevented-from-entering-the-cou.md,SOURCE REVIEW REQUIRED — no publication-ready rewrite,INVESTIGATE FURTHER,P1,metadata/0421-insights--naturalisation--it-should-be-noted-that-no-one-will-be-prevented-from-entering-the-cou.html,schema/0421-insights--naturalisation--it-should-be-noted-that-no-one-will-be-prevented-from-entering-the-cou.json,REQUIRED,NOT APPLIED
https://immigratetobrazil.com/insights/naturalisation/large-universities-outside-brazil-allow-admission-without-the-need-to/,pages/0422-insights--naturalisation--large-universities-outside-brazil-allow-admission-without-the-need-to.md,SOURCE REVIEW REQUIRED — no publication-ready rewrite,INVESTIGATE FURTHER,P1,metadata/0422-insights--naturalisation--large-universities-outside-brazil-allow-admission-without-the-need-to.html,schema/0422-insights--naturalisation--large-universities-outside-brazil-allow-admission-without-the-need-to.json,REQUIRED,NOT APPLIED
https://immigratetobrazil.com/insights/naturalisation/legal-guidance-eligibility-requirements-and-filing-steps-2/,pages/0423-insights--naturalisation--legal-guidance-eligibility-requirements-and-filing-steps-2.md,SOURCE REVIEW REQUIRED — no publication-ready rewrite,INVESTIGATE FURTHER,P1,metadata/0423-insights--naturalisation--legal-guidance-eligibility-requirements-and-filing-steps-2.html,schema/0423-insights--naturalisation--legal-guidance-eligibility-requirements-and-filing-steps-2.json,REQUIRED,NOT APPLIED
https://immigratetobrazil.com/insights/naturalisation/legal-guidance-eligibility-requirements-and-filing-steps-3/,pages/0424-insights--naturalisation--legal-guidance-eligibility-requirements-and-filing-steps-3.md,SOURCE REVIEW REQUIRED — no publication-ready rewrite,INVESTIGATE FURTHER,P1,metadata/0424-insights--naturalisation--legal-guidance-eligibility-requirements-and-filing-steps-3.html,schema/0424-insights--naturalisation--legal-guidance-eligibility-requirements-and-filing-steps-3.json,REQUIRED,NOT APPLIED
https://immigratetobrazil.com/insights/naturalisation/legal-guidance-eligibility-requirements-and-filing-steps-4/,pages/0425-insights--naturalisation--legal-guidance-eligibility-requirements-and-filing-steps-4.md,SOURCE REVIEW REQUIRED — no publication-ready rewrite,INVESTIGATE FURTHER,P1,metadata/0425-insights--naturalisation--legal-guidance-eligibility-requirements-and-filing-steps-4.html,schema/0425-insights--naturalisation--legal-guidance-eligibility-requirements-and-filing-steps-4.json,REQUIRED,NOT APPLIED
https://immigratetobrazil.com/insights/naturalisation/legal-guidance-eligibility-requirements-and-filing-steps-5/,pages/0426-insights--naturalisation--legal-guidance-eligibility-requirements-and-filing-steps-5.md,SOURCE REVIEW REQUIRED — no publication-ready rewrite,INVESTIGATE FURTHER,P1,metadata/0426-insights--naturalisation--legal-guidance-eligibility-requirements-and-filing-steps-5.html,schema/0426-insights--naturalisation--legal-guidance-eligibility-requirements-and-filing-steps-5.json,REQUIRED,NOT APPLIED
https://immigratetobrazil.com/insights/naturalisation/legal-guidance-eligibility-requirements-and-filing-steps-6/,pages/0427-insights--naturalisation--legal-guidance-eligibility-requirements-and-filing-steps-6.md,SOURCE REVIEW REQUIRED — no publication-ready rewrite,INVESTIGATE FURTHER,P1,metadata/0427-insights--naturalisation--legal-guidance-eligibility-requirements-and-filing-steps-6.html,schema/0427-insights--naturalisation--legal-guidance-eligibility-requirements-and-filing-steps-6.json,REQUIRED,NOT APPLIED
https://immigratetobrazil.com/insights/naturalisation/legal-guidance-eligibility-requirements-and-filing-steps-7/,pages/0428-insights--naturalisation--legal-guidance-eligibility-requirements-and-filing-steps-7.md,SOURCE REVIEW REQUIRED — no publication-ready rewrite,INVESTIGATE FURTHER,P1,metadata/0428-insights--naturalisation--legal-guidance-eligibility-requirements-and-filing-steps-7.html,schema/0428-insights--naturalisation--legal-guidance-eligibility-requirements-and-filing-steps-7.json,REQUIRED,NOT APPLIED
https://immigratetobrazil.com/insights/naturalisation/legal-guidance-eligibility-requirements-and-filing-steps-8/,pages/0429-insights--naturalisation--legal-guidance-eligibility-requirements-and-filing-steps-8.md,SOURCE REVIEW REQUIRED — no publication-ready rewrite,INVESTIGATE FURTHER,P1,metadata/0429-insights--naturalisation--legal-guidance-eligibility-requirements-and-filing-steps-8.html,schema/0429-insights--naturalisation--legal-guidance-eligibility-requirements-and-filing-steps-8.json,REQUIRED,NOT APPLIED
https://immigratetobrazil.com/insights/naturalisation/legal-guidance-eligibility-requirements-and-filing-steps/,pages/0430-insights--naturalisation--legal-guidance-eligibility-requirements-and-filing-steps.md,SOURCE REVIEW REQUIRED — no publication-ready rewrite,INVESTIGATE FURTHER,P1,metadata/0430-insights--naturalisation--legal-guidance-eligibility-requirements-and-filing-steps.html,schema/0430-insights--naturalisation--legal-guidance-eligibility-requirements-and-filing-steps.json,REQUIRED,NOT APPLIED
https://immigratetobrazil.com/insights/naturalisation/luso-brazilian-community-day-celebrates-the-strong-ties-between-portug/,pages/0431-insights--naturalisation--luso-brazilian-community-day-celebrates-the-strong-ties-between-portug.md,SOURCE REVIEW REQUIRED — no publication-ready rewrite,INVESTIGATE FURTHER,P1,metadata/0431-insights--naturalisation--luso-brazilian-community-day-celebrates-the-strong-ties-between-portug.html,schema/0431-insights--naturalisation--luso-brazilian-community-day-celebrates-the-strong-ties-between-portug.json,REQUIRED,NOT APPLIED
https://immigratetobrazil.com/insights/naturalisation/military-enlistment-is-mandatory-for-brazilians-even-abroad-even-livin/,pages/0432-insights--naturalisation--military-enlistment-is-mandatory-for-brazilians-even-abroad-even-livin.md,SOURCE REVIEW REQUIRED — no publication-ready rewrite,INVESTIGATE FURTHER,P1,metadata/0432-insights--naturalisation--military-enlistment-is-mandatory-for-brazilians-even-abroad-even-livin.html,schema/0432-insights--naturalisation--military-enlistment-is-mandatory-for-brazilians-even-abroad-even-livin.json,REQUIRED,NOT APPLIED
https://immigratetobrazil.com/insights/naturalisation/my-immigrant-card-is-valid-until-2030-but-my-stable-union-is-over/,pages/0433-insights--naturalisation--my-immigrant-card-is-valid-until-2030-but-my-stable-union-is-over.md,SOURCE REVIEW REQUIRED — no publication-ready rewrite,INVESTIGATE FURTHER,P1,metadata/0433-insights--naturalisation--my-immigrant-card-is-valid-until-2030-but-my-stable-union-is-over.html,schema/0433-insights--naturalisation--my-immigrant-card-is-valid-until-2030-but-my-stable-union-is-over.json,REQUIRED,NOT APPLIED
https://immigratetobrazil.com/insights/naturalisation/naturalized-brazilian-men-aged-between-18-and-45-must-enlist-in-the-mi/,pages/0434-insights--naturalisation--naturalized-brazilian-men-aged-between-18-and-45-must-enlist-in-the-mi.md,SOURCE REVIEW REQUIRED — no publication-ready rewrite,INVESTIGATE FURTHER,P1,metadata/0434-insights--naturalisation--naturalized-brazilian-men-aged-between-18-and-45-must-enlist-in-the-mi.html,schema/0434-insights--naturalisation--naturalized-brazilian-men-aged-between-18-and-45-must-enlist-in-the-mi.json,REQUIRED,NOT APPLIED
https://immigratetobrazil.com/insights/naturalisation/november-20th-black-awareness-day-black-awareness-day-is-a-historical/,pages/0435-insights--naturalisation--november-20th-black-awareness-day-black-awareness-day-is-a-historical.md,SOURCE REVIEW REQUIRED — no publication-ready rewrite,INVESTIGATE FURTHER,P1,metadata/0435-insights--naturalisation--november-20th-black-awareness-day-black-awareness-day-is-a-historical.html,schema/0435-insights--naturalisation--november-20th-black-awareness-day-black-awareness-day-is-a-historical.json,REQUIRED,NOT APPLIED
https://immigratetobrazil.com/insights/naturalisation/on-december-19-2023-the-french-senate-approved-a-controversial-immigra/,pages/0436-insights--naturalisation--on-december-19-2023-the-french-senate-approved-a-controversial-immigra.md,SOURCE REVIEW REQUIRED — no publication-ready rewrite,INVESTIGATE FURTHER,P1,metadata/0436-insights--naturalisation--on-december-19-2023-the-french-senate-approved-a-controversial-immigra.html,schema/0436-insights--naturalisation--on-december-19-2023-the-french-senate-approved-a-controversial-immigra.json,REQUIRED,NOT APPLIED
https://immigratetobrazil.com/insights/naturalisation/on-teacher-s-day-celebrated-on-october-15th-we-honor-those-who-with-de/,pages/0437-insights--naturalisation--on-teacher-s-day-celebrated-on-october-15th-we-honor-those-who-with-de.md,SOURCE REVIEW REQUIRED — no publication-ready rewrite,INVESTIGATE FURTHER,P1,metadata/0437-insights--naturalisation--on-teacher-s-day-celebrated-on-october-15th-we-honor-those-who-with-de.html,schema/0437-insights--naturalisation--on-teacher-s-day-celebrated-on-october-15th-we-honor-those-who-with-de.json,REQUIRED,NOT APPLIED
https://immigratetobrazil.com/insights/naturalisation/on-this-date-we-reinforce-our-commitment-to-valuing-and-protecting-eld/,pages/0438-insights--naturalisation--on-this-date-we-reinforce-our-commitment-to-valuing-and-protecting-eld.md,SOURCE REVIEW REQUIRED — no publication-ready rewrite,INVESTIGATE FURTHER,P1,metadata/0438-insights--naturalisation--on-this-date-we-reinforce-our-commitment-to-valuing-and-protecting-eld.html,schema/0438-insights--naturalisation--on-this-date-we-reinforce-our-commitment-to-valuing-and-protecting-eld.json,REQUIRED,NOT APPLIED
https://immigratetobrazil.com/insights/naturalisation/on-this-day-we-express-gratitude-to-each-person-who-trusts-our-legal-w/,pages/0439-insights--naturalisation--on-this-day-we-express-gratitude-to-each-person-who-trusts-our-legal-w.md,SOURCE REVIEW REQUIRED — no publication-ready rewrite,INVESTIGATE FURTHER,P1,metadata/0439-insights--naturalisation--on-this-day-we-express-gratitude-to-each-person-who-trusts-our-legal-w.html,schema/0439-insights--naturalisation--on-this-day-we-express-gratitude-to-each-person-who-trusts-our-legal-w.json,REQUIRED,NOT APPLIED
https://immigratetobrazil.com/insights/naturalisation/once-approved-this-process-grants-you-full-brazilian-citizenship-with/,pages/0440-insights--naturalisation--once-approved-this-process-grants-you-full-brazilian-citizenship-with.md,SOURCE REVIEW REQUIRED — no publication-ready rewrite,INVESTIGATE FURTHER,P1,metadata/0440-insights--naturalisation--once-approved-this-process-grants-you-full-brazilian-citizenship-with.html,schema/0440-insights--naturalisation--once-approved-this-process-grants-you-full-brazilian-citizenship-with.json,REQUIRED,NOT APPLIED
https://immigratetobrazil.com/insights/naturalisation/parents-of-minor-children-with-dual-nationality-can-and-should-maintai/,pages/0441-insights--naturalisation--parents-of-minor-children-with-dual-nationality-can-and-should-maintai.md,SOURCE REVIEW REQUIRED — no publication-ready rewrite,INVESTIGATE FURTHER,P1,metadata/0441-insights--naturalisation--parents-of-minor-children-with-dual-nationality-can-and-should-maintai.html,schema/0441-insights--naturalisation--parents-of-minor-children-with-dual-nationality-can-and-should-maintai.json,REQUIRED,NOT APPLIED
https://immigratetobrazil.com/insights/naturalisation/people-living-in-brazil-can-apply-for-naturalisation-to-become-brazili/,pages/0442-insights--naturalisation--people-living-in-brazil-can-apply-for-naturalisation-to-become-brazili.md,SOURCE REVIEW REQUIRED — no publication-ready rewrite,INVESTIGATE FURTHER,P1,metadata/0442-insights--naturalisation--people-living-in-brazil-can-apply-for-naturalisation-to-become-brazili.html,schema/0442-insights--naturalisation--people-living-in-brazil-can-apply-for-naturalisation-to-become-brazili.json,REQUIRED,NOT APPLIED
https://immigratetobrazil.com/insights/naturalisation/permanent-residence-permit-and-citizenship-are-two-distinct-legal-stat-2/,pages/0443-insights--naturalisation--permanent-residence-permit-and-citizenship-are-two-distinct-legal-stat-2.md,SOURCE REVIEW REQUIRED — no publication-ready rewrite,INVESTIGATE FURTHER,P1,metadata/0443-insights--naturalisation--permanent-residence-permit-and-citizenship-are-two-distinct-legal-stat-2.html,schema/0443-insights--naturalisation--permanent-residence-permit-and-citizenship-are-two-distinct-legal-stat-2.json,REQUIRED,NOT APPLIED
https://immigratetobrazil.com/insights/naturalisation/permanent-residence-permit-and-citizenship-are-two-distinct-legal-stat/,pages/0444-insights--naturalisation--permanent-residence-permit-and-citizenship-are-two-distinct-legal-stat.md,SOURCE REVIEW REQUIRED — no publication-ready rewrite,INVESTIGATE FURTHER,P1,metadata/0444-insights--naturalisation--permanent-residence-permit-and-citizenship-are-two-distinct-legal-stat.html,schema/0444-insights--naturalisation--permanent-residence-permit-and-citizenship-are-two-distinct-legal-stat.json,REQUIRED,NOT APPLIED
https://immigratetobrazil.com/insights/naturalisation/pix-a-brazilian-instant-payment-system-is-expanding-internationally-th/,pages/0445-insights--naturalisation--pix-a-brazilian-instant-payment-system-is-expanding-internationally-th.md,SOURCE REVIEW REQUIRED — no publication-ready rewrite,INVESTIGATE FURTHER,P1,metadata/0445-insights--naturalisation--pix-a-brazilian-instant-payment-system-is-expanding-internationally-th.html,schema/0445-insights--naturalisation--pix-a-brazilian-instant-payment-system-is-expanding-internationally-th.json,REQUIRED,NOT APPLIED
https://immigratetobrazil.com/insights/naturalisation/portugal-recently-approved-a-set-of-changes-to-immigration-legislation/,pages/0446-insights--naturalisation--portugal-recently-approved-a-set-of-changes-to-immigration-legislation.md,SOURCE REVIEW REQUIRED — no publication-ready rewrite,INVESTIGATE FURTHER,P1,metadata/0446-insights--naturalisation--portugal-recently-approved-a-set-of-changes-to-immigration-legislation.html,schema/0446-insights--naturalisation--portugal-recently-approved-a-set-of-changes-to-immigration-legislation.json,REQUIRED,NOT APPLIED
https://immigratetobrazil.com/insights/naturalisation/pregnant-women-that-come-to-brazil-to-have-their-baby-can-apply-for-re/,pages/0447-insights--naturalisation--pregnant-women-that-come-to-brazil-to-have-their-baby-can-apply-for-re.md,SOURCE REVIEW REQUIRED — no publication-ready rewrite,INVESTIGATE FURTHER,P1,metadata/0447-insights--naturalisation--pregnant-women-that-come-to-brazil-to-have-their-baby-can-apply-for-re.html,schema/0447-insights--naturalisation--pregnant-women-that-come-to-brazil-to-have-their-baby-can-apply-for-re.json,REQUIRED,NOT APPLIED
https://immigratetobrazil.com/insights/naturalisation/president-joe-biden-signed-an-executive-order-to-simplify-the-process/,pages/0448-insights--naturalisation--president-joe-biden-signed-an-executive-order-to-simplify-the-process.md,SOURCE REVIEW REQUIRED — no publication-ready rewrite,INVESTIGATE FURTHER,P1,metadata/0448-insights--naturalisation--president-joe-biden-signed-an-executive-order-to-simplify-the-process.html,schema/0448-insights--naturalisation--president-joe-biden-signed-an-executive-order-to-simplify-the-process.json,REQUIRED,NOT APPLIED
https://immigratetobrazil.com/insights/naturalisation/recently-the-united-states-lost-its-position-in-the-top-10-of-the-most/,pages/0449-insights--naturalisation--recently-the-united-states-lost-its-position-in-the-top-10-of-the-most.md,SOURCE REVIEW REQUIRED — no publication-ready rewrite,INVESTIGATE FURTHER,P1,metadata/0449-insights--naturalisation--recently-the-united-states-lost-its-position-in-the-top-10-of-the-most.html,schema/0449-insights--naturalisation--recently-the-united-states-lost-its-position-in-the-top-10-of-the-most.json,REQUIRED,NOT APPLIED
https://immigratetobrazil.com/insights/naturalisation/rectification-of-settlements-is-an-essential-procedure-in-citizenship/,pages/0450-insights--naturalisation--rectification-of-settlements-is-an-essential-procedure-in-citizenship.md,SOURCE REVIEW REQUIRED — no publication-ready rewrite,INVESTIGATE FURTHER,P1,metadata/0450-insights--naturalisation--rectification-of-settlements-is-an-essential-procedure-in-citizenship.html,schema/0450-insights--naturalisation--rectification-of-settlements-is-an-essential-procedure-in-citizenship.json,REQUIRED,NOT APPLIED
https://immigratetobrazil.com/insights/naturalisation/refugees-unlike-other-immigrants-are-those-who-suffer-compulsory-displ/,pages/0451-insights--naturalisation--refugees-unlike-other-immigrants-are-those-who-suffer-compulsory-displ.md,SOURCE REVIEW REQUIRED — no publication-ready rewrite,INVESTIGATE FURTHER,P1,metadata/0451-insights--naturalisation--refugees-unlike-other-immigrants-are-those-who-suffer-compulsory-displ.html,schema/0451-insights--naturalisation--refugees-unlike-other-immigrants-are-those-who-suffer-compulsory-displ.json,REQUIRED,NOT APPLIED
https://immigratetobrazil.com/insights/naturalisation/registering-a-childs-birth-at-a-brazilian-consular-office-abroad-is-no/,pages/0452-insights--naturalisation--registering-a-childs-birth-at-a-brazilian-consular-office-abroad-is-no.md,SOURCE REVIEW REQUIRED — no publication-ready rewrite,INVESTIGATE FURTHER,P1,metadata/0452-insights--naturalisation--registering-a-childs-birth-at-a-brazilian-consular-office-abroad-is-no.html,schema/0452-insights--naturalisation--registering-a-childs-birth-at-a-brazilian-consular-office-abroad-is-no.json,REQUIRED,NOT APPLIED
https://immigratetobrazil.com/insights/naturalisation/relocating-to-brazil-with-your-family-is-certainly-possible-as-long-as/,pages/0453-insights--naturalisation--relocating-to-brazil-with-your-family-is-certainly-possible-as-long-as.md,SOURCE REVIEW REQUIRED — no publication-ready rewrite,INVESTIGATE FURTHER,P1,metadata/0453-insights--naturalisation--relocating-to-brazil-with-your-family-is-certainly-possible-as-long-as.html,schema/0453-insights--naturalisation--relocating-to-brazil-with-your-family-is-certainly-possible-as-long-as.json,REQUIRED,NOT APPLIED
https://immigratetobrazil.com/insights/naturalisation/searching-for-certificates-is-an-essential-step-in-the-citizenship-pro/,pages/0454-insights--naturalisation--searching-for-certificates-is-an-essential-step-in-the-citizenship-pro.md,SOURCE REVIEW REQUIRED — no publication-ready rewrite,INVESTIGATE FURTHER,P1,metadata/0454-insights--naturalisation--searching-for-certificates-is-an-essential-step-in-the-citizenship-pro.html,schema/0454-insights--naturalisation--searching-for-certificates-is-an-essential-step-in-the-citizenship-pro.json,REQUIRED,NOT APPLIED
https://immigratetobrazil.com/insights/naturalisation/seeking-legal-advice-from-an-immigration-lawyer-in-brazil-is-crucial-d/,pages/0455-insights--naturalisation--seeking-legal-advice-from-an-immigration-lawyer-in-brazil-is-crucial-d.md,SOURCE REVIEW REQUIRED — no publication-ready rewrite,INVESTIGATE FURTHER,P1,metadata/0455-insights--naturalisation--seeking-legal-advice-from-an-immigration-lawyer-in-brazil-is-crucial-d.html,schema/0455-insights--naturalisation--seeking-legal-advice-from-an-immigration-lawyer-in-brazil-is-crucial-d.json,REQUIRED,NOT APPLIED
https://immigratetobrazil.com/insights/naturalisation/sporadic-trips-abroad-for-which-the-sum-of-periods-does-not-exceed-12/,pages/0456-insights--naturalisation--sporadic-trips-abroad-for-which-the-sum-of-periods-does-not-exceed-12.md,SOURCE REVIEW REQUIRED — no publication-ready rewrite,INVESTIGATE FURTHER,P1,metadata/0456-insights--naturalisation--sporadic-trips-abroad-for-which-the-sum-of-periods-does-not-exceed-12.html,schema/0456-insights--naturalisation--sporadic-trips-abroad-for-which-the-sum-of-periods-does-not-exceed-12.json,REQUIRED,NOT APPLIED
https://immigratetobrazil.com/insights/naturalisation/sporadic-trips-abroad-the-sum-of-which-does-not-exceed-12-months-durin/,pages/0457-insights--naturalisation--sporadic-trips-abroad-the-sum-of-which-does-not-exceed-12-months-durin.md,SOURCE REVIEW REQUIRED — no publication-ready rewrite,INVESTIGATE FURTHER,P1,metadata/0457-insights--naturalisation--sporadic-trips-abroad-the-sum-of-which-does-not-exceed-12-months-durin.html,schema/0457-insights--naturalisation--sporadic-trips-abroad-the-sum-of-which-does-not-exceed-12-months-durin.json,REQUIRED,NOT APPLIED
https://immigratetobrazil.com/insights/naturalisation/starting-september-2-2025-the-u-s-department-of-state-will-require-an/,pages/0458-insights--naturalisation--starting-september-2-2025-the-u-s-department-of-state-will-require-an.md,SOURCE REVIEW REQUIRED — no publication-ready rewrite,INVESTIGATE FURTHER,P1,metadata/0458-insights--naturalisation--starting-september-2-2025-the-u-s-department-of-state-will-require-an.html,schema/0458-insights--naturalisation--starting-september-2-2025-the-u-s-department-of-state-will-require-an.json,REQUIRED,NOT APPLIED
https://immigratetobrazil.com/insights/naturalisation/the-certificate-of-proficiency-in-portuguese-language-for-foreigners-c/,pages/0459-insights--naturalisation--the-certificate-of-proficiency-in-portuguese-language-for-foreigners-c.md,SOURCE REVIEW REQUIRED — no publication-ready rewrite,INVESTIGATE FURTHER,P1,metadata/0459-insights--naturalisation--the-certificate-of-proficiency-in-portuguese-language-for-foreigners-c.html,schema/0459-insights--naturalisation--the-certificate-of-proficiency-in-portuguese-language-for-foreigners-c.json,REQUIRED,NOT APPLIED
https://immigratetobrazil.com/insights/naturalisation/the-chamber-of-deputies-has-just-approved-a-proposed-amendment-to-the/,pages/0460-insights--naturalisation--the-chamber-of-deputies-has-just-approved-a-proposed-amendment-to-the.md,SOURCE REVIEW REQUIRED — no publication-ready rewrite,INVESTIGATE FURTHER,P1,metadata/0460-insights--naturalisation--the-chamber-of-deputies-has-just-approved-a-proposed-amendment-to-the.html,schema/0460-insights--naturalisation--the-chamber-of-deputies-has-just-approved-a-proposed-amendment-to-the.json,REQUIRED,NOT APPLIED
https://immigratetobrazil.com/insights/naturalisation/the-date-invites-reflection-on-one-of-the-darkest-pages-in-human-histo/,pages/0461-insights--naturalisation--the-date-invites-reflection-on-one-of-the-darkest-pages-in-human-histo.md,SOURCE REVIEW REQUIRED — no publication-ready rewrite,INVESTIGATE FURTHER,P1,metadata/0461-insights--naturalisation--the-date-invites-reflection-on-one-of-the-darkest-pages-in-human-histo.html,schema/0461-insights--naturalisation--the-date-invites-reflection-on-one-of-the-darkest-pages-in-human-histo.json,REQUIRED,NOT APPLIED
https://immigratetobrazil.com/insights/naturalisation/the-deadline-to-begin-the-process-of-recognizing-spanish-citizenship-f/,pages/0462-insights--naturalisation--the-deadline-to-begin-the-process-of-recognizing-spanish-citizenship-f.md,SOURCE REVIEW REQUIRED — no publication-ready rewrite,INVESTIGATE FURTHER,P1,metadata/0462-insights--naturalisation--the-deadline-to-begin-the-process-of-recognizing-spanish-citizenship-f.html,schema/0462-insights--naturalisation--the-deadline-to-begin-the-process-of-recognizing-spanish-citizenship-f.json,REQUIRED,NOT APPLIED
https://immigratetobrazil.com/insights/naturalisation/the-humanitarian-and-institutional-crisis-that-is-plaguing-venezuela-h/,pages/0463-insights--naturalisation--the-humanitarian-and-institutional-crisis-that-is-plaguing-venezuela-h.md,SOURCE REVIEW REQUIRED — no publication-ready rewrite,INVESTIGATE FURTHER,P1,metadata/0463-insights--naturalisation--the-humanitarian-and-institutional-crisis-that-is-plaguing-venezuela-h.html,schema/0463-insights--naturalisation--the-humanitarian-and-institutional-crisis-that-is-plaguing-venezuela-h.json,REQUIRED,NOT APPLIED
https://immigratetobrazil.com/insights/naturalisation/the-mercosur-agreement-recognized-primarily-for-its-economic-impacts-a/,pages/0464-insights--naturalisation--the-mercosur-agreement-recognized-primarily-for-its-economic-impacts-a.md,SOURCE REVIEW REQUIRED — no publication-ready rewrite,INVESTIGATE FURTHER,P1,metadata/0464-insights--naturalisation--the-mercosur-agreement-recognized-primarily-for-its-economic-impacts-a.html,schema/0464-insights--naturalisation--the-mercosur-agreement-recognized-primarily-for-its-economic-impacts-a.json,REQUIRED,NOT APPLIED
https://immigratetobrazil.com/insights/naturalisation/the-mobility-agreement-between-cplp-member-states-communities-of-portu/,pages/0465-insights--naturalisation--the-mobility-agreement-between-cplp-member-states-communities-of-portu.md,SOURCE REVIEW REQUIRED — no publication-ready rewrite,INVESTIGATE FURTHER,P1,metadata/0465-insights--naturalisation--the-mobility-agreement-between-cplp-member-states-communities-of-portu.html,schema/0465-insights--naturalisation--the-mobility-agreement-between-cplp-member-states-communities-of-portu.json,REQUIRED,NOT APPLIED
https://immigratetobrazil.com/insights/naturalisation/the-new-naturalization-law-in-germany-approved-by-the-bundestag-simpli/,pages/0466-insights--naturalisation--the-new-naturalization-law-in-germany-approved-by-the-bundestag-simpli.md,SOURCE REVIEW REQUIRED — no publication-ready rewrite,INVESTIGATE FURTHER,P1,metadata/0466-insights--naturalisation--the-new-naturalization-law-in-germany-approved-by-the-bundestag-simpli.html,schema/0466-insights--naturalisation--the-new-naturalization-law-in-germany-approved-by-the-bundestag-simpli.json,REQUIRED,NOT APPLIED
https://immigratetobrazil.com/insights/naturalisation/the-new-visa-and-residence-permit-agreement-between-angola-brazil-cape/,pages/0467-insights--naturalisation--the-new-visa-and-residence-permit-agreement-between-angola-brazil-cape.md,SOURCE REVIEW REQUIRED — no publication-ready rewrite,INVESTIGATE FURTHER,P1,metadata/0467-insights--naturalisation--the-new-visa-and-residence-permit-agreement-between-angola-brazil-cape.html,schema/0467-insights--naturalisation--the-new-visa-and-residence-permit-agreement-between-angola-brazil-cape.json,REQUIRED,NOT APPLIED
https://immigratetobrazil.com/insights/naturalisation/the-portuguese-language-plays-a-fundamental-role-in-brazil-s-culture-a/,pages/0468-insights--naturalisation--the-portuguese-language-plays-a-fundamental-role-in-brazil-s-culture-a.md,SOURCE REVIEW REQUIRED — no publication-ready rewrite,INVESTIGATE FURTHER,P1,metadata/0468-insights--naturalisation--the-portuguese-language-plays-a-fundamental-role-in-brazil-s-culture-a.html,schema/0468-insights--naturalisation--the-portuguese-language-plays-a-fundamental-role-in-brazil-s-culture-a.json,REQUIRED,NOT APPLIED
https://immigratetobrazil.com/insights/naturalisation/the-recently-announced-innovation-allows-brazilian-tourists-to-pay-for/,pages/0469-insights--naturalisation--the-recently-announced-innovation-allows-brazilian-tourists-to-pay-for.md,SOURCE REVIEW REQUIRED — no publication-ready rewrite,INVESTIGATE FURTHER,P1,metadata/0469-insights--naturalisation--the-recently-announced-innovation-allows-brazilian-tourists-to-pay-for.html,schema/0469-insights--naturalisation--the-recently-announced-innovation-allows-brazilian-tourists-to-pay-for.json,REQUIRED,NOT APPLIED
https://immigratetobrazil.com/insights/naturalisation/the-renewal-of-the-resident-card-in-brazil-may-be-prevented-in-some-sp/,pages/0470-insights--naturalisation--the-renewal-of-the-resident-card-in-brazil-may-be-prevented-in-some-sp.md,SOURCE REVIEW REQUIRED — no publication-ready rewrite,INVESTIGATE FURTHER,P1,metadata/0470-insights--naturalisation--the-renewal-of-the-resident-card-in-brazil-may-be-prevented-in-some-sp.html,schema/0470-insights--naturalisation--the-renewal-of-the-resident-card-in-brazil-may-be-prevented-in-some-sp.json,REQUIRED,NOT APPLIED
https://immigratetobrazil.com/insights/naturalisation/the-voluntary-renunciation-of-brazilian-nationality-provided-for-in-th/,pages/0471-insights--naturalisation--the-voluntary-renunciation-of-brazilian-nationality-provided-for-in-th.md,SOURCE REVIEW REQUIRED — no publication-ready rewrite,INVESTIGATE FURTHER,P1,metadata/0471-insights--naturalisation--the-voluntary-renunciation-of-brazilian-nationality-provided-for-in-th.html,schema/0471-insights--naturalisation--the-voluntary-renunciation-of-brazilian-nationality-provided-for-in-th.json,REQUIRED,NOT APPLIED
https://immigratetobrazil.com/insights/naturalisation/this-is-an-important-opportunity-for-people-with-brazilian-ancestry-to/,pages/0472-insights--naturalisation--this-is-an-important-opportunity-for-people-with-brazilian-ancestry-to.md,SOURCE REVIEW REQUIRED — no publication-ready rewrite,INVESTIGATE FURTHER,P1,metadata/0472-insights--naturalisation--this-is-an-important-opportunity-for-people-with-brazilian-ancestry-to.html,schema/0472-insights--naturalisation--this-is-an-important-opportunity-for-people-with-brazilian-ancestry-to.json,REQUIRED,NOT APPLIED
https://immigratetobrazil.com/insights/naturalisation/to-do-this-it-is-possible-to-register-your-birth-at-any-time-at-a-braz/,pages/0473-insights--naturalisation--to-do-this-it-is-possible-to-register-your-birth-at-any-time-at-a-braz.md,SOURCE REVIEW REQUIRED — no publication-ready rewrite,INVESTIGATE FURTHER,P1,metadata/0473-insights--naturalisation--to-do-this-it-is-possible-to-register-your-birth-at-any-time-at-a-braz.html,schema/0473-insights--naturalisation--to-do-this-it-is-possible-to-register-your-birth-at-any-time-at-a-braz.json,REQUIRED,NOT APPLIED
https://immigratetobrazil.com/insights/naturalisation/to-formalise-this-status-their-birth-can-be-registered-at-any-time-at/,pages/0474-insights--naturalisation--to-formalise-this-status-their-birth-can-be-registered-at-any-time-at.md,SOURCE REVIEW REQUIRED — no publication-ready rewrite,INVESTIGATE FURTHER,P1,metadata/0474-insights--naturalisation--to-formalise-this-status-their-birth-can-be-registered-at-any-time-at.html,schema/0474-insights--naturalisation--to-formalise-this-status-their-birth-can-be-registered-at-any-time-at.json,REQUIRED,NOT APPLIED
https://immigratetobrazil.com/insights/naturalisation/to-obtain-brazilian-citizenship-individuals-generally-must-meet-specif/,pages/0475-insights--naturalisation--to-obtain-brazilian-citizenship-individuals-generally-must-meet-specif.md,SOURCE REVIEW REQUIRED — no publication-ready rewrite,INVESTIGATE FURTHER,P1,metadata/0475-insights--naturalisation--to-obtain-brazilian-citizenship-individuals-generally-must-meet-specif.html,schema/0475-insights--naturalisation--to-obtain-brazilian-citizenship-individuals-generally-must-meet-specif.json,REQUIRED,NOT APPLIED
https://immigratetobrazil.com/insights/naturalisation/today-we-recognize-the-resilience-wisdom-and-diversity-of-indigenous-p/,pages/0476-insights--naturalisation--today-we-recognize-the-resilience-wisdom-and-diversity-of-indigenous-p.md,SOURCE REVIEW REQUIRED — no publication-ready rewrite,INVESTIGATE FURTHER,P1,metadata/0476-insights--naturalisation--today-we-recognize-the-resilience-wisdom-and-diversity-of-indigenous-p.html,schema/0476-insights--naturalisation--today-we-recognize-the-resilience-wisdom-and-diversity-of-indigenous-p.json,REQUIRED,NOT APPLIED
https://immigratetobrazil.com/insights/naturalisation/under-the-new-spanish-law-on-obtaining-citizenship-more-people-have-th/,pages/0477-insights--naturalisation--under-the-new-spanish-law-on-obtaining-citizenship-more-people-have-th.md,SOURCE REVIEW REQUIRED — no publication-ready rewrite,INVESTIGATE FURTHER,P1,metadata/0477-insights--naturalisation--under-the-new-spanish-law-on-obtaining-citizenship-more-people-have-th.html,schema/0477-insights--naturalisation--under-the-new-spanish-law-on-obtaining-citizenship-more-people-have-th.json,REQUIRED,NOT APPLIED
https://immigratetobrazil.com/insights/naturalisation/us-imposes-new-visa-restrictions-on-12-countries-since-june-9-2025-an/,pages/0478-insights--naturalisation--us-imposes-new-visa-restrictions-on-12-countries-since-june-9-2025-an.md,SOURCE REVIEW REQUIRED — no publication-ready rewrite,INVESTIGATE FURTHER,P1,metadata/0478-insights--naturalisation--us-imposes-new-visa-restrictions-on-12-countries-since-june-9-2025-an.html,schema/0478-insights--naturalisation--us-imposes-new-visa-restrictions-on-12-countries-since-june-9-2025-an.json,REQUIRED,NOT APPLIED
https://immigratetobrazil.com/insights/naturalisation/we-celebrate-the-achievements-of-women-around-the-world-and-reaffirm-t/,pages/0479-insights--naturalisation--we-celebrate-the-achievements-of-women-around-the-world-and-reaffirm-t.md,SOURCE REVIEW REQUIRED — no publication-ready rewrite,INVESTIGATE FURTHER,P1,metadata/0479-insights--naturalisation--we-celebrate-the-achievements-of-women-around-the-world-and-reaffirm-t.html,schema/0479-insights--naturalisation--we-celebrate-the-achievements-of-women-around-the-world-and-reaffirm-t.json,REQUIRED,NOT APPLIED
https://immigratetobrazil.com/insights/naturalisation/whether-you-re-travelling-to-brazil-for-a-short-stay-or-planning-a-lon/,pages/0480-insights--naturalisation--whether-you-re-travelling-to-brazil-for-a-short-stay-or-planning-a-lon.md,SOURCE REVIEW REQUIRED — no publication-ready rewrite,INVESTIGATE FURTHER,P1,metadata/0480-insights--naturalisation--whether-you-re-travelling-to-brazil-for-a-short-stay-or-planning-a-lon.html,schema/0480-insights--naturalisation--whether-you-re-travelling-to-brazil-for-a-short-stay-or-planning-a-lon.json,REQUIRED,NOT APPLIED
https://immigratetobrazil.com/insights/naturalisation/why-contact-with-marine-animals-is-prohibited-in-tourist-areas-the-epi/,pages/0481-insights--naturalisation--why-contact-with-marine-animals-is-prohibited-in-tourist-areas-the-epi.md,SOURCE REVIEW REQUIRED — no publication-ready rewrite,INVESTIGATE FURTHER,P1,metadata/0481-insights--naturalisation--why-contact-with-marine-animals-is-prohibited-in-tourist-areas-the-epi.html,schema/0481-insights--naturalisation--why-contact-with-marine-animals-is-prohibited-in-tourist-areas-the-epi.json,REQUIRED,NOT APPLIED
https://immigratetobrazil.com/insights/naturalisation/with-the-democratic-memory-law-in-force-now-the-adult-grandchildren-of/,pages/0482-insights--naturalisation--with-the-democratic-memory-law-in-force-now-the-adult-grandchildren-of.md,SOURCE REVIEW REQUIRED — no publication-ready rewrite,INVESTIGATE FURTHER,P1,metadata/0482-insights--naturalisation--with-the-democratic-memory-law-in-force-now-the-adult-grandchildren-of.html,schema/0482-insights--naturalisation--with-the-democratic-memory-law-in-force-now-the-adult-grandchildren-of.json,REQUIRED,NOT APPLIED
https://immigratetobrazil.com/insights/naturalisation/work-in-finland-an-initiative-supported-by-the-finnish-government-netw/,pages/0483-insights--naturalisation--work-in-finland-an-initiative-supported-by-the-finnish-government-netw.md,SOURCE REVIEW REQUIRED — no publication-ready rewrite,INVESTIGATE FURTHER,P1,metadata/0483-insights--naturalisation--work-in-finland-an-initiative-supported-by-the-finnish-government-netw.html,schema/0483-insights--naturalisation--work-in-finland-an-initiative-supported-by-the-finnish-government-netw.json,REQUIRED,NOT APPLIED
https://immigratetobrazil.com/insights/process/,pages/0484-insights--process.md,DRAFT — editorial review required,OPTIMIZE,P2,metadata/0484-insights--process.html,schema/0484-insights--process.json,CHECK EXISTING CLAIMS,NOT APPLIED
https://immigratetobrazil.com/insights/process/airports-are-busy-places-it-is-important-to-always-be-aware/,pages/0485-insights--process--airports-are-busy-places-it-is-important-to-always-be-aware.md,SOURCE REVIEW REQUIRED — no publication-ready rewrite,INVESTIGATE FURTHER,P1,metadata/0485-insights--process--airports-are-busy-places-it-is-important-to-always-be-aware.html,schema/0485-insights--process--airports-are-busy-places-it-is-important-to-always-be-aware.json,REQUIRED,NOT APPLIED
https://immigratetobrazil.com/insights/process/all-passengers-have-the-right-to-take-their-hand-luggage-and-personal/,pages/0486-insights--process--all-passengers-have-the-right-to-take-their-hand-luggage-and-personal.md,SOURCE REVIEW REQUIRED — no publication-ready rewrite,INVESTIGATE FURTHER,P1,metadata/0486-insights--process--all-passengers-have-the-right-to-take-their-hand-luggage-and-personal.html,schema/0486-insights--process--all-passengers-have-the-right-to-take-their-hand-luggage-and-personal.json,REQUIRED,NOT APPLIED
https://immigratetobrazil.com/insights/process/an-honorary-consulate-is-a-voluntary-diplomatic-representation-of-a-co/,pages/0487-insights--process--an-honorary-consulate-is-a-voluntary-diplomatic-representation-of-a-co.md,SOURCE REVIEW REQUIRED — no publication-ready rewrite,INVESTIGATE FURTHER,P1,metadata/0487-insights--process--an-honorary-consulate-is-a-voluntary-diplomatic-representation-of-a-co.html,schema/0487-insights--process--an-honorary-consulate-is-a-voluntary-diplomatic-representation-of-a-co.json,REQUIRED,NOT APPLIED
https://immigratetobrazil.com/insights/process/appealing-a-traffic-fine-is-your-right/,pages/0488-insights--process--appealing-a-traffic-fine-is-your-right.md,SOURCE REVIEW REQUIRED — no publication-ready rewrite,INVESTIGATE FURTHER,P1,metadata/0488-insights--process--appealing-a-traffic-fine-is-your-right.html,schema/0488-insights--process--appealing-a-traffic-fine-is-your-right.json,REQUIRED,NOT APPLIED
https://immigratetobrazil.com/insights/process/bulgaria-and-romania-will-partially-join-the-european-union-s-schengen/,pages/0489-insights--process--bulgaria-and-romania-will-partially-join-the-european-union-s-schengen.md,SOURCE REVIEW REQUIRED — no publication-ready rewrite,INVESTIGATE FURTHER,P1,metadata/0489-insights--process--bulgaria-and-romania-will-partially-join-the-european-union-s-schengen.html,schema/0489-insights--process--bulgaria-and-romania-will-partially-join-the-european-union-s-schengen.json,REQUIRED,NOT APPLIED
https://immigratetobrazil.com/insights/process/deportation-as-defined-by-brazilian-legislation-is-an-administrative-p/,pages/0490-insights--process--deportation-as-defined-by-brazilian-legislation-is-an-administrative-p.md,SOURCE REVIEW REQUIRED — no publication-ready rewrite,INVESTIGATE FURTHER,P1,metadata/0490-insights--process--deportation-as-defined-by-brazilian-legislation-is-an-administrative-p.html,schema/0490-insights--process--deportation-as-defined-by-brazilian-legislation-is-an-administrative-p.json,REQUIRED,NOT APPLIED
https://immigratetobrazil.com/insights/process/deportation-is-a-measure-provided-for-by-law-for-the-compulsory-remova/,pages/0491-insights--process--deportation-is-a-measure-provided-for-by-law-for-the-compulsory-remova.md,SOURCE REVIEW REQUIRED — no publication-ready rewrite,INVESTIGATE FURTHER,P1,metadata/0491-insights--process--deportation-is-a-measure-provided-for-by-law-for-the-compulsory-remova.html,schema/0491-insights--process--deportation-is-a-measure-provided-for-by-law-for-the-compulsory-remova.json,REQUIRED,NOT APPLIED
https://immigratetobrazil.com/insights/process/each-federal-police-immigration-service-point-has-a-different-procedur/,pages/0492-insights--process--each-federal-police-immigration-service-point-has-a-different-procedur.md,SOURCE REVIEW REQUIRED — no publication-ready rewrite,INVESTIGATE FURTHER,P1,metadata/0492-insights--process--each-federal-police-immigration-service-point-has-a-different-procedur.html,schema/0492-insights--process--each-federal-police-immigration-service-point-has-a-different-procedur.json,REQUIRED,NOT APPLIED
https://immigratetobrazil.com/insights/process/for-biological-children-and-minor-adopted-children-of-italian-citizens/,pages/0493-insights--process--for-biological-children-and-minor-adopted-children-of-italian-citizens.md,SOURCE REVIEW REQUIRED — no publication-ready rewrite,INVESTIGATE FURTHER,P1,metadata/0493-insights--process--for-biological-children-and-minor-adopted-children-of-italian-citizens.html,schema/0493-insights--process--for-biological-children-and-minor-adopted-children-of-italian-citizens.json,REQUIRED,NOT APPLIED
https://immigratetobrazil.com/insights/process/if-you-are-getting-married-to-a-brazilian-person-and-need-a-document-s/,pages/0494-insights--process--if-you-are-getting-married-to-a-brazilian-person-and-need-a-document-s.md,SOURCE REVIEW REQUIRED — no publication-ready rewrite,INVESTIGATE FURTHER,P1,metadata/0494-insights--process--if-you-are-getting-married-to-a-brazilian-person-and-need-a-document-s.html,schema/0494-insights--process--if-you-are-getting-married-to-a-brazilian-person-and-need-a-document-s.json,REQUIRED,NOT APPLIED
https://immigratetobrazil.com/insights/process/it-doesn-t-matter-where-the-bill-or-billing-is-from/,pages/0495-insights--process--it-doesn-t-matter-where-the-bill-or-billing-is-from.md,SOURCE REVIEW REQUIRED — no publication-ready rewrite,INVESTIGATE FURTHER,P1,metadata/0495-insights--process--it-doesn-t-matter-where-the-bill-or-billing-is-from.html,schema/0495-insights--process--it-doesn-t-matter-where-the-bill-or-billing-is-from.json,REQUIRED,NOT APPLIED
https://immigratetobrazil.com/insights/process/it-was-established-by-the-un-to-promote-equality-respect-for-human-rig/,pages/0496-insights--process--it-was-established-by-the-un-to-promote-equality-respect-for-human-rig.md,SOURCE REVIEW REQUIRED — no publication-ready rewrite,INVESTIGATE FURTHER,P1,metadata/0496-insights--process--it-was-established-by-the-un-to-promote-equality-respect-for-human-rig.html,schema/0496-insights--process--it-was-established-by-the-un-to-promote-equality-respect-for-human-rig.json,REQUIRED,NOT APPLIED
https://immigratetobrazil.com/insights/process/technically-yes-but-its-not-advisable/,pages/0497-insights--process--technically-yes-but-its-not-advisable.md,SOURCE REVIEW REQUIRED — no publication-ready rewrite,INVESTIGATE FURTHER,P1,metadata/0497-insights--process--technically-yes-but-its-not-advisable.html,schema/0497-insights--process--technically-yes-but-its-not-advisable.json,REQUIRED,NOT APPLIED
https://immigratetobrazil.com/insights/process/the-consular-declaration-of-civil-status-is-a-document-issued-by-the-c/,pages/0498-insights--process--the-consular-declaration-of-civil-status-is-a-document-issued-by-the-c.md,SOURCE REVIEW REQUIRED — no publication-ready rewrite,INVESTIGATE FURTHER,P1,metadata/0498-insights--process--the-consular-declaration-of-civil-status-is-a-document-issued-by-the-c.html,schema/0498-insights--process--the-consular-declaration-of-civil-status-is-a-document-issued-by-the-c.json,REQUIRED,NOT APPLIED
https://immigratetobrazil.com/insights/process/the-expulsion-of-a-foreigner-is-an-extreme-measure-and-can-only-occur/,pages/0499-insights--process--the-expulsion-of-a-foreigner-is-an-extreme-measure-and-can-only-occur.md,SOURCE REVIEW REQUIRED — no publication-ready rewrite,INVESTIGATE FURTHER,P1,metadata/0499-insights--process--the-expulsion-of-a-foreigner-is-an-extreme-measure-and-can-only-occur.html,schema/0499-insights--process--the-expulsion-of-a-foreigner-is-an-extreme-measure-and-can-only-occur.json,REQUIRED,NOT APPLIED
https://immigratetobrazil.com/insights/process/the-right-to-come-and-go-is-provided-for-in-the-federal-constitution-f/,pages/0500-insights--process--the-right-to-come-and-go-is-provided-for-in-the-federal-constitution-f.md,SOURCE REVIEW REQUIRED — no publication-ready rewrite,INVESTIGATE FURTHER,P1,metadata/0500-insights--process--the-right-to-come-and-go-is-provided-for-in-the-federal-constitution-f.html,schema/0500-insights--process--the-right-to-come-and-go-is-provided-for-in-the-federal-constitution-f.json,REQUIRED,NOT APPLIED
https://immigratetobrazil.com/insights/process/the-text-of-the-brazil-uruguay-convention-for-the-elimination-of-doubl/,pages/0501-insights--process--the-text-of-the-brazil-uruguay-convention-for-the-elimination-of-doubl.md,SOURCE REVIEW REQUIRED — no publication-ready rewrite,INVESTIGATE FURTHER,P1,metadata/0501-insights--process--the-text-of-the-brazil-uruguay-convention-for-the-elimination-of-doubl.html,schema/0501-insights--process--the-text-of-the-brazil-uruguay-convention-for-the-elimination-of-doubl.json,REQUIRED,NOT APPLIED
https://immigratetobrazil.com/insights/process/the-transformation-of-the-italian-consulate-in-belo-horizonte-to-consu/,pages/0502-insights--process--the-transformation-of-the-italian-consulate-in-belo-horizonte-to-consu.md,SOURCE REVIEW REQUIRED — no publication-ready rewrite,INVESTIGATE FURTHER,P1,metadata/0502-insights--process--the-transformation-of-the-italian-consulate-in-belo-horizonte-to-consu.html,schema/0502-insights--process--the-transformation-of-the-italian-consulate-in-belo-horizonte-to-consu.json,REQUIRED,NOT APPLIED
https://immigratetobrazil.com/insights/process/this-is-an-illegal-extremely-dangerous-practice-that-can-have-serious/,pages/0503-insights--process--this-is-an-illegal-extremely-dangerous-practice-that-can-have-serious.md,SOURCE REVIEW REQUIRED — no publication-ready rewrite,INVESTIGATE FURTHER,P1,metadata/0503-insights--process--this-is-an-illegal-extremely-dangerous-practice-that-can-have-serious.html,schema/0503-insights--process--this-is-an-illegal-extremely-dangerous-practice-that-can-have-serious.json,REQUIRED,NOT APPLIED
https://immigratetobrazil.com/insights/process/yes-brazilian-law-protects-passengers-much-more-than-other-countries/,pages/0504-insights--process--yes-brazilian-law-protects-passengers-much-more-than-other-countries.md,SOURCE REVIEW REQUIRED — no publication-ready rewrite,INVESTIGATE FURTHER,P1,metadata/0504-insights--process--yes-brazilian-law-protects-passengers-much-more-than-other-countries.html,schema/0504-insights--process--yes-brazilian-law-protects-passengers-much-more-than-other-countries.json,REQUIRED,NOT APPLIED
https://immigratetobrazil.com/insights/process/you-should-request-for-your-brazilian-id-to-be-renewed-at-least-90-day/,pages/0505-insights--process--you-should-request-for-your-brazilian-id-to-be-renewed-at-least-90-day.md,SOURCE REVIEW REQUIRED — no publication-ready rewrite,INVESTIGATE FURTHER,P1,metadata/0505-insights--process--you-should-request-for-your-brazilian-id-to-be-renewed-at-least-90-day.html,schema/0505-insights--process--you-should-request-for-your-brazilian-id-to-be-renewed-at-least-90-day.json,REQUIRED,NOT APPLIED
https://immigratetobrazil.com/insights/residency/,pages/0506-insights--residency.md,DRAFT — editorial review required,OPTIMIZE,P2,metadata/0506-insights--residency.html,schema/0506-insights--residency.json,CHECK EXISTING CLAIMS,NOT APPLIED
https://immigratetobrazil.com/insights/residency/a-stable-union-formed-abroad-can-be-recognized-in-brazil-through-regis/,pages/0507-insights--residency--a-stable-union-formed-abroad-can-be-recognized-in-brazil-through-regis.md,SOURCE REVIEW REQUIRED — no publication-ready rewrite,INVESTIGATE FURTHER,P1,metadata/0507-insights--residency--a-stable-union-formed-abroad-can-be-recognized-in-brazil-through-regis.html,schema/0507-insights--residency--a-stable-union-formed-abroad-can-be-recognized-in-brazil-through-regis.json,REQUIRED,NOT APPLIED
https://immigratetobrazil.com/insights/residency/brazilian-immigration-legislation-reflects-the-country-s-commitment-to/,pages/0508-insights--residency--brazilian-immigration-legislation-reflects-the-country-s-commitment-to.md,SOURCE REVIEW REQUIRED — no publication-ready rewrite,INVESTIGATE FURTHER,P1,metadata/0508-insights--residency--brazilian-immigration-legislation-reflects-the-country-s-commitment-to.html,schema/0508-insights--residency--brazilian-immigration-legislation-reflects-the-country-s-commitment-to.json,REQUIRED,NOT APPLIED
https://immigratetobrazil.com/insights/residency/firstly-you-will-need-to-register-at-the-brazilian-consulate-or-embass/,pages/0509-insights--residency--firstly-you-will-need-to-register-at-the-brazilian-consulate-or-embass.md,SOURCE REVIEW REQUIRED — no publication-ready rewrite,INVESTIGATE FURTHER,P1,metadata/0509-insights--residency--firstly-you-will-need-to-register-at-the-brazilian-consulate-or-embass.html,schema/0509-insights--residency--firstly-you-will-need-to-register-at-the-brazilian-consulate-or-embass.json,REQUIRED,NOT APPLIED
https://immigratetobrazil.com/insights/residency/for-those-who-still-cannot-marry-in-their-home-countries-because-of-di/,pages/0510-insights--residency--for-those-who-still-cannot-marry-in-their-home-countries-because-of-di.md,SOURCE REVIEW REQUIRED — no publication-ready rewrite,INVESTIGATE FURTHER,P1,metadata/0510-insights--residency--for-those-who-still-cannot-marry-in-their-home-countries-because-of-di.html,schema/0510-insights--residency--for-those-who-still-cannot-marry-in-their-home-countries-because-of-di.json,REQUIRED,NOT APPLIED
https://immigratetobrazil.com/insights/residency/i-have-a-brazilian-residence-permit-and-i-want-to-move-to-another-regi/,pages/0511-insights--residency--i-have-a-brazilian-residence-permit-and-i-want-to-move-to-another-regi.md,SOURCE REVIEW REQUIRED — no publication-ready rewrite,INVESTIGATE FURTHER,P1,metadata/0511-insights--residency--i-have-a-brazilian-residence-permit-and-i-want-to-move-to-another-regi.html,schema/0511-insights--residency--i-have-a-brazilian-residence-permit-and-i-want-to-move-to-another-regi.json,REQUIRED,NOT APPLIED
https://immigratetobrazil.com/insights/residency/if-the-person-has-a-residence-permit-in-brazil-it-is-important-to-obse/,pages/0512-insights--residency--if-the-person-has-a-residence-permit-in-brazil-it-is-important-to-obse.md,SOURCE REVIEW REQUIRED — no publication-ready rewrite,INVESTIGATE FURTHER,P1,metadata/0512-insights--residency--if-the-person-has-a-residence-permit-in-brazil-it-is-important-to-obse.html,schema/0512-insights--residency--if-the-person-has-a-residence-permit-in-brazil-it-is-important-to-obse.json,REQUIRED,NOT APPLIED
https://immigratetobrazil.com/insights/residency/if-the-person-holds-a-brazilian-residence-permit-it-s-important-to-obs/,pages/0513-insights--residency--if-the-person-holds-a-brazilian-residence-permit-it-s-important-to-obs.md,SOURCE REVIEW REQUIRED — no publication-ready rewrite,INVESTIGATE FURTHER,P1,metadata/0513-insights--residency--if-the-person-holds-a-brazilian-residence-permit-it-s-important-to-obs.html,schema/0513-insights--residency--if-the-person-holds-a-brazilian-residence-permit-it-s-important-to-obs.json,REQUIRED,NOT APPLIED
https://immigratetobrazil.com/insights/residency/if-you-have-chosen-brazil-as-your-new-place-of-residency-and-are-inqui/,pages/0514-insights--residency--if-you-have-chosen-brazil-as-your-new-place-of-residency-and-are-inqui.md,SOURCE REVIEW REQUIRED — no publication-ready rewrite,INVESTIGATE FURTHER,P1,metadata/0514-insights--residency--if-you-have-chosen-brazil-as-your-new-place-of-residency-and-are-inqui.html,schema/0514-insights--residency--if-you-have-chosen-brazil-as-your-new-place-of-residency-and-are-inqui.json,REQUIRED,NOT APPLIED
https://immigratetobrazil.com/insights/residency/if-you-need-to-stay-outside-of-portugal-for-a-longer-period-than-requi/,pages/0515-insights--residency--if-you-need-to-stay-outside-of-portugal-for-a-longer-period-than-requi.md,SOURCE REVIEW REQUIRED — no publication-ready rewrite,INVESTIGATE FURTHER,P1,metadata/0515-insights--residency--if-you-need-to-stay-outside-of-portugal-for-a-longer-period-than-requi.html,schema/0515-insights--residency--if-you-need-to-stay-outside-of-portugal-for-a-longer-period-than-requi.json,REQUIRED,NOT APPLIED
https://immigratetobrazil.com/insights/residency/in-brazil-the-national-migration-registry-rnm-is-the-registry-of-immig/,pages/0516-insights--residency--in-brazil-the-national-migration-registry-rnm-is-the-registry-of-immig.md,SOURCE REVIEW REQUIRED — no publication-ready rewrite,INVESTIGATE FURTHER,P1,metadata/0516-insights--residency--in-brazil-the-national-migration-registry-rnm-is-the-registry-of-immig.html,schema/0516-insights--residency--in-brazil-the-national-migration-registry-rnm-is-the-registry-of-immig.json,REQUIRED,NOT APPLIED
https://immigratetobrazil.com/insights/residency/in-brazil-the-registro-nacional-de-migrante-rnm-is-the-registration-of/,pages/0517-insights--residency--in-brazil-the-registro-nacional-de-migrante-rnm-is-the-registration-of.md,SOURCE REVIEW REQUIRED — no publication-ready rewrite,INVESTIGATE FURTHER,P1,metadata/0517-insights--residency--in-brazil-the-registro-nacional-de-migrante-rnm-is-the-registration-of.html,schema/0517-insights--residency--in-brazil-the-registro-nacional-de-migrante-rnm-is-the-registration-of.json,REQUIRED,NOT APPLIED
https://immigratetobrazil.com/insights/residency/in-temporary-residence-you-can-only-be-absent-for-less-than-6-consecut/,pages/0518-insights--residency--in-temporary-residence-you-can-only-be-absent-for-less-than-6-consecut.md,SOURCE REVIEW REQUIRED — no publication-ready rewrite,INVESTIGATE FURTHER,P1,metadata/0518-insights--residency--in-temporary-residence-you-can-only-be-absent-for-less-than-6-consecut.html,schema/0518-insights--residency--in-temporary-residence-you-can-only-be-absent-for-less-than-6-consecut.json,REQUIRED,NOT APPLIED
https://immigratetobrazil.com/insights/residency/in-the-context-of-a-profound-political-economic-and-institutional-cris/,pages/0519-insights--residency--in-the-context-of-a-profound-political-economic-and-institutional-cris.md,SOURCE REVIEW REQUIRED — no publication-ready rewrite,INVESTIGATE FURTHER,P1,metadata/0519-insights--residency--in-the-context-of-a-profound-political-economic-and-institutional-cris.html,schema/0519-insights--residency--in-the-context-of-a-profound-political-economic-and-institutional-cris.json,REQUIRED,NOT APPLIED
https://immigratetobrazil.com/insights/residency/it-is-important-to-note-that-one-of-the-legal-prerequisites-for-obtain/,pages/0520-insights--residency--it-is-important-to-note-that-one-of-the-legal-prerequisites-for-obtain.md,SOURCE REVIEW REQUIRED — no publication-ready rewrite,INVESTIGATE FURTHER,P1,metadata/0520-insights--residency--it-is-important-to-note-that-one-of-the-legal-prerequisites-for-obtain.html,schema/0520-insights--residency--it-is-important-to-note-that-one-of-the-legal-prerequisites-for-obtain.json,REQUIRED,NOT APPLIED
https://immigratetobrazil.com/insights/residency/it-s-crucial-to-note-that-one-of-the-legal-prerequisites-for-obtaining/,pages/0521-insights--residency--it-s-crucial-to-note-that-one-of-the-legal-prerequisites-for-obtaining.md,SOURCE REVIEW REQUIRED — no publication-ready rewrite,INVESTIGATE FURTHER,P1,metadata/0521-insights--residency--it-s-crucial-to-note-that-one-of-the-legal-prerequisites-for-obtaining.html,schema/0521-insights--residency--it-s-crucial-to-note-that-one-of-the-legal-prerequisites-for-obtaining.json,REQUIRED,NOT APPLIED
https://immigratetobrazil.com/insights/residency/loss-of-residence-permit-may-occur-due-to-prolonged-absence-or-failure/,pages/0522-insights--residency--loss-of-residence-permit-may-occur-due-to-prolonged-absence-or-failure.md,SOURCE REVIEW REQUIRED — no publication-ready rewrite,INVESTIGATE FURTHER,P1,metadata/0522-insights--residency--loss-of-residence-permit-may-occur-due-to-prolonged-absence-or-failure.html,schema/0522-insights--residency--loss-of-residence-permit-may-occur-due-to-prolonged-absence-or-failure.json,REQUIRED,NOT APPLIED
https://immigratetobrazil.com/insights/residency/not-right-away-the-law-determines-the-exact-time-a-resident-can-stay-o/,pages/0523-insights--residency--not-right-away-the-law-determines-the-exact-time-a-resident-can-stay-o.md,SOURCE REVIEW REQUIRED — no publication-ready rewrite,INVESTIGATE FURTHER,P1,metadata/0523-insights--residency--not-right-away-the-law-determines-the-exact-time-a-resident-can-stay-o.html,schema/0523-insights--residency--not-right-away-the-law-determines-the-exact-time-a-resident-can-stay-o.json,REQUIRED,NOT APPLIED
https://immigratetobrazil.com/insights/residency/popularly-it-is-understood-that-an-immigrant-is-a-person-who-migrates/,pages/0524-insights--residency--popularly-it-is-understood-that-an-immigrant-is-a-person-who-migrates.md,SOURCE REVIEW REQUIRED — no publication-ready rewrite,INVESTIGATE FURTHER,P1,metadata/0524-insights--residency--popularly-it-is-understood-that-an-immigrant-is-a-person-who-migrates.html,schema/0524-insights--residency--popularly-it-is-understood-that-an-immigrant-is-a-person-who-migrates.json,REQUIRED,NOT APPLIED
https://immigratetobrazil.com/insights/residency/renewal-of-the-brazilian-residence-permit-applies-to-those-who-have-a/,pages/0525-insights--residency--renewal-of-the-brazilian-residence-permit-applies-to-those-who-have-a.md,SOURCE REVIEW REQUIRED — no publication-ready rewrite,INVESTIGATE FURTHER,P1,metadata/0525-insights--residency--renewal-of-the-brazilian-residence-permit-applies-to-those-who-have-a.html,schema/0525-insights--residency--renewal-of-the-brazilian-residence-permit-applies-to-those-who-have-a.json,REQUIRED,NOT APPLIED
https://immigratetobrazil.com/insights/residency/residence-permit-in-brazil-due-to-the-mercosur-agreement-this-residenc/,pages/0526-insights--residency--residence-permit-in-brazil-due-to-the-mercosur-agreement-this-residenc.md,SOURCE REVIEW REQUIRED — no publication-ready rewrite,INVESTIGATE FURTHER,P1,metadata/0526-insights--residency--residence-permit-in-brazil-due-to-the-mercosur-agreement-this-residenc.html,schema/0526-insights--residency--residence-permit-in-brazil-due-to-the-mercosur-agreement-this-residenc.json,REQUIRED,NOT APPLIED
https://immigratetobrazil.com/insights/residency/strict-entry-requirements-the-legislation-introduced-specific-entry-re/,pages/0527-insights--residency--strict-entry-requirements-the-legislation-introduced-specific-entry-re.md,SOURCE REVIEW REQUIRED — no publication-ready rewrite,INVESTIGATE FURTHER,P1,metadata/0527-insights--residency--strict-entry-requirements-the-legislation-introduced-specific-entry-re.html,schema/0527-insights--residency--strict-entry-requirements-the-legislation-introduced-specific-entry-re.json,REQUIRED,NOT APPLIED
https://immigratetobrazil.com/insights/residency/the-agreement-between-brazil-and-uruguay-deals-with-permanent-residenc/,pages/0528-insights--residency--the-agreement-between-brazil-and-uruguay-deals-with-permanent-residenc.md,SOURCE REVIEW REQUIRED — no publication-ready rewrite,INVESTIGATE FURTHER,P1,metadata/0528-insights--residency--the-agreement-between-brazil-and-uruguay-deals-with-permanent-residenc.html,schema/0528-insights--residency--the-agreement-between-brazil-and-uruguay-deals-with-permanent-residenc.json,REQUIRED,NOT APPLIED
https://immigratetobrazil.com/insights/residency/the-loss-of-a-residence-permit-can-occur-due-to-prolonged-absence-or-f/,pages/0529-insights--residency--the-loss-of-a-residence-permit-can-occur-due-to-prolonged-absence-or-f.md,SOURCE REVIEW REQUIRED — no publication-ready rewrite,INVESTIGATE FURTHER,P1,metadata/0529-insights--residency--the-loss-of-a-residence-permit-can-occur-due-to-prolonged-absence-or-f.html,schema/0529-insights--residency--the-loss-of-a-residence-permit-can-occur-due-to-prolonged-absence-or-f.json,REQUIRED,NOT APPLIED
https://immigratetobrazil.com/insights/residency/the-person-applying-for-a-residence-permit-to-live-in-brazil-will-also/,pages/0530-insights--residency--the-person-applying-for-a-residence-permit-to-live-in-brazil-will-also.md,SOURCE REVIEW REQUIRED — no publication-ready rewrite,INVESTIGATE FURTHER,P1,metadata/0530-insights--residency--the-person-applying-for-a-residence-permit-to-live-in-brazil-will-also.html,schema/0530-insights--residency--the-person-applying-for-a-residence-permit-to-live-in-brazil-will-also.json,REQUIRED,NOT APPLIED
https://immigratetobrazil.com/insights/residency/the-person-who-will-apply-for-a-residence-permit-to-live-in-brazil-wil/,pages/0531-insights--residency--the-person-who-will-apply-for-a-residence-permit-to-live-in-brazil-wil.md,SOURCE REVIEW REQUIRED — no publication-ready rewrite,INVESTIGATE FURTHER,P1,metadata/0531-insights--residency--the-person-who-will-apply-for-a-residence-permit-to-live-in-brazil-wil.html,schema/0531-insights--residency--the-person-who-will-apply-for-a-residence-permit-to-live-in-brazil-wil.json,REQUIRED,NOT APPLIED
https://immigratetobrazil.com/insights/residency/the-renewal-of-brazilian-residency-permit-applies-to-those-holding-a-t/,pages/0532-insights--residency--the-renewal-of-brazilian-residency-permit-applies-to-those-holding-a-t.md,SOURCE REVIEW REQUIRED — no publication-ready rewrite,INVESTIGATE FURTHER,P1,metadata/0532-insights--residency--the-renewal-of-brazilian-residency-permit-applies-to-those-holding-a-t.html,schema/0532-insights--residency--the-renewal-of-brazilian-residency-permit-applies-to-those-holding-a-t.json,REQUIRED,NOT APPLIED
https://immigratetobrazil.com/insights/residency/the-request-for-reconsideration-when-a-request-for-a-residence-permit/,pages/0533-insights--residency--the-request-for-reconsideration-when-a-request-for-a-residence-permit.md,SOURCE REVIEW REQUIRED — no publication-ready rewrite,INVESTIGATE FURTHER,P1,metadata/0533-insights--residency--the-request-for-reconsideration-when-a-request-for-a-residence-permit.html,schema/0533-insights--residency--the-request-for-reconsideration-when-a-request-for-a-residence-permit.json,REQUIRED,NOT APPLIED
https://immigratetobrazil.com/insights/residency/upon-your-return-to-brazil-the-legal-process-for-revoking-your-residen/,pages/0534-insights--residency--upon-your-return-to-brazil-the-legal-process-for-revoking-your-residen.md,SOURCE REVIEW REQUIRED — no publication-ready rewrite,INVESTIGATE FURTHER,P1,metadata/0534-insights--residency--upon-your-return-to-brazil-the-legal-process-for-revoking-your-residen.html,schema/0534-insights--residency--upon-your-return-to-brazil-the-legal-process-for-revoking-your-residen.json,REQUIRED,NOT APPLIED
https://immigratetobrazil.com/insights/updates/,pages/0535-insights--updates.md,DRAFT — editorial review required,OPTIMIZE,P2,metadata/0535-insights--updates.html,schema/0535-insights--updates.json,CHECK EXISTING CLAIMS,NOT APPLIED
https://immigratetobrazil.com/insights/updates/2026-03-09-as-of-the-end-of-july-2024-the-ministry-of-justice-and-public-security/,pages/0536-insights--updates--2026-03-09-as-of-the-end-of-july-2024-the-ministry-of-justice-and-public-security.md,SOURCE REVIEW REQUIRED — no publication-ready rewrite,INVESTIGATE FURTHER,P1,metadata/0536-insights--updates--2026-03-09-as-of-the-end-of-july-2024-the-ministry-of-justice-and-public-security.html,schema/0536-insights--updates--2026-03-09-as-of-the-end-of-july-2024-the-ministry-of-justice-and-public-security.json,REQUIRED,NOT APPLIED
https://immigratetobrazil.com/insights/updates/2026-03-09-at-the-beginning-of-the-week-fake-prints-of-a-conversation-between-jes/,pages/0537-insights--updates--2026-03-09-at-the-beginning-of-the-week-fake-prints-of-a-conversation-between-jes.md,SOURCE REVIEW REQUIRED — no publication-ready rewrite,INVESTIGATE FURTHER,P1,metadata/0537-insights--updates--2026-03-09-at-the-beginning-of-the-week-fake-prints-of-a-conversation-between-jes.html,schema/0537-insights--updates--2026-03-09-at-the-beginning-of-the-week-fake-prints-of-a-conversation-between-jes.json,REQUIRED,NOT APPLIED
https://immigratetobrazil.com/insights/updates/2026-03-09-autism-awareness-month-5-rights-of-autistic-people-people-with-autism/,pages/0538-insights--updates--2026-03-09-autism-awareness-month-5-rights-of-autistic-people-people-with-autism.md,SOURCE REVIEW REQUIRED — no publication-ready rewrite,INVESTIGATE FURTHER,P1,metadata/0538-insights--updates--2026-03-09-autism-awareness-month-5-rights-of-autistic-people-people-with-autism.html,schema/0538-insights--updates--2026-03-09-autism-awareness-month-5-rights-of-autistic-people-people-with-autism.json,REQUIRED,NOT APPLIED
https://immigratetobrazil.com/insights/updates/2026-03-09-brazil-is-adjusting-its-rules-for-the-entry-of-transit-passengers-with/,pages/0539-insights--updates--2026-03-09-brazil-is-adjusting-its-rules-for-the-entry-of-transit-passengers-with.md,SOURCE REVIEW REQUIRED — no publication-ready rewrite,INVESTIGATE FURTHER,P1,metadata/0539-insights--updates--2026-03-09-brazil-is-adjusting-its-rules-for-the-entry-of-transit-passengers-with.html,schema/0539-insights--updates--2026-03-09-brazil-is-adjusting-its-rules-for-the-entry-of-transit-passengers-with.json,REQUIRED,NOT APPLIED
https://immigratetobrazil.com/insights/updates/2026-03-09-brazilian-legislation-regarding-the-air-transport-of-animals-is-still/,pages/0540-insights--updates--2026-03-09-brazilian-legislation-regarding-the-air-transport-of-animals-is-still.md,SOURCE REVIEW REQUIRED — no publication-ready rewrite,INVESTIGATE FURTHER,P1,metadata/0540-insights--updates--2026-03-09-brazilian-legislation-regarding-the-air-transport-of-animals-is-still.html,schema/0540-insights--updates--2026-03-09-brazilian-legislation-regarding-the-air-transport-of-animals-is-still.json,REQUIRED,NOT APPLIED
https://immigratetobrazil.com/insights/updates/2026-03-09-changes-to-latam-and-gol-baggage-rules-have-a-direct-impact-on-the-way/,pages/0541-insights--updates--2026-03-09-changes-to-latam-and-gol-baggage-rules-have-a-direct-impact-on-the-way.md,SOURCE REVIEW REQUIRED — no publication-ready rewrite,INVESTIGATE FURTHER,P1,metadata/0541-insights--updates--2026-03-09-changes-to-latam-and-gol-baggage-rules-have-a-direct-impact-on-the-way.html,schema/0541-insights--updates--2026-03-09-changes-to-latam-and-gol-baggage-rules-have-a-direct-impact-on-the-way.json,REQUIRED,NOT APPLIED
https://immigratetobrazil.com/insights/updates/2026-03-09-china-announced-the-launch-of-the-k-visa-aimed-especially-at-young-pro/,pages/0542-insights--updates--2026-03-09-china-announced-the-launch-of-the-k-visa-aimed-especially-at-young-pro.md,SOURCE REVIEW REQUIRED — no publication-ready rewrite,INVESTIGATE FURTHER,P1,metadata/0542-insights--updates--2026-03-09-china-announced-the-launch-of-the-k-visa-aimed-especially-at-young-pro.html,schema/0542-insights--updates--2026-03-09-china-announced-the-launch-of-the-k-visa-aimed-especially-at-young-pro.json,REQUIRED,NOT APPLIED
https://immigratetobrazil.com/insights/updates/2026-03-09-during-the-naturalization-process-the-applicant-will-be-called-for-a-p/,pages/0543-insights--updates--2026-03-09-during-the-naturalization-process-the-applicant-will-be-called-for-a-p.md,SOURCE REVIEW REQUIRED — no publication-ready rewrite,INVESTIGATE FURTHER,P1,metadata/0543-insights--updates--2026-03-09-during-the-naturalization-process-the-applicant-will-be-called-for-a-p.html,schema/0543-insights--updates--2026-03-09-during-the-naturalization-process-the-applicant-will-be-called-for-a-p.json,REQUIRED,NOT APPLIED
https://immigratetobrazil.com/insights/updates/2026-03-09-end-of-the-stamp-in-the-passport-when-traveling-to-europe-from-october/,pages/0544-insights--updates--2026-03-09-end-of-the-stamp-in-the-passport-when-traveling-to-europe-from-october.md,SOURCE REVIEW REQUIRED — no publication-ready rewrite,INVESTIGATE FURTHER,P1,metadata/0544-insights--updates--2026-03-09-end-of-the-stamp-in-the-passport-when-traveling-to-europe-from-october.html,schema/0544-insights--updates--2026-03-09-end-of-the-stamp-in-the-passport-when-traveling-to-europe-from-october.json,REQUIRED,NOT APPLIED
https://immigratetobrazil.com/insights/updates/2026-03-09-etias-an-electronic-authorization-similar-to-a-visa-will-be-required-f/,pages/0545-insights--updates--2026-03-09-etias-an-electronic-authorization-similar-to-a-visa-will-be-required-f.md,SOURCE REVIEW REQUIRED — no publication-ready rewrite,INVESTIGATE FURTHER,P1,metadata/0545-insights--updates--2026-03-09-etias-an-electronic-authorization-similar-to-a-visa-will-be-required-f.html,schema/0545-insights--updates--2026-03-09-etias-an-electronic-authorization-similar-to-a-visa-will-be-required-f.json,REQUIRED,NOT APPLIED
https://immigratetobrazil.com/insights/updates/2026-03-09-foreigners-may-apply-for-a-brazilian-passport-under-specific-circumsta/,pages/0546-insights--updates--2026-03-09-foreigners-may-apply-for-a-brazilian-passport-under-specific-circumsta.md,SOURCE REVIEW REQUIRED — no publication-ready rewrite,INVESTIGATE FURTHER,P1,metadata/0546-insights--updates--2026-03-09-foreigners-may-apply-for-a-brazilian-passport-under-specific-circumsta.html,schema/0546-insights--updates--2026-03-09-foreigners-may-apply-for-a-brazilian-passport-under-specific-circumsta.json,REQUIRED,NOT APPLIED
https://immigratetobrazil.com/insights/updates/2026-03-09-from-june-1-2025-brazilian-citizens-will-be-able-to-enter-china-withou/,pages/0547-insights--updates--2026-03-09-from-june-1-2025-brazilian-citizens-will-be-able-to-enter-china-withou.md,SOURCE REVIEW REQUIRED — no publication-ready rewrite,INVESTIGATE FURTHER,P1,metadata/0547-insights--updates--2026-03-09-from-june-1-2025-brazilian-citizens-will-be-able-to-enter-china-withou.html,schema/0547-insights--updates--2026-03-09-from-june-1-2025-brazilian-citizens-will-be-able-to-enter-china-withou.json,REQUIRED,NOT APPLIED
https://immigratetobrazil.com/insights/updates/2026-03-09-if-a-brazilian-citizen-dies-abroad-the-brazilian-government-does-not-c/,pages/0548-insights--updates--2026-03-09-if-a-brazilian-citizen-dies-abroad-the-brazilian-government-does-not-c.md,SOURCE REVIEW REQUIRED — no publication-ready rewrite,INVESTIGATE FURTHER,P1,metadata/0548-insights--updates--2026-03-09-if-a-brazilian-citizen-dies-abroad-the-brazilian-government-does-not-c.html,schema/0548-insights--updates--2026-03-09-if-a-brazilian-citizen-dies-abroad-the-brazilian-government-does-not-c.json,REQUIRED,NOT APPLIED
https://immigratetobrazil.com/insights/updates/2026-03-09-immigrants-when-attended-in-brazilian-public-services-should-be-treate/,pages/0549-insights--updates--2026-03-09-immigrants-when-attended-in-brazilian-public-services-should-be-treate.md,SOURCE REVIEW REQUIRED — no publication-ready rewrite,INVESTIGATE FURTHER,P1,metadata/0549-insights--updates--2026-03-09-immigrants-when-attended-in-brazilian-public-services-should-be-treate.html,schema/0549-insights--updates--2026-03-09-immigrants-when-attended-in-brazilian-public-services-should-be-treate.json,REQUIRED,NOT APPLIED
https://immigratetobrazil.com/insights/updates/2026-03-09-immigrants-when-receiving-care-in-brazilian-public-services-must-be-tr/,pages/0550-insights--updates--2026-03-09-immigrants-when-receiving-care-in-brazilian-public-services-must-be-tr.md,SOURCE REVIEW REQUIRED — no publication-ready rewrite,INVESTIGATE FURTHER,P1,metadata/0550-insights--updates--2026-03-09-immigrants-when-receiving-care-in-brazilian-public-services-must-be-tr.html,schema/0550-insights--updates--2026-03-09-immigrants-when-receiving-care-in-brazilian-public-services-must-be-tr.json,REQUIRED,NOT APPLIED
https://immigratetobrazil.com/insights/updates/2026-03-09-in-2011-the-date-was-officially-established-through-law-no-12-519-with/,pages/0551-insights--updates--2026-03-09-in-2011-the-date-was-officially-established-through-law-no-12-519-with.md,SOURCE REVIEW REQUIRED — no publication-ready rewrite,INVESTIGATE FURTHER,P1,metadata/0551-insights--updates--2026-03-09-in-2011-the-date-was-officially-established-through-law-no-12-519-with.html,schema/0551-insights--updates--2026-03-09-in-2011-the-date-was-officially-established-through-law-no-12-519-with.json,REQUIRED,NOT APPLIED
https://immigratetobrazil.com/insights/updates/2026-03-09-mexico-confirms-resumption-of-the-electronic-visa-for-brazilians-from/,pages/0552-insights--updates--2026-03-09-mexico-confirms-resumption-of-the-electronic-visa-for-brazilians-from.md,SOURCE REVIEW REQUIRED — no publication-ready rewrite,INVESTIGATE FURTHER,P1,metadata/0552-insights--updates--2026-03-09-mexico-confirms-resumption-of-the-electronic-visa-for-brazilians-from.html,schema/0552-insights--updates--2026-03-09-mexico-confirms-resumption-of-the-electronic-visa-for-brazilians-from.json,REQUIRED,NOT APPLIED
https://immigratetobrazil.com/insights/updates/2026-03-09-since-october-22-2023-due-to-changes-in-mexican-migration-regulations/,pages/0553-insights--updates--2026-03-09-since-october-22-2023-due-to-changes-in-mexican-migration-regulations.md,SOURCE REVIEW REQUIRED — no publication-ready rewrite,INVESTIGATE FURTHER,P1,metadata/0553-insights--updates--2026-03-09-since-october-22-2023-due-to-changes-in-mexican-migration-regulations.html,schema/0553-insights--updates--2026-03-09-since-october-22-2023-due-to-changes-in-mexican-migration-regulations.json,REQUIRED,NOT APPLIED
https://immigratetobrazil.com/insights/updates/2026-03-09-starting-august-20-2025-the-united-states-will-begin-a-12-month-pilot/,pages/0554-insights--updates--2026-03-09-starting-august-20-2025-the-united-states-will-begin-a-12-month-pilot.md,SOURCE REVIEW REQUIRED — no publication-ready rewrite,INVESTIGATE FURTHER,P1,metadata/0554-insights--updates--2026-03-09-starting-august-20-2025-the-united-states-will-begin-a-12-month-pilot.html,schema/0554-insights--updates--2026-03-09-starting-august-20-2025-the-united-states-will-begin-a-12-month-pilot.json,REQUIRED,NOT APPLIED
https://immigratetobrazil.com/insights/updates/2026-03-09-the-brazilian-government-presented-new-guidelines-for-the-transport-of/,pages/0555-insights--updates--2026-03-09-the-brazilian-government-presented-new-guidelines-for-the-transport-of.md,SOURCE REVIEW REQUIRED — no publication-ready rewrite,INVESTIGATE FURTHER,P1,metadata/0555-insights--updates--2026-03-09-the-brazilian-government-presented-new-guidelines-for-the-transport-of.html,schema/0555-insights--updates--2026-03-09-the-brazilian-government-presented-new-guidelines-for-the-transport-of.json,REQUIRED,NOT APPLIED
https://immigratetobrazil.com/insights/updates/2026-03-09-the-british-government-has-announced-a-significant-change-to-visa-rule/,pages/0556-insights--updates--2026-03-09-the-british-government-has-announced-a-significant-change-to-visa-rule.md,SOURCE REVIEW REQUIRED — no publication-ready rewrite,INVESTIGATE FURTHER,P1,metadata/0556-insights--updates--2026-03-09-the-british-government-has-announced-a-significant-change-to-visa-rule.html,schema/0556-insights--updates--2026-03-09-the-british-government-has-announced-a-significant-change-to-visa-rule.json,REQUIRED,NOT APPLIED
https://immigratetobrazil.com/insights/updates/2026-03-09-the-discussion-about-greater-rigidity-in-import-rules-began-during-the/,pages/0557-insights--updates--2026-03-09-the-discussion-about-greater-rigidity-in-import-rules-began-during-the.md,SOURCE REVIEW REQUIRED — no publication-ready rewrite,INVESTIGATE FURTHER,P1,metadata/0557-insights--updates--2026-03-09-the-discussion-about-greater-rigidity-in-import-rules-began-during-the.html,schema/0557-insights--updates--2026-03-09-the-discussion-about-greater-rigidity-in-import-rules-began-during-the.json,REQUIRED,NOT APPLIED
https://immigratetobrazil.com/insights/updates/2026-03-09-the-federal-police-once-again-warned-of-a-serious-budgetary-risk-accor/,pages/0558-insights--updates--2026-03-09-the-federal-police-once-again-warned-of-a-serious-budgetary-risk-accor.md,SOURCE REVIEW REQUIRED — no publication-ready rewrite,INVESTIGATE FURTHER,P1,metadata/0558-insights--updates--2026-03-09-the-federal-police-once-again-warned-of-a-serious-budgetary-risk-accor.html,schema/0558-insights--updates--2026-03-09-the-federal-police-once-again-warned-of-a-serious-budgetary-risk-accor.json,REQUIRED,NOT APPLIED
https://immigratetobrazil.com/insights/updates/2026-03-09-the-president-of-the-republic-signed-a-new-decree-that-amends-article/,pages/0559-insights--updates--2026-03-09-the-president-of-the-republic-signed-a-new-decree-that-amends-article.md,SOURCE REVIEW REQUIRED — no publication-ready rewrite,INVESTIGATE FURTHER,P1,metadata/0559-insights--updates--2026-03-09-the-president-of-the-republic-signed-a-new-decree-that-amends-article.html,schema/0559-insights--updates--2026-03-09-the-president-of-the-republic-signed-a-new-decree-that-amends-article.json,REQUIRED,NOT APPLIED
https://immigratetobrazil.com/insights/updates/2026-03-09-the-united-kingdom-has-begun-implementing-a-new-deportation-program-fo/,pages/0560-insights--updates--2026-03-09-the-united-kingdom-has-begun-implementing-a-new-deportation-program-fo.md,SOURCE REVIEW REQUIRED — no publication-ready rewrite,INVESTIGATE FURTHER,P1,metadata/0560-insights--updates--2026-03-09-the-united-kingdom-has-begun-implementing-a-new-deportation-program-fo.html,schema/0560-insights--updates--2026-03-09-the-united-kingdom-has-begun-implementing-a-new-deportation-program-fo.json,REQUIRED,NOT APPLIED
https://immigratetobrazil.com/insights/updates/2026-03-09-the-united-states-government-announced-a-new-guideline-from-the-citize/,pages/0561-insights--updates--2026-03-09-the-united-states-government-announced-a-new-guideline-from-the-citize.md,SOURCE REVIEW REQUIRED — no publication-ready rewrite,INVESTIGATE FURTHER,P1,metadata/0561-insights--updates--2026-03-09-the-united-states-government-announced-a-new-guideline-from-the-citize.html,schema/0561-insights--updates--2026-03-09-the-united-states-government-announced-a-new-guideline-from-the-citize.json,REQUIRED,NOT APPLIED
https://immigratetobrazil.com/insights/updates/2026-03-09-the-united-states-government-announced-on-june-18-2025-that-it-will-re/,pages/0562-insights--updates--2026-03-09-the-united-states-government-announced-on-june-18-2025-that-it-will-re.md,SOURCE REVIEW REQUIRED — no publication-ready rewrite,INVESTIGATE FURTHER,P1,metadata/0562-insights--updates--2026-03-09-the-united-states-government-announced-on-june-18-2025-that-it-will-re.html,schema/0562-insights--updates--2026-03-09-the-united-states-government-announced-on-june-18-2025-that-it-will-re.json,REQUIRED,NOT APPLIED
https://immigratetobrazil.com/insights/updates/2026-03-09-the-united-states-government-has-implemented-a-new-fee-of-us-250-calle/,pages/0563-insights--updates--2026-03-09-the-united-states-government-has-implemented-a-new-fee-of-us-250-calle.md,SOURCE REVIEW REQUIRED — no publication-ready rewrite,INVESTIGATE FURTHER,P1,metadata/0563-insights--updates--2026-03-09-the-united-states-government-has-implemented-a-new-fee-of-us-250-calle.html,schema/0563-insights--updates--2026-03-09-the-united-states-government-has-implemented-a-new-fee-of-us-250-calle.json,REQUIRED,NOT APPLIED
https://immigratetobrazil.com/insights/updates/2026-03-09-there-will-no-longer-be-any-import-tax-charged-on-online-purchases-of/,pages/0564-insights--updates--2026-03-09-there-will-no-longer-be-any-import-tax-charged-on-online-purchases-of.md,SOURCE REVIEW REQUIRED — no publication-ready rewrite,INVESTIGATE FURTHER,P1,metadata/0564-insights--updates--2026-03-09-there-will-no-longer-be-any-import-tax-charged-on-online-purchases-of.html,schema/0564-insights--updates--2026-03-09-there-will-no-longer-be-any-import-tax-charged-on-online-purchases-of.json,REQUIRED,NOT APPLIED
https://immigratetobrazil.com/insights/updates/2026-03-09-thus-the-company-stops-making-some-mandatory-payments-and-the-worker-l/,pages/0565-insights--updates--2026-03-09-thus-the-company-stops-making-some-mandatory-payments-and-the-worker-l.md,SOURCE REVIEW REQUIRED — no publication-ready rewrite,INVESTIGATE FURTHER,P1,metadata/0565-insights--updates--2026-03-09-thus-the-company-stops-making-some-mandatory-payments-and-the-worker-l.html,schema/0565-insights--updates--2026-03-09-thus-the-company-stops-making-some-mandatory-payments-and-the-worker-l.json,REQUIRED,NOT APPLIED
https://immigratetobrazil.com/insights/updates/2026-03-09-with-an-aging-population-and-growing-dependence-on-immigrants-to-meet/,pages/0566-insights--updates--2026-03-09-with-an-aging-population-and-growing-dependence-on-immigrants-to-meet.md,SOURCE REVIEW REQUIRED — no publication-ready rewrite,INVESTIGATE FURTHER,P1,metadata/0566-insights--updates--2026-03-09-with-an-aging-population-and-growing-dependence-on-immigrants-to-meet.html,schema/0566-insights--updates--2026-03-09-with-an-aging-population-and-growing-dependence-on-immigrants-to-meet.json,REQUIRED,NOT APPLIED
https://immigratetobrazil.com/insights/updates/2026-03-09-world-refugee-day-celebrated-on-june-20-is-a-date-established-by-the-u/,pages/0567-insights--updates--2026-03-09-world-refugee-day-celebrated-on-june-20-is-a-date-established-by-the-u.md,SOURCE REVIEW REQUIRED — no publication-ready rewrite,INVESTIGATE FURTHER,P1,metadata/0567-insights--updates--2026-03-09-world-refugee-day-celebrated-on-june-20-is-a-date-established-by-the-u.html,schema/0567-insights--updates--2026-03-09-world-refugee-day-celebrated-on-june-20-is-a-date-established-by-the-u.json,REQUIRED,NOT APPLIED
https://immigratetobrazil.com/insights/updates/2026-03-10-as-of-the-end-of-july-2024-the-ministry-of-justice-and-public-security/,pages/0568-insights--updates--2026-03-10-as-of-the-end-of-july-2024-the-ministry-of-justice-and-public-security.md,SOURCE REVIEW REQUIRED — no publication-ready rewrite,INVESTIGATE FURTHER,P1,metadata/0568-insights--updates--2026-03-10-as-of-the-end-of-july-2024-the-ministry-of-justice-and-public-security.html,schema/0568-insights--updates--2026-03-10-as-of-the-end-of-july-2024-the-ministry-of-justice-and-public-security.json,REQUIRED,NOT APPLIED
https://immigratetobrazil.com/insights/updates/2026-03-10-at-the-beginning-of-the-week-fake-prints-of-a-conversation-between-jes/,pages/0569-insights--updates--2026-03-10-at-the-beginning-of-the-week-fake-prints-of-a-conversation-between-jes.md,SOURCE REVIEW REQUIRED — no publication-ready rewrite,INVESTIGATE FURTHER,P1,metadata/0569-insights--updates--2026-03-10-at-the-beginning-of-the-week-fake-prints-of-a-conversation-between-jes.html,schema/0569-insights--updates--2026-03-10-at-the-beginning-of-the-week-fake-prints-of-a-conversation-between-jes.json,REQUIRED,NOT APPLIED
https://immigratetobrazil.com/insights/updates/2026-03-10-autism-awareness-month-5-rights-of-autistic-people-people-with-autism/,pages/0570-insights--updates--2026-03-10-autism-awareness-month-5-rights-of-autistic-people-people-with-autism.md,SOURCE REVIEW REQUIRED — no publication-ready rewrite,INVESTIGATE FURTHER,P1,metadata/0570-insights--updates--2026-03-10-autism-awareness-month-5-rights-of-autistic-people-people-with-autism.html,schema/0570-insights--updates--2026-03-10-autism-awareness-month-5-rights-of-autistic-people-people-with-autism.json,REQUIRED,NOT APPLIED
https://immigratetobrazil.com/insights/updates/2026-03-10-brazil-is-adjusting-its-rules-for-the-entry-of-transit-passengers-with/,pages/0571-insights--updates--2026-03-10-brazil-is-adjusting-its-rules-for-the-entry-of-transit-passengers-with.md,SOURCE REVIEW REQUIRED — no publication-ready rewrite,INVESTIGATE FURTHER,P1,metadata/0571-insights--updates--2026-03-10-brazil-is-adjusting-its-rules-for-the-entry-of-transit-passengers-with.html,schema/0571-insights--updates--2026-03-10-brazil-is-adjusting-its-rules-for-the-entry-of-transit-passengers-with.json,REQUIRED,NOT APPLIED
https://immigratetobrazil.com/insights/updates/2026-03-10-brazilian-legislation-regarding-the-air-transport-of-animals-is-still/,pages/0572-insights--updates--2026-03-10-brazilian-legislation-regarding-the-air-transport-of-animals-is-still.md,SOURCE REVIEW REQUIRED — no publication-ready rewrite,INVESTIGATE FURTHER,P1,metadata/0572-insights--updates--2026-03-10-brazilian-legislation-regarding-the-air-transport-of-animals-is-still.html,schema/0572-insights--updates--2026-03-10-brazilian-legislation-regarding-the-air-transport-of-animals-is-still.json,REQUIRED,NOT APPLIED
https://immigratetobrazil.com/insights/updates/2026-03-10-changes-to-latam-and-gol-baggage-rules-have-a-direct-impact-on-the-way/,pages/0573-insights--updates--2026-03-10-changes-to-latam-and-gol-baggage-rules-have-a-direct-impact-on-the-way.md,SOURCE REVIEW REQUIRED — no publication-ready rewrite,INVESTIGATE FURTHER,P1,metadata/0573-insights--updates--2026-03-10-changes-to-latam-and-gol-baggage-rules-have-a-direct-impact-on-the-way.html,schema/0573-insights--updates--2026-03-10-changes-to-latam-and-gol-baggage-rules-have-a-direct-impact-on-the-way.json,REQUIRED,NOT APPLIED
https://immigratetobrazil.com/insights/updates/2026-03-10-china-announced-the-launch-of-the-k-visa-aimed-especially-at-young-pro/,pages/0574-insights--updates--2026-03-10-china-announced-the-launch-of-the-k-visa-aimed-especially-at-young-pro.md,SOURCE REVIEW REQUIRED — no publication-ready rewrite,INVESTIGATE FURTHER,P1,metadata/0574-insights--updates--2026-03-10-china-announced-the-launch-of-the-k-visa-aimed-especially-at-young-pro.html,schema/0574-insights--updates--2026-03-10-china-announced-the-launch-of-the-k-visa-aimed-especially-at-young-pro.json,REQUIRED,NOT APPLIED
https://immigratetobrazil.com/insights/updates/2026-03-10-during-the-naturalization-process-the-applicant-will-be-called-for-a-p/,pages/0575-insights--updates--2026-03-10-during-the-naturalization-process-the-applicant-will-be-called-for-a-p.md,SOURCE REVIEW REQUIRED — no publication-ready rewrite,INVESTIGATE FURTHER,P1,metadata/0575-insights--updates--2026-03-10-during-the-naturalization-process-the-applicant-will-be-called-for-a-p.html,schema/0575-insights--updates--2026-03-10-during-the-naturalization-process-the-applicant-will-be-called-for-a-p.json,REQUIRED,NOT APPLIED
https://immigratetobrazil.com/insights/updates/2026-03-10-end-of-the-stamp-in-the-passport-when-traveling-to-europe-from-october/,pages/0576-insights--updates--2026-03-10-end-of-the-stamp-in-the-passport-when-traveling-to-europe-from-october.md,SOURCE REVIEW REQUIRED — no publication-ready rewrite,INVESTIGATE FURTHER,P1,metadata/0576-insights--updates--2026-03-10-end-of-the-stamp-in-the-passport-when-traveling-to-europe-from-october.html,schema/0576-insights--updates--2026-03-10-end-of-the-stamp-in-the-passport-when-traveling-to-europe-from-october.json,REQUIRED,NOT APPLIED
https://immigratetobrazil.com/insights/updates/2026-03-10-etias-an-electronic-authorization-similar-to-a-visa-will-be-required-f/,pages/0577-insights--updates--2026-03-10-etias-an-electronic-authorization-similar-to-a-visa-will-be-required-f.md,SOURCE REVIEW REQUIRED — no publication-ready rewrite,INVESTIGATE FURTHER,P1,metadata/0577-insights--updates--2026-03-10-etias-an-electronic-authorization-similar-to-a-visa-will-be-required-f.html,schema/0577-insights--updates--2026-03-10-etias-an-electronic-authorization-similar-to-a-visa-will-be-required-f.json,REQUIRED,NOT APPLIED
https://immigratetobrazil.com/insights/updates/2026-03-10-foreigners-may-apply-for-a-brazilian-passport-under-specific-circumsta/,pages/0578-insights--updates--2026-03-10-foreigners-may-apply-for-a-brazilian-passport-under-specific-circumsta.md,SOURCE REVIEW REQUIRED — no publication-ready rewrite,INVESTIGATE FURTHER,P1,metadata/0578-insights--updates--2026-03-10-foreigners-may-apply-for-a-brazilian-passport-under-specific-circumsta.html,schema/0578-insights--updates--2026-03-10-foreigners-may-apply-for-a-brazilian-passport-under-specific-circumsta.json,REQUIRED,NOT APPLIED
https://immigratetobrazil.com/insights/updates/2026-03-10-from-june-1-2025-brazilian-citizens-will-be-able-to-enter-china-withou/,pages/0579-insights--updates--2026-03-10-from-june-1-2025-brazilian-citizens-will-be-able-to-enter-china-withou.md,SOURCE REVIEW REQUIRED — no publication-ready rewrite,INVESTIGATE FURTHER,P1,metadata/0579-insights--updates--2026-03-10-from-june-1-2025-brazilian-citizens-will-be-able-to-enter-china-withou.html,schema/0579-insights--updates--2026-03-10-from-june-1-2025-brazilian-citizens-will-be-able-to-enter-china-withou.json,REQUIRED,NOT APPLIED
https://immigratetobrazil.com/insights/updates/2026-03-10-if-a-brazilian-citizen-dies-abroad-the-brazilian-government-does-not-c/,pages/0580-insights--updates--2026-03-10-if-a-brazilian-citizen-dies-abroad-the-brazilian-government-does-not-c.md,SOURCE REVIEW REQUIRED — no publication-ready rewrite,INVESTIGATE FURTHER,P1,metadata/0580-insights--updates--2026-03-10-if-a-brazilian-citizen-dies-abroad-the-brazilian-government-does-not-c.html,schema/0580-insights--updates--2026-03-10-if-a-brazilian-citizen-dies-abroad-the-brazilian-government-does-not-c.json,REQUIRED,NOT APPLIED
https://immigratetobrazil.com/insights/updates/2026-03-10-immigrants-when-attended-in-brazilian-public-services-should-be-treate/,pages/0581-insights--updates--2026-03-10-immigrants-when-attended-in-brazilian-public-services-should-be-treate.md,SOURCE REVIEW REQUIRED — no publication-ready rewrite,INVESTIGATE FURTHER,P1,metadata/0581-insights--updates--2026-03-10-immigrants-when-attended-in-brazilian-public-services-should-be-treate.html,schema/0581-insights--updates--2026-03-10-immigrants-when-attended-in-brazilian-public-services-should-be-treate.json,REQUIRED,NOT APPLIED
https://immigratetobrazil.com/insights/updates/2026-03-10-immigrants-when-receiving-care-in-brazilian-public-services-must-be-tr/,pages/0582-insights--updates--2026-03-10-immigrants-when-receiving-care-in-brazilian-public-services-must-be-tr.md,SOURCE REVIEW REQUIRED — no publication-ready rewrite,INVESTIGATE FURTHER,P1,metadata/0582-insights--updates--2026-03-10-immigrants-when-receiving-care-in-brazilian-public-services-must-be-tr.html,schema/0582-insights--updates--2026-03-10-immigrants-when-receiving-care-in-brazilian-public-services-must-be-tr.json,REQUIRED,NOT APPLIED
https://immigratetobrazil.com/insights/updates/2026-03-10-in-2011-the-date-was-officially-established-through-law-no-12-519-with/,pages/0583-insights--updates--2026-03-10-in-2011-the-date-was-officially-established-through-law-no-12-519-with.md,SOURCE REVIEW REQUIRED — no publication-ready rewrite,INVESTIGATE FURTHER,P1,metadata/0583-insights--updates--2026-03-10-in-2011-the-date-was-officially-established-through-law-no-12-519-with.html,schema/0583-insights--updates--2026-03-10-in-2011-the-date-was-officially-established-through-law-no-12-519-with.json,REQUIRED,NOT APPLIED
https://immigratetobrazil.com/insights/updates/2026-03-10-mexico-confirms-resumption-of-the-electronic-visa-for-brazilians-from/,pages/0584-insights--updates--2026-03-10-mexico-confirms-resumption-of-the-electronic-visa-for-brazilians-from.md,SOURCE REVIEW REQUIRED — no publication-ready rewrite,INVESTIGATE FURTHER,P1,metadata/0584-insights--updates--2026-03-10-mexico-confirms-resumption-of-the-electronic-visa-for-brazilians-from.html,schema/0584-insights--updates--2026-03-10-mexico-confirms-resumption-of-the-electronic-visa-for-brazilians-from.json,REQUIRED,NOT APPLIED
https://immigratetobrazil.com/insights/updates/2026-03-10-since-october-22-2023-due-to-changes-in-mexican-migration-regulations/,pages/0585-insights--updates--2026-03-10-since-october-22-2023-due-to-changes-in-mexican-migration-regulations.md,SOURCE REVIEW REQUIRED — no publication-ready rewrite,INVESTIGATE FURTHER,P1,metadata/0585-insights--updates--2026-03-10-since-october-22-2023-due-to-changes-in-mexican-migration-regulations.html,schema/0585-insights--updates--2026-03-10-since-october-22-2023-due-to-changes-in-mexican-migration-regulations.json,REQUIRED,NOT APPLIED
https://immigratetobrazil.com/insights/updates/2026-03-10-starting-august-20-2025-the-united-states-will-begin-a-12-month-pilot/,pages/0586-insights--updates--2026-03-10-starting-august-20-2025-the-united-states-will-begin-a-12-month-pilot.md,SOURCE REVIEW REQUIRED — no publication-ready rewrite,INVESTIGATE FURTHER,P1,metadata/0586-insights--updates--2026-03-10-starting-august-20-2025-the-united-states-will-begin-a-12-month-pilot.html,schema/0586-insights--updates--2026-03-10-starting-august-20-2025-the-united-states-will-begin-a-12-month-pilot.json,REQUIRED,NOT APPLIED
https://immigratetobrazil.com/insights/updates/2026-03-10-the-brazilian-government-presented-new-guidelines-for-the-transport-of/,pages/0587-insights--updates--2026-03-10-the-brazilian-government-presented-new-guidelines-for-the-transport-of.md,SOURCE REVIEW REQUIRED — no publication-ready rewrite,INVESTIGATE FURTHER,P1,metadata/0587-insights--updates--2026-03-10-the-brazilian-government-presented-new-guidelines-for-the-transport-of.html,schema/0587-insights--updates--2026-03-10-the-brazilian-government-presented-new-guidelines-for-the-transport-of.json,REQUIRED,NOT APPLIED
https://immigratetobrazil.com/insights/updates/2026-03-10-the-british-government-has-announced-a-significant-change-to-visa-rule/,pages/0588-insights--updates--2026-03-10-the-british-government-has-announced-a-significant-change-to-visa-rule.md,SOURCE REVIEW REQUIRED — no publication-ready rewrite,INVESTIGATE FURTHER,P1,metadata/0588-insights--updates--2026-03-10-the-british-government-has-announced-a-significant-change-to-visa-rule.html,schema/0588-insights--updates--2026-03-10-the-british-government-has-announced-a-significant-change-to-visa-rule.json,REQUIRED,NOT APPLIED
https://immigratetobrazil.com/insights/updates/2026-03-10-the-discussion-about-greater-rigidity-in-import-rules-began-during-the/,pages/0589-insights--updates--2026-03-10-the-discussion-about-greater-rigidity-in-import-rules-began-during-the.md,SOURCE REVIEW REQUIRED — no publication-ready rewrite,INVESTIGATE FURTHER,P1,metadata/0589-insights--updates--2026-03-10-the-discussion-about-greater-rigidity-in-import-rules-began-during-the.html,schema/0589-insights--updates--2026-03-10-the-discussion-about-greater-rigidity-in-import-rules-began-during-the.json,REQUIRED,NOT APPLIED
https://immigratetobrazil.com/insights/updates/2026-03-10-the-federal-police-once-again-warned-of-a-serious-budgetary-risk-accor/,pages/0590-insights--updates--2026-03-10-the-federal-police-once-again-warned-of-a-serious-budgetary-risk-accor.md,SOURCE REVIEW REQUIRED — no publication-ready rewrite,INVESTIGATE FURTHER,P1,metadata/0590-insights--updates--2026-03-10-the-federal-police-once-again-warned-of-a-serious-budgetary-risk-accor.html,schema/0590-insights--updates--2026-03-10-the-federal-police-once-again-warned-of-a-serious-budgetary-risk-accor.json,REQUIRED,NOT APPLIED
https://immigratetobrazil.com/insights/updates/2026-03-10-the-president-of-the-republic-signed-a-new-decree-that-amends-article/,pages/0591-insights--updates--2026-03-10-the-president-of-the-republic-signed-a-new-decree-that-amends-article.md,SOURCE REVIEW REQUIRED — no publication-ready rewrite,INVESTIGATE FURTHER,P1,metadata/0591-insights--updates--2026-03-10-the-president-of-the-republic-signed-a-new-decree-that-amends-article.html,schema/0591-insights--updates--2026-03-10-the-president-of-the-republic-signed-a-new-decree-that-amends-article.json,REQUIRED,NOT APPLIED
https://immigratetobrazil.com/insights/updates/2026-03-10-the-united-kingdom-has-begun-implementing-a-new-deportation-program-fo/,pages/0592-insights--updates--2026-03-10-the-united-kingdom-has-begun-implementing-a-new-deportation-program-fo.md,SOURCE REVIEW REQUIRED — no publication-ready rewrite,INVESTIGATE FURTHER,P1,metadata/0592-insights--updates--2026-03-10-the-united-kingdom-has-begun-implementing-a-new-deportation-program-fo.html,schema/0592-insights--updates--2026-03-10-the-united-kingdom-has-begun-implementing-a-new-deportation-program-fo.json,REQUIRED,NOT APPLIED
https://immigratetobrazil.com/insights/updates/2026-03-10-the-united-states-government-announced-a-new-guideline-from-the-citize/,pages/0593-insights--updates--2026-03-10-the-united-states-government-announced-a-new-guideline-from-the-citize.md,SOURCE REVIEW REQUIRED — no publication-ready rewrite,INVESTIGATE FURTHER,P1,metadata/0593-insights--updates--2026-03-10-the-united-states-government-announced-a-new-guideline-from-the-citize.html,schema/0593-insights--updates--2026-03-10-the-united-states-government-announced-a-new-guideline-from-the-citize.json,REQUIRED,NOT APPLIED
https://immigratetobrazil.com/insights/updates/2026-03-10-the-united-states-government-announced-on-june-18-2025-that-it-will-re/,pages/0594-insights--updates--2026-03-10-the-united-states-government-announced-on-june-18-2025-that-it-will-re.md,SOURCE REVIEW REQUIRED — no publication-ready rewrite,INVESTIGATE FURTHER,P1,metadata/0594-insights--updates--2026-03-10-the-united-states-government-announced-on-june-18-2025-that-it-will-re.html,schema/0594-insights--updates--2026-03-10-the-united-states-government-announced-on-june-18-2025-that-it-will-re.json,REQUIRED,NOT APPLIED
https://immigratetobrazil.com/insights/updates/2026-03-10-the-united-states-government-has-implemented-a-new-fee-of-us-250-calle/,pages/0595-insights--updates--2026-03-10-the-united-states-government-has-implemented-a-new-fee-of-us-250-calle.md,SOURCE REVIEW REQUIRED — no publication-ready rewrite,INVESTIGATE FURTHER,P1,metadata/0595-insights--updates--2026-03-10-the-united-states-government-has-implemented-a-new-fee-of-us-250-calle.html,schema/0595-insights--updates--2026-03-10-the-united-states-government-has-implemented-a-new-fee-of-us-250-calle.json,REQUIRED,NOT APPLIED
https://immigratetobrazil.com/insights/updates/2026-03-10-there-will-no-longer-be-any-import-tax-charged-on-online-purchases-of/,pages/0596-insights--updates--2026-03-10-there-will-no-longer-be-any-import-tax-charged-on-online-purchases-of.md,SOURCE REVIEW REQUIRED — no publication-ready rewrite,INVESTIGATE FURTHER,P1,metadata/0596-insights--updates--2026-03-10-there-will-no-longer-be-any-import-tax-charged-on-online-purchases-of.html,schema/0596-insights--updates--2026-03-10-there-will-no-longer-be-any-import-tax-charged-on-online-purchases-of.json,REQUIRED,NOT APPLIED
https://immigratetobrazil.com/insights/updates/2026-03-10-thus-the-company-stops-making-some-mandatory-payments-and-the-worker-l/,pages/0597-insights--updates--2026-03-10-thus-the-company-stops-making-some-mandatory-payments-and-the-worker-l.md,SOURCE REVIEW REQUIRED — no publication-ready rewrite,INVESTIGATE FURTHER,P1,metadata/0597-insights--updates--2026-03-10-thus-the-company-stops-making-some-mandatory-payments-and-the-worker-l.html,schema/0597-insights--updates--2026-03-10-thus-the-company-stops-making-some-mandatory-payments-and-the-worker-l.json,REQUIRED,NOT APPLIED
https://immigratetobrazil.com/insights/updates/2026-03-10-with-an-aging-population-and-growing-dependence-on-immigrants-to-meet/,pages/0598-insights--updates--2026-03-10-with-an-aging-population-and-growing-dependence-on-immigrants-to-meet.md,SOURCE REVIEW REQUIRED — no publication-ready rewrite,INVESTIGATE FURTHER,P1,metadata/0598-insights--updates--2026-03-10-with-an-aging-population-and-growing-dependence-on-immigrants-to-meet.html,schema/0598-insights--updates--2026-03-10-with-an-aging-population-and-growing-dependence-on-immigrants-to-meet.json,REQUIRED,NOT APPLIED
https://immigratetobrazil.com/insights/updates/2026-03-10-world-refugee-day-celebrated-on-june-20-is-a-date-established-by-the-u/,pages/0599-insights--updates--2026-03-10-world-refugee-day-celebrated-on-june-20-is-a-date-established-by-the-u.md,SOURCE REVIEW REQUIRED — no publication-ready rewrite,INVESTIGATE FURTHER,P1,metadata/0599-insights--updates--2026-03-10-world-refugee-day-celebrated-on-june-20-is-a-date-established-by-the-u.html,schema/0599-insights--updates--2026-03-10-world-refugee-day-celebrated-on-june-20-is-a-date-established-by-the-u.json,REQUIRED,NOT APPLIED
https://immigratetobrazil.com/insights/visa/,pages/0600-insights--visa.md,DRAFT — editorial review required,OPTIMIZE,P2,metadata/0600-insights--visa.html,schema/0600-insights--visa.json,CHECK EXISTING CLAIMS,NOT APPLIED
https://immigratetobrazil.com/insights/visa/a-brazilian-visa-is-valid-for-a-set-period-during-which-youre-allowed/,pages/0601-insights--visa--a-brazilian-visa-is-valid-for-a-set-period-during-which-youre-allowed.md,SOURCE REVIEW REQUIRED — no publication-ready rewrite,INVESTIGATE FURTHER,P1,metadata/0601-insights--visa--a-brazilian-visa-is-valid-for-a-set-period-during-which-youre-allowed.html,schema/0601-insights--visa--a-brazilian-visa-is-valid-for-a-set-period-during-which-youre-allowed.json,REQUIRED,NOT APPLIED
https://immigratetobrazil.com/insights/visa/a-recent-study-conducted-by-embratur-in-partnership-with-visa-and-ipso/,pages/0602-insights--visa--a-recent-study-conducted-by-embratur-in-partnership-with-visa-and-ipso.md,SOURCE REVIEW REQUIRED — no publication-ready rewrite,INVESTIGATE FURTHER,P1,metadata/0602-insights--visa--a-recent-study-conducted-by-embratur-in-partnership-with-visa-and-ipso.html,schema/0602-insights--visa--a-recent-study-conducted-by-embratur-in-partnership-with-visa-and-ipso.json,REQUIRED,NOT APPLIED
https://immigratetobrazil.com/insights/visa/according-to-brazilian-regulations-all-visa-applications-for-minors-mu/,pages/0603-insights--visa--according-to-brazilian-regulations-all-visa-applications-for-minors-mu.md,SOURCE REVIEW REQUIRED — no publication-ready rewrite,INVESTIGATE FURTHER,P1,metadata/0603-insights--visa--according-to-brazilian-regulations-all-visa-applications-for-minors-mu.html,schema/0603-insights--visa--according-to-brazilian-regulations-all-visa-applications-for-minors-mu.json,REQUIRED,NOT APPLIED
https://immigratetobrazil.com/insights/visa/according-to-recent-news-as-an-indigenous-immigrant-in-the-united-stat/,pages/0604-insights--visa--according-to-recent-news-as-an-indigenous-immigrant-in-the-united-stat.md,SOURCE REVIEW REQUIRED — no publication-ready rewrite,INVESTIGATE FURTHER,P1,metadata/0604-insights--visa--according-to-recent-news-as-an-indigenous-immigrant-in-the-united-stat.html,schema/0604-insights--visa--according-to-recent-news-as-an-indigenous-immigrant-in-the-united-stat.json,REQUIRED,NOT APPLIED
https://immigratetobrazil.com/insights/visa/according-to-this-news-as-an-indigenous-immigrant-in-the-united-states/,pages/0605-insights--visa--according-to-this-news-as-an-indigenous-immigrant-in-the-united-states.md,SOURCE REVIEW REQUIRED — no publication-ready rewrite,INVESTIGATE FURTHER,P1,metadata/0605-insights--visa--according-to-this-news-as-an-indigenous-immigrant-in-the-united-states.html,schema/0605-insights--visa--according-to-this-news-as-an-indigenous-immigrant-in-the-united-states.json,REQUIRED,NOT APPLIED
https://immigratetobrazil.com/insights/visa/acquiring-a-student-visa-to-become-an-exchange-student-in-brazil-prese/,pages/0606-insights--visa--acquiring-a-student-visa-to-become-an-exchange-student-in-brazil-prese.md,SOURCE REVIEW REQUIRED — no publication-ready rewrite,INVESTIGATE FURTHER,P1,metadata/0606-insights--visa--acquiring-a-student-visa-to-become-an-exchange-student-in-brazil-prese.html,schema/0606-insights--visa--acquiring-a-student-visa-to-become-an-exchange-student-in-brazil-prese.json,REQUIRED,NOT APPLIED
https://immigratetobrazil.com/insights/visa/although-brazilian-migration-legislation-does-not-mention-the-right-to/,pages/0607-insights--visa--although-brazilian-migration-legislation-does-not-mention-the-right-to.md,SOURCE REVIEW REQUIRED — no publication-ready rewrite,INVESTIGATE FURTHER,P1,metadata/0607-insights--visa--although-brazilian-migration-legislation-does-not-mention-the-right-to.html,schema/0607-insights--visa--although-brazilian-migration-legislation-does-not-mention-the-right-to.json,REQUIRED,NOT APPLIED
https://immigratetobrazil.com/insights/visa/always-consult-an-immigration-lawyer-for-instructions-based-on-your-ca/,pages/0608-insights--visa--always-consult-an-immigration-lawyer-for-instructions-based-on-your-ca.md,SOURCE REVIEW REQUIRED — no publication-ready rewrite,INVESTIGATE FURTHER,P1,metadata/0608-insights--visa--always-consult-an-immigration-lawyer-for-instructions-based-on-your-ca.html,schema/0608-insights--visa--always-consult-an-immigration-lawyer-for-instructions-based-on-your-ca.json,REQUIRED,NOT APPLIED
https://immigratetobrazil.com/insights/visa/anyone-purchasing-their-first-residential-property-through-financing-u/,pages/0609-insights--visa--anyone-purchasing-their-first-residential-property-through-financing-u.md,SOURCE REVIEW REQUIRED — no publication-ready rewrite,INVESTIGATE FURTHER,P1,metadata/0609-insights--visa--anyone-purchasing-their-first-residential-property-through-financing-u.html,schema/0609-insights--visa--anyone-purchasing-their-first-residential-property-through-financing-u.json,REQUIRED,NOT APPLIED
https://immigratetobrazil.com/insights/visa/arriving-in-brazil-as-a-tourist-and-subsequently-obtaining-a-residence/,pages/0610-insights--visa--arriving-in-brazil-as-a-tourist-and-subsequently-obtaining-a-residence.md,SOURCE REVIEW REQUIRED — no publication-ready rewrite,INVESTIGATE FURTHER,P1,metadata/0610-insights--visa--arriving-in-brazil-as-a-tourist-and-subsequently-obtaining-a-residence.html,schema/0610-insights--visa--arriving-in-brazil-as-a-tourist-and-subsequently-obtaining-a-residence.json,REQUIRED,NOT APPLIED
https://immigratetobrazil.com/insights/visa/arriving-in-brazil-as-a-tourist-and-subsequently-obtaining-a-residency/,pages/0611-insights--visa--arriving-in-brazil-as-a-tourist-and-subsequently-obtaining-a-residency.md,SOURCE REVIEW REQUIRED — no publication-ready rewrite,INVESTIGATE FURTHER,P1,metadata/0611-insights--visa--arriving-in-brazil-as-a-tourist-and-subsequently-obtaining-a-residency.html,schema/0611-insights--visa--arriving-in-brazil-as-a-tourist-and-subsequently-obtaining-a-residency.json,REQUIRED,NOT APPLIED
https://immigratetobrazil.com/insights/visa/assai-located-in-the-state-of-parana-brazil-was-established-in-the-ear/,pages/0612-insights--visa--assai-located-in-the-state-of-parana-brazil-was-established-in-the-ear.md,SOURCE REVIEW REQUIRED — no publication-ready rewrite,INVESTIGATE FURTHER,P1,metadata/0612-insights--visa--assai-located-in-the-state-of-parana-brazil-was-established-in-the-ear.html,schema/0612-insights--visa--assai-located-in-the-state-of-parana-brazil-was-established-in-the-ear.json,REQUIRED,NOT APPLIED
https://immigratetobrazil.com/insights/visa/before-submitting-your-visa-application-it-is-essential-to-first-prepa/,pages/0613-insights--visa--before-submitting-your-visa-application-it-is-essential-to-first-prepa.md,SOURCE REVIEW REQUIRED — no publication-ready rewrite,INVESTIGATE FURTHER,P1,metadata/0613-insights--visa--before-submitting-your-visa-application-it-is-essential-to-first-prepa.html,schema/0613-insights--visa--before-submitting-your-visa-application-it-is-essential-to-first-prepa.json,REQUIRED,NOT APPLIED
https://immigratetobrazil.com/insights/visa/before-submitting-your-visa-application-it-s-essential-to-first-beggin/,pages/0614-insights--visa--before-submitting-your-visa-application-it-s-essential-to-first-beggin.md,SOURCE REVIEW REQUIRED — no publication-ready rewrite,INVESTIGATE FURTHER,P1,metadata/0614-insights--visa--before-submitting-your-visa-application-it-s-essential-to-first-beggin.html,schema/0614-insights--visa--before-submitting-your-visa-application-it-s-essential-to-first-beggin.json,REQUIRED,NOT APPLIED
https://immigratetobrazil.com/insights/visa/before-you-travel-or-live-in-another-country-you-need-to-carry-out-leg/,pages/0615-insights--visa--before-you-travel-or-live-in-another-country-you-need-to-carry-out-leg.md,SOURCE REVIEW REQUIRED — no publication-ready rewrite,INVESTIGATE FURTHER,P1,metadata/0615-insights--visa--before-you-travel-or-live-in-another-country-you-need-to-carry-out-leg.html,schema/0615-insights--visa--before-you-travel-or-live-in-another-country-you-need-to-carry-out-leg.json,REQUIRED,NOT APPLIED
https://immigratetobrazil.com/insights/visa/behind-each-visa-there-is-a-lifetime-of-expectations-memories-and-drea/,pages/0616-insights--visa--behind-each-visa-there-is-a-lifetime-of-expectations-memories-and-drea.md,SOURCE REVIEW REQUIRED — no publication-ready rewrite,INVESTIGATE FURTHER,P1,metadata/0616-insights--visa--behind-each-visa-there-is-a-lifetime-of-expectations-memories-and-drea.html,schema/0616-insights--visa--behind-each-visa-there-is-a-lifetime-of-expectations-memories-and-drea.json,REQUIRED,NOT APPLIED
https://immigratetobrazil.com/insights/visa/brazil-does-not-offer-specific-fiance-or-spouse-visas-but-has-provisio/,pages/0617-insights--visa--brazil-does-not-offer-specific-fiance-or-spouse-visas-but-has-provisio.md,SOURCE REVIEW REQUIRED — no publication-ready rewrite,INVESTIGATE FURTHER,P1,metadata/0617-insights--visa--brazil-does-not-offer-specific-fiance-or-spouse-visas-but-has-provisio.html,schema/0617-insights--visa--brazil-does-not-offer-specific-fiance-or-spouse-visas-but-has-provisio.json,REQUIRED,NOT APPLIED
https://immigratetobrazil.com/insights/visa/brazil-doesn-t-offer-specific-fiance-or-spouse-visas-it-does-have-prov/,pages/0618-insights--visa--brazil-doesn-t-offer-specific-fiance-or-spouse-visas-it-does-have-prov.md,SOURCE REVIEW REQUIRED — no publication-ready rewrite,INVESTIGATE FURTHER,P1,metadata/0618-insights--visa--brazil-doesn-t-offer-specific-fiance-or-spouse-visas-it-does-have-prov.html,schema/0618-insights--visa--brazil-doesn-t-offer-specific-fiance-or-spouse-visas-it-does-have-prov.json,REQUIRED,NOT APPLIED
https://immigratetobrazil.com/insights/visa/brazil-grants-a-temporary-visa-to-foreigners-who-come-to-the-country-w/,pages/0619-insights--visa--brazil-grants-a-temporary-visa-to-foreigners-who-come-to-the-country-w.md,SOURCE REVIEW REQUIRED — no publication-ready rewrite,INVESTIGATE FURTHER,P1,metadata/0619-insights--visa--brazil-grants-a-temporary-visa-to-foreigners-who-come-to-the-country-w.html,schema/0619-insights--visa--brazil-grants-a-temporary-visa-to-foreigners-who-come-to-the-country-w.json,REQUIRED,NOT APPLIED
https://immigratetobrazil.com/insights/visa/brazil-grants-permanent-residency-to-foreign-nationals-through-various/,pages/0620-insights--visa--brazil-grants-permanent-residency-to-foreign-nationals-through-various.md,SOURCE REVIEW REQUIRED — no publication-ready rewrite,INVESTIGATE FURTHER,P1,metadata/0620-insights--visa--brazil-grants-permanent-residency-to-foreign-nationals-through-various.html,schema/0620-insights--visa--brazil-grants-permanent-residency-to-foreign-nationals-through-various.json,REQUIRED,NOT APPLIED
https://immigratetobrazil.com/insights/visa/brazil-issues-the-cplp-temporary-visa-only-in-some-specific-cities/,pages/0621-insights--visa--brazil-issues-the-cplp-temporary-visa-only-in-some-specific-cities.md,SOURCE REVIEW REQUIRED — no publication-ready rewrite,INVESTIGATE FURTHER,P1,metadata/0621-insights--visa--brazil-issues-the-cplp-temporary-visa-only-in-some-specific-cities.html,schema/0621-insights--visa--brazil-issues-the-cplp-temporary-visa-only-in-some-specific-cities.json,REQUIRED,NOT APPLIED
https://immigratetobrazil.com/insights/visa/brazil-legal-guidance-eligibility-and-process-2/,pages/0622-insights--visa--brazil-legal-guidance-eligibility-and-process-2.md,SOURCE REVIEW REQUIRED — no publication-ready rewrite,INVESTIGATE FURTHER,P1,metadata/0622-insights--visa--brazil-legal-guidance-eligibility-and-process-2.html,schema/0622-insights--visa--brazil-legal-guidance-eligibility-and-process-2.json,REQUIRED,NOT APPLIED
https://immigratetobrazil.com/insights/visa/brazil-legal-guidance-eligibility-and-process-3/,pages/0623-insights--visa--brazil-legal-guidance-eligibility-and-process-3.md,SOURCE REVIEW REQUIRED — no publication-ready rewrite,INVESTIGATE FURTHER,P1,metadata/0623-insights--visa--brazil-legal-guidance-eligibility-and-process-3.html,schema/0623-insights--visa--brazil-legal-guidance-eligibility-and-process-3.json,REQUIRED,NOT APPLIED
https://immigratetobrazil.com/insights/visa/brazil-legal-guidance-eligibility-and-process/,pages/0624-insights--visa--brazil-legal-guidance-eligibility-and-process.md,SOURCE REVIEW REQUIRED — no publication-ready rewrite,INVESTIGATE FURTHER,P1,metadata/0624-insights--visa--brazil-legal-guidance-eligibility-and-process.html,schema/0624-insights--visa--brazil-legal-guidance-eligibility-and-process.json,REQUIRED,NOT APPLIED
https://immigratetobrazil.com/insights/visa/brazil-offers-a-digital-nomad-visa-for-foreign-nationals-who-wish-to-l/,pages/0625-insights--visa--brazil-offers-a-digital-nomad-visa-for-foreign-nationals-who-wish-to-l.md,SOURCE REVIEW REQUIRED — no publication-ready rewrite,INVESTIGATE FURTHER,P1,metadata/0625-insights--visa--brazil-offers-a-digital-nomad-visa-for-foreign-nationals-who-wish-to-l.html,schema/0625-insights--visa--brazil-offers-a-digital-nomad-visa-for-foreign-nationals-who-wish-to-l.json,REQUIRED,NOT APPLIED
https://immigratetobrazil.com/insights/visa/brazil-offers-a-specific-visa-and-residency-for-artists-and-athletes-c/,pages/0626-insights--visa--brazil-offers-a-specific-visa-and-residency-for-artists-and-athletes-c.md,SOURCE REVIEW REQUIRED — no publication-ready rewrite,INVESTIGATE FURTHER,P1,metadata/0626-insights--visa--brazil-offers-a-specific-visa-and-residency-for-artists-and-athletes-c.html,schema/0626-insights--visa--brazil-offers-a-specific-visa-and-residency-for-artists-and-athletes-c.json,REQUIRED,NOT APPLIED
https://immigratetobrazil.com/insights/visa/brazil-offers-humanitarian-visa-to-individuals-in-situations-of-extrem/,pages/0627-insights--visa--brazil-offers-humanitarian-visa-to-individuals-in-situations-of-extrem.md,SOURCE REVIEW REQUIRED — no publication-ready rewrite,INVESTIGATE FURTHER,P1,metadata/0627-insights--visa--brazil-offers-humanitarian-visa-to-individuals-in-situations-of-extrem.html,schema/0627-insights--visa--brazil-offers-humanitarian-visa-to-individuals-in-situations-of-extrem.json,REQUIRED,NOT APPLIED
https://immigratetobrazil.com/insights/visa/brazil-offers-student-visa-for-foreign-medical-residents-who-wish-to-p/,pages/0628-insights--visa--brazil-offers-student-visa-for-foreign-medical-residents-who-wish-to-p.md,SOURCE REVIEW REQUIRED — no publication-ready rewrite,INVESTIGATE FURTHER,P1,metadata/0628-insights--visa--brazil-offers-student-visa-for-foreign-medical-residents-who-wish-to-p.html,schema/0628-insights--visa--brazil-offers-student-visa-for-foreign-medical-residents-who-wish-to-p.json,REQUIRED,NOT APPLIED
https://immigratetobrazil.com/insights/visa/brazil-offers-the-possibility-of-permanent-residency-for-families-wish/,pages/0629-insights--visa--brazil-offers-the-possibility-of-permanent-residency-for-families-wish.md,SOURCE REVIEW REQUIRED — no publication-ready rewrite,INVESTIGATE FURTHER,P1,metadata/0629-insights--visa--brazil-offers-the-possibility-of-permanent-residency-for-families-wish.html,schema/0629-insights--visa--brazil-offers-the-possibility-of-permanent-residency-for-families-wish.json,REQUIRED,NOT APPLIED
https://immigratetobrazil.com/insights/visa/brazil-s-digital-nomad-visa-is-your-ticket-to-an-incredible-experience/,pages/0630-insights--visa--brazil-s-digital-nomad-visa-is-your-ticket-to-an-incredible-experience.md,SOURCE REVIEW REQUIRED — no publication-ready rewrite,INVESTIGATE FURTHER,P1,metadata/0630-insights--visa--brazil-s-digital-nomad-visa-is-your-ticket-to-an-incredible-experience.html,schema/0630-insights--visa--brazil-s-digital-nomad-visa-is-your-ticket-to-an-incredible-experience.json,REQUIRED,NOT APPLIED
https://immigratetobrazil.com/insights/visa/brazil-s-real-estate-market-is-booming-offering-incredible-potential-f/,pages/0631-insights--visa--brazil-s-real-estate-market-is-booming-offering-incredible-potential-f.md,SOURCE REVIEW REQUIRED — no publication-ready rewrite,INVESTIGATE FURTHER,P1,metadata/0631-insights--visa--brazil-s-real-estate-market-is-booming-offering-incredible-potential-f.html,schema/0631-insights--visa--brazil-s-real-estate-market-is-booming-offering-incredible-potential-f.json,REQUIRED,NOT APPLIED
https://immigratetobrazil.com/insights/visa/brazilian-law-permits-students-on-a-student-visa-to-work-while-studyin/,pages/0632-insights--visa--brazilian-law-permits-students-on-a-student-visa-to-work-while-studyin.md,SOURCE REVIEW REQUIRED — no publication-ready rewrite,INVESTIGATE FURTHER,P1,metadata/0632-insights--visa--brazilian-law-permits-students-on-a-student-visa-to-work-while-studyin.html,schema/0632-insights--visa--brazilian-law-permits-students-on-a-student-visa-to-work-while-studyin.json,REQUIRED,NOT APPLIED
https://immigratetobrazil.com/insights/visa/brazilian-student-visa-for-medical-studies-the-brazilian-student-visa/,pages/0633-insights--visa--brazilian-student-visa-for-medical-studies-the-brazilian-student-visa.md,SOURCE REVIEW REQUIRED — no publication-ready rewrite,INVESTIGATE FURTHER,P1,metadata/0633-insights--visa--brazilian-student-visa-for-medical-studies-the-brazilian-student-visa.html,schema/0633-insights--visa--brazilian-student-visa-for-medical-studies-the-brazilian-student-visa.json,REQUIRED,NOT APPLIED
https://immigratetobrazil.com/insights/visa/brazilian-temporary-residency-permit-for-work-consulting-with-an-immig/,pages/0634-insights--visa--brazilian-temporary-residency-permit-for-work-consulting-with-an-immig.md,SOURCE REVIEW REQUIRED — no publication-ready rewrite,INVESTIGATE FURTHER,P1,metadata/0634-insights--visa--brazilian-temporary-residency-permit-for-work-consulting-with-an-immig.html,schema/0634-insights--visa--brazilian-temporary-residency-permit-for-work-consulting-with-an-immig.json,REQUIRED,NOT APPLIED
https://immigratetobrazil.com/insights/visa/consulting-with-an-immigration-lawyer-ensures-that-you-have-a-knowledg-2/,pages/0635-insights--visa--consulting-with-an-immigration-lawyer-ensures-that-you-have-a-knowledg-2.md,SOURCE REVIEW REQUIRED — no publication-ready rewrite,INVESTIGATE FURTHER,P1,metadata/0635-insights--visa--consulting-with-an-immigration-lawyer-ensures-that-you-have-a-knowledg-2.html,schema/0635-insights--visa--consulting-with-an-immigration-lawyer-ensures-that-you-have-a-knowledg-2.json,REQUIRED,NOT APPLIED
https://immigratetobrazil.com/insights/visa/consulting-with-an-immigration-lawyer-ensures-that-you-have-a-knowledg-3/,pages/0636-insights--visa--consulting-with-an-immigration-lawyer-ensures-that-you-have-a-knowledg-3.md,SOURCE REVIEW REQUIRED — no publication-ready rewrite,INVESTIGATE FURTHER,P1,metadata/0636-insights--visa--consulting-with-an-immigration-lawyer-ensures-that-you-have-a-knowledg-3.html,schema/0636-insights--visa--consulting-with-an-immigration-lawyer-ensures-that-you-have-a-knowledg-3.json,REQUIRED,NOT APPLIED
https://immigratetobrazil.com/insights/visa/consulting-with-an-immigration-lawyer-ensures-that-you-have-a-knowledg/,pages/0637-insights--visa--consulting-with-an-immigration-lawyer-ensures-that-you-have-a-knowledg.md,SOURCE REVIEW REQUIRED — no publication-ready rewrite,INVESTIGATE FURTHER,P1,metadata/0637-insights--visa--consulting-with-an-immigration-lawyer-ensures-that-you-have-a-knowledg.html,schema/0637-insights--visa--consulting-with-an-immigration-lawyer-ensures-that-you-have-a-knowledg.json,REQUIRED,NOT APPLIED
https://immigratetobrazil.com/insights/visa/due-to-the-political-crises-in-syria-the-brazilian-embassy-in-syria-ha/,pages/0638-insights--visa--due-to-the-political-crises-in-syria-the-brazilian-embassy-in-syria-ha.md,SOURCE REVIEW REQUIRED — no publication-ready rewrite,INVESTIGATE FURTHER,P1,metadata/0638-insights--visa--due-to-the-political-crises-in-syria-the-brazilian-embassy-in-syria-ha.html,schema/0638-insights--visa--due-to-the-political-crises-in-syria-the-brazilian-embassy-in-syria-ha.json,REQUIRED,NOT APPLIED
https://immigratetobrazil.com/insights/visa/entering-brazil-as-a-tourist-can-be-a-valid-starting-point-for-anyone/,pages/0639-insights--visa--entering-brazil-as-a-tourist-can-be-a-valid-starting-point-for-anyone.md,SOURCE REVIEW REQUIRED — no publication-ready rewrite,INVESTIGATE FURTHER,P1,metadata/0639-insights--visa--entering-brazil-as-a-tourist-can-be-a-valid-starting-point-for-anyone.html,schema/0639-insights--visa--entering-brazil-as-a-tourist-can-be-a-valid-starting-point-for-anyone.json,REQUIRED,NOT APPLIED
https://immigratetobrazil.com/insights/visa/entering-brazil-as-a-tourist-can-serve-as-a-valid-starting-point-for-t/,pages/0640-insights--visa--entering-brazil-as-a-tourist-can-serve-as-a-valid-starting-point-for-t.md,SOURCE REVIEW REQUIRED — no publication-ready rewrite,INVESTIGATE FURTHER,P1,metadata/0640-insights--visa--entering-brazil-as-a-tourist-can-serve-as-a-valid-starting-point-for-t.html,schema/0640-insights--visa--entering-brazil-as-a-tourist-can-serve-as-a-valid-starting-point-for-t.json,REQUIRED,NOT APPLIED
https://immigratetobrazil.com/insights/visa/even-though-this-visa-offers-permanent-residency-it-comes-with-conditi/,pages/0641-insights--visa--even-though-this-visa-offers-permanent-residency-it-comes-with-conditi.md,SOURCE REVIEW REQUIRED — no publication-ready rewrite,INVESTIGATE FURTHER,P1,metadata/0641-insights--visa--even-though-this-visa-offers-permanent-residency-it-comes-with-conditi.html,schema/0641-insights--visa--even-though-this-visa-offers-permanent-residency-it-comes-with-conditi.json,REQUIRED,NOT APPLIED
https://immigratetobrazil.com/insights/visa/every-visa-applicant-has-the-right-to-receive-a-justification/,pages/0642-insights--visa--every-visa-applicant-has-the-right-to-receive-a-justification.md,SOURCE REVIEW REQUIRED — no publication-ready rewrite,INVESTIGATE FURTHER,P1,metadata/0642-insights--visa--every-visa-applicant-has-the-right-to-receive-a-justification.html,schema/0642-insights--visa--every-visa-applicant-has-the-right-to-receive-a-justification.json,REQUIRED,NOT APPLIED
https://immigratetobrazil.com/insights/visa/expanding-a-business-into-brazil-requires-careful-planning-and-complia/,pages/0643-insights--visa--expanding-a-business-into-brazil-requires-careful-planning-and-complia.md,SOURCE REVIEW REQUIRED — no publication-ready rewrite,INVESTIGATE FURTHER,P1,metadata/0643-insights--visa--expanding-a-business-into-brazil-requires-careful-planning-and-complia.html,schema/0643-insights--visa--expanding-a-business-into-brazil-requires-careful-planning-and-complia.json,REQUIRED,NOT APPLIED
https://immigratetobrazil.com/insights/visa/explore-tax-friendly-destinations-and-optimize-your-tax-situation-whil/,pages/0644-insights--visa--explore-tax-friendly-destinations-and-optimize-your-tax-situation-whil.md,SOURCE REVIEW REQUIRED — no publication-ready rewrite,INVESTIGATE FURTHER,P1,metadata/0644-insights--visa--explore-tax-friendly-destinations-and-optimize-your-tax-situation-whil.html,schema/0644-insights--visa--explore-tax-friendly-destinations-and-optimize-your-tax-situation-whil.json,REQUIRED,NOT APPLIED
https://immigratetobrazil.com/insights/visa/for-brazilians-wishing-to-go-to-new-zealand-the-brazil-new-zealand-wor/,pages/0645-insights--visa--for-brazilians-wishing-to-go-to-new-zealand-the-brazil-new-zealand-wor.md,SOURCE REVIEW REQUIRED — no publication-ready rewrite,INVESTIGATE FURTHER,P1,metadata/0645-insights--visa--for-brazilians-wishing-to-go-to-new-zealand-the-brazil-new-zealand-wor.html,schema/0645-insights--visa--for-brazilians-wishing-to-go-to-new-zealand-the-brazil-new-zealand-wor.json,REQUIRED,NOT APPLIED
https://immigratetobrazil.com/insights/visa/for-certain-nationalities-a-visa-for-this-is-not-required/,pages/0646-insights--visa--for-certain-nationalities-a-visa-for-this-is-not-required.md,SOURCE REVIEW REQUIRED — no publication-ready rewrite,INVESTIGATE FURTHER,P1,metadata/0646-insights--visa--for-certain-nationalities-a-visa-for-this-is-not-required.html,schema/0646-insights--visa--for-certain-nationalities-a-visa-for-this-is-not-required.json,REQUIRED,NOT APPLIED
https://immigratetobrazil.com/insights/visa/for-those-planning-to-travel-to-the-united-states-to-watch-the-2026-wo/,pages/0647-insights--visa--for-those-planning-to-travel-to-the-united-states-to-watch-the-2026-wo.md,SOURCE REVIEW REQUIRED — no publication-ready rewrite,INVESTIGATE FURTHER,P1,metadata/0647-insights--visa--for-those-planning-to-travel-to-the-united-states-to-watch-the-2026-wo.html,schema/0647-insights--visa--for-those-planning-to-travel-to-the-united-states-to-watch-the-2026-wo.json,REQUIRED,NOT APPLIED
https://immigratetobrazil.com/insights/visa/foreign-nationals-who-come-to-brazil-for-research-teaching-or-academic/,pages/0648-insights--visa--foreign-nationals-who-come-to-brazil-for-research-teaching-or-academic.md,SOURCE REVIEW REQUIRED — no publication-ready rewrite,INVESTIGATE FURTHER,P1,metadata/0648-insights--visa--foreign-nationals-who-come-to-brazil-for-research-teaching-or-academic.html,schema/0648-insights--visa--foreign-nationals-who-come-to-brazil-for-research-teaching-or-academic.json,REQUIRED,NOT APPLIED
https://immigratetobrazil.com/insights/visa/hiring-foreign-workers-has-become-an-increasingly-common-practice-amon/,pages/0649-insights--visa--hiring-foreign-workers-has-become-an-increasingly-common-practice-amon.md,SOURCE REVIEW REQUIRED — no publication-ready rewrite,INVESTIGATE FURTHER,P1,metadata/0649-insights--visa--hiring-foreign-workers-has-become-an-increasingly-common-practice-amon.html,schema/0649-insights--visa--hiring-foreign-workers-has-become-an-increasingly-common-practice-amon.json,REQUIRED,NOT APPLIED
https://immigratetobrazil.com/insights/visa/i-will-be-working-remotely-in-brazil/,pages/0650-insights--visa--i-will-be-working-remotely-in-brazil.md,SOURCE REVIEW REQUIRED — no publication-ready rewrite,INVESTIGATE FURTHER,P1,metadata/0650-insights--visa--i-will-be-working-remotely-in-brazil.html,schema/0650-insights--visa--i-will-be-working-remotely-in-brazil.json,REQUIRED,NOT APPLIED
https://immigratetobrazil.com/insights/visa/if-a-person-received-a-portuguese-residence-visa-without-making-an-app/,pages/0651-insights--visa--if-a-person-received-a-portuguese-residence-visa-without-making-an-app.md,SOURCE REVIEW REQUIRED — no publication-ready rewrite,INVESTIGATE FURTHER,P1,metadata/0651-insights--visa--if-a-person-received-a-portuguese-residence-visa-without-making-an-app.html,schema/0651-insights--visa--if-a-person-received-a-portuguese-residence-visa-without-making-an-app.json,REQUIRED,NOT APPLIED
https://immigratetobrazil.com/insights/visa/if-an-artist-charges-a-fee-for-their-performance-a-work-visa-is-requir/,pages/0652-insights--visa--if-an-artist-charges-a-fee-for-their-performance-a-work-visa-is-requir.md,SOURCE REVIEW REQUIRED — no publication-ready rewrite,INVESTIGATE FURTHER,P1,metadata/0652-insights--visa--if-an-artist-charges-a-fee-for-their-performance-a-work-visa-is-requir.html,schema/0652-insights--visa--if-an-artist-charges-a-fee-for-their-performance-a-work-visa-is-requir.json,REQUIRED,NOT APPLIED
https://immigratetobrazil.com/insights/visa/if-an-investor-an-individual-is-looking-for-opportunities-and-to-be-ab/,pages/0653-insights--visa--if-an-investor-an-individual-is-looking-for-opportunities-and-to-be-ab.md,SOURCE REVIEW REQUIRED — no publication-ready rewrite,INVESTIGATE FURTHER,P1,metadata/0653-insights--visa--if-an-investor-an-individual-is-looking-for-opportunities-and-to-be-ab.html,schema/0653-insights--visa--if-an-investor-an-individual-is-looking-for-opportunities-and-to-be-ab.json,REQUIRED,NOT APPLIED
https://immigratetobrazil.com/insights/visa/if-the-brazilian-consulate-does-not-provide-a-justification-for-the-vi/,pages/0654-insights--visa--if-the-brazilian-consulate-does-not-provide-a-justification-for-the-vi.md,SOURCE REVIEW REQUIRED — no publication-ready rewrite,INVESTIGATE FURTHER,P1,metadata/0654-insights--visa--if-the-brazilian-consulate-does-not-provide-a-justification-for-the-vi.html,schema/0654-insights--visa--if-the-brazilian-consulate-does-not-provide-a-justification-for-the-vi.json,REQUIRED,NOT APPLIED
https://immigratetobrazil.com/insights/visa/if-the-couple-wishes-to-live-in-brazil-after-marriage-the-foreigner-wi/,pages/0655-insights--visa--if-the-couple-wishes-to-live-in-brazil-after-marriage-the-foreigner-wi.md,SOURCE REVIEW REQUIRED — no publication-ready rewrite,INVESTIGATE FURTHER,P1,metadata/0655-insights--visa--if-the-couple-wishes-to-live-in-brazil-after-marriage-the-foreigner-wi.html,schema/0655-insights--visa--if-the-couple-wishes-to-live-in-brazil-after-marriage-the-foreigner-wi.json,REQUIRED,NOT APPLIED
https://immigratetobrazil.com/insights/visa/if-you-are-an-investor-looking-to-reside-in-brazil-with-foreign-resour/,pages/0656-insights--visa--if-you-are-an-investor-looking-to-reside-in-brazil-with-foreign-resour.md,SOURCE REVIEW REQUIRED — no publication-ready rewrite,INVESTIGATE FURTHER,P1,metadata/0656-insights--visa--if-you-are-an-investor-looking-to-reside-in-brazil-with-foreign-resour.html,schema/0656-insights--visa--if-you-are-an-investor-looking-to-reside-in-brazil-with-foreign-resour.json,REQUIRED,NOT APPLIED
https://immigratetobrazil.com/insights/visa/if-you-arrived-in-brazil-as-a-tourist-and-want-to-stay-longer-than-ini/,pages/0657-insights--visa--if-you-arrived-in-brazil-as-a-tourist-and-want-to-stay-longer-than-ini.md,SOURCE REVIEW REQUIRED — no publication-ready rewrite,INVESTIGATE FURTHER,P1,metadata/0657-insights--visa--if-you-arrived-in-brazil-as-a-tourist-and-want-to-stay-longer-than-ini.html,schema/0657-insights--visa--if-you-arrived-in-brazil-as-a-tourist-and-want-to-stay-longer-than-ini.json,REQUIRED,NOT APPLIED
https://immigratetobrazil.com/insights/visa/if-you-arrived-in-brazil-as-a-tourist-and-wish-to-stay-longer-than-ori/,pages/0658-insights--visa--if-you-arrived-in-brazil-as-a-tourist-and-wish-to-stay-longer-than-ori.md,SOURCE REVIEW REQUIRED — no publication-ready rewrite,INVESTIGATE FURTHER,P1,metadata/0658-insights--visa--if-you-arrived-in-brazil-as-a-tourist-and-wish-to-stay-longer-than-ori.html,schema/0658-insights--visa--if-you-arrived-in-brazil-as-a-tourist-and-wish-to-stay-longer-than-ori.json,REQUIRED,NOT APPLIED
https://immigratetobrazil.com/insights/visa/if-you-currently-hold-a-temporary-residence-permit-in-brazil-and-are-w/,pages/0659-insights--visa--if-you-currently-hold-a-temporary-residence-permit-in-brazil-and-are-w.md,SOURCE REVIEW REQUIRED — no publication-ready rewrite,INVESTIGATE FURTHER,P1,metadata/0659-insights--visa--if-you-currently-hold-a-temporary-residence-permit-in-brazil-and-are-w.html,schema/0659-insights--visa--if-you-currently-hold-a-temporary-residence-permit-in-brazil-and-are-w.json,REQUIRED,NOT APPLIED
https://immigratetobrazil.com/insights/visa/if-you-hold-a-temporary-visa-or-residence-permit-it-s-imperative-to-co/,pages/0660-insights--visa--if-you-hold-a-temporary-visa-or-residence-permit-it-s-imperative-to-co.md,SOURCE REVIEW REQUIRED — no publication-ready rewrite,INVESTIGATE FURTHER,P1,metadata/0660-insights--visa--if-you-hold-a-temporary-visa-or-residence-permit-it-s-imperative-to-co.html,schema/0660-insights--visa--if-you-hold-a-temporary-visa-or-residence-permit-it-s-imperative-to-co.json,REQUIRED,NOT APPLIED
https://immigratetobrazil.com/insights/visa/if-you-hold-a-temporary-visa-or-residency-permit-it-s-imperative-to-co/,pages/0661-insights--visa--if-you-hold-a-temporary-visa-or-residency-permit-it-s-imperative-to-co.md,SOURCE REVIEW REQUIRED — no publication-ready rewrite,INVESTIGATE FURTHER,P1,metadata/0661-insights--visa--if-you-hold-a-temporary-visa-or-residency-permit-it-s-imperative-to-co.html,schema/0661-insights--visa--if-you-hold-a-temporary-visa-or-residency-permit-it-s-imperative-to-co.json,REQUIRED,NOT APPLIED
https://immigratetobrazil.com/insights/visa/if-you-re-from-one-of-the-eligible-countries-you-can-request-a-90-day-2/,pages/0662-insights--visa--if-you-re-from-one-of-the-eligible-countries-you-can-request-a-90-day-2.md,SOURCE REVIEW REQUIRED — no publication-ready rewrite,INVESTIGATE FURTHER,P1,metadata/0662-insights--visa--if-you-re-from-one-of-the-eligible-countries-you-can-request-a-90-day-2.html,schema/0662-insights--visa--if-you-re-from-one-of-the-eligible-countries-you-can-request-a-90-day-2.json,REQUIRED,NOT APPLIED
https://immigratetobrazil.com/insights/visa/if-you-re-from-one-of-the-eligible-countries-you-can-request-a-90-day/,pages/0663-insights--visa--if-you-re-from-one-of-the-eligible-countries-you-can-request-a-90-day.md,SOURCE REVIEW REQUIRED — no publication-ready rewrite,INVESTIGATE FURTHER,P1,metadata/0663-insights--visa--if-you-re-from-one-of-the-eligible-countries-you-can-request-a-90-day.html,schema/0663-insights--visa--if-you-re-from-one-of-the-eligible-countries-you-can-request-a-90-day.json,REQUIRED,NOT APPLIED
https://immigratetobrazil.com/insights/visa/if-your-american-visa-is-denied-the-first-recommended-action-is-to-loo/,pages/0664-insights--visa--if-your-american-visa-is-denied-the-first-recommended-action-is-to-loo.md,SOURCE REVIEW REQUIRED — no publication-ready rewrite,INVESTIGATE FURTHER,P1,metadata/0664-insights--visa--if-your-american-visa-is-denied-the-first-recommended-action-is-to-loo.html,schema/0664-insights--visa--if-your-american-visa-is-denied-the-first-recommended-action-is-to-loo.json,REQUIRED,NOT APPLIED
https://immigratetobrazil.com/insights/visa/if-youve-studied-in-brazil-and-are-thinking-about-staying-to-work-ther/,pages/0665-insights--visa--if-youve-studied-in-brazil-and-are-thinking-about-staying-to-work-ther.md,SOURCE REVIEW REQUIRED — no publication-ready rewrite,INVESTIGATE FURTHER,P1,metadata/0665-insights--visa--if-youve-studied-in-brazil-and-are-thinking-about-staying-to-work-ther.html,schema/0665-insights--visa--if-youve-studied-in-brazil-and-are-thinking-about-staying-to-work-ther.json,REQUIRED,NOT APPLIED
https://immigratetobrazil.com/insights/visa/immigrating-to-a-new-country-is-a-life-altering-decision-and-seeking-p/,pages/0666-insights--visa--immigrating-to-a-new-country-is-a-life-altering-decision-and-seeking-p.md,SOURCE REVIEW REQUIRED — no publication-ready rewrite,INVESTIGATE FURTHER,P1,metadata/0666-insights--visa--immigrating-to-a-new-country-is-a-life-altering-decision-and-seeking-p.html,schema/0666-insights--visa--immigrating-to-a-new-country-is-a-life-altering-decision-and-seeking-p.json,REQUIRED,NOT APPLIED
https://immigratetobrazil.com/insights/visa/immigration-planning-involves-strategic-and-thoughtful-consideration-o/,pages/0667-insights--visa--immigration-planning-involves-strategic-and-thoughtful-consideration-o.md,SOURCE REVIEW REQUIRED — no publication-ready rewrite,INVESTIGATE FURTHER,P1,metadata/0667-insights--visa--immigration-planning-involves-strategic-and-thoughtful-consideration-o.html,schema/0667-insights--visa--immigration-planning-involves-strategic-and-thoughtful-consideration-o.json,REQUIRED,NOT APPLIED
https://immigratetobrazil.com/insights/visa/in-a-prestigious-international-ranking-organized-by-the-1000-libraries/,pages/0668-insights--visa--in-a-prestigious-international-ranking-organized-by-the-1000-libraries.md,SOURCE REVIEW REQUIRED — no publication-ready rewrite,INVESTIGATE FURTHER,P1,metadata/0668-insights--visa--in-a-prestigious-international-ranking-organized-by-the-1000-libraries.html,schema/0668-insights--visa--in-a-prestigious-international-ranking-organized-by-the-1000-libraries.json,REQUIRED,NOT APPLIED
https://immigratetobrazil.com/insights/visa/in-brazil-deportation-is-an-administrative-measure-applied-to-individu/,pages/0669-insights--visa--in-brazil-deportation-is-an-administrative-measure-applied-to-individu.md,SOURCE REVIEW REQUIRED — no publication-ready rewrite,INVESTIGATE FURTHER,P1,metadata/0669-insights--visa--in-brazil-deportation-is-an-administrative-measure-applied-to-individu.html,schema/0669-insights--visa--in-brazil-deportation-is-an-administrative-measure-applied-to-individu.json,REQUIRED,NOT APPLIED
https://immigratetobrazil.com/insights/visa/in-brazil-eligible-people-holding-a-temporary-visa-have-the-opportunit/,pages/0670-insights--visa--in-brazil-eligible-people-holding-a-temporary-visa-have-the-opportunit.md,SOURCE REVIEW REQUIRED — no publication-ready rewrite,INVESTIGATE FURTHER,P1,metadata/0670-insights--visa--in-brazil-eligible-people-holding-a-temporary-visa-have-the-opportunit.html,schema/0670-insights--visa--in-brazil-eligible-people-holding-a-temporary-visa-have-the-opportunit.json,REQUIRED,NOT APPLIED
https://immigratetobrazil.com/insights/visa/in-brazil-homeschooling-is-prohibited-and-the-parents-must-go-to-the-n/,pages/0671-insights--visa--in-brazil-homeschooling-is-prohibited-and-the-parents-must-go-to-the-n.md,SOURCE REVIEW REQUIRED — no publication-ready rewrite,INVESTIGATE FURTHER,P1,metadata/0671-insights--visa--in-brazil-homeschooling-is-prohibited-and-the-parents-must-go-to-the-n.html,schema/0671-insights--visa--in-brazil-homeschooling-is-prohibited-and-the-parents-must-go-to-the-n.json,REQUIRED,NOT APPLIED
https://immigratetobrazil.com/insights/visa/in-brazil-priests-must-go-to-the-nearest-public-school-and-request-the/,pages/0672-insights--visa--in-brazil-priests-must-go-to-the-nearest-public-school-and-request-the.md,SOURCE REVIEW REQUIRED — no publication-ready rewrite,INVESTIGATE FURTHER,P1,metadata/0672-insights--visa--in-brazil-priests-must-go-to-the-nearest-public-school-and-request-the.html,schema/0672-insights--visa--in-brazil-priests-must-go-to-the-nearest-public-school-and-request-the.json,REQUIRED,NOT APPLIED
https://immigratetobrazil.com/insights/visa/in-brazil-there-are-several-types-of-work-visas-available-depending-on-2/,pages/0673-insights--visa--in-brazil-there-are-several-types-of-work-visas-available-depending-on-2.md,SOURCE REVIEW REQUIRED — no publication-ready rewrite,INVESTIGATE FURTHER,P1,metadata/0673-insights--visa--in-brazil-there-are-several-types-of-work-visas-available-depending-on-2.html,schema/0673-insights--visa--in-brazil-there-are-several-types-of-work-visas-available-depending-on-2.json,REQUIRED,NOT APPLIED
https://immigratetobrazil.com/insights/visa/in-brazil-there-are-several-types-of-work-visas-available-depending-on/,pages/0674-insights--visa--in-brazil-there-are-several-types-of-work-visas-available-depending-on.md,SOURCE REVIEW REQUIRED — no publication-ready rewrite,INVESTIGATE FURTHER,P1,metadata/0674-insights--visa--in-brazil-there-are-several-types-of-work-visas-available-depending-on.html,schema/0674-insights--visa--in-brazil-there-are-several-types-of-work-visas-available-depending-on.json,REQUIRED,NOT APPLIED
https://immigratetobrazil.com/insights/visa/in-brazilian-immigration-matters-foreign-nationals-could-apply-for-a-f/,pages/0675-insights--visa--in-brazilian-immigration-matters-foreign-nationals-could-apply-for-a-f.md,SOURCE REVIEW REQUIRED — no publication-ready rewrite,INVESTIGATE FURTHER,P1,metadata/0675-insights--visa--in-brazilian-immigration-matters-foreign-nationals-could-apply-for-a-f.html,schema/0675-insights--visa--in-brazilian-immigration-matters-foreign-nationals-could-apply-for-a-f.json,REQUIRED,NOT APPLIED
https://immigratetobrazil.com/insights/visa/in-exceptional-cases-a-brazilian-visa-application-may-be-denied-under/,pages/0676-insights--visa--in-exceptional-cases-a-brazilian-visa-application-may-be-denied-under.md,SOURCE REVIEW REQUIRED — no publication-ready rewrite,INVESTIGATE FURTHER,P1,metadata/0676-insights--visa--in-exceptional-cases-a-brazilian-visa-application-may-be-denied-under.html,schema/0676-insights--visa--in-exceptional-cases-a-brazilian-visa-application-may-be-denied-under.json,REQUIRED,NOT APPLIED
https://immigratetobrazil.com/insights/visa/in-general-many-countries-do-not-have-a-specific-dating-visa-but-offer/,pages/0677-insights--visa--in-general-many-countries-do-not-have-a-specific-dating-visa-but-offer.md,SOURCE REVIEW REQUIRED — no publication-ready rewrite,INVESTIGATE FURTHER,P1,metadata/0677-insights--visa--in-general-many-countries-do-not-have-a-specific-dating-visa-but-offer.html,schema/0677-insights--visa--in-general-many-countries-do-not-have-a-specific-dating-visa-but-offer.json,REQUIRED,NOT APPLIED
https://immigratetobrazil.com/insights/visa/in-situations-where-a-brazilian-needs-emergency-consular-assistance-ou/,pages/0678-insights--visa--in-situations-where-a-brazilian-needs-emergency-consular-assistance-ou.md,SOURCE REVIEW REQUIRED — no publication-ready rewrite,INVESTIGATE FURTHER,P1,metadata/0678-insights--visa--in-situations-where-a-brazilian-needs-emergency-consular-assistance-ou.html,schema/0678-insights--visa--in-situations-where-a-brazilian-needs-emergency-consular-assistance-ou.json,REQUIRED,NOT APPLIED
https://immigratetobrazil.com/insights/visa/in-some-cases-of-vulnerable-situations-brazilian-migration-law-waives/,pages/0679-insights--visa--in-some-cases-of-vulnerable-situations-brazilian-migration-law-waives.md,SOURCE REVIEW REQUIRED — no publication-ready rewrite,INVESTIGATE FURTHER,P1,metadata/0679-insights--visa--in-some-cases-of-vulnerable-situations-brazilian-migration-law-waives.html,schema/0679-insights--visa--in-some-cases-of-vulnerable-situations-brazilian-migration-law-waives.json,REQUIRED,NOT APPLIED
https://immigratetobrazil.com/insights/visa/individuals-seeking-to-work-in-brazil-through-a-formal-employment-rela/,pages/0680-insights--visa--individuals-seeking-to-work-in-brazil-through-a-formal-employment-rela.md,SOURCE REVIEW REQUIRED — no publication-ready rewrite,INVESTIGATE FURTHER,P1,metadata/0680-insights--visa--individuals-seeking-to-work-in-brazil-through-a-formal-employment-rela.html,schema/0680-insights--visa--individuals-seeking-to-work-in-brazil-through-a-formal-employment-rela.json,REQUIRED,NOT APPLIED
https://immigratetobrazil.com/insights/visa/it-can-be-possible-to-bring-a-companion-to-brazil-on-a-health-treatmen/,pages/0681-insights--visa--it-can-be-possible-to-bring-a-companion-to-brazil-on-a-health-treatmen.md,SOURCE REVIEW REQUIRED — no publication-ready rewrite,INVESTIGATE FURTHER,P1,metadata/0681-insights--visa--it-can-be-possible-to-bring-a-companion-to-brazil-on-a-health-treatmen.html,schema/0681-insights--visa--it-can-be-possible-to-bring-a-companion-to-brazil-on-a-health-treatmen.json,REQUIRED,NOT APPLIED
https://immigratetobrazil.com/insights/visa/it-is-not-necessary-in-cases-of-a-stopover-or-connecting-flight-in-bra/,pages/0682-insights--visa--it-is-not-necessary-in-cases-of-a-stopover-or-connecting-flight-in-bra.md,SOURCE REVIEW REQUIRED — no publication-ready rewrite,INVESTIGATE FURTHER,P1,metadata/0682-insights--visa--it-is-not-necessary-in-cases-of-a-stopover-or-connecting-flight-in-bra.html,schema/0682-insights--visa--it-is-not-necessary-in-cases-of-a-stopover-or-connecting-flight-in-bra.json,REQUIRED,NOT APPLIED
https://immigratetobrazil.com/insights/visa/it-is-now-possible-to-apply-for-a-digital-nomad-visa-for-italy/,pages/0683-insights--visa--it-is-now-possible-to-apply-for-a-digital-nomad-visa-for-italy.md,SOURCE REVIEW REQUIRED — no publication-ready rewrite,INVESTIGATE FURTHER,P1,metadata/0683-insights--visa--it-is-now-possible-to-apply-for-a-digital-nomad-visa-for-italy.html,schema/0683-insights--visa--it-is-now-possible-to-apply-for-a-digital-nomad-visa-for-italy.json,REQUIRED,NOT APPLIED
https://immigratetobrazil.com/insights/visa/it-is-possible-for-a-foreign-person-to-purchase-property-in-brazil-but/,pages/0684-insights--visa--it-is-possible-for-a-foreign-person-to-purchase-property-in-brazil-but.md,SOURCE REVIEW REQUIRED — no publication-ready rewrite,INVESTIGATE FURTHER,P1,metadata/0684-insights--visa--it-is-possible-for-a-foreign-person-to-purchase-property-in-brazil-but.html,schema/0684-insights--visa--it-is-possible-for-a-foreign-person-to-purchase-property-in-brazil-but.json,REQUIRED,NOT APPLIED
https://immigratetobrazil.com/insights/visa/it-is-possible-to-bring-a-companion-to-brazil-with-a-health-treatment/,pages/0685-insights--visa--it-is-possible-to-bring-a-companion-to-brazil-with-a-health-treatment.md,SOURCE REVIEW REQUIRED — no publication-ready rewrite,INVESTIGATE FURTHER,P1,metadata/0685-insights--visa--it-is-possible-to-bring-a-companion-to-brazil-with-a-health-treatment.html,schema/0685-insights--visa--it-is-possible-to-bring-a-companion-to-brazil-with-a-health-treatment.json,REQUIRED,NOT APPLIED
https://immigratetobrazil.com/insights/visa/it-is-possible-to-go-to-brazil-as-a-tourist-and-get-married-or-recogni/,pages/0686-insights--visa--it-is-possible-to-go-to-brazil-as-a-tourist-and-get-married-or-recogni.md,SOURCE REVIEW REQUIRED — no publication-ready rewrite,INVESTIGATE FURTHER,P1,metadata/0686-insights--visa--it-is-possible-to-go-to-brazil-as-a-tourist-and-get-married-or-recogni.html,schema/0686-insights--visa--it-is-possible-to-go-to-brazil-as-a-tourist-and-get-married-or-recogni.json,REQUIRED,NOT APPLIED
https://immigratetobrazil.com/insights/visa/japan-has-announced-measures-to-attract-digital-nomads-aligning-with-a/,pages/0687-insights--visa--japan-has-announced-measures-to-attract-digital-nomads-aligning-with-a.md,SOURCE REVIEW REQUIRED — no publication-ready rewrite,INVESTIGATE FURTHER,P1,metadata/0687-insights--visa--japan-has-announced-measures-to-attract-digital-nomads-aligning-with-a.html,schema/0687-insights--visa--japan-has-announced-measures-to-attract-digital-nomads-aligning-with-a.json,REQUIRED,NOT APPLIED
https://immigratetobrazil.com/insights/visa/legal-guidance-eligibility-requirements-and-filing-steps/,pages/0688-insights--visa--legal-guidance-eligibility-requirements-and-filing-steps.md,SOURCE REVIEW REQUIRED — no publication-ready rewrite,INVESTIGATE FURTHER,P1,metadata/0688-insights--visa--legal-guidance-eligibility-requirements-and-filing-steps.html,schema/0688-insights--visa--legal-guidance-eligibility-requirements-and-filing-steps.json,REQUIRED,NOT APPLIED
https://immigratetobrazil.com/insights/visa/many-people-risk-staying-in-portugal-with-just-a-tourist-visa-and-then/,pages/0689-insights--visa--many-people-risk-staying-in-portugal-with-just-a-tourist-visa-and-then.md,SOURCE REVIEW REQUIRED — no publication-ready rewrite,INVESTIGATE FURTHER,P1,metadata/0689-insights--visa--many-people-risk-staying-in-portugal-with-just-a-tourist-visa-and-then.html,schema/0689-insights--visa--many-people-risk-staying-in-portugal-with-just-a-tourist-visa-and-then.json,REQUIRED,NOT APPLIED
https://immigratetobrazil.com/insights/visa/may-5th-is-celebrated-as-portuguese-language-and-lusophone-culture-day/,pages/0690-insights--visa--may-5th-is-celebrated-as-portuguese-language-and-lusophone-culture-day.md,SOURCE REVIEW REQUIRED — no publication-ready rewrite,INVESTIGATE FURTHER,P1,metadata/0690-insights--visa--may-5th-is-celebrated-as-portuguese-language-and-lusophone-culture-day.html,schema/0690-insights--visa--may-5th-is-celebrated-as-portuguese-language-and-lusophone-culture-day.json,REQUIRED,NOT APPLIED
https://immigratetobrazil.com/insights/visa/my-immigrant-id-card-is-valid-until-2030-but-my-civil-partnership-has/,pages/0691-insights--visa--my-immigrant-id-card-is-valid-until-2030-but-my-civil-partnership-has.md,SOURCE REVIEW REQUIRED — no publication-ready rewrite,INVESTIGATE FURTHER,P1,metadata/0691-insights--visa--my-immigrant-id-card-is-valid-until-2030-but-my-civil-partnership-has.html,schema/0691-insights--visa--my-immigrant-id-card-is-valid-until-2030-but-my-civil-partnership-has.json,REQUIRED,NOT APPLIED
https://immigratetobrazil.com/insights/visa/news-visa-fees-for-the-usa-will-become-more-expensive-from-may-30th-to/,pages/0692-insights--visa--news-visa-fees-for-the-usa-will-become-more-expensive-from-may-30th-to.md,SOURCE REVIEW REQUIRED — no publication-ready rewrite,INVESTIGATE FURTHER,P1,metadata/0692-insights--visa--news-visa-fees-for-the-usa-will-become-more-expensive-from-may-30th-to.html,schema/0692-insights--visa--news-visa-fees-for-the-usa-will-become-more-expensive-from-may-30th-to.json,REQUIRED,NOT APPLIED
https://immigratetobrazil.com/insights/visa/no-a-work-visa-requires-prior-approval-from-the-brazilian-ministry-of/,pages/0693-insights--visa--no-a-work-visa-requires-prior-approval-from-the-brazilian-ministry-of.md,SOURCE REVIEW REQUIRED — no publication-ready rewrite,INVESTIGATE FURTHER,P1,metadata/0693-insights--visa--no-a-work-visa-requires-prior-approval-from-the-brazilian-ministry-of.html,schema/0693-insights--visa--no-a-work-visa-requires-prior-approval-from-the-brazilian-ministry-of.json,REQUIRED,NOT APPLIED
https://immigratetobrazil.com/insights/visa/no-dependents-can-arrive-with-or-after-the-main-visa-holder-in-the-usa/,pages/0694-insights--visa--no-dependents-can-arrive-with-or-after-the-main-visa-holder-in-the-usa.md,SOURCE REVIEW REQUIRED — no publication-ready rewrite,INVESTIGATE FURTHER,P1,metadata/0694-insights--visa--no-dependents-can-arrive-with-or-after-the-main-visa-holder-in-the-usa.html,schema/0694-insights--visa--no-dependents-can-arrive-with-or-after-the-main-visa-holder-in-the-usa.json,REQUIRED,NOT APPLIED
https://immigratetobrazil.com/insights/visa/not-everything-is-what-it-seems-especially-in-brazilian-cuisine/,pages/0695-insights--visa--not-everything-is-what-it-seems-especially-in-brazilian-cuisine.md,SOURCE REVIEW REQUIRED — no publication-ready rewrite,INVESTIGATE FURTHER,P1,metadata/0695-insights--visa--not-everything-is-what-it-seems-especially-in-brazilian-cuisine.html,schema/0695-insights--visa--not-everything-is-what-it-seems-especially-in-brazilian-cuisine.json,REQUIRED,NOT APPLIED
https://immigratetobrazil.com/insights/visa/nowadays-technology-allows-us-to-work-from-anywhere-in-the-world/,pages/0696-insights--visa--nowadays-technology-allows-us-to-work-from-anywhere-in-the-world.md,SOURCE REVIEW REQUIRED — no publication-ready rewrite,INVESTIGATE FURTHER,P1,metadata/0696-insights--visa--nowadays-technology-allows-us-to-work-from-anywhere-in-the-world.html,schema/0696-insights--visa--nowadays-technology-allows-us-to-work-from-anywhere-in-the-world.json,REQUIRED,NOT APPLIED
https://immigratetobrazil.com/insights/visa/obtaining-a-permanent-residence-permit-indefinite-period-in-brazil-is/,pages/0697-insights--visa--obtaining-a-permanent-residence-permit-indefinite-period-in-brazil-is.md,SOURCE REVIEW REQUIRED — no publication-ready rewrite,INVESTIGATE FURTHER,P1,metadata/0697-insights--visa--obtaining-a-permanent-residence-permit-indefinite-period-in-brazil-is.html,schema/0697-insights--visa--obtaining-a-permanent-residence-permit-indefinite-period-in-brazil-is.json,REQUIRED,NOT APPLIED
https://immigratetobrazil.com/insights/visa/obtaining-a-residency-permit-as-a-retiree-or-pensioner-in-brazil-provi/,pages/0698-insights--visa--obtaining-a-residency-permit-as-a-retiree-or-pensioner-in-brazil-provi.md,SOURCE REVIEW REQUIRED — no publication-ready rewrite,INVESTIGATE FURTHER,P1,metadata/0698-insights--visa--obtaining-a-residency-permit-as-a-retiree-or-pensioner-in-brazil-provi.html,schema/0698-insights--visa--obtaining-a-residency-permit-as-a-retiree-or-pensioner-in-brazil-provi.json,REQUIRED,NOT APPLIED
https://immigratetobrazil.com/insights/visa/obtaining-a-student-visa-to-be-an-exchange-student-in-brazil-offers-a/,pages/0699-insights--visa--obtaining-a-student-visa-to-be-an-exchange-student-in-brazil-offers-a.md,SOURCE REVIEW REQUIRED — no publication-ready rewrite,INVESTIGATE FURTHER,P1,metadata/0699-insights--visa--obtaining-a-student-visa-to-be-an-exchange-student-in-brazil-offers-a.html,schema/0699-insights--visa--obtaining-a-student-visa-to-be-an-exchange-student-in-brazil-offers-a.json,REQUIRED,NOT APPLIED
https://immigratetobrazil.com/insights/visa/obtaining-an-immigrant-identity-card-rnm-is-extremely-important-for-im/,pages/0700-insights--visa--obtaining-an-immigrant-identity-card-rnm-is-extremely-important-for-im.md,SOURCE REVIEW REQUIRED — no publication-ready rewrite,INVESTIGATE FURTHER,P1,metadata/0700-insights--visa--obtaining-an-immigrant-identity-card-rnm-is-extremely-important-for-im.html,schema/0700-insights--visa--obtaining-an-immigrant-identity-card-rnm-is-extremely-important-for-im.json,REQUIRED,NOT APPLIED
https://immigratetobrazil.com/insights/visa/people-who-exceed-the-legal-period-of-stay-in-brazil-either-by-oversta/,pages/0701-insights--visa--people-who-exceed-the-legal-period-of-stay-in-brazil-either-by-oversta.md,SOURCE REVIEW REQUIRED — no publication-ready rewrite,INVESTIGATE FURTHER,P1,metadata/0701-insights--visa--people-who-exceed-the-legal-period-of-stay-in-brazil-either-by-oversta.html,schema/0701-insights--visa--people-who-exceed-the-legal-period-of-stay-in-brazil-either-by-oversta.json,REQUIRED,NOT APPLIED
https://immigratetobrazil.com/insights/visa/permanent-residency-through-the-investor-visa-individual-investment-in/,pages/0702-insights--visa--permanent-residency-through-the-investor-visa-individual-investment-in.md,SOURCE REVIEW REQUIRED — no publication-ready rewrite,INVESTIGATE FURTHER,P1,metadata/0702-insights--visa--permanent-residency-through-the-investor-visa-individual-investment-in.html,schema/0702-insights--visa--permanent-residency-through-the-investor-visa-individual-investment-in.json,REQUIRED,NOT APPLIED
https://immigratetobrazil.com/insights/visa/premium-processing-is-a-service-offered-by-the-us-immigration-agency-t/,pages/0703-insights--visa--premium-processing-is-a-service-offered-by-the-us-immigration-agency-t.md,SOURCE REVIEW REQUIRED — no publication-ready rewrite,INVESTIGATE FURTHER,P1,metadata/0703-insights--visa--premium-processing-is-a-service-offered-by-the-us-immigration-agency-t.html,schema/0703-insights--visa--premium-processing-is-a-service-offered-by-the-us-immigration-agency-t.json,REQUIRED,NOT APPLIED
https://immigratetobrazil.com/insights/visa/professionals-can-have-the-eb2-niw-visa-as-a-gateway-to-continue-their/,pages/0704-insights--visa--professionals-can-have-the-eb2-niw-visa-as-a-gateway-to-continue-their.md,SOURCE REVIEW REQUIRED — no publication-ready rewrite,INVESTIGATE FURTHER,P1,metadata/0704-insights--visa--professionals-can-have-the-eb2-niw-visa-as-a-gateway-to-continue-their.html,schema/0704-insights--visa--professionals-can-have-the-eb2-niw-visa-as-a-gateway-to-continue-their.json,REQUIRED,NOT APPLIED
https://immigratetobrazil.com/insights/visa/qualified-professionals-can-use-the-eb2-niw-visa-as-a-gateway-to-conti/,pages/0705-insights--visa--qualified-professionals-can-use-the-eb2-niw-visa-as-a-gateway-to-conti.md,SOURCE REVIEW REQUIRED — no publication-ready rewrite,INVESTIGATE FURTHER,P1,metadata/0705-insights--visa--qualified-professionals-can-use-the-eb2-niw-visa-as-a-gateway-to-conti.html,schema/0705-insights--visa--qualified-professionals-can-use-the-eb2-niw-visa-as-a-gateway-to-conti.json,REQUIRED,NOT APPLIED
https://immigratetobrazil.com/insights/visa/repatriation-also-known-as-national-recovery-operation-represents-the/,pages/0706-insights--visa--repatriation-also-known-as-national-recovery-operation-represents-the.md,SOURCE REVIEW REQUIRED — no publication-ready rewrite,INVESTIGATE FURTHER,P1,metadata/0706-insights--visa--repatriation-also-known-as-national-recovery-operation-represents-the.html,schema/0706-insights--visa--repatriation-also-known-as-national-recovery-operation-represents-the.json,REQUIRED,NOT APPLIED
https://immigratetobrazil.com/insights/visa/retirees-and-pensioners-who-want-to-live-in-brazil-can-request-a-tempo/,pages/0707-insights--visa--retirees-and-pensioners-who-want-to-live-in-brazil-can-request-a-tempo.md,SOURCE REVIEW REQUIRED — no publication-ready rewrite,INVESTIGATE FURTHER,P1,metadata/0707-insights--visa--retirees-and-pensioners-who-want-to-live-in-brazil-can-request-a-tempo.html,schema/0707-insights--visa--retirees-and-pensioners-who-want-to-live-in-brazil-can-request-a-tempo.json,REQUIRED,NOT APPLIED
https://immigratetobrazil.com/insights/visa/rio-de-janeiro-has-recently-been-named-the-world-s-top-destination-for/,pages/0708-insights--visa--rio-de-janeiro-has-recently-been-named-the-world-s-top-destination-for.md,SOURCE REVIEW REQUIRED — no publication-ready rewrite,INVESTIGATE FURTHER,P1,metadata/0708-insights--visa--rio-de-janeiro-has-recently-been-named-the-world-s-top-destination-for.html,schema/0708-insights--visa--rio-de-janeiro-has-recently-been-named-the-world-s-top-destination-for.json,REQUIRED,NOT APPLIED
https://immigratetobrazil.com/insights/visa/since-april-10-2025-tourists-from-the-united-states-canada-and-austral/,pages/0709-insights--visa--since-april-10-2025-tourists-from-the-united-states-canada-and-austral.md,SOURCE REVIEW REQUIRED — no publication-ready rewrite,INVESTIGATE FURTHER,P1,metadata/0709-insights--visa--since-april-10-2025-tourists-from-the-united-states-canada-and-austral.html,schema/0709-insights--visa--since-april-10-2025-tourists-from-the-united-states-canada-and-austral.json,REQUIRED,NOT APPLIED
https://immigratetobrazil.com/insights/visa/technical-completion-involves-legal-analysis-of-the-rules-and-circumst/,pages/0710-insights--visa--technical-completion-involves-legal-analysis-of-the-rules-and-circumst.md,SOURCE REVIEW REQUIRED — no publication-ready rewrite,INVESTIGATE FURTHER,P1,metadata/0710-insights--visa--technical-completion-involves-legal-analysis-of-the-rules-and-circumst.html,schema/0710-insights--visa--technical-completion-involves-legal-analysis-of-the-rules-and-circumst.json,REQUIRED,NOT APPLIED
https://immigratetobrazil.com/insights/visa/the-american-visa-interview-aims-to-assess-whether-you-are-a-qualified/,pages/0711-insights--visa--the-american-visa-interview-aims-to-assess-whether-you-are-a-qualified.md,SOURCE REVIEW REQUIRED — no publication-ready rewrite,INVESTIGATE FURTHER,P1,metadata/0711-insights--visa--the-american-visa-interview-aims-to-assess-whether-you-are-a-qualified.html,schema/0711-insights--visa--the-american-visa-interview-aims-to-assess-whether-you-are-a-qualified.json,REQUIRED,NOT APPLIED
https://immigratetobrazil.com/insights/visa/the-authorization-of-indefinite-term-residence-in-brazil-can-be-obtain/,pages/0712-insights--visa--the-authorization-of-indefinite-term-residence-in-brazil-can-be-obtain.md,SOURCE REVIEW REQUIRED — no publication-ready rewrite,INVESTIGATE FURTHER,P1,metadata/0712-insights--visa--the-authorization-of-indefinite-term-residence-in-brazil-can-be-obtain.html,schema/0712-insights--visa--the-authorization-of-indefinite-term-residence-in-brazil-can-be-obtain.json,REQUIRED,NOT APPLIED
https://immigratetobrazil.com/insights/visa/the-biggest-cause-of-losing-an-irish-student-visa-is-when-the-immigran/,pages/0713-insights--visa--the-biggest-cause-of-losing-an-irish-student-visa-is-when-the-immigran.md,SOURCE REVIEW REQUIRED — no publication-ready rewrite,INVESTIGATE FURTHER,P1,metadata/0713-insights--visa--the-biggest-cause-of-losing-an-irish-student-visa-is-when-the-immigran.html,schema/0713-insights--visa--the-biggest-cause-of-losing-an-irish-student-visa-is-when-the-immigran.json,REQUIRED,NOT APPLIED
https://immigratetobrazil.com/insights/visa/the-brazilian-retirement-visa-is-an-excellent-choice-for-retirees-and/,pages/0714-insights--visa--the-brazilian-retirement-visa-is-an-excellent-choice-for-retirees-and.md,SOURCE REVIEW REQUIRED — no publication-ready rewrite,INVESTIGATE FURTHER,P1,metadata/0714-insights--visa--the-brazilian-retirement-visa-is-an-excellent-choice-for-retirees-and.html,schema/0714-insights--visa--the-brazilian-retirement-visa-is-an-excellent-choice-for-retirees-and.json,REQUIRED,NOT APPLIED
https://immigratetobrazil.com/insights/visa/the-brazilian-visa-for-digital-nomads-allows-you-to-stay-for-up-to-one/,pages/0715-insights--visa--the-brazilian-visa-for-digital-nomads-allows-you-to-stay-for-up-to-one.md,SOURCE REVIEW REQUIRED — no publication-ready rewrite,INVESTIGATE FURTHER,P1,metadata/0715-insights--visa--the-brazilian-visa-for-digital-nomads-allows-you-to-stay-for-up-to-one.html,schema/0715-insights--visa--the-brazilian-visa-for-digital-nomads-allows-you-to-stay-for-up-to-one.json,REQUIRED,NOT APPLIED
https://immigratetobrazil.com/insights/visa/the-brazilian-work-visa-for-employment-is-granted-to-foreign-nationals/,pages/0716-insights--visa--the-brazilian-work-visa-for-employment-is-granted-to-foreign-nationals.md,SOURCE REVIEW REQUIRED — no publication-ready rewrite,INVESTIGATE FURTHER,P1,metadata/0716-insights--visa--the-brazilian-work-visa-for-employment-is-granted-to-foreign-nationals.html,schema/0716-insights--visa--the-brazilian-work-visa-for-employment-is-granted-to-foreign-nationals.json,REQUIRED,NOT APPLIED
https://immigratetobrazil.com/insights/visa/the-cplp-community-of-portuguese-speaking-countries-visa-is-an-option/,pages/0717-insights--visa--the-cplp-community-of-portuguese-speaking-countries-visa-is-an-option.md,SOURCE REVIEW REQUIRED — no publication-ready rewrite,INVESTIGATE FURTHER,P1,metadata/0717-insights--visa--the-cplp-community-of-portuguese-speaking-countries-visa-is-an-option.html,schema/0717-insights--visa--the-cplp-community-of-portuguese-speaking-countries-visa-is-an-option.json,REQUIRED,NOT APPLIED
https://immigratetobrazil.com/insights/visa/the-cplp-temporary-residence-visa-is-intended-for-citizens-of-the-coun/,pages/0718-insights--visa--the-cplp-temporary-residence-visa-is-intended-for-citizens-of-the-coun.md,SOURCE REVIEW REQUIRED — no publication-ready rewrite,INVESTIGATE FURTHER,P1,metadata/0718-insights--visa--the-cplp-temporary-residence-visa-is-intended-for-citizens-of-the-coun.html,schema/0718-insights--visa--the-cplp-temporary-residence-visa-is-intended-for-citizens-of-the-coun.json,REQUIRED,NOT APPLIED
https://immigratetobrazil.com/insights/visa/the-deadline-for-visa-requirements-for-citizens-of-australia-canada-an/,pages/0719-insights--visa--the-deadline-for-visa-requirements-for-citizens-of-australia-canada-an.md,SOURCE REVIEW REQUIRED — no publication-ready rewrite,INVESTIGATE FURTHER,P1,metadata/0719-insights--visa--the-deadline-for-visa-requirements-for-citizens-of-australia-canada-an.html,schema/0719-insights--visa--the-deadline-for-visa-requirements-for-citizens-of-australia-canada-an.json,REQUIRED,NOT APPLIED
https://immigratetobrazil.com/insights/visa/the-duration-for-which-a-foreigner-can-be-absent-from-the-country-with/,pages/0720-insights--visa--the-duration-for-which-a-foreigner-can-be-absent-from-the-country-with.md,SOURCE REVIEW REQUIRED — no publication-ready rewrite,INVESTIGATE FURTHER,P1,metadata/0720-insights--visa--the-duration-for-which-a-foreigner-can-be-absent-from-the-country-with.html,schema/0720-insights--visa--the-duration-for-which-a-foreigner-can-be-absent-from-the-country-with.json,REQUIRED,NOT APPLIED
https://immigratetobrazil.com/insights/visa/the-eb-2-niw-national-interest-waiver-visa-is-not-limited-exclusively/,pages/0721-insights--visa--the-eb-2-niw-national-interest-waiver-visa-is-not-limited-exclusively.md,SOURCE REVIEW REQUIRED — no publication-ready rewrite,INVESTIGATE FURTHER,P1,metadata/0721-insights--visa--the-eb-2-niw-national-interest-waiver-visa-is-not-limited-exclusively.html,schema/0721-insights--visa--the-eb-2-niw-national-interest-waiver-visa-is-not-limited-exclusively.json,REQUIRED,NOT APPLIED
https://immigratetobrazil.com/insights/visa/the-eb2-niw-visa-is-a-great-opportunity-to-internationalize-your-caree/,pages/0722-insights--visa--the-eb2-niw-visa-is-a-great-opportunity-to-internationalize-your-caree.md,SOURCE REVIEW REQUIRED — no publication-ready rewrite,INVESTIGATE FURTHER,P1,metadata/0722-insights--visa--the-eb2-niw-visa-is-a-great-opportunity-to-internationalize-your-caree.html,schema/0722-insights--visa--the-eb2-niw-visa-is-a-great-opportunity-to-internationalize-your-caree.json,REQUIRED,NOT APPLIED
https://immigratetobrazil.com/insights/visa/the-end-of-the-expression-of-interest-for-immigrants-in-portugal-marks/,pages/0723-insights--visa--the-end-of-the-expression-of-interest-for-immigrants-in-portugal-marks.md,SOURCE REVIEW REQUIRED — no publication-ready rewrite,INVESTIGATE FURTHER,P1,metadata/0723-insights--visa--the-end-of-the-expression-of-interest-for-immigrants-in-portugal-marks.html,schema/0723-insights--visa--the-end-of-the-expression-of-interest-for-immigrants-in-portugal-marks.json,REQUIRED,NOT APPLIED
https://immigratetobrazil.com/insights/visa/the-future-fee-for-travelers-entering-europe-known-as-etias-had-its-la/,pages/0724-insights--visa--the-future-fee-for-travelers-entering-europe-known-as-etias-had-its-la.md,SOURCE REVIEW REQUIRED — no publication-ready rewrite,INVESTIGATE FURTHER,P1,metadata/0724-insights--visa--the-future-fee-for-travelers-entering-europe-known-as-etias-had-its-la.html,schema/0724-insights--visa--the-future-fee-for-travelers-entering-europe-known-as-etias-had-its-la.json,REQUIRED,NOT APPLIED
https://immigratetobrazil.com/insights/visa/the-granting-of-a-religious-visa-can-be-issued-to-a-foreign-national-e/,pages/0725-insights--visa--the-granting-of-a-religious-visa-can-be-issued-to-a-foreign-national-e.md,SOURCE REVIEW REQUIRED — no publication-ready rewrite,INVESTIGATE FURTHER,P1,metadata/0725-insights--visa--the-granting-of-a-religious-visa-can-be-issued-to-a-foreign-national-e.html,schema/0725-insights--visa--the-granting-of-a-religious-visa-can-be-issued-to-a-foreign-national-e.json,REQUIRED,NOT APPLIED
https://immigratetobrazil.com/insights/visa/the-holiday-work-visa-program-between-brazil-and-new-zealand-offers-ne/,pages/0726-insights--visa--the-holiday-work-visa-program-between-brazil-and-new-zealand-offers-ne.md,SOURCE REVIEW REQUIRED — no publication-ready rewrite,INVESTIGATE FURTHER,P1,metadata/0726-insights--visa--the-holiday-work-visa-program-between-brazil-and-new-zealand-offers-ne.html,schema/0726-insights--visa--the-holiday-work-visa-program-between-brazil-and-new-zealand-offers-ne.json,REQUIRED,NOT APPLIED
https://immigratetobrazil.com/insights/visa/the-importance-of-getting-legal-guidance-from-a-lawyer-in-travel-and-i/,pages/0727-insights--visa--the-importance-of-getting-legal-guidance-from-a-lawyer-in-travel-and-i.md,SOURCE REVIEW REQUIRED — no publication-ready rewrite,INVESTIGATE FURTHER,P1,metadata/0727-insights--visa--the-importance-of-getting-legal-guidance-from-a-lawyer-in-travel-and-i.html,schema/0727-insights--visa--the-importance-of-getting-legal-guidance-from-a-lawyer-in-travel-and-i.json,REQUIRED,NOT APPLIED
https://immigratetobrazil.com/insights/visa/the-initial-projection-indicated-that-visa-requirements-for-citizens-o-2/,pages/0728-insights--visa--the-initial-projection-indicated-that-visa-requirements-for-citizens-o-2.md,SOURCE REVIEW REQUIRED — no publication-ready rewrite,INVESTIGATE FURTHER,P1,metadata/0728-insights--visa--the-initial-projection-indicated-that-visa-requirements-for-citizens-o-2.html,schema/0728-insights--visa--the-initial-projection-indicated-that-visa-requirements-for-citizens-o-2.json,REQUIRED,NOT APPLIED
https://immigratetobrazil.com/insights/visa/the-initial-projection-indicated-that-visa-requirements-for-citizens-o/,pages/0729-insights--visa--the-initial-projection-indicated-that-visa-requirements-for-citizens-o.md,SOURCE REVIEW REQUIRED — no publication-ready rewrite,INVESTIGATE FURTHER,P1,metadata/0729-insights--visa--the-initial-projection-indicated-that-visa-requirements-for-citizens-o.html,schema/0729-insights--visa--the-initial-projection-indicated-that-visa-requirements-for-citizens-o.json,REQUIRED,NOT APPLIED
https://immigratetobrazil.com/insights/visa/the-international-immunisation-certificate-is-necessary-for-individual/,pages/0730-insights--visa--the-international-immunisation-certificate-is-necessary-for-individual.md,SOURCE REVIEW REQUIRED — no publication-ready rewrite,INVESTIGATE FURTHER,P1,metadata/0730-insights--visa--the-international-immunisation-certificate-is-necessary-for-individual.html,schema/0730-insights--visa--the-international-immunisation-certificate-is-necessary-for-individual.json,REQUIRED,NOT APPLIED
https://immigratetobrazil.com/insights/visa/the-interview-for-the-american-visa-in-brazil-is-carried-out-in-portug/,pages/0731-insights--visa--the-interview-for-the-american-visa-in-brazil-is-carried-out-in-portug.md,SOURCE REVIEW REQUIRED — no publication-ready rewrite,INVESTIGATE FURTHER,P1,metadata/0731-insights--visa--the-interview-for-the-american-visa-in-brazil-is-carried-out-in-portug.html,schema/0731-insights--visa--the-interview-for-the-american-visa-in-brazil-is-carried-out-in-portug.json,REQUIRED,NOT APPLIED
https://immigratetobrazil.com/insights/visa/the-japanese-immigration-service-has-announced-a-new-visa-the-digital/,pages/0732-insights--visa--the-japanese-immigration-service-has-announced-a-new-visa-the-digital.md,SOURCE REVIEW REQUIRED — no publication-ready rewrite,INVESTIGATE FURTHER,P1,metadata/0732-insights--visa--the-japanese-immigration-service-has-announced-a-new-visa-the-digital.html,schema/0732-insights--visa--the-japanese-immigration-service-has-announced-a-new-visa-the-digital.json,REQUIRED,NOT APPLIED
https://immigratetobrazil.com/insights/visa/the-joint-family-visa-for-spouses-and-partners-in-a-recognized-stable/,pages/0733-insights--visa--the-joint-family-visa-for-spouses-and-partners-in-a-recognized-stable.md,SOURCE REVIEW REQUIRED — no publication-ready rewrite,INVESTIGATE FURTHER,P1,metadata/0733-insights--visa--the-joint-family-visa-for-spouses-and-partners-in-a-recognized-stable.html,schema/0733-insights--visa--the-joint-family-visa-for-spouses-and-partners-in-a-recognized-stable.json,REQUIRED,NOT APPLIED
https://immigratetobrazil.com/insights/visa/the-k-1-visa-is-intended-for-foreign-fiances-of-united-states-citizens/,pages/0734-insights--visa--the-k-1-visa-is-intended-for-foreign-fiances-of-united-states-citizens.md,SOURCE REVIEW REQUIRED — no publication-ready rewrite,INVESTIGATE FURTHER,P1,metadata/0734-insights--visa--the-k-1-visa-is-intended-for-foreign-fiances-of-united-states-citizens.html,schema/0734-insights--visa--the-k-1-visa-is-intended-for-foreign-fiances-of-united-states-citizens.json,REQUIRED,NOT APPLIED
https://immigratetobrazil.com/insights/visa/the-legislation-outlines-the-specific-functions-and-sets-forth-several/,pages/0735-insights--visa--the-legislation-outlines-the-specific-functions-and-sets-forth-several.md,SOURCE REVIEW REQUIRED — no publication-ready rewrite,INVESTIGATE FURTHER,P1,metadata/0735-insights--visa--the-legislation-outlines-the-specific-functions-and-sets-forth-several.html,schema/0735-insights--visa--the-legislation-outlines-the-specific-functions-and-sets-forth-several.json,REQUIRED,NOT APPLIED
https://immigratetobrazil.com/insights/visa/the-main-hypotheses-are-travel-document-that-is-not-valid-for-brazil-t/,pages/0736-insights--visa--the-main-hypotheses-are-travel-document-that-is-not-valid-for-brazil-t.md,SOURCE REVIEW REQUIRED — no publication-ready rewrite,INVESTIGATE FURTHER,P1,metadata/0736-insights--visa--the-main-hypotheses-are-travel-document-that-is-not-valid-for-brazil-t.html,schema/0736-insights--visa--the-main-hypotheses-are-travel-document-that-is-not-valid-for-brazil-t.json,REQUIRED,NOT APPLIED
https://immigratetobrazil.com/insights/visa/the-recent-interministerial-ordinance-represents-a-significant-advance/,pages/0737-insights--visa--the-recent-interministerial-ordinance-represents-a-significant-advance.md,SOURCE REVIEW REQUIRED — no publication-ready rewrite,INVESTIGATE FURTHER,P1,metadata/0737-insights--visa--the-recent-interministerial-ordinance-represents-a-significant-advance.html,schema/0737-insights--visa--the-recent-interministerial-ordinance-represents-a-significant-advance.json,REQUIRED,NOT APPLIED
https://immigratetobrazil.com/insights/visa/the-residence-permit-for-an-indefinite-period-in-brazil-can-be-obtaine/,pages/0738-insights--visa--the-residence-permit-for-an-indefinite-period-in-brazil-can-be-obtaine.md,SOURCE REVIEW REQUIRED — no publication-ready rewrite,INVESTIGATE FURTHER,P1,metadata/0738-insights--visa--the-residence-permit-for-an-indefinite-period-in-brazil-can-be-obtaine.html,schema/0738-insights--visa--the-residence-permit-for-an-indefinite-period-in-brazil-can-be-obtaine.json,REQUIRED,NOT APPLIED
https://immigratetobrazil.com/insights/visa/the-retirement-visa-for-brazil-is-designed-for-individuals-who-wish-to/,pages/0739-insights--visa--the-retirement-visa-for-brazil-is-designed-for-individuals-who-wish-to.md,SOURCE REVIEW REQUIRED — no publication-ready rewrite,INVESTIGATE FURTHER,P1,metadata/0739-insights--visa--the-retirement-visa-for-brazil-is-designed-for-individuals-who-wish-to.html,schema/0739-insights--visa--the-retirement-visa-for-brazil-is-designed-for-individuals-who-wish-to.json,REQUIRED,NOT APPLIED
https://immigratetobrazil.com/insights/visa/the-retirement-visa-for-brazil-is-intended-for-individuals-who-wish-to/,pages/0740-insights--visa--the-retirement-visa-for-brazil-is-intended-for-individuals-who-wish-to.md,SOURCE REVIEW REQUIRED — no publication-ready rewrite,INVESTIGATE FURTHER,P1,metadata/0740-insights--visa--the-retirement-visa-for-brazil-is-intended-for-individuals-who-wish-to.html,schema/0740-insights--visa--the-retirement-visa-for-brazil-is-intended-for-individuals-who-wish-to.json,REQUIRED,NOT APPLIED
https://immigratetobrazil.com/insights/visa/the-rules-for-work-immigration-allow-individuals-to-obtain-a-visa-or-r/,pages/0741-insights--visa--the-rules-for-work-immigration-allow-individuals-to-obtain-a-visa-or-r.md,SOURCE REVIEW REQUIRED — no publication-ready rewrite,INVESTIGATE FURTHER,P1,metadata/0741-insights--visa--the-rules-for-work-immigration-allow-individuals-to-obtain-a-visa-or-r.html,schema/0741-insights--visa--the-rules-for-work-immigration-allow-individuals-to-obtain-a-visa-or-r.json,REQUIRED,NOT APPLIED
https://immigratetobrazil.com/insights/visa/the-time-a-foreigner-can-be-absent-from-the-country-without-losing-the/,pages/0742-insights--visa--the-time-a-foreigner-can-be-absent-from-the-country-without-losing-the.md,SOURCE REVIEW REQUIRED — no publication-ready rewrite,INVESTIGATE FURTHER,P1,metadata/0742-insights--visa--the-time-a-foreigner-can-be-absent-from-the-country-without-losing-the.html,schema/0742-insights--visa--the-time-a-foreigner-can-be-absent-from-the-country-without-losing-the.json,REQUIRED,NOT APPLIED
https://immigratetobrazil.com/insights/visa/the-undergraduate-student-agreement-program-pec-g-is-a-brazilian-gover/,pages/0743-insights--visa--the-undergraduate-student-agreement-program-pec-g-is-a-brazilian-gover.md,SOURCE REVIEW REQUIRED — no publication-ready rewrite,INVESTIGATE FURTHER,P1,metadata/0743-insights--visa--the-undergraduate-student-agreement-program-pec-g-is-a-brazilian-gover.html,schema/0743-insights--visa--the-undergraduate-student-agreement-program-pec-g-is-a-brazilian-gover.json,REQUIRED,NOT APPLIED
https://immigratetobrazil.com/insights/visa/the-visa-and-residence-for-the-purpose-of-working-without-employment-i/,pages/0744-insights--visa--the-visa-and-residence-for-the-purpose-of-working-without-employment-i.md,SOURCE REVIEW REQUIRED — no publication-ready rewrite,INVESTIGATE FURTHER,P1,metadata/0744-insights--visa--the-visa-and-residence-for-the-purpose-of-working-without-employment-i.html,schema/0744-insights--visa--the-visa-and-residence-for-the-purpose-of-working-without-employment-i.json,REQUIRED,NOT APPLIED
https://immigratetobrazil.com/insights/visa/the-work-holiday-visa-agreement-between-brazil-and-france-allows-young/,pages/0745-insights--visa--the-work-holiday-visa-agreement-between-brazil-and-france-allows-young.md,SOURCE REVIEW REQUIRED — no publication-ready rewrite,INVESTIGATE FURTHER,P1,metadata/0745-insights--visa--the-work-holiday-visa-agreement-between-brazil-and-france-allows-young.html,schema/0745-insights--visa--the-work-holiday-visa-agreement-between-brazil-and-france-allows-young.json,REQUIRED,NOT APPLIED
https://immigratetobrazil.com/insights/visa/the-working-and-holiday-visa-agreement-between-brazil-and-france-allow/,pages/0746-insights--visa--the-working-and-holiday-visa-agreement-between-brazil-and-france-allow.md,SOURCE REVIEW REQUIRED — no publication-ready rewrite,INVESTIGATE FURTHER,P1,metadata/0746-insights--visa--the-working-and-holiday-visa-agreement-between-brazil-and-france-allow.html,schema/0746-insights--visa--the-working-and-holiday-visa-agreement-between-brazil-and-france-allow.json,REQUIRED,NOT APPLIED
https://immigratetobrazil.com/insights/visa/this-brazilian-visa-is-intended-for-those-who-wish-to-carry-out-academ/,pages/0747-insights--visa--this-brazilian-visa-is-intended-for-those-who-wish-to-carry-out-academ.md,SOURCE REVIEW REQUIRED — no publication-ready rewrite,INVESTIGATE FURTHER,P1,metadata/0747-insights--visa--this-brazilian-visa-is-intended-for-those-who-wish-to-carry-out-academ.html,schema/0747-insights--visa--this-brazilian-visa-is-intended-for-those-who-wish-to-carry-out-academ.json,REQUIRED,NOT APPLIED
https://immigratetobrazil.com/insights/visa/this-can-be-done-at-the-consulate-or-embassy-of-the-country-that-issue/,pages/0748-insights--visa--this-can-be-done-at-the-consulate-or-embassy-of-the-country-that-issue.md,SOURCE REVIEW REQUIRED — no publication-ready rewrite,INVESTIGATE FURTHER,P1,metadata/0748-insights--visa--this-can-be-done-at-the-consulate-or-embassy-of-the-country-that-issue.html,schema/0748-insights--visa--this-can-be-done-at-the-consulate-or-embassy-of-the-country-that-issue.json,REQUIRED,NOT APPLIED
https://immigratetobrazil.com/insights/visa/this-day-established-by-the-un-reinforces-the-importance-of-joining-fo/,pages/0749-insights--visa--this-day-established-by-the-un-reinforces-the-importance-of-joining-fo.md,SOURCE REVIEW REQUIRED — no publication-ready rewrite,INVESTIGATE FURTHER,P1,metadata/0749-insights--visa--this-day-established-by-the-un-reinforces-the-importance-of-joining-fo.html,schema/0749-insights--visa--this-day-established-by-the-un-reinforces-the-importance-of-joining-fo.json,REQUIRED,NOT APPLIED
https://immigratetobrazil.com/insights/visa/this-is-an-illegal-and-extremely-risky-practice-that-can-lead-to-sever/,pages/0750-insights--visa--this-is-an-illegal-and-extremely-risky-practice-that-can-lead-to-sever.md,SOURCE REVIEW REQUIRED — no publication-ready rewrite,INVESTIGATE FURTHER,P1,metadata/0750-insights--visa--this-is-an-illegal-and-extremely-risky-practice-that-can-lead-to-sever.html,schema/0750-insights--visa--this-is-an-illegal-and-extremely-risky-practice-that-can-lead-to-sever.json,REQUIRED,NOT APPLIED
https://immigratetobrazil.com/insights/visa/to-obtain-a-brazilian-study-visa-you-must-be-enrolled-in-an-educationa/,pages/0751-insights--visa--to-obtain-a-brazilian-study-visa-you-must-be-enrolled-in-an-educationa.md,SOURCE REVIEW REQUIRED — no publication-ready rewrite,INVESTIGATE FURTHER,P1,metadata/0751-insights--visa--to-obtain-a-brazilian-study-visa-you-must-be-enrolled-in-an-educationa.html,schema/0751-insights--visa--to-obtain-a-brazilian-study-visa-you-must-be-enrolled-in-an-educationa.json,REQUIRED,NOT APPLIED
https://immigratetobrazil.com/insights/visa/to-prove-your-civil-union-status-with-a-foreign-person-a-certificate-i/,pages/0752-insights--visa--to-prove-your-civil-union-status-with-a-foreign-person-a-certificate-i.md,SOURCE REVIEW REQUIRED — no publication-ready rewrite,INVESTIGATE FURTHER,P1,metadata/0752-insights--visa--to-prove-your-civil-union-status-with-a-foreign-person-a-certificate-i.html,schema/0752-insights--visa--to-prove-your-civil-union-status-with-a-foreign-person-a-certificate-i.json,REQUIRED,NOT APPLIED
https://immigratetobrazil.com/insights/visa/travellers-in-brazil-can-access-a-variety-of-basic-healthcare-services/,pages/0753-insights--visa--travellers-in-brazil-can-access-a-variety-of-basic-healthcare-services.md,SOURCE REVIEW REQUIRED — no publication-ready rewrite,INVESTIGATE FURTHER,P1,metadata/0753-insights--visa--travellers-in-brazil-can-access-a-variety-of-basic-healthcare-services.html,schema/0753-insights--visa--travellers-in-brazil-can-access-a-variety-of-basic-healthcare-services.json,REQUIRED,NOT APPLIED
https://immigratetobrazil.com/insights/visa/upon-arriving-in-brazil-with-a-visa-you-will-have-90-days-to-register/,pages/0754-insights--visa--upon-arriving-in-brazil-with-a-visa-you-will-have-90-days-to-register.md,SOURCE REVIEW REQUIRED — no publication-ready rewrite,INVESTIGATE FURTHER,P1,metadata/0754-insights--visa--upon-arriving-in-brazil-with-a-visa-you-will-have-90-days-to-register.html,schema/0754-insights--visa--upon-arriving-in-brazil-with-a-visa-you-will-have-90-days-to-register.json,REQUIRED,NOT APPLIED
https://immigratetobrazil.com/insights/visa/visa-guidance-legal-requirements-and-filing-steps-in-brazil-2/,pages/0755-insights--visa--visa-guidance-legal-requirements-and-filing-steps-in-brazil-2.md,SOURCE REVIEW REQUIRED — no publication-ready rewrite,INVESTIGATE FURTHER,P1,metadata/0755-insights--visa--visa-guidance-legal-requirements-and-filing-steps-in-brazil-2.html,schema/0755-insights--visa--visa-guidance-legal-requirements-and-filing-steps-in-brazil-2.json,REQUIRED,NOT APPLIED
https://immigratetobrazil.com/insights/visa/visa-guidance-legal-requirements-and-filing-steps-in-brazil-3/,pages/0756-insights--visa--visa-guidance-legal-requirements-and-filing-steps-in-brazil-3.md,SOURCE REVIEW REQUIRED — no publication-ready rewrite,INVESTIGATE FURTHER,P1,metadata/0756-insights--visa--visa-guidance-legal-requirements-and-filing-steps-in-brazil-3.html,schema/0756-insights--visa--visa-guidance-legal-requirements-and-filing-steps-in-brazil-3.json,REQUIRED,NOT APPLIED
https://immigratetobrazil.com/insights/visa/visa-guidance-legal-requirements-and-filing-steps-in-brazil/,pages/0757-insights--visa--visa-guidance-legal-requirements-and-filing-steps-in-brazil.md,SOURCE REVIEW REQUIRED — no publication-ready rewrite,INVESTIGATE FURTHER,P1,metadata/0757-insights--visa--visa-guidance-legal-requirements-and-filing-steps-in-brazil.html,schema/0757-insights--visa--visa-guidance-legal-requirements-and-filing-steps-in-brazil.json,REQUIRED,NOT APPLIED
https://immigratetobrazil.com/legal/,pages/0758-legal.md,DRAFT — editorial review required,OPTIMIZE,P2,metadata/0758-legal.html,schema/0758-legal.json,CHECK EXISTING CLAIMS,NOT APPLIED
https://immigratetobrazil.com/legal/404/,pages/0759-legal--404.md,UTILITY — preserve noindex,NOINDEX,P3,metadata/0759-legal--404.html,schema/0759-legal--404.json,CHECK EXISTING CLAIMS,NOT APPLIED
https://immigratetobrazil.com/legal/accessibility/,pages/0760-legal--accessibility.md,DRAFT — editorial review required,OPTIMIZE,P2,metadata/0760-legal--accessibility.html,schema/0760-legal--accessibility.json,CHECK EXISTING CLAIMS,NOT APPLIED
https://immigratetobrazil.com/legal/cookies/,pages/0761-legal--cookies.md,DRAFT — editorial review required,OPTIMIZE,P2,metadata/0761-legal--cookies.html,schema/0761-legal--cookies.json,CHECK EXISTING CLAIMS,NOT APPLIED
https://immigratetobrazil.com/legal/disclaimer/,pages/0762-legal--disclaimer.md,DRAFT — editorial review required,OPTIMIZE,P2,metadata/0762-legal--disclaimer.html,schema/0762-legal--disclaimer.json,CHECK EXISTING CLAIMS,NOT APPLIED
https://immigratetobrazil.com/legal/emergency/,pages/0763-legal--emergency.md,DRAFT — editorial review required,OPTIMIZE,P2,metadata/0763-legal--emergency.html,schema/0763-legal--emergency.json,CHECK EXISTING CLAIMS,NOT APPLIED
https://immigratetobrazil.com/legal/form/,pages/0764-legal--form.md,DRAFT — editorial review required,OPTIMIZE,P2,metadata/0764-legal--form.html,schema/0764-legal--form.json,CHECK EXISTING CLAIMS,NOT APPLIED
https://immigratetobrazil.com/legal/gdpr/,pages/0765-legal--gdpr.md,DRAFT — editorial review required,OPTIMIZE,P2,metadata/0765-legal--gdpr.html,schema/0765-legal--gdpr.json,CHECK EXISTING CLAIMS,NOT APPLIED
https://immigratetobrazil.com/legal/lgpd/,pages/0766-legal--lgpd.md,DRAFT — editorial review required,OPTIMIZE,P2,metadata/0766-legal--lgpd.html,schema/0766-legal--lgpd.json,CHECK EXISTING CLAIMS,NOT APPLIED
https://immigratetobrazil.com/legal/payment/,pages/0767-legal--payment.md,DRAFT — editorial review required,OPTIMIZE,P2,metadata/0767-legal--payment.html,schema/0767-legal--payment.json,CHECK EXISTING CLAIMS,NOT APPLIED
https://immigratetobrazil.com/legal/privacy/,pages/0768-legal--privacy.md,DRAFT — editorial review required,OPTIMIZE,P2,metadata/0768-legal--privacy.html,schema/0768-legal--privacy.json,CHECK EXISTING CLAIMS,NOT APPLIED
https://immigratetobrazil.com/legal/refund/,pages/0769-legal--refund.md,DRAFT — editorial review required,OPTIMIZE,P2,metadata/0769-legal--refund.html,schema/0769-legal--refund.json,CHECK EXISTING CLAIMS,NOT APPLIED
https://immigratetobrazil.com/legal/search/,pages/0770-legal--search.md,UTILITY — preserve noindex,NOINDEX,P3,metadata/0770-legal--search.html,schema/0770-legal--search.json,CHECK EXISTING CLAIMS,NOT APPLIED
https://immigratetobrazil.com/legal/terms/,pages/0771-legal--terms.md,DRAFT — editorial review required,OPTIMIZE,P2,metadata/0771-legal--terms.html,schema/0771-legal--terms.json,CHECK EXISTING CLAIMS,NOT APPLIED
https://immigratetobrazil.com/process/,pages/0772-process.md,DRAFT — editorial review required,OPTIMIZE,P2,metadata/0772-process.html,schema/0772-process.json,REQUIRED,NOT APPLIED
https://immigratetobrazil.com/process/aftercare/,pages/0773-process--aftercare.md,DRAFT — editorial review required,OPTIMIZE,P2,metadata/0773-process--aftercare.html,schema/0773-process--aftercare.json,REQUIRED,NOT APPLIED
https://immigratetobrazil.com/process/alone/,pages/0774-process--alone.md,DRAFT — editorial review required,OPTIMIZE,P2,metadata/0774-process--alone.html,schema/0774-process--alone.json,REQUIRED,NOT APPLIED
https://immigratetobrazil.com/process/approval/,pages/0775-process--approval.md,DRAFT — editorial review required,OPTIMIZE,P2,metadata/0775-process--approval.html,schema/0775-process--approval.json,REQUIRED,NOT APPLIED
https://immigratetobrazil.com/process/assessment/,pages/0776-process--assessment.md,DRAFT — editorial review required,OPTIMIZE,P2,metadata/0776-process--assessment.html,schema/0776-process--assessment.json,REQUIRED,NOT APPLIED
https://immigratetobrazil.com/process/compliance/,pages/0777-process--compliance.md,DRAFT — editorial review required,OPTIMIZE,P2,metadata/0777-process--compliance.html,schema/0777-process--compliance.json,REQUIRED,NOT APPLIED
https://immigratetobrazil.com/process/consultation/,pages/0778-process--consultation.md,DRAFT — editorial review required,OPTIMIZE,P2,metadata/0778-process--consultation.html,schema/0778-process--consultation.json,REQUIRED,NOT APPLIED
https://immigratetobrazil.com/process/conversion/,pages/0779-process--conversion.md,DRAFT — editorial review required,OPTIMIZE,P2,metadata/0779-process--conversion.html,schema/0779-process--conversion.json,REQUIRED,NOT APPLIED
https://immigratetobrazil.com/process/deadlines/,pages/0780-process--deadlines.md,DRAFT — editorial review required,OPTIMIZE,P2,metadata/0780-process--deadlines.html,schema/0780-process--deadlines.json,REQUIRED,NOT APPLIED
https://immigratetobrazil.com/process/failures/,pages/0781-process--failures.md,DRAFT — editorial review required,OPTIMIZE,P2,metadata/0781-process--failures.html,schema/0781-process--failures.json,REQUIRED,NOT APPLIED
https://immigratetobrazil.com/process/fees/,pages/0782-process--fees.md,DRAFT — editorial review required,OPTIMIZE,P2,metadata/0782-process--fees.html,schema/0782-process--fees.json,REQUIRED,NOT APPLIED
https://immigratetobrazil.com/process/filing/,pages/0783-process--filing.md,DRAFT — editorial review required,OPTIMIZE,P2,metadata/0783-process--filing.html,schema/0783-process--filing.json,REQUIRED,NOT APPLIED
https://immigratetobrazil.com/process/mistakes/,pages/0784-process--mistakes.md,DRAFT — editorial review required,OPTIMIZE,P2,metadata/0784-process--mistakes.html,schema/0784-process--mistakes.json,REQUIRED,NOT APPLIED
https://immigratetobrazil.com/process/naturalisation/,pages/0785-process--naturalisation.md,DRAFT — editorial review required,OPTIMIZE,P2,metadata/0785-process--naturalisation.html,schema/0785-process--naturalisation.json,REQUIRED,NOT APPLIED
https://immigratetobrazil.com/process/obligations/,pages/0786-process--obligations.md,DRAFT — editorial review required,OPTIMIZE,P2,metadata/0786-process--obligations.html,schema/0786-process--obligations.json,REQUIRED,NOT APPLIED
https://immigratetobrazil.com/process/permanent/,pages/0787-process--permanent.md,DRAFT — editorial review required,OPTIMIZE,P2,metadata/0787-process--permanent.html,schema/0787-process--permanent.json,REQUIRED,NOT APPLIED
https://immigratetobrazil.com/process/planning/,pages/0788-process--planning.md,DRAFT — editorial review required,OPTIMIZE,P2,metadata/0788-process--planning.html,schema/0788-process--planning.json,REQUIRED,NOT APPLIED
https://immigratetobrazil.com/process/refund/,pages/0789-process--refund.md,DRAFT — editorial review required,OPTIMIZE,P2,metadata/0789-process--refund.html,schema/0789-process--refund.json,REQUIRED,NOT APPLIED
https://immigratetobrazil.com/process/regularization/,pages/0790-process--regularization.md,DRAFT — editorial review required,OPTIMIZE,P2,metadata/0790-process--regularization.html,schema/0790-process--regularization.json,REQUIRED,NOT APPLIED
https://immigratetobrazil.com/process/renewal/,pages/0791-process--renewal.md,DRAFT — editorial review required,OPTIMIZE,P2,metadata/0791-process--renewal.html,schema/0791-process--renewal.json,REQUIRED,NOT APPLIED
https://immigratetobrazil.com/process/responsibilities/,pages/0792-process--responsibilities.md,DRAFT — editorial review required,OPTIMIZE,P2,metadata/0792-process--responsibilities.html,schema/0792-process--responsibilities.json,REQUIRED,NOT APPLIED
https://immigratetobrazil.com/process/rights/,pages/0793-process--rights.md,DRAFT — editorial review required,OPTIMIZE,P2,metadata/0793-process--rights.html,schema/0793-process--rights.json,REQUIRED,NOT APPLIED
https://immigratetobrazil.com/process/strategy/,pages/0794-process--strategy.md,DRAFT — editorial review required,OPTIMIZE,P2,metadata/0794-process--strategy.html,schema/0794-process--strategy.json,REQUIRED,NOT APPLIED
https://immigratetobrazil.com/process/timeline/,pages/0795-process--timeline.md,DRAFT — editorial review required,OPTIMIZE,P2,metadata/0795-process--timeline.html,schema/0795-process--timeline.json,REQUIRED,NOT APPLIED
https://immigratetobrazil.com/process/transparency/,pages/0796-process--transparency.md,DRAFT — editorial review required,OPTIMIZE,P2,metadata/0796-process--transparency.html,schema/0796-process--transparency.json,REQUIRED,NOT APPLIED
https://immigratetobrazil.com/pt-br/,pages/0797-pt-br.md,DRAFT — editorial review required,OPTIMIZE,P1,metadata/0797-pt-br.html,schema/0797-pt-br.json,CHECK EXISTING CLAIMS,NOT APPLIED
https://immigratetobrazil.com/pt-br/404.html,pages/0798-pt-br--404.html.md,UTILITY — preserve noindex,NOINDEX,P3,metadata/0798-pt-br--404.html.html,schema/0798-pt-br--404.html.json,CHECK EXISTING CLAIMS,NOT APPLIED
https://immigratetobrazil.com/pt-br/about/,pages/0799-pt-br--about.md,DRAFT — editorial review required,OPTIMIZE,P1,metadata/0799-pt-br--about.html,schema/0799-pt-br--about.json,CHECK EXISTING CLAIMS,NOT APPLIED
https://immigratetobrazil.com/pt-br/about/about/,pages/0800-pt-br--about--about.md,DRAFT — editorial review required,OPTIMIZE,P1,metadata/0800-pt-br--about--about.html,schema/0800-pt-br--about--about.json,CHECK EXISTING CLAIMS,NOT APPLIED
https://immigratetobrazil.com/pt-br/about/atlas/,pages/0801-pt-br--about--atlas.md,DRAFT — editorial review required,OPTIMIZE,P1,metadata/0801-pt-br--about--atlas.html,schema/0801-pt-br--about--atlas.json,CHECK EXISTING CLAIMS,NOT APPLIED
https://immigratetobrazil.com/pt-br/about/clients/,pages/0802-pt-br--about--clients.md,DRAFT — editorial review required,OPTIMIZE,P1,metadata/0802-pt-br--about--clients.html,schema/0802-pt-br--about--clients.json,CHECK EXISTING CLAIMS,NOT APPLIED
https://immigratetobrazil.com/pt-br/about/ethics/,pages/0803-pt-br--about--ethics.md,DRAFT — editorial review required,OPTIMIZE,P1,metadata/0803-pt-br--about--ethics.html,schema/0803-pt-br--about--ethics.json,CHECK EXISTING CLAIMS,NOT APPLIED
https://immigratetobrazil.com/pt-br/about/lawyer/,pages/0804-pt-br--about--lawyer.md,DRAFT — editorial review required,OPTIMIZE,P1,metadata/0804-pt-br--about--lawyer.html,schema/0804-pt-br--about--lawyer.json,CHECK EXISTING CLAIMS,NOT APPLIED
https://immigratetobrazil.com/pt-br/about/mission/,pages/0805-pt-br--about--mission.md,DRAFT — editorial review required,OPTIMIZE,P1,metadata/0805-pt-br--about--mission.html,schema/0805-pt-br--about--mission.json,CHECK EXISTING CLAIMS,NOT APPLIED
https://immigratetobrazil.com/pt-br/about/philosophy/,pages/0806-pt-br--about--philosophy.md,DRAFT — editorial review required,OPTIMIZE,P1,metadata/0806-pt-br--about--philosophy.html,schema/0806-pt-br--about--philosophy.json,CHECK EXISTING CLAIMS,NOT APPLIED
https://immigratetobrazil.com/pt-br/about/profile/,pages/0807-pt-br--about--profile.md,DRAFT — editorial review required,OPTIMIZE,P1,metadata/0807-pt-br--about--profile.html,schema/0807-pt-br--about--profile.json,CHECK EXISTING CLAIMS,NOT APPLIED
https://immigratetobrazil.com/pt-br/about/results/,pages/0808-pt-br--about--results.md,DRAFT — editorial review required,OPTIMIZE,P1,metadata/0808-pt-br--about--results.html,schema/0808-pt-br--about--results.json,CHECK EXISTING CLAIMS,NOT APPLIED
https://immigratetobrazil.com/pt-br/about/stories/,pages/0809-pt-br--about--stories.md,DRAFT — editorial review required,OPTIMIZE,P1,metadata/0809-pt-br--about--stories.html,schema/0809-pt-br--about--stories.json,CHECK EXISTING CLAIMS,NOT APPLIED
https://immigratetobrazil.com/pt-br/about/story/,pages/0810-pt-br--about--story.md,DRAFT — editorial review required,OPTIMIZE,P1,metadata/0810-pt-br--about--story.html,schema/0810-pt-br--about--story.json,CHECK EXISTING CLAIMS,NOT APPLIED
https://immigratetobrazil.com/pt-br/about/testimonials/,pages/0811-pt-br--about--testimonials.md,DRAFT — editorial review required,OPTIMIZE,P1,metadata/0811-pt-br--about--testimonials.html,schema/0811-pt-br--about--testimonials.json,CHECK EXISTING CLAIMS,NOT APPLIED
https://immigratetobrazil.com/pt-br/about/values/,pages/0812-pt-br--about--values.md,DRAFT — editorial review required,OPTIMIZE,P1,metadata/0812-pt-br--about--values.html,schema/0812-pt-br--about--values.json,CHECK EXISTING CLAIMS,NOT APPLIED
https://immigratetobrazil.com/pt-br/about/whyus/,pages/0813-pt-br--about--whyus.md,DRAFT — editorial review required,OPTIMIZE,P1,metadata/0813-pt-br--about--whyus.html,schema/0813-pt-br--about--whyus.json,CHECK EXISTING CLAIMS,NOT APPLIED
https://immigratetobrazil.com/pt-br/brazil/,pages/0814-pt-br--brazil.md,DRAFT — editorial review required,OPTIMIZE,P2,metadata/0814-pt-br--brazil.html,schema/0814-pt-br--brazil.json,CHECK EXISTING CLAIMS,NOT APPLIED
https://immigratetobrazil.com/pt-br/brazil/brazil/,pages/0815-pt-br--brazil--brazil.md,DRAFT — editorial review required,OPTIMIZE,P2,metadata/0815-pt-br--brazil--brazil.html,schema/0815-pt-br--brazil--brazil.json,CHECK EXISTING CLAIMS,NOT APPLIED
https://immigratetobrazil.com/pt-br/brazil/central-west/,pages/0816-pt-br--brazil--central-west.md,DRAFT — editorial review required,OPTIMIZE,P2,metadata/0816-pt-br--brazil--central-west.html,schema/0816-pt-br--brazil--central-west.json,CHECK EXISTING CLAIMS,NOT APPLIED
https://immigratetobrazil.com/pt-br/brazil/cities/,pages/0817-pt-br--brazil--cities.md,DRAFT — editorial review required,OPTIMIZE,P2,metadata/0817-pt-br--brazil--cities.html,schema/0817-pt-br--brazil--cities.json,CHECK EXISTING CLAIMS,NOT APPLIED
https://immigratetobrazil.com/pt-br/brazil/cost/,pages/0818-pt-br--brazil--cost.md,DRAFT — editorial review required,OPTIMIZE,P2,metadata/0818-pt-br--brazil--cost.html,schema/0818-pt-br--brazil--cost.json,CHECK EXISTING CLAIMS,NOT APPLIED
https://immigratetobrazil.com/pt-br/brazil/cuisine/,pages/0819-pt-br--brazil--cuisine.md,DRAFT — editorial review required,OPTIMIZE,P2,metadata/0819-pt-br--brazil--cuisine.html,schema/0819-pt-br--brazil--cuisine.json,CHECK EXISTING CLAIMS,NOT APPLIED
https://immigratetobrazil.com/pt-br/brazil/culture/,pages/0820-pt-br--brazil--culture.md,DRAFT — editorial review required,OPTIMIZE,P2,metadata/0820-pt-br--brazil--culture.html,schema/0820-pt-br--brazil--culture.json,CHECK EXISTING CLAIMS,NOT APPLIED
https://immigratetobrazil.com/pt-br/brazil/directory/,pages/0821-pt-br--brazil--directory.md,DRAFT — editorial review required,OPTIMIZE,P2,metadata/0821-pt-br--brazil--directory.html,schema/0821-pt-br--brazil--directory.json,CHECK EXISTING CLAIMS,NOT APPLIED
https://immigratetobrazil.com/pt-br/brazil/economy/,pages/0822-pt-br--brazil--economy.md,DRAFT — editorial review required,OPTIMIZE,P2,metadata/0822-pt-br--brazil--economy.html,schema/0822-pt-br--brazil--economy.json,CHECK EXISTING CLAIMS,NOT APPLIED
https://immigratetobrazil.com/pt-br/brazil/education/,pages/0823-pt-br--brazil--education.md,DRAFT — editorial review required,OPTIMIZE,P2,metadata/0823-pt-br--brazil--education.html,schema/0823-pt-br--brazil--education.json,CHECK EXISTING CLAIMS,NOT APPLIED
https://immigratetobrazil.com/pt-br/brazil/events/,pages/0824-pt-br--brazil--events.md,DRAFT — editorial review required,OPTIMIZE,P2,metadata/0824-pt-br--brazil--events.html,schema/0824-pt-br--brazil--events.json,CHECK EXISTING CLAIMS,NOT APPLIED
https://immigratetobrazil.com/pt-br/brazil/faqs/,pages/0825-pt-br--brazil--faqs.md,DRAFT — editorial review required,OPTIMIZE,P2,metadata/0825-pt-br--brazil--faqs.html,schema/0825-pt-br--brazil--faqs.json,CHECK EXISTING CLAIMS,NOT APPLIED
https://immigratetobrazil.com/pt-br/brazil/festivals/,pages/0826-pt-br--brazil--festivals.md,DRAFT — editorial review required,OPTIMIZE,P2,metadata/0826-pt-br--brazil--festivals.html,schema/0826-pt-br--brazil--festivals.json,CHECK EXISTING CLAIMS,NOT APPLIED
https://immigratetobrazil.com/pt-br/brazil/guides/,pages/0827-pt-br--brazil--guides.md,DRAFT — editorial review required,OPTIMIZE,P2,metadata/0827-pt-br--brazil--guides.html,schema/0827-pt-br--brazil--guides.json,CHECK EXISTING CLAIMS,NOT APPLIED
https://immigratetobrazil.com/pt-br/brazil/healthcare/,pages/0828-pt-br--brazil--healthcare.md,DRAFT — editorial review required,OPTIMIZE,P2,metadata/0828-pt-br--brazil--healthcare.html,schema/0828-pt-br--brazil--healthcare.json,CHECK EXISTING CLAIMS,NOT APPLIED
https://immigratetobrazil.com/pt-br/brazil/housing/,pages/0829-pt-br--brazil--housing.md,DRAFT — editorial review required,OPTIMIZE,P2,metadata/0829-pt-br--brazil--housing.html,schema/0829-pt-br--brazil--housing.json,CHECK EXISTING CLAIMS,NOT APPLIED
https://immigratetobrazil.com/pt-br/brazil/investment/,pages/0830-pt-br--brazil--investment.md,DRAFT — editorial review required,OPTIMIZE,P2,metadata/0830-pt-br--brazil--investment.html,schema/0830-pt-br--brazil--investment.json,CHECK EXISTING CLAIMS,NOT APPLIED
https://immigratetobrazil.com/pt-br/brazil/living/,pages/0831-pt-br--brazil--living.md,DRAFT — editorial review required,OPTIMIZE,P2,metadata/0831-pt-br--brazil--living.html,schema/0831-pt-br--brazil--living.json,CHECK EXISTING CLAIMS,NOT APPLIED
https://immigratetobrazil.com/pt-br/brazil/municipalities/,pages/0832-pt-br--brazil--municipalities.md,DRAFT — editorial review required,OPTIMIZE,P2,metadata/0832-pt-br--brazil--municipalities.html,schema/0832-pt-br--brazil--municipalities.json,CHECK EXISTING CLAIMS,NOT APPLIED
https://immigratetobrazil.com/pt-br/brazil/north/,pages/0833-pt-br--brazil--north.md,DRAFT — editorial review required,OPTIMIZE,P2,metadata/0833-pt-br--brazil--north.html,schema/0833-pt-br--brazil--north.json,CHECK EXISTING CLAIMS,NOT APPLIED
https://immigratetobrazil.com/pt-br/brazil/northeast/,pages/0834-pt-br--brazil--northeast.md,DRAFT — editorial review required,OPTIMIZE,P2,metadata/0834-pt-br--brazil--northeast.html,schema/0834-pt-br--brazil--northeast.json,CHECK EXISTING CLAIMS,NOT APPLIED
https://immigratetobrazil.com/pt-br/brazil/places/,pages/0835-pt-br--brazil--places.md,DRAFT — editorial review required,OPTIMIZE,P2,metadata/0835-pt-br--brazil--places.html,schema/0835-pt-br--brazil--places.json,CHECK EXISTING CLAIMS,NOT APPLIED
https://immigratetobrazil.com/pt-br/brazil/quality/,pages/0836-pt-br--brazil--quality.md,DRAFT — editorial review required,OPTIMIZE,P2,metadata/0836-pt-br--brazil--quality.html,schema/0836-pt-br--brazil--quality.json,CHECK EXISTING CLAIMS,NOT APPLIED
https://immigratetobrazil.com/pt-br/brazil/safety/,pages/0837-pt-br--brazil--safety.md,DRAFT — editorial review required,OPTIMIZE,P2,metadata/0837-pt-br--brazil--safety.html,schema/0837-pt-br--brazil--safety.json,CHECK EXISTING CLAIMS,NOT APPLIED
https://immigratetobrazil.com/pt-br/brazil/search/,pages/0838-pt-br--brazil--search.md,UTILITY — preserve noindex,NOINDEX,P3,metadata/0838-pt-br--brazil--search.html,schema/0838-pt-br--brazil--search.json,CHECK EXISTING CLAIMS,NOT APPLIED
https://immigratetobrazil.com/pt-br/brazil/south/,pages/0839-pt-br--brazil--south.md,DRAFT — editorial review required,OPTIMIZE,P2,metadata/0839-pt-br--brazil--south.html,schema/0839-pt-br--brazil--south.json,CHECK EXISTING CLAIMS,NOT APPLIED
https://immigratetobrazil.com/pt-br/brazil/southeast/,pages/0840-pt-br--brazil--southeast.md,DRAFT — editorial review required,OPTIMIZE,P2,metadata/0840-pt-br--brazil--southeast.html,schema/0840-pt-br--brazil--southeast.json,CHECK EXISTING CLAIMS,NOT APPLIED
https://immigratetobrazil.com/pt-br/brazil/states/,pages/0841-pt-br--brazil--states.md,DRAFT — editorial review required,OPTIMIZE,P2,metadata/0841-pt-br--brazil--states.html,schema/0841-pt-br--brazil--states.json,CHECK EXISTING CLAIMS,NOT APPLIED
https://immigratetobrazil.com/pt-br/client-feedback/,pages/0842-pt-br--client-feedback.md,UTILITY — preserve noindex,NOINDEX,P3,metadata/0842-pt-br--client-feedback.html,schema/0842-pt-br--client-feedback.json,CHECK EXISTING CLAIMS,NOT APPLIED
https://immigratetobrazil.com/pt-br/contact/,pages/0843-pt-br--contact.md,DRAFT — editorial review required,OPTIMIZE,P2,metadata/0843-pt-br--contact.html,schema/0843-pt-br--contact.json,CHECK EXISTING CLAIMS,NOT APPLIED
https://immigratetobrazil.com/pt-br/countries/,pages/0844-pt-br--countries.md,DRAFT — editorial review required,OPTIMIZE,P2,metadata/0844-pt-br--countries.html,schema/0844-pt-br--countries.json,CHECK EXISTING CLAIMS,NOT APPLIED
https://immigratetobrazil.com/pt-br/countries/afghanistan/,pages/0845-pt-br--countries--afghanistan.md,COUNTRY EVIDENCE REQUIRED — conditional editorial draft,EXPAND,P2,metadata/0845-pt-br--countries--afghanistan.html,schema/0845-pt-br--countries--afghanistan.json,REQUIRED,NOT APPLIED
https://immigratetobrazil.com/pt-br/countries/albania/,pages/0846-pt-br--countries--albania.md,COUNTRY EVIDENCE REQUIRED — conditional editorial draft,EXPAND,P2,metadata/0846-pt-br--countries--albania.html,schema/0846-pt-br--countries--albania.json,REQUIRED,NOT APPLIED
https://immigratetobrazil.com/pt-br/countries/algeria/,pages/0847-pt-br--countries--algeria.md,COUNTRY EVIDENCE REQUIRED — conditional editorial draft,EXPAND,P2,metadata/0847-pt-br--countries--algeria.html,schema/0847-pt-br--countries--algeria.json,REQUIRED,NOT APPLIED
https://immigratetobrazil.com/pt-br/countries/andorra/,pages/0848-pt-br--countries--andorra.md,COUNTRY EVIDENCE REQUIRED — conditional editorial draft,EXPAND,P2,metadata/0848-pt-br--countries--andorra.html,schema/0848-pt-br--countries--andorra.json,REQUIRED,NOT APPLIED
https://immigratetobrazil.com/pt-br/countries/angola/,pages/0849-pt-br--countries--angola.md,COUNTRY EVIDENCE REQUIRED — conditional editorial draft,EXPAND,P2,metadata/0849-pt-br--countries--angola.html,schema/0849-pt-br--countries--angola.json,REQUIRED,NOT APPLIED
https://immigratetobrazil.com/pt-br/countries/antigua-and-barbuda/,pages/0850-pt-br--countries--antigua-and-barbuda.md,COUNTRY EVIDENCE REQUIRED — conditional editorial draft,EXPAND,P2,metadata/0850-pt-br--countries--antigua-and-barbuda.html,schema/0850-pt-br--countries--antigua-and-barbuda.json,REQUIRED,NOT APPLIED
https://immigratetobrazil.com/pt-br/countries/argentina/,pages/0851-pt-br--countries--argentina.md,COUNTRY EVIDENCE REQUIRED — conditional editorial draft,EXPAND,P2,metadata/0851-pt-br--countries--argentina.html,schema/0851-pt-br--countries--argentina.json,REQUIRED,NOT APPLIED
https://immigratetobrazil.com/pt-br/countries/armenia/,pages/0852-pt-br--countries--armenia.md,COUNTRY EVIDENCE REQUIRED — conditional editorial draft,EXPAND,P2,metadata/0852-pt-br--countries--armenia.html,schema/0852-pt-br--countries--armenia.json,REQUIRED,NOT APPLIED
https://immigratetobrazil.com/pt-br/countries/australia/,pages/0853-pt-br--countries--australia.md,COUNTRY EVIDENCE REQUIRED — conditional editorial draft,EXPAND,P2,metadata/0853-pt-br--countries--australia.html,schema/0853-pt-br--countries--australia.json,REQUIRED,NOT APPLIED
https://immigratetobrazil.com/pt-br/countries/austria/,pages/0854-pt-br--countries--austria.md,COUNTRY EVIDENCE REQUIRED — conditional editorial draft,EXPAND,P2,metadata/0854-pt-br--countries--austria.html,schema/0854-pt-br--countries--austria.json,REQUIRED,NOT APPLIED
https://immigratetobrazil.com/pt-br/countries/azerbaijan/,pages/0855-pt-br--countries--azerbaijan.md,COUNTRY EVIDENCE REQUIRED — conditional editorial draft,EXPAND,P2,metadata/0855-pt-br--countries--azerbaijan.html,schema/0855-pt-br--countries--azerbaijan.json,REQUIRED,NOT APPLIED
https://immigratetobrazil.com/pt-br/countries/bahamas/,pages/0856-pt-br--countries--bahamas.md,COUNTRY EVIDENCE REQUIRED — conditional editorial draft,EXPAND,P2,metadata/0856-pt-br--countries--bahamas.html,schema/0856-pt-br--countries--bahamas.json,REQUIRED,NOT APPLIED
https://immigratetobrazil.com/pt-br/countries/bahrain/,pages/0857-pt-br--countries--bahrain.md,COUNTRY EVIDENCE REQUIRED — conditional editorial draft,EXPAND,P2,metadata/0857-pt-br--countries--bahrain.html,schema/0857-pt-br--countries--bahrain.json,REQUIRED,NOT APPLIED
https://immigratetobrazil.com/pt-br/countries/bangladesh/,pages/0858-pt-br--countries--bangladesh.md,COUNTRY EVIDENCE REQUIRED — conditional editorial draft,EXPAND,P2,metadata/0858-pt-br--countries--bangladesh.html,schema/0858-pt-br--countries--bangladesh.json,REQUIRED,NOT APPLIED
https://immigratetobrazil.com/pt-br/countries/barbados/,pages/0859-pt-br--countries--barbados.md,COUNTRY EVIDENCE REQUIRED — conditional editorial draft,EXPAND,P2,metadata/0859-pt-br--countries--barbados.html,schema/0859-pt-br--countries--barbados.json,REQUIRED,NOT APPLIED
https://immigratetobrazil.com/pt-br/countries/belarus/,pages/0860-pt-br--countries--belarus.md,COUNTRY EVIDENCE REQUIRED — conditional editorial draft,EXPAND,P2,metadata/0860-pt-br--countries--belarus.html,schema/0860-pt-br--countries--belarus.json,REQUIRED,NOT APPLIED
https://immigratetobrazil.com/pt-br/countries/belgium/,pages/0861-pt-br--countries--belgium.md,COUNTRY EVIDENCE REQUIRED — conditional editorial draft,EXPAND,P2,metadata/0861-pt-br--countries--belgium.html,schema/0861-pt-br--countries--belgium.json,REQUIRED,NOT APPLIED
https://immigratetobrazil.com/pt-br/countries/belize/,pages/0862-pt-br--countries--belize.md,COUNTRY EVIDENCE REQUIRED — conditional editorial draft,EXPAND,P2,metadata/0862-pt-br--countries--belize.html,schema/0862-pt-br--countries--belize.json,REQUIRED,NOT APPLIED
https://immigratetobrazil.com/pt-br/countries/benin/,pages/0863-pt-br--countries--benin.md,COUNTRY EVIDENCE REQUIRED — conditional editorial draft,EXPAND,P2,metadata/0863-pt-br--countries--benin.html,schema/0863-pt-br--countries--benin.json,REQUIRED,NOT APPLIED
https://immigratetobrazil.com/pt-br/countries/bhutan/,pages/0864-pt-br--countries--bhutan.md,COUNTRY EVIDENCE REQUIRED — conditional editorial draft,EXPAND,P2,metadata/0864-pt-br--countries--bhutan.html,schema/0864-pt-br--countries--bhutan.json,REQUIRED,NOT APPLIED
https://immigratetobrazil.com/pt-br/countries/bolivia/,pages/0865-pt-br--countries--bolivia.md,COUNTRY EVIDENCE REQUIRED — conditional editorial draft,EXPAND,P2,metadata/0865-pt-br--countries--bolivia.html,schema/0865-pt-br--countries--bolivia.json,REQUIRED,NOT APPLIED
https://immigratetobrazil.com/pt-br/countries/bosnia-and-herzegovina/,pages/0866-pt-br--countries--bosnia-and-herzegovina.md,COUNTRY EVIDENCE REQUIRED — conditional editorial draft,EXPAND,P2,metadata/0866-pt-br--countries--bosnia-and-herzegovina.html,schema/0866-pt-br--countries--bosnia-and-herzegovina.json,REQUIRED,NOT APPLIED
https://immigratetobrazil.com/pt-br/countries/botswana/,pages/0867-pt-br--countries--botswana.md,COUNTRY EVIDENCE REQUIRED — conditional editorial draft,EXPAND,P2,metadata/0867-pt-br--countries--botswana.html,schema/0867-pt-br--countries--botswana.json,REQUIRED,NOT APPLIED
https://immigratetobrazil.com/pt-br/countries/brazil/,pages/0868-pt-br--countries--brazil.md,CONSOLIDATION REVIEW REQUIRED,INVESTIGATE FURTHER,P2,metadata/0868-pt-br--countries--brazil.html,schema/0868-pt-br--countries--brazil.json,REQUIRED,NOT APPLIED
https://immigratetobrazil.com/pt-br/countries/brunei/,pages/0869-pt-br--countries--brunei.md,COUNTRY EVIDENCE REQUIRED — conditional editorial draft,EXPAND,P2,metadata/0869-pt-br--countries--brunei.html,schema/0869-pt-br--countries--brunei.json,REQUIRED,NOT APPLIED
https://immigratetobrazil.com/pt-br/countries/bulgaria/,pages/0870-pt-br--countries--bulgaria.md,COUNTRY EVIDENCE REQUIRED — conditional editorial draft,EXPAND,P2,metadata/0870-pt-br--countries--bulgaria.html,schema/0870-pt-br--countries--bulgaria.json,REQUIRED,NOT APPLIED
https://immigratetobrazil.com/pt-br/countries/burkina-faso/,pages/0871-pt-br--countries--burkina-faso.md,COUNTRY EVIDENCE REQUIRED — conditional editorial draft,EXPAND,P2,metadata/0871-pt-br--countries--burkina-faso.html,schema/0871-pt-br--countries--burkina-faso.json,REQUIRED,NOT APPLIED
https://immigratetobrazil.com/pt-br/countries/burundi/,pages/0872-pt-br--countries--burundi.md,COUNTRY EVIDENCE REQUIRED — conditional editorial draft,EXPAND,P2,metadata/0872-pt-br--countries--burundi.html,schema/0872-pt-br--countries--burundi.json,REQUIRED,NOT APPLIED
https://immigratetobrazil.com/pt-br/countries/cabo-verde/,pages/0873-pt-br--countries--cabo-verde.md,COUNTRY EVIDENCE REQUIRED — conditional editorial draft,EXPAND,P2,metadata/0873-pt-br--countries--cabo-verde.html,schema/0873-pt-br--countries--cabo-verde.json,REQUIRED,NOT APPLIED
https://immigratetobrazil.com/pt-br/countries/cambodia/,pages/0874-pt-br--countries--cambodia.md,COUNTRY EVIDENCE REQUIRED — conditional editorial draft,EXPAND,P2,metadata/0874-pt-br--countries--cambodia.html,schema/0874-pt-br--countries--cambodia.json,REQUIRED,NOT APPLIED
https://immigratetobrazil.com/pt-br/countries/cameroon/,pages/0875-pt-br--countries--cameroon.md,COUNTRY EVIDENCE REQUIRED — conditional editorial draft,EXPAND,P2,metadata/0875-pt-br--countries--cameroon.html,schema/0875-pt-br--countries--cameroon.json,REQUIRED,NOT APPLIED
https://immigratetobrazil.com/pt-br/countries/canada/,pages/0876-pt-br--countries--canada.md,COUNTRY EVIDENCE REQUIRED — conditional editorial draft,EXPAND,P2,metadata/0876-pt-br--countries--canada.html,schema/0876-pt-br--countries--canada.json,REQUIRED,NOT APPLIED
https://immigratetobrazil.com/pt-br/countries/central-african-republic/,pages/0877-pt-br--countries--central-african-republic.md,COUNTRY EVIDENCE REQUIRED — conditional editorial draft,EXPAND,P2,metadata/0877-pt-br--countries--central-african-republic.html,schema/0877-pt-br--countries--central-african-republic.json,REQUIRED,NOT APPLIED
https://immigratetobrazil.com/pt-br/countries/chad/,pages/0878-pt-br--countries--chad.md,COUNTRY EVIDENCE REQUIRED — conditional editorial draft,EXPAND,P2,metadata/0878-pt-br--countries--chad.html,schema/0878-pt-br--countries--chad.json,REQUIRED,NOT APPLIED
https://immigratetobrazil.com/pt-br/countries/chile/,pages/0879-pt-br--countries--chile.md,COUNTRY EVIDENCE REQUIRED — conditional editorial draft,EXPAND,P2,metadata/0879-pt-br--countries--chile.html,schema/0879-pt-br--countries--chile.json,REQUIRED,NOT APPLIED
https://immigratetobrazil.com/pt-br/countries/china/,pages/0880-pt-br--countries--china.md,COUNTRY EVIDENCE REQUIRED — conditional editorial draft,EXPAND,P2,metadata/0880-pt-br--countries--china.html,schema/0880-pt-br--countries--china.json,REQUIRED,NOT APPLIED
https://immigratetobrazil.com/pt-br/countries/colombia/,pages/0881-pt-br--countries--colombia.md,COUNTRY EVIDENCE REQUIRED — conditional editorial draft,EXPAND,P2,metadata/0881-pt-br--countries--colombia.html,schema/0881-pt-br--countries--colombia.json,REQUIRED,NOT APPLIED
https://immigratetobrazil.com/pt-br/countries/comoros/,pages/0882-pt-br--countries--comoros.md,COUNTRY EVIDENCE REQUIRED — conditional editorial draft,EXPAND,P2,metadata/0882-pt-br--countries--comoros.html,schema/0882-pt-br--countries--comoros.json,REQUIRED,NOT APPLIED
https://immigratetobrazil.com/pt-br/countries/congo-democratic-republic-of-the-congo/,pages/0883-pt-br--countries--congo-democratic-republic-of-the-congo.md,COUNTRY EVIDENCE REQUIRED — conditional editorial draft,EXPAND,P2,metadata/0883-pt-br--countries--congo-democratic-republic-of-the-congo.html,schema/0883-pt-br--countries--congo-democratic-republic-of-the-congo.json,REQUIRED,NOT APPLIED
https://immigratetobrazil.com/pt-br/countries/congo-republic-of-the-congo/,pages/0884-pt-br--countries--congo-republic-of-the-congo.md,COUNTRY EVIDENCE REQUIRED — conditional editorial draft,EXPAND,P2,metadata/0884-pt-br--countries--congo-republic-of-the-congo.html,schema/0884-pt-br--countries--congo-republic-of-the-congo.json,REQUIRED,NOT APPLIED
https://immigratetobrazil.com/pt-br/countries/costa-rica/,pages/0885-pt-br--countries--costa-rica.md,COUNTRY EVIDENCE REQUIRED — conditional editorial draft,EXPAND,P2,metadata/0885-pt-br--countries--costa-rica.html,schema/0885-pt-br--countries--costa-rica.json,REQUIRED,NOT APPLIED
https://immigratetobrazil.com/pt-br/countries/croatia/,pages/0886-pt-br--countries--croatia.md,COUNTRY EVIDENCE REQUIRED — conditional editorial draft,EXPAND,P2,metadata/0886-pt-br--countries--croatia.html,schema/0886-pt-br--countries--croatia.json,REQUIRED,NOT APPLIED
https://immigratetobrazil.com/pt-br/countries/cuba/,pages/0887-pt-br--countries--cuba.md,COUNTRY EVIDENCE REQUIRED — conditional editorial draft,EXPAND,P2,metadata/0887-pt-br--countries--cuba.html,schema/0887-pt-br--countries--cuba.json,REQUIRED,NOT APPLIED
https://immigratetobrazil.com/pt-br/countries/cyprus/,pages/0888-pt-br--countries--cyprus.md,COUNTRY EVIDENCE REQUIRED — conditional editorial draft,EXPAND,P2,metadata/0888-pt-br--countries--cyprus.html,schema/0888-pt-br--countries--cyprus.json,REQUIRED,NOT APPLIED
https://immigratetobrazil.com/pt-br/countries/czechia/,pages/0889-pt-br--countries--czechia.md,COUNTRY EVIDENCE REQUIRED — conditional editorial draft,EXPAND,P2,metadata/0889-pt-br--countries--czechia.html,schema/0889-pt-br--countries--czechia.json,REQUIRED,NOT APPLIED
https://immigratetobrazil.com/pt-br/countries/denmark/,pages/0890-pt-br--countries--denmark.md,COUNTRY EVIDENCE REQUIRED — conditional editorial draft,EXPAND,P2,metadata/0890-pt-br--countries--denmark.html,schema/0890-pt-br--countries--denmark.json,REQUIRED,NOT APPLIED
https://immigratetobrazil.com/pt-br/countries/djibouti/,pages/0891-pt-br--countries--djibouti.md,COUNTRY EVIDENCE REQUIRED — conditional editorial draft,EXPAND,P2,metadata/0891-pt-br--countries--djibouti.html,schema/0891-pt-br--countries--djibouti.json,REQUIRED,NOT APPLIED
https://immigratetobrazil.com/pt-br/countries/dominica/,pages/0892-pt-br--countries--dominica.md,COUNTRY EVIDENCE REQUIRED — conditional editorial draft,EXPAND,P2,metadata/0892-pt-br--countries--dominica.html,schema/0892-pt-br--countries--dominica.json,REQUIRED,NOT APPLIED
https://immigratetobrazil.com/pt-br/countries/dominican-republic/,pages/0893-pt-br--countries--dominican-republic.md,COUNTRY EVIDENCE REQUIRED — conditional editorial draft,EXPAND,P2,metadata/0893-pt-br--countries--dominican-republic.html,schema/0893-pt-br--countries--dominican-republic.json,REQUIRED,NOT APPLIED
https://immigratetobrazil.com/pt-br/countries/ecuador/,pages/0894-pt-br--countries--ecuador.md,COUNTRY EVIDENCE REQUIRED — conditional editorial draft,EXPAND,P2,metadata/0894-pt-br--countries--ecuador.html,schema/0894-pt-br--countries--ecuador.json,REQUIRED,NOT APPLIED
https://immigratetobrazil.com/pt-br/countries/egypt/,pages/0895-pt-br--countries--egypt.md,COUNTRY EVIDENCE REQUIRED — conditional editorial draft,EXPAND,P2,metadata/0895-pt-br--countries--egypt.html,schema/0895-pt-br--countries--egypt.json,REQUIRED,NOT APPLIED
https://immigratetobrazil.com/pt-br/countries/el-salvador/,pages/0896-pt-br--countries--el-salvador.md,COUNTRY EVIDENCE REQUIRED — conditional editorial draft,EXPAND,P2,metadata/0896-pt-br--countries--el-salvador.html,schema/0896-pt-br--countries--el-salvador.json,REQUIRED,NOT APPLIED
https://immigratetobrazil.com/pt-br/countries/equatorial-guinea/,pages/0897-pt-br--countries--equatorial-guinea.md,COUNTRY EVIDENCE REQUIRED — conditional editorial draft,EXPAND,P2,metadata/0897-pt-br--countries--equatorial-guinea.html,schema/0897-pt-br--countries--equatorial-guinea.json,REQUIRED,NOT APPLIED
https://immigratetobrazil.com/pt-br/countries/eritrea/,pages/0898-pt-br--countries--eritrea.md,COUNTRY EVIDENCE REQUIRED — conditional editorial draft,EXPAND,P2,metadata/0898-pt-br--countries--eritrea.html,schema/0898-pt-br--countries--eritrea.json,REQUIRED,NOT APPLIED
https://immigratetobrazil.com/pt-br/countries/estonia/,pages/0899-pt-br--countries--estonia.md,COUNTRY EVIDENCE REQUIRED — conditional editorial draft,EXPAND,P2,metadata/0899-pt-br--countries--estonia.html,schema/0899-pt-br--countries--estonia.json,REQUIRED,NOT APPLIED
https://immigratetobrazil.com/pt-br/countries/eswatini/,pages/0900-pt-br--countries--eswatini.md,COUNTRY EVIDENCE REQUIRED — conditional editorial draft,EXPAND,P2,metadata/0900-pt-br--countries--eswatini.html,schema/0900-pt-br--countries--eswatini.json,REQUIRED,NOT APPLIED
https://immigratetobrazil.com/pt-br/countries/ethiopia/,pages/0901-pt-br--countries--ethiopia.md,COUNTRY EVIDENCE REQUIRED — conditional editorial draft,EXPAND,P2,metadata/0901-pt-br--countries--ethiopia.html,schema/0901-pt-br--countries--ethiopia.json,REQUIRED,NOT APPLIED
https://immigratetobrazil.com/pt-br/countries/fiji/,pages/0902-pt-br--countries--fiji.md,COUNTRY EVIDENCE REQUIRED — conditional editorial draft,EXPAND,P2,metadata/0902-pt-br--countries--fiji.html,schema/0902-pt-br--countries--fiji.json,REQUIRED,NOT APPLIED
https://immigratetobrazil.com/pt-br/countries/finland/,pages/0903-pt-br--countries--finland.md,COUNTRY EVIDENCE REQUIRED — conditional editorial draft,EXPAND,P2,metadata/0903-pt-br--countries--finland.html,schema/0903-pt-br--countries--finland.json,REQUIRED,NOT APPLIED
https://immigratetobrazil.com/pt-br/countries/france/,pages/0904-pt-br--countries--france.md,COUNTRY EVIDENCE REQUIRED — conditional editorial draft,EXPAND,P2,metadata/0904-pt-br--countries--france.html,schema/0904-pt-br--countries--france.json,REQUIRED,NOT APPLIED
https://immigratetobrazil.com/pt-br/countries/gabon/,pages/0905-pt-br--countries--gabon.md,COUNTRY EVIDENCE REQUIRED — conditional editorial draft,EXPAND,P2,metadata/0905-pt-br--countries--gabon.html,schema/0905-pt-br--countries--gabon.json,REQUIRED,NOT APPLIED
https://immigratetobrazil.com/pt-br/countries/gambia/,pages/0906-pt-br--countries--gambia.md,COUNTRY EVIDENCE REQUIRED — conditional editorial draft,EXPAND,P2,metadata/0906-pt-br--countries--gambia.html,schema/0906-pt-br--countries--gambia.json,REQUIRED,NOT APPLIED
https://immigratetobrazil.com/pt-br/countries/georgia/,pages/0907-pt-br--countries--georgia.md,COUNTRY EVIDENCE REQUIRED — conditional editorial draft,EXPAND,P2,metadata/0907-pt-br--countries--georgia.html,schema/0907-pt-br--countries--georgia.json,REQUIRED,NOT APPLIED
https://immigratetobrazil.com/pt-br/countries/germany/,pages/0908-pt-br--countries--germany.md,COUNTRY EVIDENCE REQUIRED — conditional editorial draft,EXPAND,P2,metadata/0908-pt-br--countries--germany.html,schema/0908-pt-br--countries--germany.json,REQUIRED,NOT APPLIED
https://immigratetobrazil.com/pt-br/countries/ghana/,pages/0909-pt-br--countries--ghana.md,COUNTRY EVIDENCE REQUIRED — conditional editorial draft,EXPAND,P2,metadata/0909-pt-br--countries--ghana.html,schema/0909-pt-br--countries--ghana.json,REQUIRED,NOT APPLIED
https://immigratetobrazil.com/pt-br/countries/greece/,pages/0910-pt-br--countries--greece.md,COUNTRY EVIDENCE REQUIRED — conditional editorial draft,EXPAND,P2,metadata/0910-pt-br--countries--greece.html,schema/0910-pt-br--countries--greece.json,REQUIRED,NOT APPLIED
https://immigratetobrazil.com/pt-br/countries/grenada/,pages/0911-pt-br--countries--grenada.md,COUNTRY EVIDENCE REQUIRED — conditional editorial draft,EXPAND,P2,metadata/0911-pt-br--countries--grenada.html,schema/0911-pt-br--countries--grenada.json,REQUIRED,NOT APPLIED
https://immigratetobrazil.com/pt-br/countries/guatemala/,pages/0912-pt-br--countries--guatemala.md,COUNTRY EVIDENCE REQUIRED — conditional editorial draft,EXPAND,P2,metadata/0912-pt-br--countries--guatemala.html,schema/0912-pt-br--countries--guatemala.json,REQUIRED,NOT APPLIED
https://immigratetobrazil.com/pt-br/countries/guinea-bissau/,pages/0913-pt-br--countries--guinea-bissau.md,COUNTRY EVIDENCE REQUIRED — conditional editorial draft,EXPAND,P2,metadata/0913-pt-br--countries--guinea-bissau.html,schema/0913-pt-br--countries--guinea-bissau.json,REQUIRED,NOT APPLIED
https://immigratetobrazil.com/pt-br/countries/guinea/,pages/0914-pt-br--countries--guinea.md,COUNTRY EVIDENCE REQUIRED — conditional editorial draft,EXPAND,P2,metadata/0914-pt-br--countries--guinea.html,schema/0914-pt-br--countries--guinea.json,REQUIRED,NOT APPLIED
https://immigratetobrazil.com/pt-br/countries/guyana/,pages/0915-pt-br--countries--guyana.md,COUNTRY EVIDENCE REQUIRED — conditional editorial draft,EXPAND,P2,metadata/0915-pt-br--countries--guyana.html,schema/0915-pt-br--countries--guyana.json,REQUIRED,NOT APPLIED
https://immigratetobrazil.com/pt-br/countries/haiti/,pages/0916-pt-br--countries--haiti.md,COUNTRY EVIDENCE REQUIRED — conditional editorial draft,EXPAND,P2,metadata/0916-pt-br--countries--haiti.html,schema/0916-pt-br--countries--haiti.json,REQUIRED,NOT APPLIED
https://immigratetobrazil.com/pt-br/countries/honduras/,pages/0917-pt-br--countries--honduras.md,COUNTRY EVIDENCE REQUIRED — conditional editorial draft,EXPAND,P2,metadata/0917-pt-br--countries--honduras.html,schema/0917-pt-br--countries--honduras.json,REQUIRED,NOT APPLIED
https://immigratetobrazil.com/pt-br/countries/hungary/,pages/0918-pt-br--countries--hungary.md,COUNTRY EVIDENCE REQUIRED — conditional editorial draft,EXPAND,P2,metadata/0918-pt-br--countries--hungary.html,schema/0918-pt-br--countries--hungary.json,REQUIRED,NOT APPLIED
https://immigratetobrazil.com/pt-br/countries/iceland/,pages/0919-pt-br--countries--iceland.md,COUNTRY EVIDENCE REQUIRED — conditional editorial draft,EXPAND,P2,metadata/0919-pt-br--countries--iceland.html,schema/0919-pt-br--countries--iceland.json,REQUIRED,NOT APPLIED
https://immigratetobrazil.com/pt-br/countries/india/,pages/0920-pt-br--countries--india.md,COUNTRY EVIDENCE REQUIRED — conditional editorial draft,EXPAND,P2,metadata/0920-pt-br--countries--india.html,schema/0920-pt-br--countries--india.json,REQUIRED,NOT APPLIED
https://immigratetobrazil.com/pt-br/countries/indonesia/,pages/0921-pt-br--countries--indonesia.md,COUNTRY EVIDENCE REQUIRED — conditional editorial draft,EXPAND,P2,metadata/0921-pt-br--countries--indonesia.html,schema/0921-pt-br--countries--indonesia.json,REQUIRED,NOT APPLIED
https://immigratetobrazil.com/pt-br/countries/iran/,pages/0922-pt-br--countries--iran.md,COUNTRY EVIDENCE REQUIRED — conditional editorial draft,EXPAND,P2,metadata/0922-pt-br--countries--iran.html,schema/0922-pt-br--countries--iran.json,REQUIRED,NOT APPLIED
https://immigratetobrazil.com/pt-br/countries/iraq/,pages/0923-pt-br--countries--iraq.md,COUNTRY EVIDENCE REQUIRED — conditional editorial draft,EXPAND,P2,metadata/0923-pt-br--countries--iraq.html,schema/0923-pt-br--countries--iraq.json,REQUIRED,NOT APPLIED
https://immigratetobrazil.com/pt-br/countries/ireland/,pages/0924-pt-br--countries--ireland.md,COUNTRY EVIDENCE REQUIRED — conditional editorial draft,EXPAND,P2,metadata/0924-pt-br--countries--ireland.html,schema/0924-pt-br--countries--ireland.json,REQUIRED,NOT APPLIED
https://immigratetobrazil.com/pt-br/countries/israel/,pages/0925-pt-br--countries--israel.md,COUNTRY EVIDENCE REQUIRED — conditional editorial draft,EXPAND,P2,metadata/0925-pt-br--countries--israel.html,schema/0925-pt-br--countries--israel.json,REQUIRED,NOT APPLIED
https://immigratetobrazil.com/pt-br/countries/italy/,pages/0926-pt-br--countries--italy.md,COUNTRY EVIDENCE REQUIRED — conditional editorial draft,EXPAND,P2,metadata/0926-pt-br--countries--italy.html,schema/0926-pt-br--countries--italy.json,REQUIRED,NOT APPLIED
https://immigratetobrazil.com/pt-br/countries/jamaica/,pages/0927-pt-br--countries--jamaica.md,COUNTRY EVIDENCE REQUIRED — conditional editorial draft,EXPAND,P2,metadata/0927-pt-br--countries--jamaica.html,schema/0927-pt-br--countries--jamaica.json,REQUIRED,NOT APPLIED
https://immigratetobrazil.com/pt-br/countries/japan/,pages/0928-pt-br--countries--japan.md,COUNTRY EVIDENCE REQUIRED — conditional editorial draft,EXPAND,P2,metadata/0928-pt-br--countries--japan.html,schema/0928-pt-br--countries--japan.json,REQUIRED,NOT APPLIED
https://immigratetobrazil.com/pt-br/countries/jordan/,pages/0929-pt-br--countries--jordan.md,COUNTRY EVIDENCE REQUIRED — conditional editorial draft,EXPAND,P2,metadata/0929-pt-br--countries--jordan.html,schema/0929-pt-br--countries--jordan.json,REQUIRED,NOT APPLIED
https://immigratetobrazil.com/pt-br/countries/kazakhstan/,pages/0930-pt-br--countries--kazakhstan.md,COUNTRY EVIDENCE REQUIRED — conditional editorial draft,EXPAND,P2,metadata/0930-pt-br--countries--kazakhstan.html,schema/0930-pt-br--countries--kazakhstan.json,REQUIRED,NOT APPLIED
https://immigratetobrazil.com/pt-br/countries/kenya/,pages/0931-pt-br--countries--kenya.md,COUNTRY EVIDENCE REQUIRED — conditional editorial draft,EXPAND,P2,metadata/0931-pt-br--countries--kenya.html,schema/0931-pt-br--countries--kenya.json,REQUIRED,NOT APPLIED
https://immigratetobrazil.com/pt-br/countries/kiribati/,pages/0932-pt-br--countries--kiribati.md,COUNTRY EVIDENCE REQUIRED — conditional editorial draft,EXPAND,P2,metadata/0932-pt-br--countries--kiribati.html,schema/0932-pt-br--countries--kiribati.json,REQUIRED,NOT APPLIED
https://immigratetobrazil.com/pt-br/countries/kuwait/,pages/0933-pt-br--countries--kuwait.md,COUNTRY EVIDENCE REQUIRED — conditional editorial draft,EXPAND,P2,metadata/0933-pt-br--countries--kuwait.html,schema/0933-pt-br--countries--kuwait.json,REQUIRED,NOT APPLIED
https://immigratetobrazil.com/pt-br/countries/kyrgyzstan/,pages/0934-pt-br--countries--kyrgyzstan.md,COUNTRY EVIDENCE REQUIRED — conditional editorial draft,EXPAND,P2,metadata/0934-pt-br--countries--kyrgyzstan.html,schema/0934-pt-br--countries--kyrgyzstan.json,REQUIRED,NOT APPLIED
https://immigratetobrazil.com/pt-br/countries/laos/,pages/0935-pt-br--countries--laos.md,COUNTRY EVIDENCE REQUIRED — conditional editorial draft,EXPAND,P2,metadata/0935-pt-br--countries--laos.html,schema/0935-pt-br--countries--laos.json,REQUIRED,NOT APPLIED
https://immigratetobrazil.com/pt-br/countries/latvia/,pages/0936-pt-br--countries--latvia.md,COUNTRY EVIDENCE REQUIRED — conditional editorial draft,EXPAND,P2,metadata/0936-pt-br--countries--latvia.html,schema/0936-pt-br--countries--latvia.json,REQUIRED,NOT APPLIED
https://immigratetobrazil.com/pt-br/countries/lebanon/,pages/0937-pt-br--countries--lebanon.md,COUNTRY EVIDENCE REQUIRED — conditional editorial draft,EXPAND,P2,metadata/0937-pt-br--countries--lebanon.html,schema/0937-pt-br--countries--lebanon.json,REQUIRED,NOT APPLIED
https://immigratetobrazil.com/pt-br/countries/lesotho/,pages/0938-pt-br--countries--lesotho.md,COUNTRY EVIDENCE REQUIRED — conditional editorial draft,EXPAND,P2,metadata/0938-pt-br--countries--lesotho.html,schema/0938-pt-br--countries--lesotho.json,REQUIRED,NOT APPLIED
https://immigratetobrazil.com/pt-br/countries/liberia/,pages/0939-pt-br--countries--liberia.md,COUNTRY EVIDENCE REQUIRED — conditional editorial draft,EXPAND,P2,metadata/0939-pt-br--countries--liberia.html,schema/0939-pt-br--countries--liberia.json,REQUIRED,NOT APPLIED
https://immigratetobrazil.com/pt-br/countries/libya/,pages/0940-pt-br--countries--libya.md,COUNTRY EVIDENCE REQUIRED — conditional editorial draft,EXPAND,P2,metadata/0940-pt-br--countries--libya.html,schema/0940-pt-br--countries--libya.json,REQUIRED,NOT APPLIED
https://immigratetobrazil.com/pt-br/countries/liechtenstein/,pages/0941-pt-br--countries--liechtenstein.md,COUNTRY EVIDENCE REQUIRED — conditional editorial draft,EXPAND,P2,metadata/0941-pt-br--countries--liechtenstein.html,schema/0941-pt-br--countries--liechtenstein.json,REQUIRED,NOT APPLIED
https://immigratetobrazil.com/pt-br/countries/lithuania/,pages/0942-pt-br--countries--lithuania.md,COUNTRY EVIDENCE REQUIRED — conditional editorial draft,EXPAND,P2,metadata/0942-pt-br--countries--lithuania.html,schema/0942-pt-br--countries--lithuania.json,REQUIRED,NOT APPLIED
https://immigratetobrazil.com/pt-br/countries/luxembourg/,pages/0943-pt-br--countries--luxembourg.md,COUNTRY EVIDENCE REQUIRED — conditional editorial draft,EXPAND,P2,metadata/0943-pt-br--countries--luxembourg.html,schema/0943-pt-br--countries--luxembourg.json,REQUIRED,NOT APPLIED
https://immigratetobrazil.com/pt-br/countries/madagascar/,pages/0944-pt-br--countries--madagascar.md,COUNTRY EVIDENCE REQUIRED — conditional editorial draft,EXPAND,P2,metadata/0944-pt-br--countries--madagascar.html,schema/0944-pt-br--countries--madagascar.json,REQUIRED,NOT APPLIED
https://immigratetobrazil.com/pt-br/countries/malawi/,pages/0945-pt-br--countries--malawi.md,COUNTRY EVIDENCE REQUIRED — conditional editorial draft,EXPAND,P2,metadata/0945-pt-br--countries--malawi.html,schema/0945-pt-br--countries--malawi.json,REQUIRED,NOT APPLIED
https://immigratetobrazil.com/pt-br/countries/malaysia/,pages/0946-pt-br--countries--malaysia.md,COUNTRY EVIDENCE REQUIRED — conditional editorial draft,EXPAND,P2,metadata/0946-pt-br--countries--malaysia.html,schema/0946-pt-br--countries--malaysia.json,REQUIRED,NOT APPLIED
https://immigratetobrazil.com/pt-br/countries/maldives/,pages/0947-pt-br--countries--maldives.md,COUNTRY EVIDENCE REQUIRED — conditional editorial draft,EXPAND,P2,metadata/0947-pt-br--countries--maldives.html,schema/0947-pt-br--countries--maldives.json,REQUIRED,NOT APPLIED
https://immigratetobrazil.com/pt-br/countries/mali/,pages/0948-pt-br--countries--mali.md,COUNTRY EVIDENCE REQUIRED — conditional editorial draft,EXPAND,P2,metadata/0948-pt-br--countries--mali.html,schema/0948-pt-br--countries--mali.json,REQUIRED,NOT APPLIED
https://immigratetobrazil.com/pt-br/countries/malta/,pages/0949-pt-br--countries--malta.md,COUNTRY EVIDENCE REQUIRED — conditional editorial draft,EXPAND,P2,metadata/0949-pt-br--countries--malta.html,schema/0949-pt-br--countries--malta.json,REQUIRED,NOT APPLIED
https://immigratetobrazil.com/pt-br/countries/marshall-islands/,pages/0950-pt-br--countries--marshall-islands.md,COUNTRY EVIDENCE REQUIRED — conditional editorial draft,EXPAND,P2,metadata/0950-pt-br--countries--marshall-islands.html,schema/0950-pt-br--countries--marshall-islands.json,REQUIRED,NOT APPLIED
https://immigratetobrazil.com/pt-br/countries/mauritania/,pages/0951-pt-br--countries--mauritania.md,COUNTRY EVIDENCE REQUIRED — conditional editorial draft,EXPAND,P2,metadata/0951-pt-br--countries--mauritania.html,schema/0951-pt-br--countries--mauritania.json,REQUIRED,NOT APPLIED
https://immigratetobrazil.com/pt-br/countries/mauritius/,pages/0952-pt-br--countries--mauritius.md,COUNTRY EVIDENCE REQUIRED — conditional editorial draft,EXPAND,P2,metadata/0952-pt-br--countries--mauritius.html,schema/0952-pt-br--countries--mauritius.json,REQUIRED,NOT APPLIED
https://immigratetobrazil.com/pt-br/countries/mexico/,pages/0953-pt-br--countries--mexico.md,COUNTRY EVIDENCE REQUIRED — conditional editorial draft,EXPAND,P2,metadata/0953-pt-br--countries--mexico.html,schema/0953-pt-br--countries--mexico.json,REQUIRED,NOT APPLIED
https://immigratetobrazil.com/pt-br/countries/micronesia/,pages/0954-pt-br--countries--micronesia.md,COUNTRY EVIDENCE REQUIRED — conditional editorial draft,EXPAND,P2,metadata/0954-pt-br--countries--micronesia.html,schema/0954-pt-br--countries--micronesia.json,REQUIRED,NOT APPLIED
https://immigratetobrazil.com/pt-br/countries/moldova/,pages/0955-pt-br--countries--moldova.md,COUNTRY EVIDENCE REQUIRED — conditional editorial draft,EXPAND,P2,metadata/0955-pt-br--countries--moldova.html,schema/0955-pt-br--countries--moldova.json,REQUIRED,NOT APPLIED
https://immigratetobrazil.com/pt-br/countries/monaco/,pages/0956-pt-br--countries--monaco.md,COUNTRY EVIDENCE REQUIRED — conditional editorial draft,EXPAND,P2,metadata/0956-pt-br--countries--monaco.html,schema/0956-pt-br--countries--monaco.json,REQUIRED,NOT APPLIED
https://immigratetobrazil.com/pt-br/countries/mongolia/,pages/0957-pt-br--countries--mongolia.md,COUNTRY EVIDENCE REQUIRED — conditional editorial draft,EXPAND,P2,metadata/0957-pt-br--countries--mongolia.html,schema/0957-pt-br--countries--mongolia.json,REQUIRED,NOT APPLIED
https://immigratetobrazil.com/pt-br/countries/montenegro/,pages/0958-pt-br--countries--montenegro.md,COUNTRY EVIDENCE REQUIRED — conditional editorial draft,EXPAND,P2,metadata/0958-pt-br--countries--montenegro.html,schema/0958-pt-br--countries--montenegro.json,REQUIRED,NOT APPLIED
https://immigratetobrazil.com/pt-br/countries/morocco/,pages/0959-pt-br--countries--morocco.md,COUNTRY EVIDENCE REQUIRED — conditional editorial draft,EXPAND,P2,metadata/0959-pt-br--countries--morocco.html,schema/0959-pt-br--countries--morocco.json,REQUIRED,NOT APPLIED
https://immigratetobrazil.com/pt-br/countries/mozambique/,pages/0960-pt-br--countries--mozambique.md,COUNTRY EVIDENCE REQUIRED — conditional editorial draft,EXPAND,P2,metadata/0960-pt-br--countries--mozambique.html,schema/0960-pt-br--countries--mozambique.json,REQUIRED,NOT APPLIED
https://immigratetobrazil.com/pt-br/countries/myanmar/,pages/0961-pt-br--countries--myanmar.md,COUNTRY EVIDENCE REQUIRED — conditional editorial draft,EXPAND,P2,metadata/0961-pt-br--countries--myanmar.html,schema/0961-pt-br--countries--myanmar.json,REQUIRED,NOT APPLIED
https://immigratetobrazil.com/pt-br/countries/namibia/,pages/0962-pt-br--countries--namibia.md,COUNTRY EVIDENCE REQUIRED — conditional editorial draft,EXPAND,P2,metadata/0962-pt-br--countries--namibia.html,schema/0962-pt-br--countries--namibia.json,REQUIRED,NOT APPLIED
https://immigratetobrazil.com/pt-br/countries/nauru/,pages/0963-pt-br--countries--nauru.md,COUNTRY EVIDENCE REQUIRED — conditional editorial draft,EXPAND,P2,metadata/0963-pt-br--countries--nauru.html,schema/0963-pt-br--countries--nauru.json,REQUIRED,NOT APPLIED
https://immigratetobrazil.com/pt-br/countries/nepal/,pages/0964-pt-br--countries--nepal.md,COUNTRY EVIDENCE REQUIRED — conditional editorial draft,EXPAND,P2,metadata/0964-pt-br--countries--nepal.html,schema/0964-pt-br--countries--nepal.json,REQUIRED,NOT APPLIED
https://immigratetobrazil.com/pt-br/countries/netherlands/,pages/0965-pt-br--countries--netherlands.md,COUNTRY EVIDENCE REQUIRED — conditional editorial draft,EXPAND,P2,metadata/0965-pt-br--countries--netherlands.html,schema/0965-pt-br--countries--netherlands.json,REQUIRED,NOT APPLIED
https://immigratetobrazil.com/pt-br/countries/new-zealand/,pages/0966-pt-br--countries--new-zealand.md,COUNTRY EVIDENCE REQUIRED — conditional editorial draft,EXPAND,P2,metadata/0966-pt-br--countries--new-zealand.html,schema/0966-pt-br--countries--new-zealand.json,REQUIRED,NOT APPLIED
https://immigratetobrazil.com/pt-br/countries/nicaragua/,pages/0967-pt-br--countries--nicaragua.md,COUNTRY EVIDENCE REQUIRED — conditional editorial draft,EXPAND,P2,metadata/0967-pt-br--countries--nicaragua.html,schema/0967-pt-br--countries--nicaragua.json,REQUIRED,NOT APPLIED
https://immigratetobrazil.com/pt-br/countries/niger/,pages/0968-pt-br--countries--niger.md,COUNTRY EVIDENCE REQUIRED — conditional editorial draft,EXPAND,P2,metadata/0968-pt-br--countries--niger.html,schema/0968-pt-br--countries--niger.json,REQUIRED,NOT APPLIED
https://immigratetobrazil.com/pt-br/countries/nigeria/,pages/0969-pt-br--countries--nigeria.md,COUNTRY EVIDENCE REQUIRED — conditional editorial draft,EXPAND,P2,metadata/0969-pt-br--countries--nigeria.html,schema/0969-pt-br--countries--nigeria.json,REQUIRED,NOT APPLIED
https://immigratetobrazil.com/pt-br/countries/north-korea/,pages/0970-pt-br--countries--north-korea.md,COUNTRY EVIDENCE REQUIRED — conditional editorial draft,EXPAND,P2,metadata/0970-pt-br--countries--north-korea.html,schema/0970-pt-br--countries--north-korea.json,REQUIRED,NOT APPLIED
https://immigratetobrazil.com/pt-br/countries/north-macedonia/,pages/0971-pt-br--countries--north-macedonia.md,COUNTRY EVIDENCE REQUIRED — conditional editorial draft,EXPAND,P2,metadata/0971-pt-br--countries--north-macedonia.html,schema/0971-pt-br--countries--north-macedonia.json,REQUIRED,NOT APPLIED
https://immigratetobrazil.com/pt-br/countries/norway/,pages/0972-pt-br--countries--norway.md,COUNTRY EVIDENCE REQUIRED — conditional editorial draft,EXPAND,P2,metadata/0972-pt-br--countries--norway.html,schema/0972-pt-br--countries--norway.json,REQUIRED,NOT APPLIED
https://immigratetobrazil.com/pt-br/countries/oman/,pages/0973-pt-br--countries--oman.md,COUNTRY EVIDENCE REQUIRED — conditional editorial draft,EXPAND,P2,metadata/0973-pt-br--countries--oman.html,schema/0973-pt-br--countries--oman.json,REQUIRED,NOT APPLIED
https://immigratetobrazil.com/pt-br/countries/pakistan/,pages/0974-pt-br--countries--pakistan.md,COUNTRY EVIDENCE REQUIRED — conditional editorial draft,EXPAND,P2,metadata/0974-pt-br--countries--pakistan.html,schema/0974-pt-br--countries--pakistan.json,REQUIRED,NOT APPLIED
https://immigratetobrazil.com/pt-br/countries/palau/,pages/0975-pt-br--countries--palau.md,COUNTRY EVIDENCE REQUIRED — conditional editorial draft,EXPAND,P2,metadata/0975-pt-br--countries--palau.html,schema/0975-pt-br--countries--palau.json,REQUIRED,NOT APPLIED
https://immigratetobrazil.com/pt-br/countries/palestine/,pages/0976-pt-br--countries--palestine.md,COUNTRY EVIDENCE REQUIRED — conditional editorial draft,EXPAND,P2,metadata/0976-pt-br--countries--palestine.html,schema/0976-pt-br--countries--palestine.json,REQUIRED,NOT APPLIED
https://immigratetobrazil.com/pt-br/countries/panama/,pages/0977-pt-br--countries--panama.md,COUNTRY EVIDENCE REQUIRED — conditional editorial draft,EXPAND,P2,metadata/0977-pt-br--countries--panama.html,schema/0977-pt-br--countries--panama.json,REQUIRED,NOT APPLIED
https://immigratetobrazil.com/pt-br/countries/papua-new-guinea/,pages/0978-pt-br--countries--papua-new-guinea.md,COUNTRY EVIDENCE REQUIRED — conditional editorial draft,EXPAND,P2,metadata/0978-pt-br--countries--papua-new-guinea.html,schema/0978-pt-br--countries--papua-new-guinea.json,REQUIRED,NOT APPLIED
https://immigratetobrazil.com/pt-br/countries/paraguay/,pages/0979-pt-br--countries--paraguay.md,COUNTRY EVIDENCE REQUIRED — conditional editorial draft,EXPAND,P2,metadata/0979-pt-br--countries--paraguay.html,schema/0979-pt-br--countries--paraguay.json,REQUIRED,NOT APPLIED
https://immigratetobrazil.com/pt-br/countries/peru/,pages/0980-pt-br--countries--peru.md,COUNTRY EVIDENCE REQUIRED — conditional editorial draft,EXPAND,P2,metadata/0980-pt-br--countries--peru.html,schema/0980-pt-br--countries--peru.json,REQUIRED,NOT APPLIED
https://immigratetobrazil.com/pt-br/countries/philippines/,pages/0981-pt-br--countries--philippines.md,COUNTRY EVIDENCE REQUIRED — conditional editorial draft,EXPAND,P2,metadata/0981-pt-br--countries--philippines.html,schema/0981-pt-br--countries--philippines.json,REQUIRED,NOT APPLIED
https://immigratetobrazil.com/pt-br/countries/poland/,pages/0982-pt-br--countries--poland.md,COUNTRY EVIDENCE REQUIRED — conditional editorial draft,EXPAND,P2,metadata/0982-pt-br--countries--poland.html,schema/0982-pt-br--countries--poland.json,REQUIRED,NOT APPLIED
https://immigratetobrazil.com/pt-br/countries/portugal/,pages/0983-pt-br--countries--portugal.md,COUNTRY EVIDENCE REQUIRED — conditional editorial draft,EXPAND,P2,metadata/0983-pt-br--countries--portugal.html,schema/0983-pt-br--countries--portugal.json,REQUIRED,NOT APPLIED
https://immigratetobrazil.com/pt-br/countries/qatar/,pages/0984-pt-br--countries--qatar.md,COUNTRY EVIDENCE REQUIRED — conditional editorial draft,EXPAND,P2,metadata/0984-pt-br--countries--qatar.html,schema/0984-pt-br--countries--qatar.json,REQUIRED,NOT APPLIED
https://immigratetobrazil.com/pt-br/countries/romania/,pages/0985-pt-br--countries--romania.md,COUNTRY EVIDENCE REQUIRED — conditional editorial draft,EXPAND,P2,metadata/0985-pt-br--countries--romania.html,schema/0985-pt-br--countries--romania.json,REQUIRED,NOT APPLIED
https://immigratetobrazil.com/pt-br/countries/russia/,pages/0986-pt-br--countries--russia.md,COUNTRY EVIDENCE REQUIRED — conditional editorial draft,EXPAND,P2,metadata/0986-pt-br--countries--russia.html,schema/0986-pt-br--countries--russia.json,REQUIRED,NOT APPLIED
https://immigratetobrazil.com/pt-br/countries/rwanda/,pages/0987-pt-br--countries--rwanda.md,COUNTRY EVIDENCE REQUIRED — conditional editorial draft,EXPAND,P2,metadata/0987-pt-br--countries--rwanda.html,schema/0987-pt-br--countries--rwanda.json,REQUIRED,NOT APPLIED
https://immigratetobrazil.com/pt-br/countries/saint-kitts-and-nevis/,pages/0988-pt-br--countries--saint-kitts-and-nevis.md,COUNTRY EVIDENCE REQUIRED — conditional editorial draft,EXPAND,P2,metadata/0988-pt-br--countries--saint-kitts-and-nevis.html,schema/0988-pt-br--countries--saint-kitts-and-nevis.json,REQUIRED,NOT APPLIED
https://immigratetobrazil.com/pt-br/countries/saint-lucia/,pages/0989-pt-br--countries--saint-lucia.md,COUNTRY EVIDENCE REQUIRED — conditional editorial draft,EXPAND,P2,metadata/0989-pt-br--countries--saint-lucia.html,schema/0989-pt-br--countries--saint-lucia.json,REQUIRED,NOT APPLIED
https://immigratetobrazil.com/pt-br/countries/saint-vincent-and-the-grenadines/,pages/0990-pt-br--countries--saint-vincent-and-the-grenadines.md,COUNTRY EVIDENCE REQUIRED — conditional editorial draft,EXPAND,P2,metadata/0990-pt-br--countries--saint-vincent-and-the-grenadines.html,schema/0990-pt-br--countries--saint-vincent-and-the-grenadines.json,REQUIRED,NOT APPLIED
https://immigratetobrazil.com/pt-br/countries/samoa/,pages/0991-pt-br--countries--samoa.md,COUNTRY EVIDENCE REQUIRED — conditional editorial draft,EXPAND,P2,metadata/0991-pt-br--countries--samoa.html,schema/0991-pt-br--countries--samoa.json,REQUIRED,NOT APPLIED
https://immigratetobrazil.com/pt-br/countries/san-marino/,pages/0992-pt-br--countries--san-marino.md,COUNTRY EVIDENCE REQUIRED — conditional editorial draft,EXPAND,P2,metadata/0992-pt-br--countries--san-marino.html,schema/0992-pt-br--countries--san-marino.json,REQUIRED,NOT APPLIED
https://immigratetobrazil.com/pt-br/countries/sao-tome-and-principe/,pages/0993-pt-br--countries--sao-tome-and-principe.md,COUNTRY EVIDENCE REQUIRED — conditional editorial draft,EXPAND,P2,metadata/0993-pt-br--countries--sao-tome-and-principe.html,schema/0993-pt-br--countries--sao-tome-and-principe.json,REQUIRED,NOT APPLIED
https://immigratetobrazil.com/pt-br/countries/saudi-arabia/,pages/0994-pt-br--countries--saudi-arabia.md,COUNTRY EVIDENCE REQUIRED — conditional editorial draft,EXPAND,P2,metadata/0994-pt-br--countries--saudi-arabia.html,schema/0994-pt-br--countries--saudi-arabia.json,REQUIRED,NOT APPLIED
https://immigratetobrazil.com/pt-br/countries/senegal/,pages/0995-pt-br--countries--senegal.md,COUNTRY EVIDENCE REQUIRED — conditional editorial draft,EXPAND,P2,metadata/0995-pt-br--countries--senegal.html,schema/0995-pt-br--countries--senegal.json,REQUIRED,NOT APPLIED
https://immigratetobrazil.com/pt-br/countries/serbia/,pages/0996-pt-br--countries--serbia.md,COUNTRY EVIDENCE REQUIRED — conditional editorial draft,EXPAND,P2,metadata/0996-pt-br--countries--serbia.html,schema/0996-pt-br--countries--serbia.json,REQUIRED,NOT APPLIED
https://immigratetobrazil.com/pt-br/countries/seychelles/,pages/0997-pt-br--countries--seychelles.md,COUNTRY EVIDENCE REQUIRED — conditional editorial draft,EXPAND,P2,metadata/0997-pt-br--countries--seychelles.html,schema/0997-pt-br--countries--seychelles.json,REQUIRED,NOT APPLIED
https://immigratetobrazil.com/pt-br/countries/sierra-leone/,pages/0998-pt-br--countries--sierra-leone.md,COUNTRY EVIDENCE REQUIRED — conditional editorial draft,EXPAND,P2,metadata/0998-pt-br--countries--sierra-leone.html,schema/0998-pt-br--countries--sierra-leone.json,REQUIRED,NOT APPLIED
https://immigratetobrazil.com/pt-br/countries/singapore/,pages/0999-pt-br--countries--singapore.md,COUNTRY EVIDENCE REQUIRED — conditional editorial draft,EXPAND,P2,metadata/0999-pt-br--countries--singapore.html,schema/0999-pt-br--countries--singapore.json,REQUIRED,NOT APPLIED
https://immigratetobrazil.com/pt-br/countries/slovakia/,pages/1000-pt-br--countries--slovakia.md,COUNTRY EVIDENCE REQUIRED — conditional editorial draft,EXPAND,P2,metadata/1000-pt-br--countries--slovakia.html,schema/1000-pt-br--countries--slovakia.json,REQUIRED,NOT APPLIED
https://immigratetobrazil.com/pt-br/countries/slovenia/,pages/1001-pt-br--countries--slovenia.md,COUNTRY EVIDENCE REQUIRED — conditional editorial draft,EXPAND,P2,metadata/1001-pt-br--countries--slovenia.html,schema/1001-pt-br--countries--slovenia.json,REQUIRED,NOT APPLIED
https://immigratetobrazil.com/pt-br/countries/solomon-islands/,pages/1002-pt-br--countries--solomon-islands.md,COUNTRY EVIDENCE REQUIRED — conditional editorial draft,EXPAND,P2,metadata/1002-pt-br--countries--solomon-islands.html,schema/1002-pt-br--countries--solomon-islands.json,REQUIRED,NOT APPLIED
https://immigratetobrazil.com/pt-br/countries/somalia/,pages/1003-pt-br--countries--somalia.md,COUNTRY EVIDENCE REQUIRED — conditional editorial draft,EXPAND,P2,metadata/1003-pt-br--countries--somalia.html,schema/1003-pt-br--countries--somalia.json,REQUIRED,NOT APPLIED
https://immigratetobrazil.com/pt-br/countries/south-africa/,pages/1004-pt-br--countries--south-africa.md,COUNTRY EVIDENCE REQUIRED — conditional editorial draft,EXPAND,P2,metadata/1004-pt-br--countries--south-africa.html,schema/1004-pt-br--countries--south-africa.json,REQUIRED,NOT APPLIED
https://immigratetobrazil.com/pt-br/countries/south-korea/,pages/1005-pt-br--countries--south-korea.md,COUNTRY EVIDENCE REQUIRED — conditional editorial draft,EXPAND,P2,metadata/1005-pt-br--countries--south-korea.html,schema/1005-pt-br--countries--south-korea.json,REQUIRED,NOT APPLIED
https://immigratetobrazil.com/pt-br/countries/south-sudan/,pages/1006-pt-br--countries--south-sudan.md,COUNTRY EVIDENCE REQUIRED — conditional editorial draft,EXPAND,P2,metadata/1006-pt-br--countries--south-sudan.html,schema/1006-pt-br--countries--south-sudan.json,REQUIRED,NOT APPLIED
https://immigratetobrazil.com/pt-br/countries/spain/,pages/1007-pt-br--countries--spain.md,COUNTRY EVIDENCE REQUIRED — conditional editorial draft,EXPAND,P2,metadata/1007-pt-br--countries--spain.html,schema/1007-pt-br--countries--spain.json,REQUIRED,NOT APPLIED
https://immigratetobrazil.com/pt-br/countries/sri-lanka/,pages/1008-pt-br--countries--sri-lanka.md,COUNTRY EVIDENCE REQUIRED — conditional editorial draft,EXPAND,P2,metadata/1008-pt-br--countries--sri-lanka.html,schema/1008-pt-br--countries--sri-lanka.json,REQUIRED,NOT APPLIED
https://immigratetobrazil.com/pt-br/countries/sudan/,pages/1009-pt-br--countries--sudan.md,COUNTRY EVIDENCE REQUIRED — conditional editorial draft,EXPAND,P2,metadata/1009-pt-br--countries--sudan.html,schema/1009-pt-br--countries--sudan.json,REQUIRED,NOT APPLIED
https://immigratetobrazil.com/pt-br/countries/suriname/,pages/1010-pt-br--countries--suriname.md,COUNTRY EVIDENCE REQUIRED — conditional editorial draft,EXPAND,P2,metadata/1010-pt-br--countries--suriname.html,schema/1010-pt-br--countries--suriname.json,REQUIRED,NOT APPLIED
https://immigratetobrazil.com/pt-br/countries/sweden/,pages/1011-pt-br--countries--sweden.md,COUNTRY EVIDENCE REQUIRED — conditional editorial draft,EXPAND,P2,metadata/1011-pt-br--countries--sweden.html,schema/1011-pt-br--countries--sweden.json,REQUIRED,NOT APPLIED
https://immigratetobrazil.com/pt-br/countries/switzerland/,pages/1012-pt-br--countries--switzerland.md,COUNTRY EVIDENCE REQUIRED — conditional editorial draft,EXPAND,P2,metadata/1012-pt-br--countries--switzerland.html,schema/1012-pt-br--countries--switzerland.json,REQUIRED,NOT APPLIED
https://immigratetobrazil.com/pt-br/countries/syria/,pages/1013-pt-br--countries--syria.md,COUNTRY EVIDENCE REQUIRED — conditional editorial draft,EXPAND,P2,metadata/1013-pt-br--countries--syria.html,schema/1013-pt-br--countries--syria.json,REQUIRED,NOT APPLIED
https://immigratetobrazil.com/pt-br/countries/tajikistan/,pages/1014-pt-br--countries--tajikistan.md,COUNTRY EVIDENCE REQUIRED — conditional editorial draft,EXPAND,P2,metadata/1014-pt-br--countries--tajikistan.html,schema/1014-pt-br--countries--tajikistan.json,REQUIRED,NOT APPLIED
https://immigratetobrazil.com/pt-br/countries/tanzania/,pages/1015-pt-br--countries--tanzania.md,COUNTRY EVIDENCE REQUIRED — conditional editorial draft,EXPAND,P2,metadata/1015-pt-br--countries--tanzania.html,schema/1015-pt-br--countries--tanzania.json,REQUIRED,NOT APPLIED
https://immigratetobrazil.com/pt-br/countries/thailand/,pages/1016-pt-br--countries--thailand.md,COUNTRY EVIDENCE REQUIRED — conditional editorial draft,EXPAND,P2,metadata/1016-pt-br--countries--thailand.html,schema/1016-pt-br--countries--thailand.json,REQUIRED,NOT APPLIED
https://immigratetobrazil.com/pt-br/countries/timor-leste/,pages/1017-pt-br--countries--timor-leste.md,COUNTRY EVIDENCE REQUIRED — conditional editorial draft,EXPAND,P2,metadata/1017-pt-br--countries--timor-leste.html,schema/1017-pt-br--countries--timor-leste.json,REQUIRED,NOT APPLIED
https://immigratetobrazil.com/pt-br/countries/togo/,pages/1018-pt-br--countries--togo.md,COUNTRY EVIDENCE REQUIRED — conditional editorial draft,EXPAND,P2,metadata/1018-pt-br--countries--togo.html,schema/1018-pt-br--countries--togo.json,REQUIRED,NOT APPLIED
https://immigratetobrazil.com/pt-br/countries/tonga/,pages/1019-pt-br--countries--tonga.md,COUNTRY EVIDENCE REQUIRED — conditional editorial draft,EXPAND,P2,metadata/1019-pt-br--countries--tonga.html,schema/1019-pt-br--countries--tonga.json,REQUIRED,NOT APPLIED
https://immigratetobrazil.com/pt-br/countries/trinidad-and-tobago/,pages/1020-pt-br--countries--trinidad-and-tobago.md,COUNTRY EVIDENCE REQUIRED — conditional editorial draft,EXPAND,P2,metadata/1020-pt-br--countries--trinidad-and-tobago.html,schema/1020-pt-br--countries--trinidad-and-tobago.json,REQUIRED,NOT APPLIED
https://immigratetobrazil.com/pt-br/countries/tunisia/,pages/1021-pt-br--countries--tunisia.md,COUNTRY EVIDENCE REQUIRED — conditional editorial draft,EXPAND,P2,metadata/1021-pt-br--countries--tunisia.html,schema/1021-pt-br--countries--tunisia.json,REQUIRED,NOT APPLIED
https://immigratetobrazil.com/pt-br/countries/turkey/,pages/1022-pt-br--countries--turkey.md,COUNTRY EVIDENCE REQUIRED — conditional editorial draft,EXPAND,P2,metadata/1022-pt-br--countries--turkey.html,schema/1022-pt-br--countries--turkey.json,REQUIRED,NOT APPLIED
https://immigratetobrazil.com/pt-br/countries/turkmenistan/,pages/1023-pt-br--countries--turkmenistan.md,COUNTRY EVIDENCE REQUIRED — conditional editorial draft,EXPAND,P2,metadata/1023-pt-br--countries--turkmenistan.html,schema/1023-pt-br--countries--turkmenistan.json,REQUIRED,NOT APPLIED
https://immigratetobrazil.com/pt-br/countries/tuvalu/,pages/1024-pt-br--countries--tuvalu.md,COUNTRY EVIDENCE REQUIRED — conditional editorial draft,EXPAND,P2,metadata/1024-pt-br--countries--tuvalu.html,schema/1024-pt-br--countries--tuvalu.json,REQUIRED,NOT APPLIED
https://immigratetobrazil.com/pt-br/countries/uganda/,pages/1025-pt-br--countries--uganda.md,COUNTRY EVIDENCE REQUIRED — conditional editorial draft,EXPAND,P2,metadata/1025-pt-br--countries--uganda.html,schema/1025-pt-br--countries--uganda.json,REQUIRED,NOT APPLIED
https://immigratetobrazil.com/pt-br/countries/ukraine/,pages/1026-pt-br--countries--ukraine.md,COUNTRY EVIDENCE REQUIRED — conditional editorial draft,EXPAND,P2,metadata/1026-pt-br--countries--ukraine.html,schema/1026-pt-br--countries--ukraine.json,REQUIRED,NOT APPLIED
https://immigratetobrazil.com/pt-br/countries/united-arab-emirates/,pages/1027-pt-br--countries--united-arab-emirates.md,COUNTRY EVIDENCE REQUIRED — conditional editorial draft,EXPAND,P2,metadata/1027-pt-br--countries--united-arab-emirates.html,schema/1027-pt-br--countries--united-arab-emirates.json,REQUIRED,NOT APPLIED
https://immigratetobrazil.com/pt-br/countries/united-kingdom/,pages/1028-pt-br--countries--united-kingdom.md,COUNTRY EVIDENCE REQUIRED — conditional editorial draft,EXPAND,P2,metadata/1028-pt-br--countries--united-kingdom.html,schema/1028-pt-br--countries--united-kingdom.json,REQUIRED,NOT APPLIED
https://immigratetobrazil.com/pt-br/countries/united-states/,pages/1029-pt-br--countries--united-states.md,COUNTRY EVIDENCE REQUIRED — conditional editorial draft,EXPAND,P2,metadata/1029-pt-br--countries--united-states.html,schema/1029-pt-br--countries--united-states.json,REQUIRED,NOT APPLIED
https://immigratetobrazil.com/pt-br/countries/uruguay/,pages/1030-pt-br--countries--uruguay.md,COUNTRY EVIDENCE REQUIRED — conditional editorial draft,EXPAND,P2,metadata/1030-pt-br--countries--uruguay.html,schema/1030-pt-br--countries--uruguay.json,REQUIRED,NOT APPLIED
https://immigratetobrazil.com/pt-br/countries/uzbekistan/,pages/1031-pt-br--countries--uzbekistan.md,COUNTRY EVIDENCE REQUIRED — conditional editorial draft,EXPAND,P2,metadata/1031-pt-br--countries--uzbekistan.html,schema/1031-pt-br--countries--uzbekistan.json,REQUIRED,NOT APPLIED
https://immigratetobrazil.com/pt-br/countries/vanuatu/,pages/1032-pt-br--countries--vanuatu.md,COUNTRY EVIDENCE REQUIRED — conditional editorial draft,EXPAND,P2,metadata/1032-pt-br--countries--vanuatu.html,schema/1032-pt-br--countries--vanuatu.json,REQUIRED,NOT APPLIED
https://immigratetobrazil.com/pt-br/countries/vatican-city/,pages/1033-pt-br--countries--vatican-city.md,COUNTRY EVIDENCE REQUIRED — conditional editorial draft,EXPAND,P2,metadata/1033-pt-br--countries--vatican-city.html,schema/1033-pt-br--countries--vatican-city.json,REQUIRED,NOT APPLIED
https://immigratetobrazil.com/pt-br/countries/venezuela/,pages/1034-pt-br--countries--venezuela.md,COUNTRY EVIDENCE REQUIRED — conditional editorial draft,EXPAND,P2,metadata/1034-pt-br--countries--venezuela.html,schema/1034-pt-br--countries--venezuela.json,REQUIRED,NOT APPLIED
https://immigratetobrazil.com/pt-br/countries/vietnam/,pages/1035-pt-br--countries--vietnam.md,COUNTRY EVIDENCE REQUIRED — conditional editorial draft,EXPAND,P2,metadata/1035-pt-br--countries--vietnam.html,schema/1035-pt-br--countries--vietnam.json,REQUIRED,NOT APPLIED
https://immigratetobrazil.com/pt-br/countries/yemen/,pages/1036-pt-br--countries--yemen.md,COUNTRY EVIDENCE REQUIRED — conditional editorial draft,EXPAND,P2,metadata/1036-pt-br--countries--yemen.html,schema/1036-pt-br--countries--yemen.json,REQUIRED,NOT APPLIED
https://immigratetobrazil.com/pt-br/countries/zambia/,pages/1037-pt-br--countries--zambia.md,COUNTRY EVIDENCE REQUIRED — conditional editorial draft,EXPAND,P2,metadata/1037-pt-br--countries--zambia.html,schema/1037-pt-br--countries--zambia.json,REQUIRED,NOT APPLIED
https://immigratetobrazil.com/pt-br/countries/zimbabwe/,pages/1038-pt-br--countries--zimbabwe.md,COUNTRY EVIDENCE REQUIRED — conditional editorial draft,EXPAND,P2,metadata/1038-pt-br--countries--zimbabwe.html,schema/1038-pt-br--countries--zimbabwe.json,REQUIRED,NOT APPLIED
https://immigratetobrazil.com/pt-br/insights/,pages/1039-pt-br--insights.md,DRAFT — editorial review required,OPTIMIZE,P2,metadata/1039-pt-br--insights.html,schema/1039-pt-br--insights.json,CHECK EXISTING CLAIMS,NOT APPLIED
https://immigratetobrazil.com/pt-br/insights/blog/,pages/1040-pt-br--insights--blog.md,DRAFT — editorial review required,OPTIMIZE,P2,metadata/1040-pt-br--insights--blog.html,schema/1040-pt-br--insights--blog.json,CHECK EXISTING CLAIMS,NOT APPLIED
https://immigratetobrazil.com/pt-br/insights/fyi/,pages/1041-pt-br--insights--fyi.md,DRAFT — editorial review required,OPTIMIZE,P2,metadata/1041-pt-br--insights--fyi.html,schema/1041-pt-br--insights--fyi.json,CHECK EXISTING CLAIMS,NOT APPLIED
https://immigratetobrazil.com/pt-br/insights/fyi/ant-nio-prado-rs-wins-un-tourism-seal-and-becomes-a-world-reference-the-charming/,pages/1042-pt-br--insights--fyi--ant-nio-prado-rs-wins-un-tourism-seal-and-becomes-a-world-reference-the-charming.md,SOURCE REVIEW REQUIRED — no publication-ready rewrite,INVESTIGATE FURTHER,P2,metadata/1042-pt-br--insights--fyi--ant-nio-prado-rs-wins-un-tourism-seal-and-becomes-a-world-reference-the-charming.html,schema/1042-pt-br--insights--fyi--ant-nio-prado-rs-wins-un-tourism-seal-and-becomes-a-world-reference-the-charming.json,REQUIRED,NOT APPLIED
https://immigratetobrazil.com/pt-br/insights/fyi/ant-nio-prado-village-brazil-s-italian-heritage-gains-global-recognition-the-charming/,pages/1043-pt-br--insights--fyi--ant-nio-prado-village-brazil-s-italian-heritage-gains-global-recognition-the-charming.md,SOURCE REVIEW REQUIRED — no publication-ready rewrite,INVESTIGATE FURTHER,P2,metadata/1043-pt-br--insights--fyi--ant-nio-prado-village-brazil-s-italian-heritage-gains-global-recognition-the-charming.html,schema/1043-pt-br--insights--fyi--ant-nio-prado-village-brazil-s-italian-heritage-gains-global-recognition-the-charming.json,REQUIRED,NOT APPLIED
https://immigratetobrazil.com/pt-br/insights/fyi/attention-what-to-avoid-in-the-airport-restricted-area-being-in-a-restricted-area-of/,pages/1044-pt-br--insights--fyi--attention-what-to-avoid-in-the-airport-restricted-area-being-in-a-restricted-area-of.md,SOURCE REVIEW REQUIRED — no publication-ready rewrite,INVESTIGATE FURTHER,P2,metadata/1044-pt-br--insights--fyi--attention-what-to-avoid-in-the-airport-restricted-area-being-in-a-restricted-area-of.html,schema/1044-pt-br--insights--fyi--attention-what-to-avoid-in-the-airport-restricted-area-being-in-a-restricted-area-of.json,REQUIRED,NOT APPLIED
https://immigratetobrazil.com/pt-br/insights/fyi/beninese-citizenship-the-symbolic-return-of-thousands-of-afro-brazilians-to-their/,pages/1045-pt-br--insights--fyi--beninese-citizenship-the-symbolic-return-of-thousands-of-afro-brazilians-to-their.md,SOURCE REVIEW REQUIRED — no publication-ready rewrite,INVESTIGATE FURTHER,P2,metadata/1045-pt-br--insights--fyi--beninese-citizenship-the-symbolic-return-of-thousands-of-afro-brazilians-to-their.html,schema/1045-pt-br--insights--fyi--beninese-citizenship-the-symbolic-return-of-thousands-of-afro-brazilians-to-their.json,REQUIRED,NOT APPLIED
https://immigratetobrazil.com/pt-br/insights/fyi/bomb-in-suitcase-joke-leads-passenger-to-arrest-at-bras-lia-airport-in-news-recently/,pages/1046-pt-br--insights--fyi--bomb-in-suitcase-joke-leads-passenger-to-arrest-at-bras-lia-airport-in-news-recently.md,SOURCE REVIEW REQUIRED — no publication-ready rewrite,INVESTIGATE FURTHER,P2,metadata/1046-pt-br--insights--fyi--bomb-in-suitcase-joke-leads-passenger-to-arrest-at-bras-lia-airport-in-news-recently.html,schema/1046-pt-br--insights--fyi--bomb-in-suitcase-joke-leads-passenger-to-arrest-at-bras-lia-airport-in-news-recently.json,REQUIRED,NOT APPLIED
https://immigratetobrazil.com/pt-br/insights/fyi/brazil-and-india-extend-visa-validity-to-10-years-brazil-and-india-signed-a/,pages/1047-pt-br--insights--fyi--brazil-and-india-extend-visa-validity-to-10-years-brazil-and-india-signed-a.md,SOURCE REVIEW REQUIRED — no publication-ready rewrite,INVESTIGATE FURTHER,P2,metadata/1047-pt-br--insights--fyi--brazil-and-india-extend-visa-validity-to-10-years-brazil-and-india-signed-a.html,schema/1047-pt-br--insights--fyi--brazil-and-india-extend-visa-validity-to-10-years-brazil-and-india-signed-a.json,REQUIRED,NOT APPLIED
https://immigratetobrazil.com/pt-br/insights/fyi/brazil-broadens-visitor-visa-rules-to-allow-technical-and-technology-transfer-work/,pages/1048-pt-br--insights--fyi--brazil-broadens-visitor-visa-rules-to-allow-technical-and-technology-transfer-work.md,SOURCE REVIEW REQUIRED — no publication-ready rewrite,INVESTIGATE FURTHER,P2,metadata/1048-pt-br--insights--fyi--brazil-broadens-visitor-visa-rules-to-allow-technical-and-technology-transfer-work.html,schema/1048-pt-br--insights--fyi--brazil-broadens-visitor-visa-rules-to-allow-technical-and-technology-transfer-work.json,REQUIRED,NOT APPLIED
https://immigratetobrazil.com/pt-br/insights/fyi/brazil-legal-insight-from-instagram-post-2/,pages/1049-pt-br--insights--fyi--brazil-legal-insight-from-instagram-post-2.md,SOURCE REVIEW REQUIRED — no publication-ready rewrite,INVESTIGATE FURTHER,P2,metadata/1049-pt-br--insights--fyi--brazil-legal-insight-from-instagram-post-2.html,schema/1049-pt-br--insights--fyi--brazil-legal-insight-from-instagram-post-2.json,REQUIRED,NOT APPLIED
https://immigratetobrazil.com/pt-br/insights/fyi/brazil-legal-insight-from-instagram-post-3/,pages/1050-pt-br--insights--fyi--brazil-legal-insight-from-instagram-post-3.md,SOURCE REVIEW REQUIRED — no publication-ready rewrite,INVESTIGATE FURTHER,P2,metadata/1050-pt-br--insights--fyi--brazil-legal-insight-from-instagram-post-3.html,schema/1050-pt-br--insights--fyi--brazil-legal-insight-from-instagram-post-3.json,REQUIRED,NOT APPLIED
https://immigratetobrazil.com/pt-br/insights/fyi/brazil-legal-insight-from-instagram-post/,pages/1051-pt-br--insights--fyi--brazil-legal-insight-from-instagram-post.md,SOURCE REVIEW REQUIRED — no publication-ready rewrite,INVESTIGATE FURTHER,P2,metadata/1051-pt-br--insights--fyi--brazil-legal-insight-from-instagram-post.html,schema/1051-pt-br--insights--fyi--brazil-legal-insight-from-instagram-post.json,REQUIRED,NOT APPLIED
https://immigratetobrazil.com/pt-br/insights/fyi/brazil-makes-the-top-10/,pages/1052-pt-br--insights--fyi--brazil-makes-the-top-10.md,SOURCE REVIEW REQUIRED — no publication-ready rewrite,INVESTIGATE FURTHER,P2,metadata/1052-pt-br--insights--fyi--brazil-makes-the-top-10.html,schema/1052-pt-br--insights--fyi--brazil-makes-the-top-10.json,REQUIRED,NOT APPLIED
https://immigratetobrazil.com/pt-br/insights/fyi/brazil-s-carnival-holiday-carnival-in-brazil-is-a-vibrant-festival-that/,pages/1053-pt-br--insights--fyi--brazil-s-carnival-holiday-carnival-in-brazil-is-a-vibrant-festival-that.md,SOURCE REVIEW REQUIRED — no publication-ready rewrite,INVESTIGATE FURTHER,P2,metadata/1053-pt-br--insights--fyi--brazil-s-carnival-holiday-carnival-in-brazil-is-a-vibrant-festival-that.html,schema/1053-pt-br--insights--fyi--brazil-s-carnival-holiday-carnival-in-brazil-is-a-vibrant-festival-that.json,REQUIRED,NOT APPLIED
https://immigratetobrazil.com/pt-br/insights/fyi/brazil-s-digital-nomad-visa-is-a-trending-choice/,pages/1054-pt-br--insights--fyi--brazil-s-digital-nomad-visa-is-a-trending-choice.md,SOURCE REVIEW REQUIRED — no publication-ready rewrite,INVESTIGATE FURTHER,P2,metadata/1054-pt-br--insights--fyi--brazil-s-digital-nomad-visa-is-a-trending-choice.html,schema/1054-pt-br--insights--fyi--brazil-s-digital-nomad-visa-is-a-trending-choice.json,REQUIRED,NOT APPLIED
https://immigratetobrazil.com/pt-br/insights/fyi/brazil-s-paraty-city-recognised-as-one-of-the-world-s-most-beautiful-villages-paraty/,pages/1055-pt-br--insights--fyi--brazil-s-paraty-city-recognised-as-one-of-the-world-s-most-beautiful-villages-paraty.md,SOURCE REVIEW REQUIRED — no publication-ready rewrite,INVESTIGATE FURTHER,P2,metadata/1055-pt-br--insights--fyi--brazil-s-paraty-city-recognised-as-one-of-the-world-s-most-beautiful-villages-paraty.html,schema/1055-pt-br--insights--fyi--brazil-s-paraty-city-recognised-as-one-of-the-world-s-most-beautiful-villages-paraty.json,REQUIRED,NOT APPLIED
https://immigratetobrazil.com/pt-br/insights/fyi/brazil-s-working-holiday-visa-for-young-travellers-from-select-countries/,pages/1056-pt-br--insights--fyi--brazil-s-working-holiday-visa-for-young-travellers-from-select-countries.md,SOURCE REVIEW REQUIRED — no publication-ready rewrite,INVESTIGATE FURTHER,P2,metadata/1056-pt-br--insights--fyi--brazil-s-working-holiday-visa-for-young-travellers-from-select-countries.html,schema/1056-pt-br--insights--fyi--brazil-s-working-holiday-visa-for-young-travellers-from-select-countries.json,REQUIRED,NOT APPLIED
https://immigratetobrazil.com/pt-br/insights/fyi/brazilians-around-the-world-where-of-the-largest-communities-live/,pages/1057-pt-br--insights--fyi--brazilians-around-the-world-where-of-the-largest-communities-live.md,SOURCE REVIEW REQUIRED — no publication-ready rewrite,INVESTIGATE FURTHER,P2,metadata/1057-pt-br--insights--fyi--brazilians-around-the-world-where-of-the-largest-communities-live.html,schema/1057-pt-br--insights--fyi--brazilians-around-the-world-where-of-the-largest-communities-live.json,REQUIRED,NOT APPLIED
https://immigratetobrazil.com/pt-br/insights/fyi/china-extends-visa-exemption-for-brazilians-until-the-end-of-2026-china/,pages/1058-pt-br--insights--fyi--china-extends-visa-exemption-for-brazilians-until-the-end-of-2026-china.md,SOURCE REVIEW REQUIRED — no publication-ready rewrite,INVESTIGATE FURTHER,P2,metadata/1058-pt-br--insights--fyi--china-extends-visa-exemption-for-brazilians-until-the-end-of-2026-china.html,schema/1058-pt-br--insights--fyi--china-extends-visa-exemption-for-brazilians-until-the-end-of-2026-china.json,REQUIRED,NOT APPLIED
https://immigratetobrazil.com/pt-br/insights/fyi/did-you-know-portugal-signed-a-historic-decree-to-recognize-the-national-driving/,pages/1059-pt-br--insights--fyi--did-you-know-portugal-signed-a-historic-decree-to-recognize-the-national-driving.md,SOURCE REVIEW REQUIRED — no publication-ready rewrite,INVESTIGATE FURTHER,P2,metadata/1059-pt-br--insights--fyi--did-you-know-portugal-signed-a-historic-decree-to-recognize-the-national-driving.html,schema/1059-pt-br--insights--fyi--did-you-know-portugal-signed-a-historic-decree-to-recognize-the-national-driving.json,REQUIRED,NOT APPLIED
https://immigratetobrazil.com/pt-br/insights/fyi/federal-government-launches-official-page-on-definitive-tax-exit-from-brazil-the/,pages/1060-pt-br--insights--fyi--federal-government-launches-official-page-on-definitive-tax-exit-from-brazil-the.md,SOURCE REVIEW REQUIRED — no publication-ready rewrite,INVESTIGATE FURTHER,P2,metadata/1060-pt-br--insights--fyi--federal-government-launches-official-page-on-definitive-tax-exit-from-brazil-the.html,schema/1060-pt-br--insights--fyi--federal-government-launches-official-page-on-definitive-tax-exit-from-brazil-the.json,REQUIRED,NOT APPLIED
https://immigratetobrazil.com/pt-br/insights/fyi/guarulhos-airport-reinforces-liquid-inspection-attention-travelers/,pages/1061-pt-br--insights--fyi--guarulhos-airport-reinforces-liquid-inspection-attention-travelers.md,SOURCE REVIEW REQUIRED — no publication-ready rewrite,INVESTIGATE FURTHER,P2,metadata/1061-pt-br--insights--fyi--guarulhos-airport-reinforces-liquid-inspection-attention-travelers.html,schema/1061-pt-br--insights--fyi--guarulhos-airport-reinforces-liquid-inspection-attention-travelers.json,REQUIRED,NOT APPLIED
https://immigratetobrazil.com/pt-br/insights/fyi/happy-new-year-happy-new-year-if-you-haven-t-started-planning-your-year-yet-this-is/,pages/1062-pt-br--insights--fyi--happy-new-year-happy-new-year-if-you-haven-t-started-planning-your-year-yet-this-is.md,SOURCE REVIEW REQUIRED — no publication-ready rewrite,INVESTIGATE FURTHER,P2,metadata/1062-pt-br--insights--fyi--happy-new-year-happy-new-year-if-you-haven-t-started-planning-your-year-yet-this-is.html,schema/1062-pt-br--insights--fyi--happy-new-year-happy-new-year-if-you-haven-t-started-planning-your-year-yet-this-is.json,REQUIRED,NOT APPLIED
https://immigratetobrazil.com/pt-br/insights/fyi/immigrant-children-in-brazil-how-provisional-naturalization-works-it-is-a-form-of/,pages/1063-pt-br--insights--fyi--immigrant-children-in-brazil-how-provisional-naturalization-works-it-is-a-form-of.md,SOURCE REVIEW REQUIRED — no publication-ready rewrite,INVESTIGATE FURTHER,P2,metadata/1063-pt-br--insights--fyi--immigrant-children-in-brazil-how-provisional-naturalization-works-it-is-a-form-of.html,schema/1063-pt-br--insights--fyi--immigrant-children-in-brazil-how-provisional-naturalization-works-it-is-a-form-of.json,REQUIRED,NOT APPLIED
https://immigratetobrazil.com/pt-br/insights/fyi/international-buyers-can-purchase-property-in-brazil-how-does-it-work/,pages/1064-pt-br--insights--fyi--international-buyers-can-purchase-property-in-brazil-how-does-it-work.md,SOURCE REVIEW REQUIRED — no publication-ready rewrite,INVESTIGATE FURTHER,P2,metadata/1064-pt-br--insights--fyi--international-buyers-can-purchase-property-in-brazil-how-does-it-work.html,schema/1064-pt-br--insights--fyi--international-buyers-can-purchase-property-in-brazil-how-does-it-work.json,REQUIRED,NOT APPLIED
https://immigratetobrazil.com/pt-br/insights/fyi/italy-allows-large-dogs-in-the-airplane-cabin-for-the-first-time-in-the-world/,pages/1065-pt-br--insights--fyi--italy-allows-large-dogs-in-the-airplane-cabin-for-the-first-time-in-the-world.md,SOURCE REVIEW REQUIRED — no publication-ready rewrite,INVESTIGATE FURTHER,P2,metadata/1065-pt-br--insights--fyi--italy-allows-large-dogs-in-the-airplane-cabin-for-the-first-time-in-the-world.html,schema/1065-pt-br--insights--fyi--italy-allows-large-dogs-in-the-airplane-cabin-for-the-first-time-in-the-world.json,REQUIRED,NOT APPLIED
https://immigratetobrazil.com/pt-br/insights/fyi/italy-plans-almost-500-000-work-visas-for-non-europeans-by-2028-the-government/,pages/1066-pt-br--insights--fyi--italy-plans-almost-500-000-work-visas-for-non-europeans-by-2028-the-government.md,SOURCE REVIEW REQUIRED — no publication-ready rewrite,INVESTIGATE FURTHER,P2,metadata/1066-pt-br--insights--fyi--italy-plans-almost-500-000-work-visas-for-non-europeans-by-2028-the-government.html,schema/1066-pt-br--insights--fyi--italy-plans-almost-500-000-work-visas-for-non-europeans-by-2028-the-government.json,REQUIRED,NOT APPLIED
https://immigratetobrazil.com/pt-br/insights/fyi/new-criteria-on-health-could-restrict-the-granting-of-us-visas-the-government-of-the/,pages/1067-pt-br--insights--fyi--new-criteria-on-health-could-restrict-the-granting-of-us-visas-the-government-of-the.md,SOURCE REVIEW REQUIRED — no publication-ready rewrite,INVESTIGATE FURTHER,P2,metadata/1067-pt-br--insights--fyi--new-criteria-on-health-could-restrict-the-granting-of-us-visas-the-government-of-the.html,schema/1067-pt-br--insights--fyi--new-criteria-on-health-could-restrict-the-granting-of-us-visas-the-government-of-the.json,REQUIRED,NOT APPLIED
https://immigratetobrazil.com/pt-br/insights/fyi/new-fee-on-international-connections-in-peru-could-change-the-game-for-those-stopping/,pages/1068-pt-br--insights--fyi--new-fee-on-international-connections-in-peru-could-change-the-game-for-those-stopping.md,SOURCE REVIEW REQUIRED — no publication-ready rewrite,INVESTIGATE FURTHER,P2,metadata/1068-pt-br--insights--fyi--new-fee-on-international-connections-in-peru-could-change-the-game-for-those-stopping.html,schema/1068-pt-br--insights--fyi--new-fee-on-international-connections-in-peru-could-change-the-game-for-those-stopping.json,REQUIRED,NOT APPLIED
https://immigratetobrazil.com/pt-br/insights/fyi/pathways-to-brazilian-citizenship-for-parents-and-siblings-of-brazilian-children/,pages/1069-pt-br--insights--fyi--pathways-to-brazilian-citizenship-for-parents-and-siblings-of-brazilian-children.md,SOURCE REVIEW REQUIRED — no publication-ready rewrite,INVESTIGATE FURTHER,P2,metadata/1069-pt-br--insights--fyi--pathways-to-brazilian-citizenship-for-parents-and-siblings-of-brazilian-children.html,schema/1069-pt-br--insights--fyi--pathways-to-brazilian-citizenship-for-parents-and-siblings-of-brazilian-children.json,REQUIRED,NOT APPLIED
https://immigratetobrazil.com/pt-br/insights/fyi/portugal-ends-the-old-work-search-visa-and-creates-a-new-modality-visa-to-search/,pages/1070-pt-br--insights--fyi--portugal-ends-the-old-work-search-visa-and-creates-a-new-modality-visa-to-search.md,SOURCE REVIEW REQUIRED — no publication-ready rewrite,INVESTIGATE FURTHER,P2,metadata/1070-pt-br--insights--fyi--portugal-ends-the-old-work-search-visa-and-creates-a-new-modality-visa-to-search.html,schema/1070-pt-br--insights--fyi--portugal-ends-the-old-work-search-visa-and-creates-a-new-modality-visa-to-search.json,REQUIRED,NOT APPLIED
https://immigratetobrazil.com/pt-br/insights/fyi/sistema-ees-entra-em-vigor-nos-aeroportos-europa-aperta-o-cerco-a-quem-ultrapassa-o/,pages/1071-pt-br--insights--fyi--sistema-ees-entra-em-vigor-nos-aeroportos-europa-aperta-o-cerco-a-quem-ultrapassa-o.md,SOURCE REVIEW REQUIRED — no publication-ready rewrite,INVESTIGATE FURTHER,P2,metadata/1071-pt-br--insights--fyi--sistema-ees-entra-em-vigor-nos-aeroportos-europa-aperta-o-cerco-a-quem-ultrapassa-o.html,schema/1071-pt-br--insights--fyi--sistema-ees-entra-em-vigor-nos-aeroportos-europa-aperta-o-cerco-a-quem-ultrapassa-o.json,REQUIRED,NOT APPLIED
https://immigratetobrazil.com/pt-br/insights/fyi/things-you-should-never-of-in-the-airport-s-restricted-area-being-in-an-airport-s/,pages/1072-pt-br--insights--fyi--things-you-should-never-of-in-the-airport-s-restricted-area-being-in-an-airport-s.md,SOURCE REVIEW REQUIRED — no publication-ready rewrite,INVESTIGATE FURTHER,P2,metadata/1072-pt-br--insights--fyi--things-you-should-never-of-in-the-airport-s-restricted-area-being-in-an-airport-s.html,schema/1072-pt-br--insights--fyi--things-you-should-never-of-in-the-airport-s-restricted-area-being-in-an-airport-s.json,REQUIRED,NOT APPLIED
https://immigratetobrazil.com/pt-br/insights/fyi/tourism-in-brazil-hits-historic-record-with-nearly-8-million-international-arrivals-in/,pages/1073-pt-br--insights--fyi--tourism-in-brazil-hits-historic-record-with-nearly-8-million-international-arrivals-in.md,SOURCE REVIEW REQUIRED — no publication-ready rewrite,INVESTIGATE FURTHER,P2,metadata/1073-pt-br--insights--fyi--tourism-in-brazil-hits-historic-record-with-nearly-8-million-international-arrivals-in.html,schema/1073-pt-br--insights--fyi--tourism-in-brazil-hits-historic-record-with-nearly-8-million-international-arrivals-in.json,REQUIRED,NOT APPLIED
https://immigratetobrazil.com/pt-br/insights/fyi/travelling-solo-with-your-child-important-name-mismatch-considerations-a-parent/,pages/1074-pt-br--insights--fyi--travelling-solo-with-your-child-important-name-mismatch-considerations-a-parent.md,SOURCE REVIEW REQUIRED — no publication-ready rewrite,INVESTIGATE FURTHER,P2,metadata/1074-pt-br--insights--fyi--travelling-solo-with-your-child-important-name-mismatch-considerations-a-parent.html,schema/1074-pt-br--insights--fyi--travelling-solo-with-your-child-important-name-mismatch-considerations-a-parent.json,REQUIRED,NOT APPLIED
https://immigratetobrazil.com/pt-br/insights/fyi/united-kingdom-makes-changes-to-its-asylum-policy-the-united-kingdom-announced/,pages/1075-pt-br--insights--fyi--united-kingdom-makes-changes-to-its-asylum-policy-the-united-kingdom-announced.md,SOURCE REVIEW REQUIRED — no publication-ready rewrite,INVESTIGATE FURTHER,P2,metadata/1075-pt-br--insights--fyi--united-kingdom-makes-changes-to-its-asylum-policy-the-united-kingdom-announced.html,schema/1075-pt-br--insights--fyi--united-kingdom-makes-changes-to-its-asylum-policy-the-united-kingdom-announced.json,REQUIRED,NOT APPLIED
https://immigratetobrazil.com/pt-br/insights/fyi/usa-suspends-issuing-immigrant-visas-to-brazilians-the-united-states-announced-the/,pages/1076-pt-br--insights--fyi--usa-suspends-issuing-immigrant-visas-to-brazilians-the-united-states-announced-the.md,SOURCE REVIEW REQUIRED — no publication-ready rewrite,INVESTIGATE FURTHER,P2,metadata/1076-pt-br--insights--fyi--usa-suspends-issuing-immigrant-visas-to-brazilians-the-united-states-announced-the.html,schema/1076-pt-br--insights--fyi--usa-suspends-issuing-immigrant-visas-to-brazilians-the-united-states-announced-the.json,REQUIRED,NOT APPLIED
https://immigratetobrazil.com/pt-br/insights/fyi/valorizando-o-brazil-a-vila-brasileira-reconhecida-entre-as-mais-bonitas-of-mundo/,pages/1077-pt-br--insights--fyi--valorizando-o-brazil-a-vila-brasileira-reconhecida-entre-as-mais-bonitas-of-mundo.md,SOURCE REVIEW REQUIRED — no publication-ready rewrite,INVESTIGATE FURTHER,P2,metadata/1077-pt-br--insights--fyi--valorizando-o-brazil-a-vila-brasileira-reconhecida-entre-as-mais-bonitas-of-mundo.html,schema/1077-pt-br--insights--fyi--valorizando-o-brazil-a-vila-brasileira-reconhecida-entre-as-mais-bonitas-of-mundo.json,REQUIRED,NOT APPLIED
https://immigratetobrazil.com/pt-br/insights/fyi/volunteer-visa-for-work-in-non-profit-and-international-organisations-in-brazil/,pages/1078-pt-br--insights--fyi--volunteer-visa-for-work-in-non-profit-and-international-organisations-in-brazil.md,SOURCE REVIEW REQUIRED — no publication-ready rewrite,INVESTIGATE FURTHER,P2,metadata/1078-pt-br--insights--fyi--volunteer-visa-for-work-in-non-profit-and-international-organisations-in-brazil.html,schema/1078-pt-br--insights--fyi--volunteer-visa-for-work-in-non-profit-and-international-organisations-in-brazil.json,REQUIRED,NOT APPLIED
https://immigratetobrazil.com/pt-br/insights/fyi/what-are-the-steps-to-legally-move-and-live-in-brazil/,pages/1079-pt-br--insights--fyi--what-are-the-steps-to-legally-move-and-live-in-brazil.md,SOURCE REVIEW REQUIRED — no publication-ready rewrite,INVESTIGATE FURTHER,P2,metadata/1079-pt-br--insights--fyi--what-are-the-steps-to-legally-move-and-live-in-brazil.html,schema/1079-pt-br--insights--fyi--what-are-the-steps-to-legally-move-and-live-in-brazil.json,REQUIRED,NOT APPLIED
https://immigratetobrazil.com/pt-br/insights/fyi/when-that-traveler-from-a-cold-country-comes-to-brazil-and-feels-amazed-with-the/,pages/1080-pt-br--insights--fyi--when-that-traveler-from-a-cold-country-comes-to-brazil-and-feels-amazed-with-the.md,SOURCE REVIEW REQUIRED — no publication-ready rewrite,INVESTIGATE FURTHER,P2,metadata/1080-pt-br--insights--fyi--when-that-traveler-from-a-cold-country-comes-to-brazil-and-feels-amazed-with-the.html,schema/1080-pt-br--insights--fyi--when-that-traveler-from-a-cold-country-comes-to-brazil-and-feels-amazed-with-the.json,REQUIRED,NOT APPLIED
https://immigratetobrazil.com/pt-br/insights/fyi/why-brazil-s-student-visa-vitem-iv-absolutely-beats-the-us-f-1-you-land/,pages/1081-pt-br--insights--fyi--why-brazil-s-student-visa-vitem-iv-absolutely-beats-the-us-f-1-you-land.md,SOURCE REVIEW REQUIRED — no publication-ready rewrite,INVESTIGATE FURTHER,P2,metadata/1081-pt-br--insights--fyi--why-brazil-s-student-visa-vitem-iv-absolutely-beats-the-us-f-1-you-land.html,schema/1081-pt-br--insights--fyi--why-brazil-s-student-visa-vitem-iv-absolutely-beats-the-us-f-1-you-land.json,REQUIRED,NOT APPLIED
https://immigratetobrazil.com/pt-br/insights/general/,pages/1082-pt-br--insights--general.md,DRAFT — editorial review required,OPTIMIZE,P2,metadata/1082-pt-br--insights--general.html,schema/1082-pt-br--insights--general.json,CHECK EXISTING CLAIMS,NOT APPLIED
https://immigratetobrazil.com/pt-br/insights/guides/,pages/1083-pt-br--insights--guides.md,DRAFT — editorial review required,OPTIMIZE,P2,metadata/1083-pt-br--insights--guides.html,schema/1083-pt-br--insights--guides.json,CHECK EXISTING CLAIMS,NOT APPLIED
https://immigratetobrazil.com/pt-br/insights/guides/are-you-a-tourist-in-brazil-and-want-to-live-here/,pages/1084-pt-br--insights--guides--are-you-a-tourist-in-brazil-and-want-to-live-here.md,SOURCE REVIEW REQUIRED — no publication-ready rewrite,INVESTIGATE FURTHER,P2,metadata/1084-pt-br--insights--guides--are-you-a-tourist-in-brazil-and-want-to-live-here.html,schema/1084-pt-br--insights--guides--are-you-a-tourist-in-brazil-and-want-to-live-here.json,REQUIRED,NOT APPLIED
https://immigratetobrazil.com/pt-br/insights/guides/are-you-dreaming-of-getting-a-green-card-but-worried-about-the-sponsor/,pages/1085-pt-br--insights--guides--are-you-dreaming-of-getting-a-green-card-but-worried-about-the-sponsor.md,SOURCE REVIEW REQUIRED — no publication-ready rewrite,INVESTIGATE FURTHER,P2,metadata/1085-pt-br--insights--guides--are-you-dreaming-of-getting-a-green-card-but-worried-about-the-sponsor.html,schema/1085-pt-br--insights--guides--are-you-dreaming-of-getting-a-green-card-but-worried-about-the-sponsor.json,REQUIRED,NOT APPLIED
https://immigratetobrazil.com/pt-br/insights/guides/can-football-fans-sing-homophobic-chants/,pages/1086-pt-br--insights--guides--can-football-fans-sing-homophobic-chants.md,SOURCE REVIEW REQUIRED — no publication-ready rewrite,INVESTIGATE FURTHER,P2,metadata/1086-pt-br--insights--guides--can-football-fans-sing-homophobic-chants.html,schema/1086-pt-br--insights--guides--can-football-fans-sing-homophobic-chants.json,REQUIRED,NOT APPLIED
https://immigratetobrazil.com/pt-br/insights/guides/can-i-bring-my-familia-family-to-brazil-if-i-have-a-work-visa/,pages/1087-pt-br--insights--guides--can-i-bring-my-familia-family-to-brazil-if-i-have-a-work-visa.md,SOURCE REVIEW REQUIRED — no publication-ready rewrite,INVESTIGATE FURTHER,P2,metadata/1087-pt-br--insights--guides--can-i-bring-my-familia-family-to-brazil-if-i-have-a-work-visa.html,schema/1087-pt-br--insights--guides--can-i-bring-my-familia-family-to-brazil-if-i-have-a-work-visa.json,REQUIRED,NOT APPLIED
https://immigratetobrazil.com/pt-br/insights/guides/did-the-bank-lower-your-credit-limit-or-cancel-your-account-suddenly/,pages/1088-pt-br--insights--guides--did-the-bank-lower-your-credit-limit-or-cancel-your-account-suddenly.md,SOURCE REVIEW REQUIRED — no publication-ready rewrite,INVESTIGATE FURTHER,P2,metadata/1088-pt-br--insights--guides--did-the-bank-lower-your-credit-limit-or-cancel-your-account-suddenly.html,schema/1088-pt-br--insights--guides--did-the-bank-lower-your-credit-limit-or-cancel-your-account-suddenly.json,REQUIRED,NOT APPLIED
https://immigratetobrazil.com/pt-br/insights/guides/did-you-know-that-anyone-who-buys-their-first-residential-property-fin/,pages/1089-pt-br--insights--guides--did-you-know-that-anyone-who-buys-their-first-residential-property-fin.md,SOURCE REVIEW REQUIRED — no publication-ready rewrite,INVESTIGATE FURTHER,P2,metadata/1089-pt-br--insights--guides--did-you-know-that-anyone-who-buys-their-first-residential-property-fin.html,schema/1089-pt-br--insights--guides--did-you-know-that-anyone-who-buys-their-first-residential-property-fin.json,REQUIRED,NOT APPLIED
https://immigratetobrazil.com/pt-br/insights/guides/did-you-know-that-brazilian-naturalization-can-open-doors-to-incredibl-2/,pages/1090-pt-br--insights--guides--did-you-know-that-brazilian-naturalization-can-open-doors-to-incredibl-2.md,SOURCE REVIEW REQUIRED — no publication-ready rewrite,INVESTIGATE FURTHER,P2,metadata/1090-pt-br--insights--guides--did-you-know-that-brazilian-naturalization-can-open-doors-to-incredibl-2.html,schema/1090-pt-br--insights--guides--did-you-know-that-brazilian-naturalization-can-open-doors-to-incredibl-2.json,REQUIRED,NOT APPLIED
https://immigratetobrazil.com/pt-br/insights/guides/did-you-know-that-brazilian-naturalization-can-open-doors-to-incredibl/,pages/1091-pt-br--insights--guides--did-you-know-that-brazilian-naturalization-can-open-doors-to-incredibl.md,SOURCE REVIEW REQUIRED — no publication-ready rewrite,INVESTIGATE FURTHER,P2,metadata/1091-pt-br--insights--guides--did-you-know-that-brazilian-naturalization-can-open-doors-to-incredibl.html,schema/1091-pt-br--insights--guides--did-you-know-that-brazilian-naturalization-can-open-doors-to-incredibl.json,REQUIRED,NOT APPLIED
https://immigratetobrazil.com/pt-br/insights/guides/do-i-need-to-get-my-diploma-from-my-home-country-validated-in-brazil/,pages/1092-pt-br--insights--guides--do-i-need-to-get-my-diploma-from-my-home-country-validated-in-brazil.md,SOURCE REVIEW REQUIRED — no publication-ready rewrite,INVESTIGATE FURTHER,P2,metadata/1092-pt-br--insights--guides--do-i-need-to-get-my-diploma-from-my-home-country-validated-in-brazil.html,schema/1092-pt-br--insights--guides--do-i-need-to-get-my-diploma-from-my-home-country-validated-in-brazil.json,REQUIRED,NOT APPLIED
https://immigratetobrazil.com/pt-br/insights/guides/do-you-dream-of-getting-a-green-card-but-are-concerned-about-the-requi/,pages/1093-pt-br--insights--guides--do-you-dream-of-getting-a-green-card-but-are-concerned-about-the-requi.md,SOURCE REVIEW REQUIRED — no publication-ready rewrite,INVESTIGATE FURTHER,P2,metadata/1093-pt-br--insights--guides--do-you-dream-of-getting-a-green-card-but-are-concerned-about-the-requi.html,schema/1093-pt-br--insights--guides--do-you-dream-of-getting-a-green-card-but-are-concerned-about-the-requi.json,REQUIRED,NOT APPLIED
https://immigratetobrazil.com/pt-br/insights/guides/do-you-want-to-live-in-brazil-and-invest-intelligently/,pages/1094-pt-br--insights--guides--do-you-want-to-live-in-brazil-and-invest-intelligently.md,SOURCE REVIEW REQUIRED — no publication-ready rewrite,INVESTIGATE FURTHER,P2,metadata/1094-pt-br--insights--guides--do-you-want-to-live-in-brazil-and-invest-intelligently.html,schema/1094-pt-br--insights--guides--do-you-want-to-live-in-brazil-and-invest-intelligently.json,REQUIRED,NOT APPLIED
https://immigratetobrazil.com/pt-br/insights/guides/have-you-ever-wondered-what-happens-if-a-child-support-decision-for-a/,pages/1095-pt-br--insights--guides--have-you-ever-wondered-what-happens-if-a-child-support-decision-for-a.md,SOURCE REVIEW REQUIRED — no publication-ready rewrite,INVESTIGATE FURTHER,P2,metadata/1095-pt-br--insights--guides--have-you-ever-wondered-what-happens-if-a-child-support-decision-for-a.html,schema/1095-pt-br--insights--guides--have-you-ever-wondered-what-happens-if-a-child-support-decision-for-a.json,REQUIRED,NOT APPLIED
https://immigratetobrazil.com/pt-br/insights/guides/have-you-paid-a-debt-at-a-discount-but-your-name-remains-subject-to-in/,pages/1096-pt-br--insights--guides--have-you-paid-a-debt-at-a-discount-but-your-name-remains-subject-to-in.md,SOURCE REVIEW REQUIRED — no publication-ready rewrite,INVESTIGATE FURTHER,P2,metadata/1096-pt-br--insights--guides--have-you-paid-a-debt-at-a-discount-but-your-name-remains-subject-to-in.html,schema/1096-pt-br--insights--guides--have-you-paid-a-debt-at-a-discount-but-your-name-remains-subject-to-in.json,REQUIRED,NOT APPLIED
https://immigratetobrazil.com/pt-br/insights/guides/how-can-i-keep-in-touch-with-my-child-in-brazil-if-i-dont-live-there/,pages/1097-pt-br--insights--guides--how-can-i-keep-in-touch-with-my-child-in-brazil-if-i-dont-live-there.md,SOURCE REVIEW REQUIRED — no publication-ready rewrite,INVESTIGATE FURTHER,P2,metadata/1097-pt-br--insights--guides--how-can-i-keep-in-touch-with-my-child-in-brazil-if-i-dont-live-there.html,schema/1097-pt-br--insights--guides--how-can-i-keep-in-touch-with-my-child-in-brazil-if-i-dont-live-there.json,REQUIRED,NOT APPLIED
https://immigratetobrazil.com/pt-br/insights/guides/how-can-i-keep-in-touch-with-my-child-located-in-brazil-if-i-don-t-liv/,pages/1098-pt-br--insights--guides--how-can-i-keep-in-touch-with-my-child-located-in-brazil-if-i-don-t-liv.md,SOURCE REVIEW REQUIRED — no publication-ready rewrite,INVESTIGATE FURTHER,P2,metadata/1098-pt-br--insights--guides--how-can-i-keep-in-touch-with-my-child-located-in-brazil-if-i-don-t-liv.html,schema/1098-pt-br--insights--guides--how-can-i-keep-in-touch-with-my-child-located-in-brazil-if-i-don-t-liv.json,REQUIRED,NOT APPLIED
https://immigratetobrazil.com/pt-br/insights/guides/how-long-does-it-take-to-get-brazilian-passport/,pages/1099-pt-br--insights--guides--how-long-does-it-take-to-get-brazilian-passport.md,SOURCE REVIEW REQUIRED — no publication-ready rewrite,INVESTIGATE FURTHER,P2,metadata/1099-pt-br--insights--guides--how-long-does-it-take-to-get-brazilian-passport.html,schema/1099-pt-br--insights--guides--how-long-does-it-take-to-get-brazilian-passport.json,REQUIRED,NOT APPLIED
https://immigratetobrazil.com/pt-br/insights/guides/how-long-does-it-take-to-obtain-brazilian-citizenship/,pages/1100-pt-br--insights--guides--how-long-does-it-take-to-obtain-brazilian-citizenship.md,SOURCE REVIEW REQUIRED — no publication-ready rewrite,INVESTIGATE FURTHER,P2,metadata/1100-pt-br--insights--guides--how-long-does-it-take-to-obtain-brazilian-citizenship.html,schema/1100-pt-br--insights--guides--how-long-does-it-take-to-obtain-brazilian-citizenship.json,REQUIRED,NOT APPLIED
https://immigratetobrazil.com/pt-br/insights/guides/how-to-schedule-an-immigration-interview-for-residency-with-the-federa/,pages/1101-pt-br--insights--guides--how-to-schedule-an-immigration-interview-for-residency-with-the-federa.md,SOURCE REVIEW REQUIRED — no publication-ready rewrite,INVESTIGATE FURTHER,P2,metadata/1101-pt-br--insights--guides--how-to-schedule-an-immigration-interview-for-residency-with-the-federa.html,schema/1101-pt-br--insights--guides--how-to-schedule-an-immigration-interview-for-residency-with-the-federa.json,REQUIRED,NOT APPLIED
https://immigratetobrazil.com/pt-br/insights/guides/if-a-foreigner-has-a-child-in-brazil-does-he-have-the-automatic-right/,pages/1102-pt-br--insights--guides--if-a-foreigner-has-a-child-in-brazil-does-he-have-the-automatic-right.md,SOURCE REVIEW REQUIRED — no publication-ready rewrite,INVESTIGATE FURTHER,P2,metadata/1102-pt-br--insights--guides--if-a-foreigner-has-a-child-in-brazil-does-he-have-the-automatic-right.html,schema/1102-pt-br--insights--guides--if-a-foreigner-has-a-child-in-brazil-does-he-have-the-automatic-right.json,REQUIRED,NOT APPLIED
https://immigratetobrazil.com/pt-br/insights/guides/immigration-x-emigration-do-you-know-the-difference/,pages/1103-pt-br--insights--guides--immigration-x-emigration-do-you-know-the-difference.md,SOURCE REVIEW REQUIRED — no publication-ready rewrite,INVESTIGATE FURTHER,P2,metadata/1103-pt-br--insights--guides--immigration-x-emigration-do-you-know-the-difference.html,schema/1103-pt-br--insights--guides--immigration-x-emigration-do-you-know-the-difference.json,REQUIRED,NOT APPLIED
https://immigratetobrazil.com/pt-br/insights/guides/is-a-marriage-celebrated-abroad-valid-in-brazil/,pages/1104-pt-br--insights--guides--is-a-marriage-celebrated-abroad-valid-in-brazil.md,SOURCE REVIEW REQUIRED — no publication-ready rewrite,INVESTIGATE FURTHER,P2,metadata/1104-pt-br--insights--guides--is-a-marriage-celebrated-abroad-valid-in-brazil.html,schema/1104-pt-br--insights--guides--is-a-marriage-celebrated-abroad-valid-in-brazil.json,REQUIRED,NOT APPLIED
https://immigratetobrazil.com/pt-br/insights/guides/is-it-necessary-to-speak-portuguese-to-live-in-brazil/,pages/1105-pt-br--insights--guides--is-it-necessary-to-speak-portuguese-to-live-in-brazil.md,SOURCE REVIEW REQUIRED — no publication-ready rewrite,INVESTIGATE FURTHER,P2,metadata/1105-pt-br--insights--guides--is-it-necessary-to-speak-portuguese-to-live-in-brazil.html,schema/1105-pt-br--insights--guides--is-it-necessary-to-speak-portuguese-to-live-in-brazil.json,REQUIRED,NOT APPLIED
https://immigratetobrazil.com/pt-br/insights/guides/is-it-true-that-there-were-changes-to-obtaining-an-american-visa/,pages/1106-pt-br--insights--guides--is-it-true-that-there-were-changes-to-obtaining-an-american-visa.md,SOURCE REVIEW REQUIRED — no publication-ready rewrite,INVESTIGATE FURTHER,P2,metadata/1106-pt-br--insights--guides--is-it-true-that-there-were-changes-to-obtaining-an-american-visa.html,schema/1106-pt-br--insights--guides--is-it-true-that-there-were-changes-to-obtaining-an-american-visa.json,REQUIRED,NOT APPLIED
https://immigratetobrazil.com/pt-br/insights/guides/living-in-brazil-and-had-an-issue-with-a-product-or-service/,pages/1107-pt-br--insights--guides--living-in-brazil-and-had-an-issue-with-a-product-or-service.md,SOURCE REVIEW REQUIRED — no publication-ready rewrite,INVESTIGATE FURTHER,P2,metadata/1107-pt-br--insights--guides--living-in-brazil-and-had-an-issue-with-a-product-or-service.html,schema/1107-pt-br--insights--guides--living-in-brazil-and-had-an-issue-with-a-product-or-service.json,REQUIRED,NOT APPLIED
https://immigratetobrazil.com/pt-br/insights/guides/the-visa-has-expired-will-i-have-to-pay-a-fine/,pages/1108-pt-br--insights--guides--the-visa-has-expired-will-i-have-to-pay-a-fine.md,SOURCE REVIEW REQUIRED — no publication-ready rewrite,INVESTIGATE FURTHER,P2,metadata/1108-pt-br--insights--guides--the-visa-has-expired-will-i-have-to-pay-a-fine.html,schema/1108-pt-br--insights--guides--the-visa-has-expired-will-i-have-to-pay-a-fine.json,REQUIRED,NOT APPLIED
https://immigratetobrazil.com/pt-br/insights/guides/this-way-in-the-event-of-an-end-to-the-relationship-they-will-have-to/,pages/1109-pt-br--insights--guides--this-way-in-the-event-of-an-end-to-the-relationship-they-will-have-to.md,SOURCE REVIEW REQUIRED — no publication-ready rewrite,INVESTIGATE FURTHER,P2,metadata/1109-pt-br--insights--guides--this-way-in-the-event-of-an-end-to-the-relationship-they-will-have-to.html,schema/1109-pt-br--insights--guides--this-way-in-the-event-of-an-end-to-the-relationship-they-will-have-to.json,REQUIRED,NOT APPLIED
https://immigratetobrazil.com/pt-br/insights/guides/tourists-can-usually-stay-in-brazil-for-up-to-90-days-depending-on-vis/,pages/1110-pt-br--insights--guides--tourists-can-usually-stay-in-brazil-for-up-to-90-days-depending-on-vis.md,SOURCE REVIEW REQUIRED — no publication-ready rewrite,INVESTIGATE FURTHER,P2,metadata/1110-pt-br--insights--guides--tourists-can-usually-stay-in-brazil-for-up-to-90-days-depending-on-vis.html,schema/1110-pt-br--insights--guides--tourists-can-usually-stay-in-brazil-for-up-to-90-days-depending-on-vis.json,REQUIRED,NOT APPLIED
https://immigratetobrazil.com/pt-br/insights/guides/want-to-live-in-brazil-while-investing-in-the-countrys-growth/,pages/1111-pt-br--insights--guides--want-to-live-in-brazil-while-investing-in-the-countrys-growth.md,SOURCE REVIEW REQUIRED — no publication-ready rewrite,INVESTIGATE FURTHER,P2,metadata/1111-pt-br--insights--guides--want-to-live-in-brazil-while-investing-in-the-countrys-growth.html,schema/1111-pt-br--insights--guides--want-to-live-in-brazil-while-investing-in-the-countrys-growth.json,REQUIRED,NOT APPLIED
https://immigratetobrazil.com/pt-br/insights/guides/want-to-turn-your-investment-into-residency-in-brazil/,pages/1112-pt-br--insights--guides--want-to-turn-your-investment-into-residency-in-brazil.md,SOURCE REVIEW REQUIRED — no publication-ready rewrite,INVESTIGATE FURTHER,P2,metadata/1112-pt-br--insights--guides--want-to-turn-your-investment-into-residency-in-brazil.html,schema/1112-pt-br--insights--guides--want-to-turn-your-investment-into-residency-in-brazil.json,REQUIRED,NOT APPLIED
https://immigratetobrazil.com/pt-br/insights/guides/what-happens-during-an-immigration-consultation/,pages/1113-pt-br--insights--guides--what-happens-during-an-immigration-consultation.md,SOURCE REVIEW REQUIRED — no publication-ready rewrite,INVESTIGATE FURTHER,P2,metadata/1113-pt-br--insights--guides--what-happens-during-an-immigration-consultation.html,schema/1113-pt-br--insights--guides--what-happens-during-an-immigration-consultation.json,REQUIRED,NOT APPLIED
https://immigratetobrazil.com/pt-br/insights/guides/what-rights-do-immigrants-have-in-brazil/,pages/1114-pt-br--insights--guides--what-rights-do-immigrants-have-in-brazil.md,SOURCE REVIEW REQUIRED — no publication-ready rewrite,INVESTIGATE FURTHER,P2,metadata/1114-pt-br--insights--guides--what-rights-do-immigrants-have-in-brazil.html,schema/1114-pt-br--insights--guides--what-rights-do-immigrants-have-in-brazil.json,REQUIRED,NOT APPLIED
https://immigratetobrazil.com/pt-br/insights/guides/what-to-do-after-arriving-in-brazil-with-a-visa-that-allows-residency/,pages/1115-pt-br--insights--guides--what-to-do-after-arriving-in-brazil-with-a-visa-that-allows-residency.md,SOURCE REVIEW REQUIRED — no publication-ready rewrite,INVESTIGATE FURTHER,P2,metadata/1115-pt-br--insights--guides--what-to-do-after-arriving-in-brazil-with-a-visa-that-allows-residency.html,schema/1115-pt-br--insights--guides--what-to-do-after-arriving-in-brazil-with-a-visa-that-allows-residency.json,REQUIRED,NOT APPLIED
https://immigratetobrazil.com/pt-br/insights/guides/when-a-brazilian-citizen-faces-problems-abroad-the-first-instance-of-s/,pages/1116-pt-br--insights--guides--when-a-brazilian-citizen-faces-problems-abroad-the-first-instance-of-s.md,SOURCE REVIEW REQUIRED — no publication-ready rewrite,INVESTIGATE FURTHER,P2,metadata/1116-pt-br--insights--guides--when-a-brazilian-citizen-faces-problems-abroad-the-first-instance-of-s.html,schema/1116-pt-br--insights--guides--when-a-brazilian-citizen-faces-problems-abroad-the-first-instance-of-s.json,REQUIRED,NOT APPLIED
https://immigratetobrazil.com/pt-br/insights/guides/when-a-brazilian-resides-in-another-country-and-works-there-without-ea/,pages/1117-pt-br--insights--guides--when-a-brazilian-resides-in-another-country-and-works-there-without-ea.md,SOURCE REVIEW REQUIRED — no publication-ready rewrite,INVESTIGATE FURTHER,P2,metadata/1117-pt-br--insights--guides--when-a-brazilian-resides-in-another-country-and-works-there-without-ea.html,schema/1117-pt-br--insights--guides--when-a-brazilian-resides-in-another-country-and-works-there-without-ea.json,REQUIRED,NOT APPLIED
https://immigratetobrazil.com/pt-br/insights/guides/when-a-foreign-person-is-engaged-to-a-brazilian-citizen-and-intends-to/,pages/1118-pt-br--insights--guides--when-a-foreign-person-is-engaged-to-a-brazilian-citizen-and-intends-to.md,SOURCE REVIEW REQUIRED — no publication-ready rewrite,INVESTIGATE FURTHER,P2,metadata/1118-pt-br--insights--guides--when-a-foreign-person-is-engaged-to-a-brazilian-citizen-and-intends-to.html,schema/1118-pt-br--insights--guides--when-a-foreign-person-is-engaged-to-a-brazilian-citizen-and-intends-to.json,REQUIRED,NOT APPLIED
https://immigratetobrazil.com/pt-br/insights/guides/when-a-foreign-person-is-engaged-to-a-brazilian-citizen-and-plans-to-g/,pages/1119-pt-br--insights--guides--when-a-foreign-person-is-engaged-to-a-brazilian-citizen-and-plans-to-g.md,SOURCE REVIEW REQUIRED — no publication-ready rewrite,INVESTIGATE FURTHER,P2,metadata/1119-pt-br--insights--guides--when-a-foreign-person-is-engaged-to-a-brazilian-citizen-and-plans-to-g.html,schema/1119-pt-br--insights--guides--when-a-foreign-person-is-engaged-to-a-brazilian-citizen-and-plans-to-g.json,REQUIRED,NOT APPLIED
https://immigratetobrazil.com/pt-br/insights/guides/when-a-person-from-abroad-arrives-in-brazil-this-person-has-the-right/,pages/1120-pt-br--insights--guides--when-a-person-from-abroad-arrives-in-brazil-this-person-has-the-right.md,SOURCE REVIEW REQUIRED — no publication-ready rewrite,INVESTIGATE FURTHER,P2,metadata/1120-pt-br--insights--guides--when-a-person-from-abroad-arrives-in-brazil-this-person-has-the-right.html,schema/1120-pt-br--insights--guides--when-a-person-from-abroad-arrives-in-brazil-this-person-has-the-right.json,REQUIRED,NOT APPLIED
https://immigratetobrazil.com/pt-br/insights/guides/when-a-person-stays-in-the-united-states-beyond-the-time-allowed-as-a/,pages/1121-pt-br--insights--guides--when-a-person-stays-in-the-united-states-beyond-the-time-allowed-as-a.md,SOURCE REVIEW REQUIRED — no publication-ready rewrite,INVESTIGATE FURTHER,P2,metadata/1121-pt-br--insights--guides--when-a-person-stays-in-the-united-states-beyond-the-time-allowed-as-a.html,schema/1121-pt-br--insights--guides--when-a-person-stays-in-the-united-states-beyond-the-time-allowed-as-a.json,REQUIRED,NOT APPLIED
https://immigratetobrazil.com/pt-br/insights/guides/when-a-temporary-brazilian-visa-is-nearing-its-expiry-it-is-necessary/,pages/1122-pt-br--insights--guides--when-a-temporary-brazilian-visa-is-nearing-its-expiry-it-is-necessary.md,SOURCE REVIEW REQUIRED — no publication-ready rewrite,INVESTIGATE FURTHER,P2,metadata/1122-pt-br--insights--guides--when-a-temporary-brazilian-visa-is-nearing-its-expiry-it-is-necessary.html,schema/1122-pt-br--insights--guides--when-a-temporary-brazilian-visa-is-nearing-its-expiry-it-is-necessary.json,REQUIRED,NOT APPLIED
https://immigratetobrazil.com/pt-br/insights/guides/when-a-us-visa-is-denied-the-consulate-does-not-provide-specific-detai/,pages/1123-pt-br--insights--guides--when-a-us-visa-is-denied-the-consulate-does-not-provide-specific-detai.md,SOURCE REVIEW REQUIRED — no publication-ready rewrite,INVESTIGATE FURTHER,P2,metadata/1123-pt-br--insights--guides--when-a-us-visa-is-denied-the-consulate-does-not-provide-specific-detai.html,schema/1123-pt-br--insights--guides--when-a-us-visa-is-denied-the-consulate-does-not-provide-specific-detai.json,REQUIRED,NOT APPLIED
https://immigratetobrazil.com/pt-br/insights/guides/when-exchanging-money-during-international-travel-it-is-essential-to-b/,pages/1124-pt-br--insights--guides--when-exchanging-money-during-international-travel-it-is-essential-to-b.md,SOURCE REVIEW REQUIRED — no publication-ready rewrite,INVESTIGATE FURTHER,P2,metadata/1124-pt-br--insights--guides--when-exchanging-money-during-international-travel-it-is-essential-to-b.html,schema/1124-pt-br--insights--guides--when-exchanging-money-during-international-travel-it-is-essential-to-b.json,REQUIRED,NOT APPLIED
https://immigratetobrazil.com/pt-br/insights/guides/when-exchanging-money-on-international-trips-it-is-essential-to-be-car/,pages/1125-pt-br--insights--guides--when-exchanging-money-on-international-trips-it-is-essential-to-be-car.md,SOURCE REVIEW REQUIRED — no publication-ready rewrite,INVESTIGATE FURTHER,P2,metadata/1125-pt-br--insights--guides--when-exchanging-money-on-international-trips-it-is-essential-to-be-car.html,schema/1125-pt-br--insights--guides--when-exchanging-money-on-international-trips-it-is-essential-to-be-car.json,REQUIRED,NOT APPLIED
https://immigratetobrazil.com/pt-br/insights/guides/when-one-of-the-parents-is-a-foreigner-and-a-brazilian-child-is-born-t/,pages/1126-pt-br--insights--guides--when-one-of-the-parents-is-a-foreigner-and-a-brazilian-child-is-born-t.md,SOURCE REVIEW REQUIRED — no publication-ready rewrite,INVESTIGATE FURTHER,P2,metadata/1126-pt-br--insights--guides--when-one-of-the-parents-is-a-foreigner-and-a-brazilian-child-is-born-t.html,schema/1126-pt-br--insights--guides--when-one-of-the-parents-is-a-foreigner-and-a-brazilian-child-is-born-t.json,REQUIRED,NOT APPLIED
https://immigratetobrazil.com/pt-br/insights/guides/when-requested-the-resident-immigrant-card-may-take-60-to-90-days-to-b/,pages/1127-pt-br--insights--guides--when-requested-the-resident-immigrant-card-may-take-60-to-90-days-to-b.md,SOURCE REVIEW REQUIRED — no publication-ready rewrite,INVESTIGATE FURTHER,P2,metadata/1127-pt-br--insights--guides--when-requested-the-resident-immigrant-card-may-take-60-to-90-days-to-b.html,schema/1127-pt-br--insights--guides--when-requested-the-resident-immigrant-card-may-take-60-to-90-days-to-b.json,REQUIRED,NOT APPLIED
https://immigratetobrazil.com/pt-br/insights/guides/when-the-temporary-visa-granted-is-close-to-expiry-it-is-necessary-to/,pages/1128-pt-br--insights--guides--when-the-temporary-visa-granted-is-close-to-expiry-it-is-necessary-to.md,SOURCE REVIEW REQUIRED — no publication-ready rewrite,INVESTIGATE FURTHER,P2,metadata/1128-pt-br--insights--guides--when-the-temporary-visa-granted-is-close-to-expiry-it-is-necessary-to.html,schema/1128-pt-br--insights--guides--when-the-temporary-visa-granted-is-close-to-expiry-it-is-necessary-to.json,REQUIRED,NOT APPLIED
https://immigratetobrazil.com/pt-br/insights/naturalisation/,pages/1129-pt-br--insights--naturalisation.md,DRAFT — editorial review required,OPTIMIZE,P2,metadata/1129-pt-br--insights--naturalisation.html,schema/1129-pt-br--insights--naturalisation.json,CHECK EXISTING CLAIMS,NOT APPLIED
https://immigratetobrazil.com/pt-br/insights/naturalisation/a-child-born-in-brazil-has-in-general-the-right-to-brazilian-nationali/,pages/1130-pt-br--insights--naturalisation--a-child-born-in-brazil-has-in-general-the-right-to-brazilian-nationali.md,SOURCE REVIEW REQUIRED — no publication-ready rewrite,INVESTIGATE FURTHER,P2,metadata/1130-pt-br--insights--naturalisation--a-child-born-in-brazil-has-in-general-the-right-to-brazilian-nationali.html,schema/1130-pt-br--insights--naturalisation--a-child-born-in-brazil-has-in-general-the-right-to-brazilian-nationali.json,REQUIRED,NOT APPLIED
https://immigratetobrazil.com/pt-br/insights/naturalisation/a-recent-case-in-brazil-where-a-tourist-was-fined-the-equivalent-of-ne/,pages/1131-pt-br--insights--naturalisation--a-recent-case-in-brazil-where-a-tourist-was-fined-the-equivalent-of-ne.md,SOURCE REVIEW REQUIRED — no publication-ready rewrite,INVESTIGATE FURTHER,P2,metadata/1131-pt-br--insights--naturalisation--a-recent-case-in-brazil-where-a-tourist-was-fined-the-equivalent-of-ne.html,schema/1131-pt-br--insights--naturalisation--a-recent-case-in-brazil-where-a-tourist-was-fined-the-equivalent-of-ne.json,REQUIRED,NOT APPLIED
https://immigratetobrazil.com/pt-br/insights/naturalisation/a-very-important-public-body-that-foreigners-should-know-about-when-li/,pages/1132-pt-br--insights--naturalisation--a-very-important-public-body-that-foreigners-should-know-about-when-li.md,SOURCE REVIEW REQUIRED — no publication-ready rewrite,INVESTIGATE FURTHER,P2,metadata/1132-pt-br--insights--naturalisation--a-very-important-public-body-that-foreigners-should-know-about-when-li.html,schema/1132-pt-br--insights--naturalisation--a-very-important-public-body-that-foreigners-should-know-about-when-li.json,REQUIRED,NOT APPLIED
https://immigratetobrazil.com/pt-br/insights/naturalisation/after-an-application-for-naturalization-was-denied-through-the-adminis/,pages/1133-pt-br--insights--naturalisation--after-an-application-for-naturalization-was-denied-through-the-adminis.md,SOURCE REVIEW REQUIRED — no publication-ready rewrite,INVESTIGATE FURTHER,P2,metadata/1133-pt-br--insights--naturalisation--after-an-application-for-naturalization-was-denied-through-the-adminis.html,schema/1133-pt-br--insights--naturalisation--after-an-application-for-naturalization-was-denied-through-the-adminis.json,REQUIRED,NOT APPLIED
https://immigratetobrazil.com/pt-br/insights/naturalisation/after-the-naturalization-request-was-denied-administratively-an-action/,pages/1134-pt-br--insights--naturalisation--after-the-naturalization-request-was-denied-administratively-an-action.md,SOURCE REVIEW REQUIRED — no publication-ready rewrite,INVESTIGATE FURTHER,P2,metadata/1134-pt-br--insights--naturalisation--after-the-naturalization-request-was-denied-administratively-an-action.html,schema/1134-pt-br--insights--naturalisation--after-the-naturalization-request-was-denied-administratively-an-action.json,REQUIRED,NOT APPLIED
https://immigratetobrazil.com/pt-br/insights/naturalisation/aire-is-a-vital-and-mandatory-registration-for-italian-citizens-living/,pages/1135-pt-br--insights--naturalisation--aire-is-a-vital-and-mandatory-registration-for-italian-citizens-living.md,SOURCE REVIEW REQUIRED — no publication-ready rewrite,INVESTIGATE FURTHER,P2,metadata/1135-pt-br--insights--naturalisation--aire-is-a-vital-and-mandatory-registration-for-italian-citizens-living.html,schema/1135-pt-br--insights--naturalisation--aire-is-a-vital-and-mandatory-registration-for-italian-citizens-living.json,REQUIRED,NOT APPLIED
https://immigratetobrazil.com/pt-br/insights/naturalisation/as-of-late-july-2024-the-ministry-of-justice-and-public-security-mjsp/,pages/1136-pt-br--insights--naturalisation--as-of-late-july-2024-the-ministry-of-justice-and-public-security-mjsp.md,SOURCE REVIEW REQUIRED — no publication-ready rewrite,INVESTIGATE FURTHER,P2,metadata/1136-pt-br--insights--naturalisation--as-of-late-july-2024-the-ministry-of-justice-and-public-security-mjsp.html,schema/1136-pt-br--insights--naturalisation--as-of-late-july-2024-the-ministry-of-justice-and-public-security-mjsp.json,REQUIRED,NOT APPLIED
https://immigratetobrazil.com/pt-br/insights/naturalisation/at-the-beginning-of-the-search-and-with-little-information-identifying/,pages/1137-pt-br--insights--naturalisation--at-the-beginning-of-the-search-and-with-little-information-identifying.md,SOURCE REVIEW REQUIRED — no publication-ready rewrite,INVESTIGATE FURTHER,P2,metadata/1137-pt-br--insights--naturalisation--at-the-beginning-of-the-search-and-with-little-information-identifying.html,schema/1137-pt-br--insights--naturalisation--at-the-beginning-of-the-search-and-with-little-information-identifying.json,REQUIRED,NOT APPLIED
https://immigratetobrazil.com/pt-br/insights/naturalisation/brazil-grants-permanent-residence-to-foreigners-through-different-type/,pages/1138-pt-br--insights--naturalisation--brazil-grants-permanent-residence-to-foreigners-through-different-type.md,SOURCE REVIEW REQUIRED — no publication-ready rewrite,INVESTIGATE FURTHER,P2,metadata/1138-pt-br--insights--naturalisation--brazil-grants-permanent-residence-to-foreigners-through-different-type.html,schema/1138-pt-br--insights--naturalisation--brazil-grants-permanent-residence-to-foreigners-through-different-type.json,REQUIRED,NOT APPLIED
https://immigratetobrazil.com/pt-br/insights/naturalisation/brazil-legal-guidance-eligibility-and-process-2/,pages/1139-pt-br--insights--naturalisation--brazil-legal-guidance-eligibility-and-process-2.md,SOURCE REVIEW REQUIRED — no publication-ready rewrite,INVESTIGATE FURTHER,P2,metadata/1139-pt-br--insights--naturalisation--brazil-legal-guidance-eligibility-and-process-2.html,schema/1139-pt-br--insights--naturalisation--brazil-legal-guidance-eligibility-and-process-2.json,REQUIRED,NOT APPLIED
https://immigratetobrazil.com/pt-br/insights/naturalisation/brazil-legal-guidance-eligibility-and-process-3/,pages/1140-pt-br--insights--naturalisation--brazil-legal-guidance-eligibility-and-process-3.md,SOURCE REVIEW REQUIRED — no publication-ready rewrite,INVESTIGATE FURTHER,P2,metadata/1140-pt-br--insights--naturalisation--brazil-legal-guidance-eligibility-and-process-3.html,schema/1140-pt-br--insights--naturalisation--brazil-legal-guidance-eligibility-and-process-3.json,REQUIRED,NOT APPLIED
https://immigratetobrazil.com/pt-br/insights/naturalisation/brazil-legal-guidance-eligibility-and-process-4/,pages/1141-pt-br--insights--naturalisation--brazil-legal-guidance-eligibility-and-process-4.md,SOURCE REVIEW REQUIRED — no publication-ready rewrite,INVESTIGATE FURTHER,P2,metadata/1141-pt-br--insights--naturalisation--brazil-legal-guidance-eligibility-and-process-4.html,schema/1141-pt-br--insights--naturalisation--brazil-legal-guidance-eligibility-and-process-4.json,REQUIRED,NOT APPLIED
https://immigratetobrazil.com/pt-br/insights/naturalisation/brazil-legal-guidance-eligibility-and-process/,pages/1142-pt-br--insights--naturalisation--brazil-legal-guidance-eligibility-and-process.md,SOURCE REVIEW REQUIRED — no publication-ready rewrite,INVESTIGATE FURTHER,P2,metadata/1142-pt-br--insights--naturalisation--brazil-legal-guidance-eligibility-and-process.html,schema/1142-pt-br--insights--naturalisation--brazil-legal-guidance-eligibility-and-process.json,REQUIRED,NOT APPLIED
https://immigratetobrazil.com/pt-br/insights/naturalisation/brazil-offers-a-special-form-of-naturalisation-for-foreigners-who-have/,pages/1143-pt-br--insights--naturalisation--brazil-offers-a-special-form-of-naturalisation-for-foreigners-who-have.md,SOURCE REVIEW REQUIRED — no publication-ready rewrite,INVESTIGATE FURTHER,P2,metadata/1143-pt-br--insights--naturalisation--brazil-offers-a-special-form-of-naturalisation-for-foreigners-who-have.html,schema/1143-pt-br--insights--naturalisation--brazil-offers-a-special-form-of-naturalisation-for-foreigners-who-have.json,REQUIRED,NOT APPLIED
https://immigratetobrazil.com/pt-br/insights/naturalisation/brazil-offers-a-special-form-of-naturalization-for-those-who-have-prov/,pages/1144-pt-br--insights--naturalisation--brazil-offers-a-special-form-of-naturalization-for-those-who-have-prov.md,SOURCE REVIEW REQUIRED — no publication-ready rewrite,INVESTIGATE FURTHER,P2,metadata/1144-pt-br--insights--naturalisation--brazil-offers-a-special-form-of-naturalization-for-those-who-have-prov.html,schema/1144-pt-br--insights--naturalisation--brazil-offers-a-special-form-of-naturalization-for-those-who-have-prov.json,REQUIRED,NOT APPLIED
https://immigratetobrazil.com/pt-br/insights/naturalisation/brazil-offers-a-specific-visa-and-residence-permit-for-artists-and-ath/,pages/1145-pt-br--insights--naturalisation--brazil-offers-a-specific-visa-and-residence-permit-for-artists-and-ath.md,SOURCE REVIEW REQUIRED — no publication-ready rewrite,INVESTIGATE FURTHER,P2,metadata/1145-pt-br--insights--naturalisation--brazil-offers-a-specific-visa-and-residence-permit-for-artists-and-ath.html,schema/1145-pt-br--insights--naturalisation--brazil-offers-a-specific-visa-and-residence-permit-for-artists-and-ath.json,REQUIRED,NOT APPLIED
https://immigratetobrazil.com/pt-br/insights/naturalisation/brazil-offers-the-possibility-of-permanent-residence-for-foreign-famil/,pages/1146-pt-br--insights--naturalisation--brazil-offers-the-possibility-of-permanent-residence-for-foreign-famil.md,SOURCE REVIEW REQUIRED — no publication-ready rewrite,INVESTIGATE FURTHER,P2,metadata/1146-pt-br--insights--naturalisation--brazil-offers-the-possibility-of-permanent-residence-for-foreign-famil.html,schema/1146-pt-br--insights--naturalisation--brazil-offers-the-possibility-of-permanent-residence-for-foreign-famil.json,REQUIRED,NOT APPLIED
https://immigratetobrazil.com/pt-br/insights/naturalisation/brazil-recognises-various-types-of-travel-documents-for-the-purposes-o/,pages/1147-pt-br--insights--naturalisation--brazil-recognises-various-types-of-travel-documents-for-the-purposes-o.md,SOURCE REVIEW REQUIRED — no publication-ready rewrite,INVESTIGATE FURTHER,P2,metadata/1147-pt-br--insights--naturalisation--brazil-recognises-various-types-of-travel-documents-for-the-purposes-o.html,schema/1147-pt-br--insights--naturalisation--brazil-recognises-various-types-of-travel-documents-for-the-purposes-o.json,REQUIRED,NOT APPLIED
https://immigratetobrazil.com/pt-br/insights/naturalisation/brazil-recognizes-several-types-of-travel-documents-for-purposes-of-en/,pages/1148-pt-br--insights--naturalisation--brazil-recognizes-several-types-of-travel-documents-for-purposes-of-en.md,SOURCE REVIEW REQUIRED — no publication-ready rewrite,INVESTIGATE FURTHER,P2,metadata/1148-pt-br--insights--naturalisation--brazil-recognizes-several-types-of-travel-documents-for-purposes-of-en.html,schema/1148-pt-br--insights--naturalisation--brazil-recognizes-several-types-of-travel-documents-for-purposes-of-en.json,REQUIRED,NOT APPLIED
https://immigratetobrazil.com/pt-br/insights/naturalisation/brazil-s-rise-in-global-mobility-rankings-and-the-usa-passport-drops-o/,pages/1149-pt-br--insights--naturalisation--brazil-s-rise-in-global-mobility-rankings-and-the-usa-passport-drops-o.md,SOURCE REVIEW REQUIRED — no publication-ready rewrite,INVESTIGATE FURTHER,P2,metadata/1149-pt-br--insights--naturalisation--brazil-s-rise-in-global-mobility-rankings-and-the-usa-passport-drops-o.html,schema/1149-pt-br--insights--naturalisation--brazil-s-rise-in-global-mobility-rankings-and-the-usa-passport-drops-o.json,REQUIRED,NOT APPLIED
https://immigratetobrazil.com/pt-br/insights/naturalisation/brazilian-nationality-is-not-always-determined-automatically/,pages/1150-pt-br--insights--naturalisation--brazilian-nationality-is-not-always-determined-automatically.md,SOURCE REVIEW REQUIRED — no publication-ready rewrite,INVESTIGATE FURTHER,P2,metadata/1150-pt-br--insights--naturalisation--brazilian-nationality-is-not-always-determined-automatically.html,schema/1150-pt-br--insights--naturalisation--brazilian-nationality-is-not-always-determined-automatically.json,REQUIRED,NOT APPLIED
https://immigratetobrazil.com/pt-br/insights/naturalisation/brazilian-naturalisation-legal-requirements-and-filing-steps-in-brazil-2/,pages/1151-pt-br--insights--naturalisation--brazilian-naturalisation-legal-requirements-and-filing-steps-in-brazil-2.md,SOURCE REVIEW REQUIRED — no publication-ready rewrite,INVESTIGATE FURTHER,P2,metadata/1151-pt-br--insights--naturalisation--brazilian-naturalisation-legal-requirements-and-filing-steps-in-brazil-2.html,schema/1151-pt-br--insights--naturalisation--brazilian-naturalisation-legal-requirements-and-filing-steps-in-brazil-2.json,REQUIRED,NOT APPLIED
https://immigratetobrazil.com/pt-br/insights/naturalisation/brazilian-naturalisation-legal-requirements-and-filing-steps-in-brazil-3/,pages/1152-pt-br--insights--naturalisation--brazilian-naturalisation-legal-requirements-and-filing-steps-in-brazil-3.md,SOURCE REVIEW REQUIRED — no publication-ready rewrite,INVESTIGATE FURTHER,P2,metadata/1152-pt-br--insights--naturalisation--brazilian-naturalisation-legal-requirements-and-filing-steps-in-brazil-3.html,schema/1152-pt-br--insights--naturalisation--brazilian-naturalisation-legal-requirements-and-filing-steps-in-brazil-3.json,REQUIRED,NOT APPLIED
https://immigratetobrazil.com/pt-br/insights/naturalisation/brazilian-naturalisation-legal-requirements-and-filing-steps-in-brazil/,pages/1153-pt-br--insights--naturalisation--brazilian-naturalisation-legal-requirements-and-filing-steps-in-brazil.md,SOURCE REVIEW REQUIRED — no publication-ready rewrite,INVESTIGATE FURTHER,P2,metadata/1153-pt-br--insights--naturalisation--brazilian-naturalisation-legal-requirements-and-filing-steps-in-brazil.html,schema/1153-pt-br--insights--naturalisation--brazilian-naturalisation-legal-requirements-and-filing-steps-in-brazil.json,REQUIRED,NOT APPLIED
https://immigratetobrazil.com/pt-br/insights/naturalisation/brazilians-have-reported-problems-processing-expressions-of-interest-t/,pages/1154-pt-br--insights--naturalisation--brazilians-have-reported-problems-processing-expressions-of-interest-t.md,SOURCE REVIEW REQUIRED — no publication-ready rewrite,INVESTIGATE FURTHER,P2,metadata/1154-pt-br--insights--naturalisation--brazilians-have-reported-problems-processing-expressions-of-interest-t.html,schema/1154-pt-br--insights--naturalisation--brazilians-have-reported-problems-processing-expressions-of-interest-t.json,REQUIRED,NOT APPLIED
https://immigratetobrazil.com/pt-br/insights/naturalisation/companies-and-individuals-in-brazil-can-hire-foreigners-through-a-form/,pages/1155-pt-br--insights--naturalisation--companies-and-individuals-in-brazil-can-hire-foreigners-through-a-form.md,SOURCE REVIEW REQUIRED — no publication-ready rewrite,INVESTIGATE FURTHER,P2,metadata/1155-pt-br--insights--naturalisation--companies-and-individuals-in-brazil-can-hire-foreigners-through-a-form.html,schema/1155-pt-br--insights--naturalisation--companies-and-individuals-in-brazil-can-hire-foreigners-through-a-form.json,REQUIRED,NOT APPLIED
https://immigratetobrazil.com/pt-br/insights/naturalisation/despite-the-international-names-these-delicacies-are-very-brazilian-or/,pages/1156-pt-br--insights--naturalisation--despite-the-international-names-these-delicacies-are-very-brazilian-or.md,SOURCE REVIEW REQUIRED — no publication-ready rewrite,INVESTIGATE FURTHER,P2,metadata/1156-pt-br--insights--naturalisation--despite-the-international-names-these-delicacies-are-very-brazilian-or.html,schema/1156-pt-br--insights--naturalisation--despite-the-international-names-these-delicacies-are-very-brazilian-or.json,REQUIRED,NOT APPLIED
https://immigratetobrazil.com/pt-br/insights/naturalisation/establishing-yourself-in-brazil-with-your-family-is-entirely-possible/,pages/1157-pt-br--insights--naturalisation--establishing-yourself-in-brazil-with-your-family-is-entirely-possible.md,SOURCE REVIEW REQUIRED — no publication-ready rewrite,INVESTIGATE FURTHER,P2,metadata/1157-pt-br--insights--naturalisation--establishing-yourself-in-brazil-with-your-family-is-entirely-possible.html,schema/1157-pt-br--insights--naturalisation--establishing-yourself-in-brazil-with-your-family-is-entirely-possible.json,REQUIRED,NOT APPLIED
https://immigratetobrazil.com/pt-br/insights/naturalisation/etias-european-travel-information-and-authorization-system-will-be-a-r/,pages/1158-pt-br--insights--naturalisation--etias-european-travel-information-and-authorization-system-will-be-a-r.md,SOURCE REVIEW REQUIRED — no publication-ready rewrite,INVESTIGATE FURTHER,P2,metadata/1158-pt-br--insights--naturalisation--etias-european-travel-information-and-authorization-system-will-be-a-r.html,schema/1158-pt-br--insights--naturalisation--etias-european-travel-information-and-authorization-system-will-be-a-r.json,REQUIRED,NOT APPLIED
https://immigratetobrazil.com/pt-br/insights/naturalisation/firstly-it-is-essential-to-understand-that-both-brazil-and-the-united/,pages/1159-pt-br--insights--naturalisation--firstly-it-is-essential-to-understand-that-both-brazil-and-the-united.md,SOURCE REVIEW REQUIRED — no publication-ready rewrite,INVESTIGATE FURTHER,P2,metadata/1159-pt-br--insights--naturalisation--firstly-it-is-essential-to-understand-that-both-brazil-and-the-united.html,schema/1159-pt-br--insights--naturalisation--firstly-it-is-essential-to-understand-that-both-brazil-and-the-united.json,REQUIRED,NOT APPLIED
https://immigratetobrazil.com/pt-br/insights/naturalisation/for-those-who-have-fallen-in-love-with-brazil-and-wish-to-make-it-thei/,pages/1160-pt-br--insights--naturalisation--for-those-who-have-fallen-in-love-with-brazil-and-wish-to-make-it-thei.md,SOURCE REVIEW REQUIRED — no publication-ready rewrite,INVESTIGATE FURTHER,P2,metadata/1160-pt-br--insights--naturalisation--for-those-who-have-fallen-in-love-with-brazil-and-wish-to-make-it-thei.html,schema/1160-pt-br--insights--naturalisation--for-those-who-have-fallen-in-love-with-brazil-and-wish-to-make-it-thei.json,REQUIRED,NOT APPLIED
https://immigratetobrazil.com/pt-br/insights/naturalisation/foreigners-may-apply-for-a-brazilian-passport-under-specific-circumsta/,pages/1161-pt-br--insights--naturalisation--foreigners-may-apply-for-a-brazilian-passport-under-specific-circumsta.md,SOURCE REVIEW REQUIRED — no publication-ready rewrite,INVESTIGATE FURTHER,P2,metadata/1161-pt-br--insights--naturalisation--foreigners-may-apply-for-a-brazilian-passport-under-specific-circumsta.html,schema/1161-pt-br--insights--naturalisation--foreigners-may-apply-for-a-brazilian-passport-under-specific-circumsta.json,REQUIRED,NOT APPLIED
https://immigratetobrazil.com/pt-br/insights/naturalisation/foreigners-must-prove-legal-residence-in-portugal-for-at-least-five-ye/,pages/1162-pt-br--insights--naturalisation--foreigners-must-prove-legal-residence-in-portugal-for-at-least-five-ye.md,SOURCE REVIEW REQUIRED — no publication-ready rewrite,INVESTIGATE FURTHER,P2,metadata/1162-pt-br--insights--naturalisation--foreigners-must-prove-legal-residence-in-portugal-for-at-least-five-ye.html,schema/1162-pt-br--insights--naturalisation--foreigners-must-prove-legal-residence-in-portugal-for-at-least-five-ye.json,REQUIRED,NOT APPLIED
https://immigratetobrazil.com/pt-br/insights/naturalisation/foreigners-who-exceed-the-permitted-time-of-stay-in-brazil-either-by-e/,pages/1163-pt-br--insights--naturalisation--foreigners-who-exceed-the-permitted-time-of-stay-in-brazil-either-by-e.md,SOURCE REVIEW REQUIRED — no publication-ready rewrite,INVESTIGATE FURTHER,P2,metadata/1163-pt-br--insights--naturalisation--foreigners-who-exceed-the-permitted-time-of-stay-in-brazil-either-by-e.html,schema/1163-pt-br--insights--naturalisation--foreigners-who-exceed-the-permitted-time-of-stay-in-brazil-either-by-e.json,REQUIRED,NOT APPLIED
https://immigratetobrazil.com/pt-br/insights/naturalisation/having-a-valid-american-visa-does-not-automatically-guarantee-entry-in/,pages/1164-pt-br--insights--naturalisation--having-a-valid-american-visa-does-not-automatically-guarantee-entry-in.md,SOURCE REVIEW REQUIRED — no publication-ready rewrite,INVESTIGATE FURTHER,P2,metadata/1164-pt-br--insights--naturalisation--having-a-valid-american-visa-does-not-automatically-guarantee-entry-in.html,schema/1164-pt-br--insights--naturalisation--having-a-valid-american-visa-does-not-automatically-guarantee-entry-in.json,REQUIRED,NOT APPLIED
https://immigratetobrazil.com/pt-br/insights/naturalisation/i-am-a-regular-resident-but-i-am-outside-brazil/,pages/1165-pt-br--insights--naturalisation--i-am-a-regular-resident-but-i-am-outside-brazil.md,SOURCE REVIEW REQUIRED — no publication-ready rewrite,INVESTIGATE FURTHER,P2,metadata/1165-pt-br--insights--naturalisation--i-am-a-regular-resident-but-i-am-outside-brazil.html,schema/1165-pt-br--insights--naturalisation--i-am-a-regular-resident-but-i-am-outside-brazil.json,REQUIRED,NOT APPLIED
https://immigratetobrazil.com/pt-br/insights/naturalisation/if-you-fell-in-love-with-brazil-and-want-to-make-this-country-your-tru/,pages/1166-pt-br--insights--naturalisation--if-you-fell-in-love-with-brazil-and-want-to-make-this-country-your-tru.md,SOURCE REVIEW REQUIRED — no publication-ready rewrite,INVESTIGATE FURTHER,P2,metadata/1166-pt-br--insights--naturalisation--if-you-fell-in-love-with-brazil-and-want-to-make-this-country-your-tru.html,schema/1166-pt-br--insights--naturalisation--if-you-fell-in-love-with-brazil-and-want-to-make-this-country-your-tru.json,REQUIRED,NOT APPLIED
https://immigratetobrazil.com/pt-br/insights/naturalisation/if-you-have-a-luxembourgish-parent-or-grandparent-you-also-would-not-n/,pages/1167-pt-br--insights--naturalisation--if-you-have-a-luxembourgish-parent-or-grandparent-you-also-would-not-n.md,SOURCE REVIEW REQUIRED — no publication-ready rewrite,INVESTIGATE FURTHER,P2,metadata/1167-pt-br--insights--naturalisation--if-you-have-a-luxembourgish-parent-or-grandparent-you-also-would-not-n.html,schema/1167-pt-br--insights--naturalisation--if-you-have-a-luxembourgish-parent-or-grandparent-you-also-would-not-n.json,REQUIRED,NOT APPLIED
https://immigratetobrazil.com/pt-br/insights/naturalisation/if-your-baby-was-born-in-brazil-you-may-be-eligible-to-apply-for-a-bra/,pages/1168-pt-br--insights--naturalisation--if-your-baby-was-born-in-brazil-you-may-be-eligible-to-apply-for-a-bra.md,SOURCE REVIEW REQUIRED — no publication-ready rewrite,INVESTIGATE FURTHER,P2,metadata/1168-pt-br--insights--naturalisation--if-your-baby-was-born-in-brazil-you-may-be-eligible-to-apply-for-a-bra.html,schema/1168-pt-br--insights--naturalisation--if-your-baby-was-born-in-brazil-you-may-be-eligible-to-apply-for-a-bra.json,REQUIRED,NOT APPLIED
https://immigratetobrazil.com/pt-br/insights/naturalisation/in-brazil-deportation-is-an-administrative-measure-applied-to-people-w/,pages/1169-pt-br--insights--naturalisation--in-brazil-deportation-is-an-administrative-measure-applied-to-people-w.md,SOURCE REVIEW REQUIRED — no publication-ready rewrite,INVESTIGATE FURTHER,P2,metadata/1169-pt-br--insights--naturalisation--in-brazil-deportation-is-an-administrative-measure-applied-to-people-w.html,schema/1169-pt-br--insights--naturalisation--in-brazil-deportation-is-an-administrative-measure-applied-to-people-w.json,REQUIRED,NOT APPLIED
https://immigratetobrazil.com/pt-br/insights/naturalisation/in-brazil-undergraduate-and-postgraduate-diplomas-obtained-abroad-must/,pages/1170-pt-br--insights--naturalisation--in-brazil-undergraduate-and-postgraduate-diplomas-obtained-abroad-must.md,SOURCE REVIEW REQUIRED — no publication-ready rewrite,INVESTIGATE FURTHER,P2,metadata/1170-pt-br--insights--naturalisation--in-brazil-undergraduate-and-postgraduate-diplomas-obtained-abroad-must.html,schema/1170-pt-br--insights--naturalisation--in-brazil-undergraduate-and-postgraduate-diplomas-obtained-abroad-must.json,REQUIRED,NOT APPLIED
https://immigratetobrazil.com/pt-br/insights/naturalisation/in-other-words-even-if-the-birth-took-place-years-ago-registration-can/,pages/1171-pt-br--insights--naturalisation--in-other-words-even-if-the-birth-took-place-years-ago-registration-can.md,SOURCE REVIEW REQUIRED — no publication-ready rewrite,INVESTIGATE FURTHER,P2,metadata/1171-pt-br--insights--naturalisation--in-other-words-even-if-the-birth-took-place-years-ago-registration-can.html,schema/1171-pt-br--insights--naturalisation--in-other-words-even-if-the-birth-took-place-years-ago-registration-can.json,REQUIRED,NOT APPLIED
https://immigratetobrazil.com/pt-br/insights/naturalisation/in-principle-yes-but-it-is-not-recommended/,pages/1172-pt-br--insights--naturalisation--in-principle-yes-but-it-is-not-recommended.md,SOURCE REVIEW REQUIRED — no publication-ready rewrite,INVESTIGATE FURTHER,P2,metadata/1172-pt-br--insights--naturalisation--in-principle-yes-but-it-is-not-recommended.html,schema/1172-pt-br--insights--naturalisation--in-principle-yes-but-it-is-not-recommended.json,REQUIRED,NOT APPLIED
https://immigratetobrazil.com/pt-br/insights/naturalisation/in-some-cases-there-is-the-possibility-for-the-great-grandchildren-of/,pages/1173-pt-br--insights--naturalisation--in-some-cases-there-is-the-possibility-for-the-great-grandchildren-of.md,SOURCE REVIEW REQUIRED — no publication-ready rewrite,INVESTIGATE FURTHER,P2,metadata/1173-pt-br--insights--naturalisation--in-some-cases-there-is-the-possibility-for-the-great-grandchildren-of.html,schema/1173-pt-br--insights--naturalisation--in-some-cases-there-is-the-possibility-for-the-great-grandchildren-of.json,REQUIRED,NOT APPLIED
https://immigratetobrazil.com/pt-br/insights/naturalisation/in-the-context-of-relations-between-brazil-and-portugal-the-request-fo/,pages/1174-pt-br--insights--naturalisation--in-the-context-of-relations-between-brazil-and-portugal-the-request-fo.md,SOURCE REVIEW REQUIRED — no publication-ready rewrite,INVESTIGATE FURTHER,P2,metadata/1174-pt-br--insights--naturalisation--in-the-context-of-relations-between-brazil-and-portugal-the-request-fo.html,schema/1174-pt-br--insights--naturalisation--in-the-context-of-relations-between-brazil-and-portugal-the-request-fo.json,REQUIRED,NOT APPLIED
https://immigratetobrazil.com/pt-br/insights/naturalisation/in-the-event-of-deportation-it-is-essential-that-the-immigrant-is-awar/,pages/1175-pt-br--insights--naturalisation--in-the-event-of-deportation-it-is-essential-that-the-immigrant-is-awar.md,SOURCE REVIEW REQUIRED — no publication-ready rewrite,INVESTIGATE FURTHER,P2,metadata/1175-pt-br--insights--naturalisation--in-the-event-of-deportation-it-is-essential-that-the-immigrant-is-awar.html,schema/1175-pt-br--insights--naturalisation--in-the-event-of-deportation-it-is-essential-that-the-immigrant-is-awar.json,REQUIRED,NOT APPLIED
https://immigratetobrazil.com/pt-br/insights/naturalisation/international-child-custody-can-become-a-complex-issue-when-one-of-the/,pages/1176-pt-br--insights--naturalisation--international-child-custody-can-become-a-complex-issue-when-one-of-the.md,SOURCE REVIEW REQUIRED — no publication-ready rewrite,INVESTIGATE FURTHER,P2,metadata/1176-pt-br--insights--naturalisation--international-child-custody-can-become-a-complex-issue-when-one-of-the.html,schema/1176-pt-br--insights--naturalisation--international-child-custody-can-become-a-complex-issue-when-one-of-the.json,REQUIRED,NOT APPLIED
https://immigratetobrazil.com/pt-br/insights/naturalisation/international-child-custody-can-become-a-complex-issue-when-one-parent/,pages/1177-pt-br--insights--naturalisation--international-child-custody-can-become-a-complex-issue-when-one-parent.md,SOURCE REVIEW REQUIRED — no publication-ready rewrite,INVESTIGATE FURTHER,P2,metadata/1177-pt-br--insights--naturalisation--international-child-custody-can-become-a-complex-issue-when-one-parent.html,schema/1177-pt-br--insights--naturalisation--international-child-custody-can-become-a-complex-issue-when-one-parent.json,REQUIRED,NOT APPLIED
https://immigratetobrazil.com/pt-br/insights/naturalisation/investing-in-brazil-with-an-investor-visa-offers-a-dynamic-blend-of-ec/,pages/1178-pt-br--insights--naturalisation--investing-in-brazil-with-an-investor-visa-offers-a-dynamic-blend-of-ec.md,SOURCE REVIEW REQUIRED — no publication-ready rewrite,INVESTIGATE FURTHER,P2,metadata/1178-pt-br--insights--naturalisation--investing-in-brazil-with-an-investor-visa-offers-a-dynamic-blend-of-ec.html,schema/1178-pt-br--insights--naturalisation--investing-in-brazil-with-an-investor-visa-offers-a-dynamic-blend-of-ec.json,REQUIRED,NOT APPLIED
https://immigratetobrazil.com/pt-br/insights/naturalisation/it-is-an-important-date-to-reinforce-the-fight-against-all-forms-of-ra/,pages/1179-pt-br--insights--naturalisation--it-is-an-important-date-to-reinforce-the-fight-against-all-forms-of-ra.md,SOURCE REVIEW REQUIRED — no publication-ready rewrite,INVESTIGATE FURTHER,P2,metadata/1179-pt-br--insights--naturalisation--it-is-an-important-date-to-reinforce-the-fight-against-all-forms-of-ra.html,schema/1179-pt-br--insights--naturalisation--it-is-an-important-date-to-reinforce-the-fight-against-all-forms-of-ra.json,REQUIRED,NOT APPLIED
https://immigratetobrazil.com/pt-br/insights/naturalisation/it-is-important-to-highlight-that-the-process-of-obtaining-luxembourg/,pages/1180-pt-br--insights--naturalisation--it-is-important-to-highlight-that-the-process-of-obtaining-luxembourg.md,SOURCE REVIEW REQUIRED — no publication-ready rewrite,INVESTIGATE FURTHER,P2,metadata/1180-pt-br--insights--naturalisation--it-is-important-to-highlight-that-the-process-of-obtaining-luxembourg.html,schema/1180-pt-br--insights--naturalisation--it-is-important-to-highlight-that-the-process-of-obtaining-luxembourg.json,REQUIRED,NOT APPLIED
https://immigratetobrazil.com/pt-br/insights/naturalisation/it-is-possible-for-a-brazilian-person-to-request-recognition-of-irish/,pages/1181-pt-br--insights--naturalisation--it-is-possible-for-a-brazilian-person-to-request-recognition-of-irish.md,SOURCE REVIEW REQUIRED — no publication-ready rewrite,INVESTIGATE FURTHER,P2,metadata/1181-pt-br--insights--naturalisation--it-is-possible-for-a-brazilian-person-to-request-recognition-of-irish.html,schema/1181-pt-br--insights--naturalisation--it-is-possible-for-a-brazilian-person-to-request-recognition-of-irish.json,REQUIRED,NOT APPLIED
https://immigratetobrazil.com/pt-br/insights/naturalisation/it-is-possible-for-someone-to-visit-brazil-as-a-tourist-and-upon-falli-2/,pages/1182-pt-br--insights--naturalisation--it-is-possible-for-someone-to-visit-brazil-as-a-tourist-and-upon-falli-2.md,SOURCE REVIEW REQUIRED — no publication-ready rewrite,INVESTIGATE FURTHER,P2,metadata/1182-pt-br--insights--naturalisation--it-is-possible-for-someone-to-visit-brazil-as-a-tourist-and-upon-falli-2.html,schema/1182-pt-br--insights--naturalisation--it-is-possible-for-someone-to-visit-brazil-as-a-tourist-and-upon-falli-2.json,REQUIRED,NOT APPLIED
https://immigratetobrazil.com/pt-br/insights/naturalisation/it-is-possible-for-someone-to-visit-brazil-as-a-tourist-and-upon-falli/,pages/1183-pt-br--insights--naturalisation--it-is-possible-for-someone-to-visit-brazil-as-a-tourist-and-upon-falli.md,SOURCE REVIEW REQUIRED — no publication-ready rewrite,INVESTIGATE FURTHER,P2,metadata/1183-pt-br--insights--naturalisation--it-is-possible-for-someone-to-visit-brazil-as-a-tourist-and-upon-falli.html,schema/1183-pt-br--insights--naturalisation--it-is-possible-for-someone-to-visit-brazil-as-a-tourist-and-upon-falli.json,REQUIRED,NOT APPLIED
https://immigratetobrazil.com/pt-br/insights/naturalisation/it-should-be-noted-that-no-one-will-be-prevented-from-entering-the-cou/,pages/1184-pt-br--insights--naturalisation--it-should-be-noted-that-no-one-will-be-prevented-from-entering-the-cou.md,SOURCE REVIEW REQUIRED — no publication-ready rewrite,INVESTIGATE FURTHER,P2,metadata/1184-pt-br--insights--naturalisation--it-should-be-noted-that-no-one-will-be-prevented-from-entering-the-cou.html,schema/1184-pt-br--insights--naturalisation--it-should-be-noted-that-no-one-will-be-prevented-from-entering-the-cou.json,REQUIRED,NOT APPLIED
https://immigratetobrazil.com/pt-br/insights/naturalisation/large-universities-outside-brazil-allow-admission-without-the-need-to/,pages/1185-pt-br--insights--naturalisation--large-universities-outside-brazil-allow-admission-without-the-need-to.md,SOURCE REVIEW REQUIRED — no publication-ready rewrite,INVESTIGATE FURTHER,P2,metadata/1185-pt-br--insights--naturalisation--large-universities-outside-brazil-allow-admission-without-the-need-to.html,schema/1185-pt-br--insights--naturalisation--large-universities-outside-brazil-allow-admission-without-the-need-to.json,REQUIRED,NOT APPLIED
https://immigratetobrazil.com/pt-br/insights/naturalisation/legal-guidance-eligibility-requirements-and-filing-steps-2/,pages/1186-pt-br--insights--naturalisation--legal-guidance-eligibility-requirements-and-filing-steps-2.md,SOURCE REVIEW REQUIRED — no publication-ready rewrite,INVESTIGATE FURTHER,P2,metadata/1186-pt-br--insights--naturalisation--legal-guidance-eligibility-requirements-and-filing-steps-2.html,schema/1186-pt-br--insights--naturalisation--legal-guidance-eligibility-requirements-and-filing-steps-2.json,REQUIRED,NOT APPLIED
https://immigratetobrazil.com/pt-br/insights/naturalisation/legal-guidance-eligibility-requirements-and-filing-steps-3/,pages/1187-pt-br--insights--naturalisation--legal-guidance-eligibility-requirements-and-filing-steps-3.md,SOURCE REVIEW REQUIRED — no publication-ready rewrite,INVESTIGATE FURTHER,P2,metadata/1187-pt-br--insights--naturalisation--legal-guidance-eligibility-requirements-and-filing-steps-3.html,schema/1187-pt-br--insights--naturalisation--legal-guidance-eligibility-requirements-and-filing-steps-3.json,REQUIRED,NOT APPLIED
https://immigratetobrazil.com/pt-br/insights/naturalisation/legal-guidance-eligibility-requirements-and-filing-steps-4/,pages/1188-pt-br--insights--naturalisation--legal-guidance-eligibility-requirements-and-filing-steps-4.md,SOURCE REVIEW REQUIRED — no publication-ready rewrite,INVESTIGATE FURTHER,P2,metadata/1188-pt-br--insights--naturalisation--legal-guidance-eligibility-requirements-and-filing-steps-4.html,schema/1188-pt-br--insights--naturalisation--legal-guidance-eligibility-requirements-and-filing-steps-4.json,REQUIRED,NOT APPLIED
https://immigratetobrazil.com/pt-br/insights/naturalisation/legal-guidance-eligibility-requirements-and-filing-steps-5/,pages/1189-pt-br--insights--naturalisation--legal-guidance-eligibility-requirements-and-filing-steps-5.md,SOURCE REVIEW REQUIRED — no publication-ready rewrite,INVESTIGATE FURTHER,P2,metadata/1189-pt-br--insights--naturalisation--legal-guidance-eligibility-requirements-and-filing-steps-5.html,schema/1189-pt-br--insights--naturalisation--legal-guidance-eligibility-requirements-and-filing-steps-5.json,REQUIRED,NOT APPLIED
https://immigratetobrazil.com/pt-br/insights/naturalisation/legal-guidance-eligibility-requirements-and-filing-steps-6/,pages/1190-pt-br--insights--naturalisation--legal-guidance-eligibility-requirements-and-filing-steps-6.md,SOURCE REVIEW REQUIRED — no publication-ready rewrite,INVESTIGATE FURTHER,P2,metadata/1190-pt-br--insights--naturalisation--legal-guidance-eligibility-requirements-and-filing-steps-6.html,schema/1190-pt-br--insights--naturalisation--legal-guidance-eligibility-requirements-and-filing-steps-6.json,REQUIRED,NOT APPLIED
https://immigratetobrazil.com/pt-br/insights/naturalisation/legal-guidance-eligibility-requirements-and-filing-steps-7/,pages/1191-pt-br--insights--naturalisation--legal-guidance-eligibility-requirements-and-filing-steps-7.md,SOURCE REVIEW REQUIRED — no publication-ready rewrite,INVESTIGATE FURTHER,P2,metadata/1191-pt-br--insights--naturalisation--legal-guidance-eligibility-requirements-and-filing-steps-7.html,schema/1191-pt-br--insights--naturalisation--legal-guidance-eligibility-requirements-and-filing-steps-7.json,REQUIRED,NOT APPLIED
https://immigratetobrazil.com/pt-br/insights/naturalisation/legal-guidance-eligibility-requirements-and-filing-steps-8/,pages/1192-pt-br--insights--naturalisation--legal-guidance-eligibility-requirements-and-filing-steps-8.md,SOURCE REVIEW REQUIRED — no publication-ready rewrite,INVESTIGATE FURTHER,P2,metadata/1192-pt-br--insights--naturalisation--legal-guidance-eligibility-requirements-and-filing-steps-8.html,schema/1192-pt-br--insights--naturalisation--legal-guidance-eligibility-requirements-and-filing-steps-8.json,REQUIRED,NOT APPLIED
https://immigratetobrazil.com/pt-br/insights/naturalisation/legal-guidance-eligibility-requirements-and-filing-steps/,pages/1193-pt-br--insights--naturalisation--legal-guidance-eligibility-requirements-and-filing-steps.md,SOURCE REVIEW REQUIRED — no publication-ready rewrite,INVESTIGATE FURTHER,P2,metadata/1193-pt-br--insights--naturalisation--legal-guidance-eligibility-requirements-and-filing-steps.html,schema/1193-pt-br--insights--naturalisation--legal-guidance-eligibility-requirements-and-filing-steps.json,REQUIRED,NOT APPLIED
https://immigratetobrazil.com/pt-br/insights/naturalisation/luso-brazilian-community-day-celebrates-the-strong-ties-between-portug/,pages/1194-pt-br--insights--naturalisation--luso-brazilian-community-day-celebrates-the-strong-ties-between-portug.md,SOURCE REVIEW REQUIRED — no publication-ready rewrite,INVESTIGATE FURTHER,P2,metadata/1194-pt-br--insights--naturalisation--luso-brazilian-community-day-celebrates-the-strong-ties-between-portug.html,schema/1194-pt-br--insights--naturalisation--luso-brazilian-community-day-celebrates-the-strong-ties-between-portug.json,REQUIRED,NOT APPLIED
https://immigratetobrazil.com/pt-br/insights/naturalisation/military-enlistment-is-mandatory-for-brazilians-even-abroad-even-livin/,pages/1195-pt-br--insights--naturalisation--military-enlistment-is-mandatory-for-brazilians-even-abroad-even-livin.md,SOURCE REVIEW REQUIRED — no publication-ready rewrite,INVESTIGATE FURTHER,P2,metadata/1195-pt-br--insights--naturalisation--military-enlistment-is-mandatory-for-brazilians-even-abroad-even-livin.html,schema/1195-pt-br--insights--naturalisation--military-enlistment-is-mandatory-for-brazilians-even-abroad-even-livin.json,REQUIRED,NOT APPLIED
https://immigratetobrazil.com/pt-br/insights/naturalisation/my-immigrant-card-is-valid-until-2030-but-my-stable-union-is-over/,pages/1196-pt-br--insights--naturalisation--my-immigrant-card-is-valid-until-2030-but-my-stable-union-is-over.md,SOURCE REVIEW REQUIRED — no publication-ready rewrite,INVESTIGATE FURTHER,P2,metadata/1196-pt-br--insights--naturalisation--my-immigrant-card-is-valid-until-2030-but-my-stable-union-is-over.html,schema/1196-pt-br--insights--naturalisation--my-immigrant-card-is-valid-until-2030-but-my-stable-union-is-over.json,REQUIRED,NOT APPLIED
https://immigratetobrazil.com/pt-br/insights/naturalisation/naturalized-brazilian-men-aged-between-18-and-45-must-enlist-in-the-mi/,pages/1197-pt-br--insights--naturalisation--naturalized-brazilian-men-aged-between-18-and-45-must-enlist-in-the-mi.md,SOURCE REVIEW REQUIRED — no publication-ready rewrite,INVESTIGATE FURTHER,P2,metadata/1197-pt-br--insights--naturalisation--naturalized-brazilian-men-aged-between-18-and-45-must-enlist-in-the-mi.html,schema/1197-pt-br--insights--naturalisation--naturalized-brazilian-men-aged-between-18-and-45-must-enlist-in-the-mi.json,REQUIRED,NOT APPLIED
https://immigratetobrazil.com/pt-br/insights/naturalisation/november-20th-black-awareness-day-black-awareness-day-is-a-historical/,pages/1198-pt-br--insights--naturalisation--november-20th-black-awareness-day-black-awareness-day-is-a-historical.md,SOURCE REVIEW REQUIRED — no publication-ready rewrite,INVESTIGATE FURTHER,P2,metadata/1198-pt-br--insights--naturalisation--november-20th-black-awareness-day-black-awareness-day-is-a-historical.html,schema/1198-pt-br--insights--naturalisation--november-20th-black-awareness-day-black-awareness-day-is-a-historical.json,REQUIRED,NOT APPLIED
https://immigratetobrazil.com/pt-br/insights/naturalisation/on-december-19-2023-the-french-senate-approved-a-controversial-immigra/,pages/1199-pt-br--insights--naturalisation--on-december-19-2023-the-french-senate-approved-a-controversial-immigra.md,SOURCE REVIEW REQUIRED — no publication-ready rewrite,INVESTIGATE FURTHER,P2,metadata/1199-pt-br--insights--naturalisation--on-december-19-2023-the-french-senate-approved-a-controversial-immigra.html,schema/1199-pt-br--insights--naturalisation--on-december-19-2023-the-french-senate-approved-a-controversial-immigra.json,REQUIRED,NOT APPLIED
https://immigratetobrazil.com/pt-br/insights/naturalisation/on-teacher-s-day-celebrated-on-october-15th-we-honor-those-who-with-de/,pages/1200-pt-br--insights--naturalisation--on-teacher-s-day-celebrated-on-october-15th-we-honor-those-who-with-de.md,SOURCE REVIEW REQUIRED — no publication-ready rewrite,INVESTIGATE FURTHER,P2,metadata/1200-pt-br--insights--naturalisation--on-teacher-s-day-celebrated-on-october-15th-we-honor-those-who-with-de.html,schema/1200-pt-br--insights--naturalisation--on-teacher-s-day-celebrated-on-october-15th-we-honor-those-who-with-de.json,REQUIRED,NOT APPLIED
https://immigratetobrazil.com/pt-br/insights/naturalisation/on-this-date-we-reinforce-our-commitment-to-valuing-and-protecting-eld/,pages/1201-pt-br--insights--naturalisation--on-this-date-we-reinforce-our-commitment-to-valuing-and-protecting-eld.md,SOURCE REVIEW REQUIRED — no publication-ready rewrite,INVESTIGATE FURTHER,P2,metadata/1201-pt-br--insights--naturalisation--on-this-date-we-reinforce-our-commitment-to-valuing-and-protecting-eld.html,schema/1201-pt-br--insights--naturalisation--on-this-date-we-reinforce-our-commitment-to-valuing-and-protecting-eld.json,REQUIRED,NOT APPLIED
https://immigratetobrazil.com/pt-br/insights/naturalisation/on-this-day-we-express-gratitude-to-each-person-who-trusts-our-legal-w/,pages/1202-pt-br--insights--naturalisation--on-this-day-we-express-gratitude-to-each-person-who-trusts-our-legal-w.md,SOURCE REVIEW REQUIRED — no publication-ready rewrite,INVESTIGATE FURTHER,P2,metadata/1202-pt-br--insights--naturalisation--on-this-day-we-express-gratitude-to-each-person-who-trusts-our-legal-w.html,schema/1202-pt-br--insights--naturalisation--on-this-day-we-express-gratitude-to-each-person-who-trusts-our-legal-w.json,REQUIRED,NOT APPLIED
https://immigratetobrazil.com/pt-br/insights/naturalisation/once-approved-this-process-grants-you-full-brazilian-citizenship-with/,pages/1203-pt-br--insights--naturalisation--once-approved-this-process-grants-you-full-brazilian-citizenship-with.md,SOURCE REVIEW REQUIRED — no publication-ready rewrite,INVESTIGATE FURTHER,P2,metadata/1203-pt-br--insights--naturalisation--once-approved-this-process-grants-you-full-brazilian-citizenship-with.html,schema/1203-pt-br--insights--naturalisation--once-approved-this-process-grants-you-full-brazilian-citizenship-with.json,REQUIRED,NOT APPLIED
https://immigratetobrazil.com/pt-br/insights/naturalisation/parents-of-minor-children-with-dual-nationality-can-and-should-maintai/,pages/1204-pt-br--insights--naturalisation--parents-of-minor-children-with-dual-nationality-can-and-should-maintai.md,SOURCE REVIEW REQUIRED — no publication-ready rewrite,INVESTIGATE FURTHER,P2,metadata/1204-pt-br--insights--naturalisation--parents-of-minor-children-with-dual-nationality-can-and-should-maintai.html,schema/1204-pt-br--insights--naturalisation--parents-of-minor-children-with-dual-nationality-can-and-should-maintai.json,REQUIRED,NOT APPLIED
https://immigratetobrazil.com/pt-br/insights/naturalisation/people-living-in-brazil-can-apply-for-naturalisation-to-become-brazili/,pages/1205-pt-br--insights--naturalisation--people-living-in-brazil-can-apply-for-naturalisation-to-become-brazili.md,SOURCE REVIEW REQUIRED — no publication-ready rewrite,INVESTIGATE FURTHER,P2,metadata/1205-pt-br--insights--naturalisation--people-living-in-brazil-can-apply-for-naturalisation-to-become-brazili.html,schema/1205-pt-br--insights--naturalisation--people-living-in-brazil-can-apply-for-naturalisation-to-become-brazili.json,REQUIRED,NOT APPLIED
https://immigratetobrazil.com/pt-br/insights/naturalisation/permanent-residence-permit-and-citizenship-are-two-distinct-legal-stat-2/,pages/1206-pt-br--insights--naturalisation--permanent-residence-permit-and-citizenship-are-two-distinct-legal-stat-2.md,SOURCE REVIEW REQUIRED — no publication-ready rewrite,INVESTIGATE FURTHER,P2,metadata/1206-pt-br--insights--naturalisation--permanent-residence-permit-and-citizenship-are-two-distinct-legal-stat-2.html,schema/1206-pt-br--insights--naturalisation--permanent-residence-permit-and-citizenship-are-two-distinct-legal-stat-2.json,REQUIRED,NOT APPLIED
https://immigratetobrazil.com/pt-br/insights/naturalisation/permanent-residence-permit-and-citizenship-are-two-distinct-legal-stat/,pages/1207-pt-br--insights--naturalisation--permanent-residence-permit-and-citizenship-are-two-distinct-legal-stat.md,SOURCE REVIEW REQUIRED — no publication-ready rewrite,INVESTIGATE FURTHER,P2,metadata/1207-pt-br--insights--naturalisation--permanent-residence-permit-and-citizenship-are-two-distinct-legal-stat.html,schema/1207-pt-br--insights--naturalisation--permanent-residence-permit-and-citizenship-are-two-distinct-legal-stat.json,REQUIRED,NOT APPLIED
https://immigratetobrazil.com/pt-br/insights/naturalisation/pix-a-brazilian-instant-payment-system-is-expanding-internationally-th/,pages/1208-pt-br--insights--naturalisation--pix-a-brazilian-instant-payment-system-is-expanding-internationally-th.md,SOURCE REVIEW REQUIRED — no publication-ready rewrite,INVESTIGATE FURTHER,P2,metadata/1208-pt-br--insights--naturalisation--pix-a-brazilian-instant-payment-system-is-expanding-internationally-th.html,schema/1208-pt-br--insights--naturalisation--pix-a-brazilian-instant-payment-system-is-expanding-internationally-th.json,REQUIRED,NOT APPLIED
https://immigratetobrazil.com/pt-br/insights/naturalisation/portugal-recently-approved-a-set-of-changes-to-immigration-legislation/,pages/1209-pt-br--insights--naturalisation--portugal-recently-approved-a-set-of-changes-to-immigration-legislation.md,SOURCE REVIEW REQUIRED — no publication-ready rewrite,INVESTIGATE FURTHER,P2,metadata/1209-pt-br--insights--naturalisation--portugal-recently-approved-a-set-of-changes-to-immigration-legislation.html,schema/1209-pt-br--insights--naturalisation--portugal-recently-approved-a-set-of-changes-to-immigration-legislation.json,REQUIRED,NOT APPLIED
https://immigratetobrazil.com/pt-br/insights/naturalisation/pregnant-women-that-come-to-brazil-to-have-their-baby-can-apply-for-re/,pages/1210-pt-br--insights--naturalisation--pregnant-women-that-come-to-brazil-to-have-their-baby-can-apply-for-re.md,SOURCE REVIEW REQUIRED — no publication-ready rewrite,INVESTIGATE FURTHER,P2,metadata/1210-pt-br--insights--naturalisation--pregnant-women-that-come-to-brazil-to-have-their-baby-can-apply-for-re.html,schema/1210-pt-br--insights--naturalisation--pregnant-women-that-come-to-brazil-to-have-their-baby-can-apply-for-re.json,REQUIRED,NOT APPLIED
https://immigratetobrazil.com/pt-br/insights/naturalisation/president-joe-biden-signed-an-executive-order-to-simplify-the-process/,pages/1211-pt-br--insights--naturalisation--president-joe-biden-signed-an-executive-order-to-simplify-the-process.md,SOURCE REVIEW REQUIRED — no publication-ready rewrite,INVESTIGATE FURTHER,P2,metadata/1211-pt-br--insights--naturalisation--president-joe-biden-signed-an-executive-order-to-simplify-the-process.html,schema/1211-pt-br--insights--naturalisation--president-joe-biden-signed-an-executive-order-to-simplify-the-process.json,REQUIRED,NOT APPLIED
https://immigratetobrazil.com/pt-br/insights/naturalisation/recently-the-united-states-lost-its-position-in-the-top-10-of-the-most/,pages/1212-pt-br--insights--naturalisation--recently-the-united-states-lost-its-position-in-the-top-10-of-the-most.md,SOURCE REVIEW REQUIRED — no publication-ready rewrite,INVESTIGATE FURTHER,P2,metadata/1212-pt-br--insights--naturalisation--recently-the-united-states-lost-its-position-in-the-top-10-of-the-most.html,schema/1212-pt-br--insights--naturalisation--recently-the-united-states-lost-its-position-in-the-top-10-of-the-most.json,REQUIRED,NOT APPLIED
https://immigratetobrazil.com/pt-br/insights/naturalisation/rectification-of-settlements-is-an-essential-procedure-in-citizenship/,pages/1213-pt-br--insights--naturalisation--rectification-of-settlements-is-an-essential-procedure-in-citizenship.md,SOURCE REVIEW REQUIRED — no publication-ready rewrite,INVESTIGATE FURTHER,P2,metadata/1213-pt-br--insights--naturalisation--rectification-of-settlements-is-an-essential-procedure-in-citizenship.html,schema/1213-pt-br--insights--naturalisation--rectification-of-settlements-is-an-essential-procedure-in-citizenship.json,REQUIRED,NOT APPLIED
https://immigratetobrazil.com/pt-br/insights/naturalisation/refugees-unlike-other-immigrants-are-those-who-suffer-compulsory-displ/,pages/1214-pt-br--insights--naturalisation--refugees-unlike-other-immigrants-are-those-who-suffer-compulsory-displ.md,SOURCE REVIEW REQUIRED — no publication-ready rewrite,INVESTIGATE FURTHER,P2,metadata/1214-pt-br--insights--naturalisation--refugees-unlike-other-immigrants-are-those-who-suffer-compulsory-displ.html,schema/1214-pt-br--insights--naturalisation--refugees-unlike-other-immigrants-are-those-who-suffer-compulsory-displ.json,REQUIRED,NOT APPLIED
https://immigratetobrazil.com/pt-br/insights/naturalisation/registering-a-childs-birth-at-a-brazilian-consular-office-abroad-is-no/,pages/1215-pt-br--insights--naturalisation--registering-a-childs-birth-at-a-brazilian-consular-office-abroad-is-no.md,SOURCE REVIEW REQUIRED — no publication-ready rewrite,INVESTIGATE FURTHER,P2,metadata/1215-pt-br--insights--naturalisation--registering-a-childs-birth-at-a-brazilian-consular-office-abroad-is-no.html,schema/1215-pt-br--insights--naturalisation--registering-a-childs-birth-at-a-brazilian-consular-office-abroad-is-no.json,REQUIRED,NOT APPLIED
https://immigratetobrazil.com/pt-br/insights/naturalisation/relocating-to-brazil-with-your-family-is-certainly-possible-as-long-as/,pages/1216-pt-br--insights--naturalisation--relocating-to-brazil-with-your-family-is-certainly-possible-as-long-as.md,SOURCE REVIEW REQUIRED — no publication-ready rewrite,INVESTIGATE FURTHER,P2,metadata/1216-pt-br--insights--naturalisation--relocating-to-brazil-with-your-family-is-certainly-possible-as-long-as.html,schema/1216-pt-br--insights--naturalisation--relocating-to-brazil-with-your-family-is-certainly-possible-as-long-as.json,REQUIRED,NOT APPLIED
https://immigratetobrazil.com/pt-br/insights/naturalisation/searching-for-certificates-is-an-essential-step-in-the-citizenship-pro/,pages/1217-pt-br--insights--naturalisation--searching-for-certificates-is-an-essential-step-in-the-citizenship-pro.md,SOURCE REVIEW REQUIRED — no publication-ready rewrite,INVESTIGATE FURTHER,P2,metadata/1217-pt-br--insights--naturalisation--searching-for-certificates-is-an-essential-step-in-the-citizenship-pro.html,schema/1217-pt-br--insights--naturalisation--searching-for-certificates-is-an-essential-step-in-the-citizenship-pro.json,REQUIRED,NOT APPLIED
https://immigratetobrazil.com/pt-br/insights/naturalisation/seeking-legal-advice-from-an-immigration-lawyer-in-brazil-is-crucial-d/,pages/1218-pt-br--insights--naturalisation--seeking-legal-advice-from-an-immigration-lawyer-in-brazil-is-crucial-d.md,SOURCE REVIEW REQUIRED — no publication-ready rewrite,INVESTIGATE FURTHER,P2,metadata/1218-pt-br--insights--naturalisation--seeking-legal-advice-from-an-immigration-lawyer-in-brazil-is-crucial-d.html,schema/1218-pt-br--insights--naturalisation--seeking-legal-advice-from-an-immigration-lawyer-in-brazil-is-crucial-d.json,REQUIRED,NOT APPLIED
https://immigratetobrazil.com/pt-br/insights/naturalisation/sporadic-trips-abroad-for-which-the-sum-of-periods-does-not-exceed-12/,pages/1219-pt-br--insights--naturalisation--sporadic-trips-abroad-for-which-the-sum-of-periods-does-not-exceed-12.md,SOURCE REVIEW REQUIRED — no publication-ready rewrite,INVESTIGATE FURTHER,P2,metadata/1219-pt-br--insights--naturalisation--sporadic-trips-abroad-for-which-the-sum-of-periods-does-not-exceed-12.html,schema/1219-pt-br--insights--naturalisation--sporadic-trips-abroad-for-which-the-sum-of-periods-does-not-exceed-12.json,REQUIRED,NOT APPLIED
https://immigratetobrazil.com/pt-br/insights/naturalisation/sporadic-trips-abroad-the-sum-of-which-does-not-exceed-12-months-durin/,pages/1220-pt-br--insights--naturalisation--sporadic-trips-abroad-the-sum-of-which-does-not-exceed-12-months-durin.md,SOURCE REVIEW REQUIRED — no publication-ready rewrite,INVESTIGATE FURTHER,P2,metadata/1220-pt-br--insights--naturalisation--sporadic-trips-abroad-the-sum-of-which-does-not-exceed-12-months-durin.html,schema/1220-pt-br--insights--naturalisation--sporadic-trips-abroad-the-sum-of-which-does-not-exceed-12-months-durin.json,REQUIRED,NOT APPLIED
https://immigratetobrazil.com/pt-br/insights/naturalisation/starting-september-2-2025-the-u-s-department-of-state-will-require-an/,pages/1221-pt-br--insights--naturalisation--starting-september-2-2025-the-u-s-department-of-state-will-require-an.md,SOURCE REVIEW REQUIRED — no publication-ready rewrite,INVESTIGATE FURTHER,P2,metadata/1221-pt-br--insights--naturalisation--starting-september-2-2025-the-u-s-department-of-state-will-require-an.html,schema/1221-pt-br--insights--naturalisation--starting-september-2-2025-the-u-s-department-of-state-will-require-an.json,REQUIRED,NOT APPLIED
https://immigratetobrazil.com/pt-br/insights/naturalisation/the-certificate-of-proficiency-in-portuguese-language-for-foreigners-c/,pages/1222-pt-br--insights--naturalisation--the-certificate-of-proficiency-in-portuguese-language-for-foreigners-c.md,SOURCE REVIEW REQUIRED — no publication-ready rewrite,INVESTIGATE FURTHER,P2,metadata/1222-pt-br--insights--naturalisation--the-certificate-of-proficiency-in-portuguese-language-for-foreigners-c.html,schema/1222-pt-br--insights--naturalisation--the-certificate-of-proficiency-in-portuguese-language-for-foreigners-c.json,REQUIRED,NOT APPLIED
https://immigratetobrazil.com/pt-br/insights/naturalisation/the-chamber-of-deputies-has-just-approved-a-proposed-amendment-to-the/,pages/1223-pt-br--insights--naturalisation--the-chamber-of-deputies-has-just-approved-a-proposed-amendment-to-the.md,SOURCE REVIEW REQUIRED — no publication-ready rewrite,INVESTIGATE FURTHER,P2,metadata/1223-pt-br--insights--naturalisation--the-chamber-of-deputies-has-just-approved-a-proposed-amendment-to-the.html,schema/1223-pt-br--insights--naturalisation--the-chamber-of-deputies-has-just-approved-a-proposed-amendment-to-the.json,REQUIRED,NOT APPLIED
https://immigratetobrazil.com/pt-br/insights/naturalisation/the-date-invites-reflection-on-one-of-the-darkest-pages-in-human-histo/,pages/1224-pt-br--insights--naturalisation--the-date-invites-reflection-on-one-of-the-darkest-pages-in-human-histo.md,SOURCE REVIEW REQUIRED — no publication-ready rewrite,INVESTIGATE FURTHER,P2,metadata/1224-pt-br--insights--naturalisation--the-date-invites-reflection-on-one-of-the-darkest-pages-in-human-histo.html,schema/1224-pt-br--insights--naturalisation--the-date-invites-reflection-on-one-of-the-darkest-pages-in-human-histo.json,REQUIRED,NOT APPLIED
https://immigratetobrazil.com/pt-br/insights/naturalisation/the-deadline-to-begin-the-process-of-recognizing-spanish-citizenship-f/,pages/1225-pt-br--insights--naturalisation--the-deadline-to-begin-the-process-of-recognizing-spanish-citizenship-f.md,SOURCE REVIEW REQUIRED — no publication-ready rewrite,INVESTIGATE FURTHER,P2,metadata/1225-pt-br--insights--naturalisation--the-deadline-to-begin-the-process-of-recognizing-spanish-citizenship-f.html,schema/1225-pt-br--insights--naturalisation--the-deadline-to-begin-the-process-of-recognizing-spanish-citizenship-f.json,REQUIRED,NOT APPLIED
https://immigratetobrazil.com/pt-br/insights/naturalisation/the-humanitarian-and-institutional-crisis-that-is-plaguing-venezuela-h/,pages/1226-pt-br--insights--naturalisation--the-humanitarian-and-institutional-crisis-that-is-plaguing-venezuela-h.md,SOURCE REVIEW REQUIRED — no publication-ready rewrite,INVESTIGATE FURTHER,P2,metadata/1226-pt-br--insights--naturalisation--the-humanitarian-and-institutional-crisis-that-is-plaguing-venezuela-h.html,schema/1226-pt-br--insights--naturalisation--the-humanitarian-and-institutional-crisis-that-is-plaguing-venezuela-h.json,REQUIRED,NOT APPLIED
https://immigratetobrazil.com/pt-br/insights/naturalisation/the-mercosur-agreement-recognized-primarily-for-its-economic-impacts-a/,pages/1227-pt-br--insights--naturalisation--the-mercosur-agreement-recognized-primarily-for-its-economic-impacts-a.md,SOURCE REVIEW REQUIRED — no publication-ready rewrite,INVESTIGATE FURTHER,P2,metadata/1227-pt-br--insights--naturalisation--the-mercosur-agreement-recognized-primarily-for-its-economic-impacts-a.html,schema/1227-pt-br--insights--naturalisation--the-mercosur-agreement-recognized-primarily-for-its-economic-impacts-a.json,REQUIRED,NOT APPLIED
https://immigratetobrazil.com/pt-br/insights/naturalisation/the-mobility-agreement-between-cplp-member-states-communities-of-portu/,pages/1228-pt-br--insights--naturalisation--the-mobility-agreement-between-cplp-member-states-communities-of-portu.md,SOURCE REVIEW REQUIRED — no publication-ready rewrite,INVESTIGATE FURTHER,P2,metadata/1228-pt-br--insights--naturalisation--the-mobility-agreement-between-cplp-member-states-communities-of-portu.html,schema/1228-pt-br--insights--naturalisation--the-mobility-agreement-between-cplp-member-states-communities-of-portu.json,REQUIRED,NOT APPLIED
https://immigratetobrazil.com/pt-br/insights/naturalisation/the-new-naturalization-law-in-germany-approved-by-the-bundestag-simpli/,pages/1229-pt-br--insights--naturalisation--the-new-naturalization-law-in-germany-approved-by-the-bundestag-simpli.md,SOURCE REVIEW REQUIRED — no publication-ready rewrite,INVESTIGATE FURTHER,P2,metadata/1229-pt-br--insights--naturalisation--the-new-naturalization-law-in-germany-approved-by-the-bundestag-simpli.html,schema/1229-pt-br--insights--naturalisation--the-new-naturalization-law-in-germany-approved-by-the-bundestag-simpli.json,REQUIRED,NOT APPLIED
https://immigratetobrazil.com/pt-br/insights/naturalisation/the-new-visa-and-residence-permit-agreement-between-angola-brazil-cape/,pages/1230-pt-br--insights--naturalisation--the-new-visa-and-residence-permit-agreement-between-angola-brazil-cape.md,SOURCE REVIEW REQUIRED — no publication-ready rewrite,INVESTIGATE FURTHER,P2,metadata/1230-pt-br--insights--naturalisation--the-new-visa-and-residence-permit-agreement-between-angola-brazil-cape.html,schema/1230-pt-br--insights--naturalisation--the-new-visa-and-residence-permit-agreement-between-angola-brazil-cape.json,REQUIRED,NOT APPLIED
https://immigratetobrazil.com/pt-br/insights/naturalisation/the-portuguese-language-plays-a-fundamental-role-in-brazil-s-culture-a/,pages/1231-pt-br--insights--naturalisation--the-portuguese-language-plays-a-fundamental-role-in-brazil-s-culture-a.md,SOURCE REVIEW REQUIRED — no publication-ready rewrite,INVESTIGATE FURTHER,P2,metadata/1231-pt-br--insights--naturalisation--the-portuguese-language-plays-a-fundamental-role-in-brazil-s-culture-a.html,schema/1231-pt-br--insights--naturalisation--the-portuguese-language-plays-a-fundamental-role-in-brazil-s-culture-a.json,REQUIRED,NOT APPLIED
https://immigratetobrazil.com/pt-br/insights/naturalisation/the-recently-announced-innovation-allows-brazilian-tourists-to-pay-for/,pages/1232-pt-br--insights--naturalisation--the-recently-announced-innovation-allows-brazilian-tourists-to-pay-for.md,SOURCE REVIEW REQUIRED — no publication-ready rewrite,INVESTIGATE FURTHER,P2,metadata/1232-pt-br--insights--naturalisation--the-recently-announced-innovation-allows-brazilian-tourists-to-pay-for.html,schema/1232-pt-br--insights--naturalisation--the-recently-announced-innovation-allows-brazilian-tourists-to-pay-for.json,REQUIRED,NOT APPLIED
https://immigratetobrazil.com/pt-br/insights/naturalisation/the-renewal-of-the-resident-card-in-brazil-may-be-prevented-in-some-sp/,pages/1233-pt-br--insights--naturalisation--the-renewal-of-the-resident-card-in-brazil-may-be-prevented-in-some-sp.md,SOURCE REVIEW REQUIRED — no publication-ready rewrite,INVESTIGATE FURTHER,P2,metadata/1233-pt-br--insights--naturalisation--the-renewal-of-the-resident-card-in-brazil-may-be-prevented-in-some-sp.html,schema/1233-pt-br--insights--naturalisation--the-renewal-of-the-resident-card-in-brazil-may-be-prevented-in-some-sp.json,REQUIRED,NOT APPLIED
https://immigratetobrazil.com/pt-br/insights/naturalisation/the-voluntary-renunciation-of-brazilian-nationality-provided-for-in-th/,pages/1234-pt-br--insights--naturalisation--the-voluntary-renunciation-of-brazilian-nationality-provided-for-in-th.md,SOURCE REVIEW REQUIRED — no publication-ready rewrite,INVESTIGATE FURTHER,P2,metadata/1234-pt-br--insights--naturalisation--the-voluntary-renunciation-of-brazilian-nationality-provided-for-in-th.html,schema/1234-pt-br--insights--naturalisation--the-voluntary-renunciation-of-brazilian-nationality-provided-for-in-th.json,REQUIRED,NOT APPLIED
https://immigratetobrazil.com/pt-br/insights/naturalisation/this-is-an-important-opportunity-for-people-with-brazilian-ancestry-to/,pages/1235-pt-br--insights--naturalisation--this-is-an-important-opportunity-for-people-with-brazilian-ancestry-to.md,SOURCE REVIEW REQUIRED — no publication-ready rewrite,INVESTIGATE FURTHER,P2,metadata/1235-pt-br--insights--naturalisation--this-is-an-important-opportunity-for-people-with-brazilian-ancestry-to.html,schema/1235-pt-br--insights--naturalisation--this-is-an-important-opportunity-for-people-with-brazilian-ancestry-to.json,REQUIRED,NOT APPLIED
https://immigratetobrazil.com/pt-br/insights/naturalisation/to-do-this-it-is-possible-to-register-your-birth-at-any-time-at-a-braz/,pages/1236-pt-br--insights--naturalisation--to-do-this-it-is-possible-to-register-your-birth-at-any-time-at-a-braz.md,SOURCE REVIEW REQUIRED — no publication-ready rewrite,INVESTIGATE FURTHER,P2,metadata/1236-pt-br--insights--naturalisation--to-do-this-it-is-possible-to-register-your-birth-at-any-time-at-a-braz.html,schema/1236-pt-br--insights--naturalisation--to-do-this-it-is-possible-to-register-your-birth-at-any-time-at-a-braz.json,REQUIRED,NOT APPLIED
https://immigratetobrazil.com/pt-br/insights/naturalisation/to-formalise-this-status-their-birth-can-be-registered-at-any-time-at/,pages/1237-pt-br--insights--naturalisation--to-formalise-this-status-their-birth-can-be-registered-at-any-time-at.md,SOURCE REVIEW REQUIRED — no publication-ready rewrite,INVESTIGATE FURTHER,P2,metadata/1237-pt-br--insights--naturalisation--to-formalise-this-status-their-birth-can-be-registered-at-any-time-at.html,schema/1237-pt-br--insights--naturalisation--to-formalise-this-status-their-birth-can-be-registered-at-any-time-at.json,REQUIRED,NOT APPLIED
https://immigratetobrazil.com/pt-br/insights/naturalisation/to-obtain-brazilian-citizenship-individuals-generally-must-meet-specif/,pages/1238-pt-br--insights--naturalisation--to-obtain-brazilian-citizenship-individuals-generally-must-meet-specif.md,SOURCE REVIEW REQUIRED — no publication-ready rewrite,INVESTIGATE FURTHER,P2,metadata/1238-pt-br--insights--naturalisation--to-obtain-brazilian-citizenship-individuals-generally-must-meet-specif.html,schema/1238-pt-br--insights--naturalisation--to-obtain-brazilian-citizenship-individuals-generally-must-meet-specif.json,REQUIRED,NOT APPLIED
https://immigratetobrazil.com/pt-br/insights/naturalisation/today-we-recognize-the-resilience-wisdom-and-diversity-of-indigenous-p/,pages/1239-pt-br--insights--naturalisation--today-we-recognize-the-resilience-wisdom-and-diversity-of-indigenous-p.md,SOURCE REVIEW REQUIRED — no publication-ready rewrite,INVESTIGATE FURTHER,P2,metadata/1239-pt-br--insights--naturalisation--today-we-recognize-the-resilience-wisdom-and-diversity-of-indigenous-p.html,schema/1239-pt-br--insights--naturalisation--today-we-recognize-the-resilience-wisdom-and-diversity-of-indigenous-p.json,REQUIRED,NOT APPLIED
https://immigratetobrazil.com/pt-br/insights/naturalisation/under-the-new-spanish-law-on-obtaining-citizenship-more-people-have-th/,pages/1240-pt-br--insights--naturalisation--under-the-new-spanish-law-on-obtaining-citizenship-more-people-have-th.md,SOURCE REVIEW REQUIRED — no publication-ready rewrite,INVESTIGATE FURTHER,P2,metadata/1240-pt-br--insights--naturalisation--under-the-new-spanish-law-on-obtaining-citizenship-more-people-have-th.html,schema/1240-pt-br--insights--naturalisation--under-the-new-spanish-law-on-obtaining-citizenship-more-people-have-th.json,REQUIRED,NOT APPLIED
https://immigratetobrazil.com/pt-br/insights/naturalisation/us-imposes-new-visa-restrictions-on-12-countries-since-june-9-2025-an/,pages/1241-pt-br--insights--naturalisation--us-imposes-new-visa-restrictions-on-12-countries-since-june-9-2025-an.md,SOURCE REVIEW REQUIRED — no publication-ready rewrite,INVESTIGATE FURTHER,P2,metadata/1241-pt-br--insights--naturalisation--us-imposes-new-visa-restrictions-on-12-countries-since-june-9-2025-an.html,schema/1241-pt-br--insights--naturalisation--us-imposes-new-visa-restrictions-on-12-countries-since-june-9-2025-an.json,REQUIRED,NOT APPLIED
https://immigratetobrazil.com/pt-br/insights/naturalisation/we-celebrate-the-achievements-of-women-around-the-world-and-reaffirm-t/,pages/1242-pt-br--insights--naturalisation--we-celebrate-the-achievements-of-women-around-the-world-and-reaffirm-t.md,SOURCE REVIEW REQUIRED — no publication-ready rewrite,INVESTIGATE FURTHER,P2,metadata/1242-pt-br--insights--naturalisation--we-celebrate-the-achievements-of-women-around-the-world-and-reaffirm-t.html,schema/1242-pt-br--insights--naturalisation--we-celebrate-the-achievements-of-women-around-the-world-and-reaffirm-t.json,REQUIRED,NOT APPLIED
https://immigratetobrazil.com/pt-br/insights/naturalisation/whether-you-re-travelling-to-brazil-for-a-short-stay-or-planning-a-lon/,pages/1243-pt-br--insights--naturalisation--whether-you-re-travelling-to-brazil-for-a-short-stay-or-planning-a-lon.md,SOURCE REVIEW REQUIRED — no publication-ready rewrite,INVESTIGATE FURTHER,P2,metadata/1243-pt-br--insights--naturalisation--whether-you-re-travelling-to-brazil-for-a-short-stay-or-planning-a-lon.html,schema/1243-pt-br--insights--naturalisation--whether-you-re-travelling-to-brazil-for-a-short-stay-or-planning-a-lon.json,REQUIRED,NOT APPLIED
https://immigratetobrazil.com/pt-br/insights/naturalisation/why-contact-with-marine-animals-is-prohibited-in-tourist-areas-the-epi/,pages/1244-pt-br--insights--naturalisation--why-contact-with-marine-animals-is-prohibited-in-tourist-areas-the-epi.md,SOURCE REVIEW REQUIRED — no publication-ready rewrite,INVESTIGATE FURTHER,P2,metadata/1244-pt-br--insights--naturalisation--why-contact-with-marine-animals-is-prohibited-in-tourist-areas-the-epi.html,schema/1244-pt-br--insights--naturalisation--why-contact-with-marine-animals-is-prohibited-in-tourist-areas-the-epi.json,REQUIRED,NOT APPLIED
https://immigratetobrazil.com/pt-br/insights/naturalisation/with-the-democratic-memory-law-in-force-now-the-adult-grandchildren-of/,pages/1245-pt-br--insights--naturalisation--with-the-democratic-memory-law-in-force-now-the-adult-grandchildren-of.md,SOURCE REVIEW REQUIRED — no publication-ready rewrite,INVESTIGATE FURTHER,P2,metadata/1245-pt-br--insights--naturalisation--with-the-democratic-memory-law-in-force-now-the-adult-grandchildren-of.html,schema/1245-pt-br--insights--naturalisation--with-the-democratic-memory-law-in-force-now-the-adult-grandchildren-of.json,REQUIRED,NOT APPLIED
https://immigratetobrazil.com/pt-br/insights/naturalisation/work-in-finland-an-initiative-supported-by-the-finnish-government-netw/,pages/1246-pt-br--insights--naturalisation--work-in-finland-an-initiative-supported-by-the-finnish-government-netw.md,SOURCE REVIEW REQUIRED — no publication-ready rewrite,INVESTIGATE FURTHER,P2,metadata/1246-pt-br--insights--naturalisation--work-in-finland-an-initiative-supported-by-the-finnish-government-netw.html,schema/1246-pt-br--insights--naturalisation--work-in-finland-an-initiative-supported-by-the-finnish-government-netw.json,REQUIRED,NOT APPLIED
https://immigratetobrazil.com/pt-br/insights/process/,pages/1247-pt-br--insights--process.md,DRAFT — editorial review required,OPTIMIZE,P2,metadata/1247-pt-br--insights--process.html,schema/1247-pt-br--insights--process.json,CHECK EXISTING CLAIMS,NOT APPLIED
https://immigratetobrazil.com/pt-br/insights/process/airports-are-busy-places-it-is-important-to-always-be-aware/,pages/1248-pt-br--insights--process--airports-are-busy-places-it-is-important-to-always-be-aware.md,SOURCE REVIEW REQUIRED — no publication-ready rewrite,INVESTIGATE FURTHER,P2,metadata/1248-pt-br--insights--process--airports-are-busy-places-it-is-important-to-always-be-aware.html,schema/1248-pt-br--insights--process--airports-are-busy-places-it-is-important-to-always-be-aware.json,REQUIRED,NOT APPLIED
https://immigratetobrazil.com/pt-br/insights/process/all-passengers-have-the-right-to-take-their-hand-luggage-and-personal/,pages/1249-pt-br--insights--process--all-passengers-have-the-right-to-take-their-hand-luggage-and-personal.md,SOURCE REVIEW REQUIRED — no publication-ready rewrite,INVESTIGATE FURTHER,P2,metadata/1249-pt-br--insights--process--all-passengers-have-the-right-to-take-their-hand-luggage-and-personal.html,schema/1249-pt-br--insights--process--all-passengers-have-the-right-to-take-their-hand-luggage-and-personal.json,REQUIRED,NOT APPLIED
https://immigratetobrazil.com/pt-br/insights/process/an-honorary-consulate-is-a-voluntary-diplomatic-representation-of-a-co/,pages/1250-pt-br--insights--process--an-honorary-consulate-is-a-voluntary-diplomatic-representation-of-a-co.md,SOURCE REVIEW REQUIRED — no publication-ready rewrite,INVESTIGATE FURTHER,P2,metadata/1250-pt-br--insights--process--an-honorary-consulate-is-a-voluntary-diplomatic-representation-of-a-co.html,schema/1250-pt-br--insights--process--an-honorary-consulate-is-a-voluntary-diplomatic-representation-of-a-co.json,REQUIRED,NOT APPLIED
https://immigratetobrazil.com/pt-br/insights/process/appealing-a-traffic-fine-is-your-right/,pages/1251-pt-br--insights--process--appealing-a-traffic-fine-is-your-right.md,SOURCE REVIEW REQUIRED — no publication-ready rewrite,INVESTIGATE FURTHER,P2,metadata/1251-pt-br--insights--process--appealing-a-traffic-fine-is-your-right.html,schema/1251-pt-br--insights--process--appealing-a-traffic-fine-is-your-right.json,REQUIRED,NOT APPLIED
https://immigratetobrazil.com/pt-br/insights/process/bulgaria-and-romania-will-partially-join-the-european-union-s-schengen/,pages/1252-pt-br--insights--process--bulgaria-and-romania-will-partially-join-the-european-union-s-schengen.md,SOURCE REVIEW REQUIRED — no publication-ready rewrite,INVESTIGATE FURTHER,P2,metadata/1252-pt-br--insights--process--bulgaria-and-romania-will-partially-join-the-european-union-s-schengen.html,schema/1252-pt-br--insights--process--bulgaria-and-romania-will-partially-join-the-european-union-s-schengen.json,REQUIRED,NOT APPLIED
https://immigratetobrazil.com/pt-br/insights/process/deportation-as-defined-by-brazilian-legislation-is-an-administrative-p/,pages/1253-pt-br--insights--process--deportation-as-defined-by-brazilian-legislation-is-an-administrative-p.md,SOURCE REVIEW REQUIRED — no publication-ready rewrite,INVESTIGATE FURTHER,P2,metadata/1253-pt-br--insights--process--deportation-as-defined-by-brazilian-legislation-is-an-administrative-p.html,schema/1253-pt-br--insights--process--deportation-as-defined-by-brazilian-legislation-is-an-administrative-p.json,REQUIRED,NOT APPLIED
https://immigratetobrazil.com/pt-br/insights/process/deportation-is-a-measure-provided-for-by-law-for-the-compulsory-remova/,pages/1254-pt-br--insights--process--deportation-is-a-measure-provided-for-by-law-for-the-compulsory-remova.md,SOURCE REVIEW REQUIRED — no publication-ready rewrite,INVESTIGATE FURTHER,P2,metadata/1254-pt-br--insights--process--deportation-is-a-measure-provided-for-by-law-for-the-compulsory-remova.html,schema/1254-pt-br--insights--process--deportation-is-a-measure-provided-for-by-law-for-the-compulsory-remova.json,REQUIRED,NOT APPLIED
https://immigratetobrazil.com/pt-br/insights/process/each-federal-police-immigration-service-point-has-a-different-procedur/,pages/1255-pt-br--insights--process--each-federal-police-immigration-service-point-has-a-different-procedur.md,SOURCE REVIEW REQUIRED — no publication-ready rewrite,INVESTIGATE FURTHER,P2,metadata/1255-pt-br--insights--process--each-federal-police-immigration-service-point-has-a-different-procedur.html,schema/1255-pt-br--insights--process--each-federal-police-immigration-service-point-has-a-different-procedur.json,REQUIRED,NOT APPLIED
https://immigratetobrazil.com/pt-br/insights/process/for-biological-children-and-minor-adopted-children-of-italian-citizens/,pages/1256-pt-br--insights--process--for-biological-children-and-minor-adopted-children-of-italian-citizens.md,SOURCE REVIEW REQUIRED — no publication-ready rewrite,INVESTIGATE FURTHER,P2,metadata/1256-pt-br--insights--process--for-biological-children-and-minor-adopted-children-of-italian-citizens.html,schema/1256-pt-br--insights--process--for-biological-children-and-minor-adopted-children-of-italian-citizens.json,REQUIRED,NOT APPLIED
https://immigratetobrazil.com/pt-br/insights/process/if-you-are-getting-married-to-a-brazilian-person-and-need-a-document-s/,pages/1257-pt-br--insights--process--if-you-are-getting-married-to-a-brazilian-person-and-need-a-document-s.md,SOURCE REVIEW REQUIRED — no publication-ready rewrite,INVESTIGATE FURTHER,P2,metadata/1257-pt-br--insights--process--if-you-are-getting-married-to-a-brazilian-person-and-need-a-document-s.html,schema/1257-pt-br--insights--process--if-you-are-getting-married-to-a-brazilian-person-and-need-a-document-s.json,REQUIRED,NOT APPLIED
https://immigratetobrazil.com/pt-br/insights/process/it-doesn-t-matter-where-the-bill-or-billing-is-from/,pages/1258-pt-br--insights--process--it-doesn-t-matter-where-the-bill-or-billing-is-from.md,SOURCE REVIEW REQUIRED — no publication-ready rewrite,INVESTIGATE FURTHER,P2,metadata/1258-pt-br--insights--process--it-doesn-t-matter-where-the-bill-or-billing-is-from.html,schema/1258-pt-br--insights--process--it-doesn-t-matter-where-the-bill-or-billing-is-from.json,REQUIRED,NOT APPLIED
https://immigratetobrazil.com/pt-br/insights/process/it-was-established-by-the-un-to-promote-equality-respect-for-human-rig/,pages/1259-pt-br--insights--process--it-was-established-by-the-un-to-promote-equality-respect-for-human-rig.md,SOURCE REVIEW REQUIRED — no publication-ready rewrite,INVESTIGATE FURTHER,P2,metadata/1259-pt-br--insights--process--it-was-established-by-the-un-to-promote-equality-respect-for-human-rig.html,schema/1259-pt-br--insights--process--it-was-established-by-the-un-to-promote-equality-respect-for-human-rig.json,REQUIRED,NOT APPLIED
https://immigratetobrazil.com/pt-br/insights/process/technically-yes-but-its-not-advisable/,pages/1260-pt-br--insights--process--technically-yes-but-its-not-advisable.md,SOURCE REVIEW REQUIRED — no publication-ready rewrite,INVESTIGATE FURTHER,P2,metadata/1260-pt-br--insights--process--technically-yes-but-its-not-advisable.html,schema/1260-pt-br--insights--process--technically-yes-but-its-not-advisable.json,REQUIRED,NOT APPLIED
https://immigratetobrazil.com/pt-br/insights/process/the-consular-declaration-of-civil-status-is-a-document-issued-by-the-c/,pages/1261-pt-br--insights--process--the-consular-declaration-of-civil-status-is-a-document-issued-by-the-c.md,SOURCE REVIEW REQUIRED — no publication-ready rewrite,INVESTIGATE FURTHER,P2,metadata/1261-pt-br--insights--process--the-consular-declaration-of-civil-status-is-a-document-issued-by-the-c.html,schema/1261-pt-br--insights--process--the-consular-declaration-of-civil-status-is-a-document-issued-by-the-c.json,REQUIRED,NOT APPLIED
https://immigratetobrazil.com/pt-br/insights/process/the-expulsion-of-a-foreigner-is-an-extreme-measure-and-can-only-occur/,pages/1262-pt-br--insights--process--the-expulsion-of-a-foreigner-is-an-extreme-measure-and-can-only-occur.md,SOURCE REVIEW REQUIRED — no publication-ready rewrite,INVESTIGATE FURTHER,P2,metadata/1262-pt-br--insights--process--the-expulsion-of-a-foreigner-is-an-extreme-measure-and-can-only-occur.html,schema/1262-pt-br--insights--process--the-expulsion-of-a-foreigner-is-an-extreme-measure-and-can-only-occur.json,REQUIRED,NOT APPLIED
https://immigratetobrazil.com/pt-br/insights/process/the-right-to-come-and-go-is-provided-for-in-the-federal-constitution-f/,pages/1263-pt-br--insights--process--the-right-to-come-and-go-is-provided-for-in-the-federal-constitution-f.md,SOURCE REVIEW REQUIRED — no publication-ready rewrite,INVESTIGATE FURTHER,P2,metadata/1263-pt-br--insights--process--the-right-to-come-and-go-is-provided-for-in-the-federal-constitution-f.html,schema/1263-pt-br--insights--process--the-right-to-come-and-go-is-provided-for-in-the-federal-constitution-f.json,REQUIRED,NOT APPLIED
https://immigratetobrazil.com/pt-br/insights/process/the-text-of-the-brazil-uruguay-convention-for-the-elimination-of-doubl/,pages/1264-pt-br--insights--process--the-text-of-the-brazil-uruguay-convention-for-the-elimination-of-doubl.md,SOURCE REVIEW REQUIRED — no publication-ready rewrite,INVESTIGATE FURTHER,P2,metadata/1264-pt-br--insights--process--the-text-of-the-brazil-uruguay-convention-for-the-elimination-of-doubl.html,schema/1264-pt-br--insights--process--the-text-of-the-brazil-uruguay-convention-for-the-elimination-of-doubl.json,REQUIRED,NOT APPLIED
https://immigratetobrazil.com/pt-br/insights/process/the-transformation-of-the-italian-consulate-in-belo-horizonte-to-consu/,pages/1265-pt-br--insights--process--the-transformation-of-the-italian-consulate-in-belo-horizonte-to-consu.md,SOURCE REVIEW REQUIRED — no publication-ready rewrite,INVESTIGATE FURTHER,P2,metadata/1265-pt-br--insights--process--the-transformation-of-the-italian-consulate-in-belo-horizonte-to-consu.html,schema/1265-pt-br--insights--process--the-transformation-of-the-italian-consulate-in-belo-horizonte-to-consu.json,REQUIRED,NOT APPLIED
https://immigratetobrazil.com/pt-br/insights/process/this-is-an-illegal-extremely-dangerous-practice-that-can-have-serious/,pages/1266-pt-br--insights--process--this-is-an-illegal-extremely-dangerous-practice-that-can-have-serious.md,SOURCE REVIEW REQUIRED — no publication-ready rewrite,INVESTIGATE FURTHER,P2,metadata/1266-pt-br--insights--process--this-is-an-illegal-extremely-dangerous-practice-that-can-have-serious.html,schema/1266-pt-br--insights--process--this-is-an-illegal-extremely-dangerous-practice-that-can-have-serious.json,REQUIRED,NOT APPLIED
https://immigratetobrazil.com/pt-br/insights/process/yes-brazilian-law-protects-passengers-much-more-than-other-countries/,pages/1267-pt-br--insights--process--yes-brazilian-law-protects-passengers-much-more-than-other-countries.md,SOURCE REVIEW REQUIRED — no publication-ready rewrite,INVESTIGATE FURTHER,P2,metadata/1267-pt-br--insights--process--yes-brazilian-law-protects-passengers-much-more-than-other-countries.html,schema/1267-pt-br--insights--process--yes-brazilian-law-protects-passengers-much-more-than-other-countries.json,REQUIRED,NOT APPLIED
https://immigratetobrazil.com/pt-br/insights/process/you-should-request-for-your-brazilian-id-to-be-renewed-at-least-90-day/,pages/1268-pt-br--insights--process--you-should-request-for-your-brazilian-id-to-be-renewed-at-least-90-day.md,SOURCE REVIEW REQUIRED — no publication-ready rewrite,INVESTIGATE FURTHER,P2,metadata/1268-pt-br--insights--process--you-should-request-for-your-brazilian-id-to-be-renewed-at-least-90-day.html,schema/1268-pt-br--insights--process--you-should-request-for-your-brazilian-id-to-be-renewed-at-least-90-day.json,REQUIRED,NOT APPLIED
https://immigratetobrazil.com/pt-br/insights/residency/,pages/1269-pt-br--insights--residency.md,DRAFT — editorial review required,OPTIMIZE,P2,metadata/1269-pt-br--insights--residency.html,schema/1269-pt-br--insights--residency.json,CHECK EXISTING CLAIMS,NOT APPLIED
https://immigratetobrazil.com/pt-br/insights/residency/a-stable-union-formed-abroad-can-be-recognized-in-brazil-through-regis/,pages/1270-pt-br--insights--residency--a-stable-union-formed-abroad-can-be-recognized-in-brazil-through-regis.md,SOURCE REVIEW REQUIRED — no publication-ready rewrite,INVESTIGATE FURTHER,P2,metadata/1270-pt-br--insights--residency--a-stable-union-formed-abroad-can-be-recognized-in-brazil-through-regis.html,schema/1270-pt-br--insights--residency--a-stable-union-formed-abroad-can-be-recognized-in-brazil-through-regis.json,REQUIRED,NOT APPLIED
https://immigratetobrazil.com/pt-br/insights/residency/brazilian-immigration-legislation-reflects-the-country-s-commitment-to/,pages/1271-pt-br--insights--residency--brazilian-immigration-legislation-reflects-the-country-s-commitment-to.md,SOURCE REVIEW REQUIRED — no publication-ready rewrite,INVESTIGATE FURTHER,P2,metadata/1271-pt-br--insights--residency--brazilian-immigration-legislation-reflects-the-country-s-commitment-to.html,schema/1271-pt-br--insights--residency--brazilian-immigration-legislation-reflects-the-country-s-commitment-to.json,REQUIRED,NOT APPLIED
https://immigratetobrazil.com/pt-br/insights/residency/firstly-you-will-need-to-register-at-the-brazilian-consulate-or-embass/,pages/1272-pt-br--insights--residency--firstly-you-will-need-to-register-at-the-brazilian-consulate-or-embass.md,SOURCE REVIEW REQUIRED — no publication-ready rewrite,INVESTIGATE FURTHER,P2,metadata/1272-pt-br--insights--residency--firstly-you-will-need-to-register-at-the-brazilian-consulate-or-embass.html,schema/1272-pt-br--insights--residency--firstly-you-will-need-to-register-at-the-brazilian-consulate-or-embass.json,REQUIRED,NOT APPLIED
https://immigratetobrazil.com/pt-br/insights/residency/for-those-who-still-cannot-marry-in-their-home-countries-because-of-di/,pages/1273-pt-br--insights--residency--for-those-who-still-cannot-marry-in-their-home-countries-because-of-di.md,SOURCE REVIEW REQUIRED — no publication-ready rewrite,INVESTIGATE FURTHER,P2,metadata/1273-pt-br--insights--residency--for-those-who-still-cannot-marry-in-their-home-countries-because-of-di.html,schema/1273-pt-br--insights--residency--for-those-who-still-cannot-marry-in-their-home-countries-because-of-di.json,REQUIRED,NOT APPLIED
https://immigratetobrazil.com/pt-br/insights/residency/i-have-a-brazilian-residence-permit-and-i-want-to-move-to-another-regi/,pages/1274-pt-br--insights--residency--i-have-a-brazilian-residence-permit-and-i-want-to-move-to-another-regi.md,SOURCE REVIEW REQUIRED — no publication-ready rewrite,INVESTIGATE FURTHER,P2,metadata/1274-pt-br--insights--residency--i-have-a-brazilian-residence-permit-and-i-want-to-move-to-another-regi.html,schema/1274-pt-br--insights--residency--i-have-a-brazilian-residence-permit-and-i-want-to-move-to-another-regi.json,REQUIRED,NOT APPLIED
https://immigratetobrazil.com/pt-br/insights/residency/if-the-person-has-a-residence-permit-in-brazil-it-is-important-to-obse/,pages/1275-pt-br--insights--residency--if-the-person-has-a-residence-permit-in-brazil-it-is-important-to-obse.md,SOURCE REVIEW REQUIRED — no publication-ready rewrite,INVESTIGATE FURTHER,P2,metadata/1275-pt-br--insights--residency--if-the-person-has-a-residence-permit-in-brazil-it-is-important-to-obse.html,schema/1275-pt-br--insights--residency--if-the-person-has-a-residence-permit-in-brazil-it-is-important-to-obse.json,REQUIRED,NOT APPLIED
https://immigratetobrazil.com/pt-br/insights/residency/if-the-person-holds-a-brazilian-residence-permit-it-s-important-to-obs/,pages/1276-pt-br--insights--residency--if-the-person-holds-a-brazilian-residence-permit-it-s-important-to-obs.md,SOURCE REVIEW REQUIRED — no publication-ready rewrite,INVESTIGATE FURTHER,P2,metadata/1276-pt-br--insights--residency--if-the-person-holds-a-brazilian-residence-permit-it-s-important-to-obs.html,schema/1276-pt-br--insights--residency--if-the-person-holds-a-brazilian-residence-permit-it-s-important-to-obs.json,REQUIRED,NOT APPLIED
https://immigratetobrazil.com/pt-br/insights/residency/if-you-have-chosen-brazil-as-your-new-place-of-residency-and-are-inqui/,pages/1277-pt-br--insights--residency--if-you-have-chosen-brazil-as-your-new-place-of-residency-and-are-inqui.md,SOURCE REVIEW REQUIRED — no publication-ready rewrite,INVESTIGATE FURTHER,P2,metadata/1277-pt-br--insights--residency--if-you-have-chosen-brazil-as-your-new-place-of-residency-and-are-inqui.html,schema/1277-pt-br--insights--residency--if-you-have-chosen-brazil-as-your-new-place-of-residency-and-are-inqui.json,REQUIRED,NOT APPLIED
https://immigratetobrazil.com/pt-br/insights/residency/if-you-need-to-stay-outside-of-portugal-for-a-longer-period-than-requi/,pages/1278-pt-br--insights--residency--if-you-need-to-stay-outside-of-portugal-for-a-longer-period-than-requi.md,SOURCE REVIEW REQUIRED — no publication-ready rewrite,INVESTIGATE FURTHER,P2,metadata/1278-pt-br--insights--residency--if-you-need-to-stay-outside-of-portugal-for-a-longer-period-than-requi.html,schema/1278-pt-br--insights--residency--if-you-need-to-stay-outside-of-portugal-for-a-longer-period-than-requi.json,REQUIRED,NOT APPLIED
https://immigratetobrazil.com/pt-br/insights/residency/in-brazil-the-national-migration-registry-rnm-is-the-registry-of-immig/,pages/1279-pt-br--insights--residency--in-brazil-the-national-migration-registry-rnm-is-the-registry-of-immig.md,SOURCE REVIEW REQUIRED — no publication-ready rewrite,INVESTIGATE FURTHER,P2,metadata/1279-pt-br--insights--residency--in-brazil-the-national-migration-registry-rnm-is-the-registry-of-immig.html,schema/1279-pt-br--insights--residency--in-brazil-the-national-migration-registry-rnm-is-the-registry-of-immig.json,REQUIRED,NOT APPLIED
https://immigratetobrazil.com/pt-br/insights/residency/in-brazil-the-registro-nacional-de-migrante-rnm-is-the-registration-of/,pages/1280-pt-br--insights--residency--in-brazil-the-registro-nacional-de-migrante-rnm-is-the-registration-of.md,SOURCE REVIEW REQUIRED — no publication-ready rewrite,INVESTIGATE FURTHER,P2,metadata/1280-pt-br--insights--residency--in-brazil-the-registro-nacional-de-migrante-rnm-is-the-registration-of.html,schema/1280-pt-br--insights--residency--in-brazil-the-registro-nacional-de-migrante-rnm-is-the-registration-of.json,REQUIRED,NOT APPLIED
https://immigratetobrazil.com/pt-br/insights/residency/in-temporary-residence-you-can-only-be-absent-for-less-than-6-consecut/,pages/1281-pt-br--insights--residency--in-temporary-residence-you-can-only-be-absent-for-less-than-6-consecut.md,SOURCE REVIEW REQUIRED — no publication-ready rewrite,INVESTIGATE FURTHER,P2,metadata/1281-pt-br--insights--residency--in-temporary-residence-you-can-only-be-absent-for-less-than-6-consecut.html,schema/1281-pt-br--insights--residency--in-temporary-residence-you-can-only-be-absent-for-less-than-6-consecut.json,REQUIRED,NOT APPLIED
https://immigratetobrazil.com/pt-br/insights/residency/in-the-context-of-a-profound-political-economic-and-institutional-cris/,pages/1282-pt-br--insights--residency--in-the-context-of-a-profound-political-economic-and-institutional-cris.md,SOURCE REVIEW REQUIRED — no publication-ready rewrite,INVESTIGATE FURTHER,P2,metadata/1282-pt-br--insights--residency--in-the-context-of-a-profound-political-economic-and-institutional-cris.html,schema/1282-pt-br--insights--residency--in-the-context-of-a-profound-political-economic-and-institutional-cris.json,REQUIRED,NOT APPLIED
https://immigratetobrazil.com/pt-br/insights/residency/it-is-important-to-note-that-one-of-the-legal-prerequisites-for-obtain/,pages/1283-pt-br--insights--residency--it-is-important-to-note-that-one-of-the-legal-prerequisites-for-obtain.md,SOURCE REVIEW REQUIRED — no publication-ready rewrite,INVESTIGATE FURTHER,P2,metadata/1283-pt-br--insights--residency--it-is-important-to-note-that-one-of-the-legal-prerequisites-for-obtain.html,schema/1283-pt-br--insights--residency--it-is-important-to-note-that-one-of-the-legal-prerequisites-for-obtain.json,REQUIRED,NOT APPLIED
https://immigratetobrazil.com/pt-br/insights/residency/it-s-crucial-to-note-that-one-of-the-legal-prerequisites-for-obtaining/,pages/1284-pt-br--insights--residency--it-s-crucial-to-note-that-one-of-the-legal-prerequisites-for-obtaining.md,SOURCE REVIEW REQUIRED — no publication-ready rewrite,INVESTIGATE FURTHER,P2,metadata/1284-pt-br--insights--residency--it-s-crucial-to-note-that-one-of-the-legal-prerequisites-for-obtaining.html,schema/1284-pt-br--insights--residency--it-s-crucial-to-note-that-one-of-the-legal-prerequisites-for-obtaining.json,REQUIRED,NOT APPLIED
https://immigratetobrazil.com/pt-br/insights/residency/loss-of-residence-permit-may-occur-due-to-prolonged-absence-or-failure/,pages/1285-pt-br--insights--residency--loss-of-residence-permit-may-occur-due-to-prolonged-absence-or-failure.md,SOURCE REVIEW REQUIRED — no publication-ready rewrite,INVESTIGATE FURTHER,P2,metadata/1285-pt-br--insights--residency--loss-of-residence-permit-may-occur-due-to-prolonged-absence-or-failure.html,schema/1285-pt-br--insights--residency--loss-of-residence-permit-may-occur-due-to-prolonged-absence-or-failure.json,REQUIRED,NOT APPLIED
https://immigratetobrazil.com/pt-br/insights/residency/not-right-away-the-law-determines-the-exact-time-a-resident-can-stay-o/,pages/1286-pt-br--insights--residency--not-right-away-the-law-determines-the-exact-time-a-resident-can-stay-o.md,SOURCE REVIEW REQUIRED — no publication-ready rewrite,INVESTIGATE FURTHER,P2,metadata/1286-pt-br--insights--residency--not-right-away-the-law-determines-the-exact-time-a-resident-can-stay-o.html,schema/1286-pt-br--insights--residency--not-right-away-the-law-determines-the-exact-time-a-resident-can-stay-o.json,REQUIRED,NOT APPLIED
https://immigratetobrazil.com/pt-br/insights/residency/popularly-it-is-understood-that-an-immigrant-is-a-person-who-migrates/,pages/1287-pt-br--insights--residency--popularly-it-is-understood-that-an-immigrant-is-a-person-who-migrates.md,SOURCE REVIEW REQUIRED — no publication-ready rewrite,INVESTIGATE FURTHER,P2,metadata/1287-pt-br--insights--residency--popularly-it-is-understood-that-an-immigrant-is-a-person-who-migrates.html,schema/1287-pt-br--insights--residency--popularly-it-is-understood-that-an-immigrant-is-a-person-who-migrates.json,REQUIRED,NOT APPLIED
https://immigratetobrazil.com/pt-br/insights/residency/renewal-of-the-brazilian-residence-permit-applies-to-those-who-have-a/,pages/1288-pt-br--insights--residency--renewal-of-the-brazilian-residence-permit-applies-to-those-who-have-a.md,SOURCE REVIEW REQUIRED — no publication-ready rewrite,INVESTIGATE FURTHER,P2,metadata/1288-pt-br--insights--residency--renewal-of-the-brazilian-residence-permit-applies-to-those-who-have-a.html,schema/1288-pt-br--insights--residency--renewal-of-the-brazilian-residence-permit-applies-to-those-who-have-a.json,REQUIRED,NOT APPLIED
https://immigratetobrazil.com/pt-br/insights/residency/residence-permit-in-brazil-due-to-the-mercosur-agreement-this-residenc/,pages/1289-pt-br--insights--residency--residence-permit-in-brazil-due-to-the-mercosur-agreement-this-residenc.md,SOURCE REVIEW REQUIRED — no publication-ready rewrite,INVESTIGATE FURTHER,P2,metadata/1289-pt-br--insights--residency--residence-permit-in-brazil-due-to-the-mercosur-agreement-this-residenc.html,schema/1289-pt-br--insights--residency--residence-permit-in-brazil-due-to-the-mercosur-agreement-this-residenc.json,REQUIRED,NOT APPLIED
https://immigratetobrazil.com/pt-br/insights/residency/strict-entry-requirements-the-legislation-introduced-specific-entry-re/,pages/1290-pt-br--insights--residency--strict-entry-requirements-the-legislation-introduced-specific-entry-re.md,SOURCE REVIEW REQUIRED — no publication-ready rewrite,INVESTIGATE FURTHER,P2,metadata/1290-pt-br--insights--residency--strict-entry-requirements-the-legislation-introduced-specific-entry-re.html,schema/1290-pt-br--insights--residency--strict-entry-requirements-the-legislation-introduced-specific-entry-re.json,REQUIRED,NOT APPLIED
https://immigratetobrazil.com/pt-br/insights/residency/the-agreement-between-brazil-and-uruguay-deals-with-permanent-residenc/,pages/1291-pt-br--insights--residency--the-agreement-between-brazil-and-uruguay-deals-with-permanent-residenc.md,SOURCE REVIEW REQUIRED — no publication-ready rewrite,INVESTIGATE FURTHER,P2,metadata/1291-pt-br--insights--residency--the-agreement-between-brazil-and-uruguay-deals-with-permanent-residenc.html,schema/1291-pt-br--insights--residency--the-agreement-between-brazil-and-uruguay-deals-with-permanent-residenc.json,REQUIRED,NOT APPLIED
https://immigratetobrazil.com/pt-br/insights/residency/the-loss-of-a-residence-permit-can-occur-due-to-prolonged-absence-or-f/,pages/1292-pt-br--insights--residency--the-loss-of-a-residence-permit-can-occur-due-to-prolonged-absence-or-f.md,SOURCE REVIEW REQUIRED — no publication-ready rewrite,INVESTIGATE FURTHER,P2,metadata/1292-pt-br--insights--residency--the-loss-of-a-residence-permit-can-occur-due-to-prolonged-absence-or-f.html,schema/1292-pt-br--insights--residency--the-loss-of-a-residence-permit-can-occur-due-to-prolonged-absence-or-f.json,REQUIRED,NOT APPLIED
https://immigratetobrazil.com/pt-br/insights/residency/the-person-applying-for-a-residence-permit-to-live-in-brazil-will-also/,pages/1293-pt-br--insights--residency--the-person-applying-for-a-residence-permit-to-live-in-brazil-will-also.md,SOURCE REVIEW REQUIRED — no publication-ready rewrite,INVESTIGATE FURTHER,P2,metadata/1293-pt-br--insights--residency--the-person-applying-for-a-residence-permit-to-live-in-brazil-will-also.html,schema/1293-pt-br--insights--residency--the-person-applying-for-a-residence-permit-to-live-in-brazil-will-also.json,REQUIRED,NOT APPLIED
https://immigratetobrazil.com/pt-br/insights/residency/the-person-who-will-apply-for-a-residence-permit-to-live-in-brazil-wil/,pages/1294-pt-br--insights--residency--the-person-who-will-apply-for-a-residence-permit-to-live-in-brazil-wil.md,SOURCE REVIEW REQUIRED — no publication-ready rewrite,INVESTIGATE FURTHER,P2,metadata/1294-pt-br--insights--residency--the-person-who-will-apply-for-a-residence-permit-to-live-in-brazil-wil.html,schema/1294-pt-br--insights--residency--the-person-who-will-apply-for-a-residence-permit-to-live-in-brazil-wil.json,REQUIRED,NOT APPLIED
https://immigratetobrazil.com/pt-br/insights/residency/the-renewal-of-brazilian-residency-permit-applies-to-those-holding-a-t/,pages/1295-pt-br--insights--residency--the-renewal-of-brazilian-residency-permit-applies-to-those-holding-a-t.md,SOURCE REVIEW REQUIRED — no publication-ready rewrite,INVESTIGATE FURTHER,P2,metadata/1295-pt-br--insights--residency--the-renewal-of-brazilian-residency-permit-applies-to-those-holding-a-t.html,schema/1295-pt-br--insights--residency--the-renewal-of-brazilian-residency-permit-applies-to-those-holding-a-t.json,REQUIRED,NOT APPLIED
https://immigratetobrazil.com/pt-br/insights/residency/the-request-for-reconsideration-when-a-request-for-a-residence-permit/,pages/1296-pt-br--insights--residency--the-request-for-reconsideration-when-a-request-for-a-residence-permit.md,SOURCE REVIEW REQUIRED — no publication-ready rewrite,INVESTIGATE FURTHER,P2,metadata/1296-pt-br--insights--residency--the-request-for-reconsideration-when-a-request-for-a-residence-permit.html,schema/1296-pt-br--insights--residency--the-request-for-reconsideration-when-a-request-for-a-residence-permit.json,REQUIRED,NOT APPLIED
https://immigratetobrazil.com/pt-br/insights/residency/upon-your-return-to-brazil-the-legal-process-for-revoking-your-residen/,pages/1297-pt-br--insights--residency--upon-your-return-to-brazil-the-legal-process-for-revoking-your-residen.md,SOURCE REVIEW REQUIRED — no publication-ready rewrite,INVESTIGATE FURTHER,P2,metadata/1297-pt-br--insights--residency--upon-your-return-to-brazil-the-legal-process-for-revoking-your-residen.html,schema/1297-pt-br--insights--residency--upon-your-return-to-brazil-the-legal-process-for-revoking-your-residen.json,REQUIRED,NOT APPLIED
https://immigratetobrazil.com/pt-br/insights/updates/,pages/1298-pt-br--insights--updates.md,DRAFT — editorial review required,OPTIMIZE,P2,metadata/1298-pt-br--insights--updates.html,schema/1298-pt-br--insights--updates.json,CHECK EXISTING CLAIMS,NOT APPLIED
https://immigratetobrazil.com/pt-br/insights/updates/2026-03-09-as-of-the-end-of-july-2024-the-ministry-of-justice-and-public-security/,pages/1299-pt-br--insights--updates--2026-03-09-as-of-the-end-of-july-2024-the-ministry-of-justice-and-public-security.md,SOURCE REVIEW REQUIRED — no publication-ready rewrite,INVESTIGATE FURTHER,P2,metadata/1299-pt-br--insights--updates--2026-03-09-as-of-the-end-of-july-2024-the-ministry-of-justice-and-public-security.html,schema/1299-pt-br--insights--updates--2026-03-09-as-of-the-end-of-july-2024-the-ministry-of-justice-and-public-security.json,REQUIRED,NOT APPLIED
https://immigratetobrazil.com/pt-br/insights/updates/2026-03-09-at-the-beginning-of-the-week-fake-prints-of-a-conversation-between-jes/,pages/1300-pt-br--insights--updates--2026-03-09-at-the-beginning-of-the-week-fake-prints-of-a-conversation-between-jes.md,SOURCE REVIEW REQUIRED — no publication-ready rewrite,INVESTIGATE FURTHER,P2,metadata/1300-pt-br--insights--updates--2026-03-09-at-the-beginning-of-the-week-fake-prints-of-a-conversation-between-jes.html,schema/1300-pt-br--insights--updates--2026-03-09-at-the-beginning-of-the-week-fake-prints-of-a-conversation-between-jes.json,REQUIRED,NOT APPLIED
https://immigratetobrazil.com/pt-br/insights/updates/2026-03-09-autism-awareness-month-5-rights-of-autistic-people-people-with-autism/,pages/1301-pt-br--insights--updates--2026-03-09-autism-awareness-month-5-rights-of-autistic-people-people-with-autism.md,SOURCE REVIEW REQUIRED — no publication-ready rewrite,INVESTIGATE FURTHER,P2,metadata/1301-pt-br--insights--updates--2026-03-09-autism-awareness-month-5-rights-of-autistic-people-people-with-autism.html,schema/1301-pt-br--insights--updates--2026-03-09-autism-awareness-month-5-rights-of-autistic-people-people-with-autism.json,REQUIRED,NOT APPLIED
https://immigratetobrazil.com/pt-br/insights/updates/2026-03-09-brazil-is-adjusting-its-rules-for-the-entry-of-transit-passengers-with/,pages/1302-pt-br--insights--updates--2026-03-09-brazil-is-adjusting-its-rules-for-the-entry-of-transit-passengers-with.md,SOURCE REVIEW REQUIRED — no publication-ready rewrite,INVESTIGATE FURTHER,P2,metadata/1302-pt-br--insights--updates--2026-03-09-brazil-is-adjusting-its-rules-for-the-entry-of-transit-passengers-with.html,schema/1302-pt-br--insights--updates--2026-03-09-brazil-is-adjusting-its-rules-for-the-entry-of-transit-passengers-with.json,REQUIRED,NOT APPLIED
https://immigratetobrazil.com/pt-br/insights/updates/2026-03-09-brazilian-legislation-regarding-the-air-transport-of-animals-is-still/,pages/1303-pt-br--insights--updates--2026-03-09-brazilian-legislation-regarding-the-air-transport-of-animals-is-still.md,SOURCE REVIEW REQUIRED — no publication-ready rewrite,INVESTIGATE FURTHER,P2,metadata/1303-pt-br--insights--updates--2026-03-09-brazilian-legislation-regarding-the-air-transport-of-animals-is-still.html,schema/1303-pt-br--insights--updates--2026-03-09-brazilian-legislation-regarding-the-air-transport-of-animals-is-still.json,REQUIRED,NOT APPLIED
https://immigratetobrazil.com/pt-br/insights/updates/2026-03-09-changes-to-latam-and-gol-baggage-rules-have-a-direct-impact-on-the-way/,pages/1304-pt-br--insights--updates--2026-03-09-changes-to-latam-and-gol-baggage-rules-have-a-direct-impact-on-the-way.md,SOURCE REVIEW REQUIRED — no publication-ready rewrite,INVESTIGATE FURTHER,P2,metadata/1304-pt-br--insights--updates--2026-03-09-changes-to-latam-and-gol-baggage-rules-have-a-direct-impact-on-the-way.html,schema/1304-pt-br--insights--updates--2026-03-09-changes-to-latam-and-gol-baggage-rules-have-a-direct-impact-on-the-way.json,REQUIRED,NOT APPLIED
https://immigratetobrazil.com/pt-br/insights/updates/2026-03-09-china-announced-the-launch-of-the-k-visa-aimed-especially-at-young-pro/,pages/1305-pt-br--insights--updates--2026-03-09-china-announced-the-launch-of-the-k-visa-aimed-especially-at-young-pro.md,SOURCE REVIEW REQUIRED — no publication-ready rewrite,INVESTIGATE FURTHER,P2,metadata/1305-pt-br--insights--updates--2026-03-09-china-announced-the-launch-of-the-k-visa-aimed-especially-at-young-pro.html,schema/1305-pt-br--insights--updates--2026-03-09-china-announced-the-launch-of-the-k-visa-aimed-especially-at-young-pro.json,REQUIRED,NOT APPLIED
https://immigratetobrazil.com/pt-br/insights/updates/2026-03-09-during-the-naturalization-process-the-applicant-will-be-called-for-a-p/,pages/1306-pt-br--insights--updates--2026-03-09-during-the-naturalization-process-the-applicant-will-be-called-for-a-p.md,SOURCE REVIEW REQUIRED — no publication-ready rewrite,INVESTIGATE FURTHER,P2,metadata/1306-pt-br--insights--updates--2026-03-09-during-the-naturalization-process-the-applicant-will-be-called-for-a-p.html,schema/1306-pt-br--insights--updates--2026-03-09-during-the-naturalization-process-the-applicant-will-be-called-for-a-p.json,REQUIRED,NOT APPLIED
https://immigratetobrazil.com/pt-br/insights/updates/2026-03-09-end-of-the-stamp-in-the-passport-when-traveling-to-europe-from-october/,pages/1307-pt-br--insights--updates--2026-03-09-end-of-the-stamp-in-the-passport-when-traveling-to-europe-from-october.md,SOURCE REVIEW REQUIRED — no publication-ready rewrite,INVESTIGATE FURTHER,P2,metadata/1307-pt-br--insights--updates--2026-03-09-end-of-the-stamp-in-the-passport-when-traveling-to-europe-from-october.html,schema/1307-pt-br--insights--updates--2026-03-09-end-of-the-stamp-in-the-passport-when-traveling-to-europe-from-october.json,REQUIRED,NOT APPLIED
https://immigratetobrazil.com/pt-br/insights/updates/2026-03-09-etias-an-electronic-authorization-similar-to-a-visa-will-be-required-f/,pages/1308-pt-br--insights--updates--2026-03-09-etias-an-electronic-authorization-similar-to-a-visa-will-be-required-f.md,SOURCE REVIEW REQUIRED — no publication-ready rewrite,INVESTIGATE FURTHER,P2,metadata/1308-pt-br--insights--updates--2026-03-09-etias-an-electronic-authorization-similar-to-a-visa-will-be-required-f.html,schema/1308-pt-br--insights--updates--2026-03-09-etias-an-electronic-authorization-similar-to-a-visa-will-be-required-f.json,REQUIRED,NOT APPLIED
https://immigratetobrazil.com/pt-br/insights/updates/2026-03-09-foreigners-may-apply-for-a-brazilian-passport-under-specific-circumsta/,pages/1309-pt-br--insights--updates--2026-03-09-foreigners-may-apply-for-a-brazilian-passport-under-specific-circumsta.md,SOURCE REVIEW REQUIRED — no publication-ready rewrite,INVESTIGATE FURTHER,P2,metadata/1309-pt-br--insights--updates--2026-03-09-foreigners-may-apply-for-a-brazilian-passport-under-specific-circumsta.html,schema/1309-pt-br--insights--updates--2026-03-09-foreigners-may-apply-for-a-brazilian-passport-under-specific-circumsta.json,REQUIRED,NOT APPLIED
https://immigratetobrazil.com/pt-br/insights/updates/2026-03-09-from-june-1-2025-brazilian-citizens-will-be-able-to-enter-china-withou/,pages/1310-pt-br--insights--updates--2026-03-09-from-june-1-2025-brazilian-citizens-will-be-able-to-enter-china-withou.md,SOURCE REVIEW REQUIRED — no publication-ready rewrite,INVESTIGATE FURTHER,P2,metadata/1310-pt-br--insights--updates--2026-03-09-from-june-1-2025-brazilian-citizens-will-be-able-to-enter-china-withou.html,schema/1310-pt-br--insights--updates--2026-03-09-from-june-1-2025-brazilian-citizens-will-be-able-to-enter-china-withou.json,REQUIRED,NOT APPLIED
https://immigratetobrazil.com/pt-br/insights/updates/2026-03-09-if-a-brazilian-citizen-dies-abroad-the-brazilian-government-does-not-c/,pages/1311-pt-br--insights--updates--2026-03-09-if-a-brazilian-citizen-dies-abroad-the-brazilian-government-does-not-c.md,SOURCE REVIEW REQUIRED — no publication-ready rewrite,INVESTIGATE FURTHER,P2,metadata/1311-pt-br--insights--updates--2026-03-09-if-a-brazilian-citizen-dies-abroad-the-brazilian-government-does-not-c.html,schema/1311-pt-br--insights--updates--2026-03-09-if-a-brazilian-citizen-dies-abroad-the-brazilian-government-does-not-c.json,REQUIRED,NOT APPLIED
https://immigratetobrazil.com/pt-br/insights/updates/2026-03-09-immigrants-when-attended-in-brazilian-public-services-should-be-treate/,pages/1312-pt-br--insights--updates--2026-03-09-immigrants-when-attended-in-brazilian-public-services-should-be-treate.md,SOURCE REVIEW REQUIRED — no publication-ready rewrite,INVESTIGATE FURTHER,P2,metadata/1312-pt-br--insights--updates--2026-03-09-immigrants-when-attended-in-brazilian-public-services-should-be-treate.html,schema/1312-pt-br--insights--updates--2026-03-09-immigrants-when-attended-in-brazilian-public-services-should-be-treate.json,REQUIRED,NOT APPLIED
https://immigratetobrazil.com/pt-br/insights/updates/2026-03-09-immigrants-when-receiving-care-in-brazilian-public-services-must-be-tr/,pages/1313-pt-br--insights--updates--2026-03-09-immigrants-when-receiving-care-in-brazilian-public-services-must-be-tr.md,SOURCE REVIEW REQUIRED — no publication-ready rewrite,INVESTIGATE FURTHER,P2,metadata/1313-pt-br--insights--updates--2026-03-09-immigrants-when-receiving-care-in-brazilian-public-services-must-be-tr.html,schema/1313-pt-br--insights--updates--2026-03-09-immigrants-when-receiving-care-in-brazilian-public-services-must-be-tr.json,REQUIRED,NOT APPLIED
https://immigratetobrazil.com/pt-br/insights/updates/2026-03-09-in-2011-the-date-was-officially-established-through-law-no-12-519-with/,pages/1314-pt-br--insights--updates--2026-03-09-in-2011-the-date-was-officially-established-through-law-no-12-519-with.md,SOURCE REVIEW REQUIRED — no publication-ready rewrite,INVESTIGATE FURTHER,P2,metadata/1314-pt-br--insights--updates--2026-03-09-in-2011-the-date-was-officially-established-through-law-no-12-519-with.html,schema/1314-pt-br--insights--updates--2026-03-09-in-2011-the-date-was-officially-established-through-law-no-12-519-with.json,REQUIRED,NOT APPLIED
https://immigratetobrazil.com/pt-br/insights/updates/2026-03-09-mexico-confirms-resumption-of-the-electronic-visa-for-brazilians-from/,pages/1315-pt-br--insights--updates--2026-03-09-mexico-confirms-resumption-of-the-electronic-visa-for-brazilians-from.md,SOURCE REVIEW REQUIRED — no publication-ready rewrite,INVESTIGATE FURTHER,P2,metadata/1315-pt-br--insights--updates--2026-03-09-mexico-confirms-resumption-of-the-electronic-visa-for-brazilians-from.html,schema/1315-pt-br--insights--updates--2026-03-09-mexico-confirms-resumption-of-the-electronic-visa-for-brazilians-from.json,REQUIRED,NOT APPLIED
https://immigratetobrazil.com/pt-br/insights/updates/2026-03-09-since-october-22-2023-due-to-changes-in-mexican-migration-regulations/,pages/1316-pt-br--insights--updates--2026-03-09-since-october-22-2023-due-to-changes-in-mexican-migration-regulations.md,SOURCE REVIEW REQUIRED — no publication-ready rewrite,INVESTIGATE FURTHER,P2,metadata/1316-pt-br--insights--updates--2026-03-09-since-october-22-2023-due-to-changes-in-mexican-migration-regulations.html,schema/1316-pt-br--insights--updates--2026-03-09-since-october-22-2023-due-to-changes-in-mexican-migration-regulations.json,REQUIRED,NOT APPLIED
https://immigratetobrazil.com/pt-br/insights/updates/2026-03-09-starting-august-20-2025-the-united-states-will-begin-a-12-month-pilot/,pages/1317-pt-br--insights--updates--2026-03-09-starting-august-20-2025-the-united-states-will-begin-a-12-month-pilot.md,SOURCE REVIEW REQUIRED — no publication-ready rewrite,INVESTIGATE FURTHER,P2,metadata/1317-pt-br--insights--updates--2026-03-09-starting-august-20-2025-the-united-states-will-begin-a-12-month-pilot.html,schema/1317-pt-br--insights--updates--2026-03-09-starting-august-20-2025-the-united-states-will-begin-a-12-month-pilot.json,REQUIRED,NOT APPLIED
https://immigratetobrazil.com/pt-br/insights/updates/2026-03-09-the-brazilian-government-presented-new-guidelines-for-the-transport-of/,pages/1318-pt-br--insights--updates--2026-03-09-the-brazilian-government-presented-new-guidelines-for-the-transport-of.md,SOURCE REVIEW REQUIRED — no publication-ready rewrite,INVESTIGATE FURTHER,P2,metadata/1318-pt-br--insights--updates--2026-03-09-the-brazilian-government-presented-new-guidelines-for-the-transport-of.html,schema/1318-pt-br--insights--updates--2026-03-09-the-brazilian-government-presented-new-guidelines-for-the-transport-of.json,REQUIRED,NOT APPLIED
https://immigratetobrazil.com/pt-br/insights/updates/2026-03-09-the-british-government-has-announced-a-significant-change-to-visa-rule/,pages/1319-pt-br--insights--updates--2026-03-09-the-british-government-has-announced-a-significant-change-to-visa-rule.md,SOURCE REVIEW REQUIRED — no publication-ready rewrite,INVESTIGATE FURTHER,P2,metadata/1319-pt-br--insights--updates--2026-03-09-the-british-government-has-announced-a-significant-change-to-visa-rule.html,schema/1319-pt-br--insights--updates--2026-03-09-the-british-government-has-announced-a-significant-change-to-visa-rule.json,REQUIRED,NOT APPLIED
https://immigratetobrazil.com/pt-br/insights/updates/2026-03-09-the-discussion-about-greater-rigidity-in-import-rules-began-during-the/,pages/1320-pt-br--insights--updates--2026-03-09-the-discussion-about-greater-rigidity-in-import-rules-began-during-the.md,SOURCE REVIEW REQUIRED — no publication-ready rewrite,INVESTIGATE FURTHER,P2,metadata/1320-pt-br--insights--updates--2026-03-09-the-discussion-about-greater-rigidity-in-import-rules-began-during-the.html,schema/1320-pt-br--insights--updates--2026-03-09-the-discussion-about-greater-rigidity-in-import-rules-began-during-the.json,REQUIRED,NOT APPLIED
https://immigratetobrazil.com/pt-br/insights/updates/2026-03-09-the-federal-police-once-again-warned-of-a-serious-budgetary-risk-accor/,pages/1321-pt-br--insights--updates--2026-03-09-the-federal-police-once-again-warned-of-a-serious-budgetary-risk-accor.md,SOURCE REVIEW REQUIRED — no publication-ready rewrite,INVESTIGATE FURTHER,P2,metadata/1321-pt-br--insights--updates--2026-03-09-the-federal-police-once-again-warned-of-a-serious-budgetary-risk-accor.html,schema/1321-pt-br--insights--updates--2026-03-09-the-federal-police-once-again-warned-of-a-serious-budgetary-risk-accor.json,REQUIRED,NOT APPLIED
https://immigratetobrazil.com/pt-br/insights/updates/2026-03-09-the-president-of-the-republic-signed-a-new-decree-that-amends-article/,pages/1322-pt-br--insights--updates--2026-03-09-the-president-of-the-republic-signed-a-new-decree-that-amends-article.md,SOURCE REVIEW REQUIRED — no publication-ready rewrite,INVESTIGATE FURTHER,P2,metadata/1322-pt-br--insights--updates--2026-03-09-the-president-of-the-republic-signed-a-new-decree-that-amends-article.html,schema/1322-pt-br--insights--updates--2026-03-09-the-president-of-the-republic-signed-a-new-decree-that-amends-article.json,REQUIRED,NOT APPLIED
https://immigratetobrazil.com/pt-br/insights/updates/2026-03-09-the-united-kingdom-has-begun-implementing-a-new-deportation-program-fo/,pages/1323-pt-br--insights--updates--2026-03-09-the-united-kingdom-has-begun-implementing-a-new-deportation-program-fo.md,SOURCE REVIEW REQUIRED — no publication-ready rewrite,INVESTIGATE FURTHER,P2,metadata/1323-pt-br--insights--updates--2026-03-09-the-united-kingdom-has-begun-implementing-a-new-deportation-program-fo.html,schema/1323-pt-br--insights--updates--2026-03-09-the-united-kingdom-has-begun-implementing-a-new-deportation-program-fo.json,REQUIRED,NOT APPLIED
https://immigratetobrazil.com/pt-br/insights/updates/2026-03-09-the-united-states-government-announced-a-new-guideline-from-the-citize/,pages/1324-pt-br--insights--updates--2026-03-09-the-united-states-government-announced-a-new-guideline-from-the-citize.md,SOURCE REVIEW REQUIRED — no publication-ready rewrite,INVESTIGATE FURTHER,P2,metadata/1324-pt-br--insights--updates--2026-03-09-the-united-states-government-announced-a-new-guideline-from-the-citize.html,schema/1324-pt-br--insights--updates--2026-03-09-the-united-states-government-announced-a-new-guideline-from-the-citize.json,REQUIRED,NOT APPLIED
https://immigratetobrazil.com/pt-br/insights/updates/2026-03-09-the-united-states-government-announced-on-june-18-2025-that-it-will-re/,pages/1325-pt-br--insights--updates--2026-03-09-the-united-states-government-announced-on-june-18-2025-that-it-will-re.md,SOURCE REVIEW REQUIRED — no publication-ready rewrite,INVESTIGATE FURTHER,P2,metadata/1325-pt-br--insights--updates--2026-03-09-the-united-states-government-announced-on-june-18-2025-that-it-will-re.html,schema/1325-pt-br--insights--updates--2026-03-09-the-united-states-government-announced-on-june-18-2025-that-it-will-re.json,REQUIRED,NOT APPLIED
https://immigratetobrazil.com/pt-br/insights/updates/2026-03-09-the-united-states-government-has-implemented-a-new-fee-of-us-250-calle/,pages/1326-pt-br--insights--updates--2026-03-09-the-united-states-government-has-implemented-a-new-fee-of-us-250-calle.md,SOURCE REVIEW REQUIRED — no publication-ready rewrite,INVESTIGATE FURTHER,P2,metadata/1326-pt-br--insights--updates--2026-03-09-the-united-states-government-has-implemented-a-new-fee-of-us-250-calle.html,schema/1326-pt-br--insights--updates--2026-03-09-the-united-states-government-has-implemented-a-new-fee-of-us-250-calle.json,REQUIRED,NOT APPLIED
https://immigratetobrazil.com/pt-br/insights/updates/2026-03-09-there-will-no-longer-be-any-import-tax-charged-on-online-purchases-of/,pages/1327-pt-br--insights--updates--2026-03-09-there-will-no-longer-be-any-import-tax-charged-on-online-purchases-of.md,SOURCE REVIEW REQUIRED — no publication-ready rewrite,INVESTIGATE FURTHER,P2,metadata/1327-pt-br--insights--updates--2026-03-09-there-will-no-longer-be-any-import-tax-charged-on-online-purchases-of.html,schema/1327-pt-br--insights--updates--2026-03-09-there-will-no-longer-be-any-import-tax-charged-on-online-purchases-of.json,REQUIRED,NOT APPLIED
https://immigratetobrazil.com/pt-br/insights/updates/2026-03-09-thus-the-company-stops-making-some-mandatory-payments-and-the-worker-l/,pages/1328-pt-br--insights--updates--2026-03-09-thus-the-company-stops-making-some-mandatory-payments-and-the-worker-l.md,SOURCE REVIEW REQUIRED — no publication-ready rewrite,INVESTIGATE FURTHER,P2,metadata/1328-pt-br--insights--updates--2026-03-09-thus-the-company-stops-making-some-mandatory-payments-and-the-worker-l.html,schema/1328-pt-br--insights--updates--2026-03-09-thus-the-company-stops-making-some-mandatory-payments-and-the-worker-l.json,REQUIRED,NOT APPLIED
https://immigratetobrazil.com/pt-br/insights/updates/2026-03-09-with-an-aging-population-and-growing-dependence-on-immigrants-to-meet/,pages/1329-pt-br--insights--updates--2026-03-09-with-an-aging-population-and-growing-dependence-on-immigrants-to-meet.md,SOURCE REVIEW REQUIRED — no publication-ready rewrite,INVESTIGATE FURTHER,P2,metadata/1329-pt-br--insights--updates--2026-03-09-with-an-aging-population-and-growing-dependence-on-immigrants-to-meet.html,schema/1329-pt-br--insights--updates--2026-03-09-with-an-aging-population-and-growing-dependence-on-immigrants-to-meet.json,REQUIRED,NOT APPLIED
https://immigratetobrazil.com/pt-br/insights/updates/2026-03-09-world-refugee-day-celebrated-on-june-20-is-a-date-established-by-the-u/,pages/1330-pt-br--insights--updates--2026-03-09-world-refugee-day-celebrated-on-june-20-is-a-date-established-by-the-u.md,SOURCE REVIEW REQUIRED — no publication-ready rewrite,INVESTIGATE FURTHER,P2,metadata/1330-pt-br--insights--updates--2026-03-09-world-refugee-day-celebrated-on-june-20-is-a-date-established-by-the-u.html,schema/1330-pt-br--insights--updates--2026-03-09-world-refugee-day-celebrated-on-june-20-is-a-date-established-by-the-u.json,REQUIRED,NOT APPLIED
https://immigratetobrazil.com/pt-br/insights/updates/2026-03-10-as-of-the-end-of-july-2024-the-ministry-of-justice-and-public-security/,pages/1331-pt-br--insights--updates--2026-03-10-as-of-the-end-of-july-2024-the-ministry-of-justice-and-public-security.md,SOURCE REVIEW REQUIRED — no publication-ready rewrite,INVESTIGATE FURTHER,P2,metadata/1331-pt-br--insights--updates--2026-03-10-as-of-the-end-of-july-2024-the-ministry-of-justice-and-public-security.html,schema/1331-pt-br--insights--updates--2026-03-10-as-of-the-end-of-july-2024-the-ministry-of-justice-and-public-security.json,REQUIRED,NOT APPLIED
https://immigratetobrazil.com/pt-br/insights/updates/2026-03-10-at-the-beginning-of-the-week-fake-prints-of-a-conversation-between-jes/,pages/1332-pt-br--insights--updates--2026-03-10-at-the-beginning-of-the-week-fake-prints-of-a-conversation-between-jes.md,SOURCE REVIEW REQUIRED — no publication-ready rewrite,INVESTIGATE FURTHER,P2,metadata/1332-pt-br--insights--updates--2026-03-10-at-the-beginning-of-the-week-fake-prints-of-a-conversation-between-jes.html,schema/1332-pt-br--insights--updates--2026-03-10-at-the-beginning-of-the-week-fake-prints-of-a-conversation-between-jes.json,REQUIRED,NOT APPLIED
https://immigratetobrazil.com/pt-br/insights/updates/2026-03-10-autism-awareness-month-5-rights-of-autistic-people-people-with-autism/,pages/1333-pt-br--insights--updates--2026-03-10-autism-awareness-month-5-rights-of-autistic-people-people-with-autism.md,SOURCE REVIEW REQUIRED — no publication-ready rewrite,INVESTIGATE FURTHER,P2,metadata/1333-pt-br--insights--updates--2026-03-10-autism-awareness-month-5-rights-of-autistic-people-people-with-autism.html,schema/1333-pt-br--insights--updates--2026-03-10-autism-awareness-month-5-rights-of-autistic-people-people-with-autism.json,REQUIRED,NOT APPLIED
https://immigratetobrazil.com/pt-br/insights/updates/2026-03-10-brazil-is-adjusting-its-rules-for-the-entry-of-transit-passengers-with/,pages/1334-pt-br--insights--updates--2026-03-10-brazil-is-adjusting-its-rules-for-the-entry-of-transit-passengers-with.md,SOURCE REVIEW REQUIRED — no publication-ready rewrite,INVESTIGATE FURTHER,P2,metadata/1334-pt-br--insights--updates--2026-03-10-brazil-is-adjusting-its-rules-for-the-entry-of-transit-passengers-with.html,schema/1334-pt-br--insights--updates--2026-03-10-brazil-is-adjusting-its-rules-for-the-entry-of-transit-passengers-with.json,REQUIRED,NOT APPLIED
https://immigratetobrazil.com/pt-br/insights/updates/2026-03-10-brazilian-legislation-regarding-the-air-transport-of-animals-is-still/,pages/1335-pt-br--insights--updates--2026-03-10-brazilian-legislation-regarding-the-air-transport-of-animals-is-still.md,SOURCE REVIEW REQUIRED — no publication-ready rewrite,INVESTIGATE FURTHER,P2,metadata/1335-pt-br--insights--updates--2026-03-10-brazilian-legislation-regarding-the-air-transport-of-animals-is-still.html,schema/1335-pt-br--insights--updates--2026-03-10-brazilian-legislation-regarding-the-air-transport-of-animals-is-still.json,REQUIRED,NOT APPLIED
https://immigratetobrazil.com/pt-br/insights/updates/2026-03-10-changes-to-latam-and-gol-baggage-rules-have-a-direct-impact-on-the-way/,pages/1336-pt-br--insights--updates--2026-03-10-changes-to-latam-and-gol-baggage-rules-have-a-direct-impact-on-the-way.md,SOURCE REVIEW REQUIRED — no publication-ready rewrite,INVESTIGATE FURTHER,P2,metadata/1336-pt-br--insights--updates--2026-03-10-changes-to-latam-and-gol-baggage-rules-have-a-direct-impact-on-the-way.html,schema/1336-pt-br--insights--updates--2026-03-10-changes-to-latam-and-gol-baggage-rules-have-a-direct-impact-on-the-way.json,REQUIRED,NOT APPLIED
https://immigratetobrazil.com/pt-br/insights/updates/2026-03-10-china-announced-the-launch-of-the-k-visa-aimed-especially-at-young-pro/,pages/1337-pt-br--insights--updates--2026-03-10-china-announced-the-launch-of-the-k-visa-aimed-especially-at-young-pro.md,SOURCE REVIEW REQUIRED — no publication-ready rewrite,INVESTIGATE FURTHER,P2,metadata/1337-pt-br--insights--updates--2026-03-10-china-announced-the-launch-of-the-k-visa-aimed-especially-at-young-pro.html,schema/1337-pt-br--insights--updates--2026-03-10-china-announced-the-launch-of-the-k-visa-aimed-especially-at-young-pro.json,REQUIRED,NOT APPLIED
https://immigratetobrazil.com/pt-br/insights/updates/2026-03-10-during-the-naturalization-process-the-applicant-will-be-called-for-a-p/,pages/1338-pt-br--insights--updates--2026-03-10-during-the-naturalization-process-the-applicant-will-be-called-for-a-p.md,SOURCE REVIEW REQUIRED — no publication-ready rewrite,INVESTIGATE FURTHER,P2,metadata/1338-pt-br--insights--updates--2026-03-10-during-the-naturalization-process-the-applicant-will-be-called-for-a-p.html,schema/1338-pt-br--insights--updates--2026-03-10-during-the-naturalization-process-the-applicant-will-be-called-for-a-p.json,REQUIRED,NOT APPLIED
https://immigratetobrazil.com/pt-br/insights/updates/2026-03-10-end-of-the-stamp-in-the-passport-when-traveling-to-europe-from-october/,pages/1339-pt-br--insights--updates--2026-03-10-end-of-the-stamp-in-the-passport-when-traveling-to-europe-from-october.md,SOURCE REVIEW REQUIRED — no publication-ready rewrite,INVESTIGATE FURTHER,P2,metadata/1339-pt-br--insights--updates--2026-03-10-end-of-the-stamp-in-the-passport-when-traveling-to-europe-from-october.html,schema/1339-pt-br--insights--updates--2026-03-10-end-of-the-stamp-in-the-passport-when-traveling-to-europe-from-october.json,REQUIRED,NOT APPLIED
https://immigratetobrazil.com/pt-br/insights/updates/2026-03-10-etias-an-electronic-authorization-similar-to-a-visa-will-be-required-f/,pages/1340-pt-br--insights--updates--2026-03-10-etias-an-electronic-authorization-similar-to-a-visa-will-be-required-f.md,SOURCE REVIEW REQUIRED — no publication-ready rewrite,INVESTIGATE FURTHER,P2,metadata/1340-pt-br--insights--updates--2026-03-10-etias-an-electronic-authorization-similar-to-a-visa-will-be-required-f.html,schema/1340-pt-br--insights--updates--2026-03-10-etias-an-electronic-authorization-similar-to-a-visa-will-be-required-f.json,REQUIRED,NOT APPLIED
https://immigratetobrazil.com/pt-br/insights/updates/2026-03-10-foreigners-may-apply-for-a-brazilian-passport-under-specific-circumsta/,pages/1341-pt-br--insights--updates--2026-03-10-foreigners-may-apply-for-a-brazilian-passport-under-specific-circumsta.md,SOURCE REVIEW REQUIRED — no publication-ready rewrite,INVESTIGATE FURTHER,P2,metadata/1341-pt-br--insights--updates--2026-03-10-foreigners-may-apply-for-a-brazilian-passport-under-specific-circumsta.html,schema/1341-pt-br--insights--updates--2026-03-10-foreigners-may-apply-for-a-brazilian-passport-under-specific-circumsta.json,REQUIRED,NOT APPLIED
https://immigratetobrazil.com/pt-br/insights/updates/2026-03-10-from-june-1-2025-brazilian-citizens-will-be-able-to-enter-china-withou/,pages/1342-pt-br--insights--updates--2026-03-10-from-june-1-2025-brazilian-citizens-will-be-able-to-enter-china-withou.md,SOURCE REVIEW REQUIRED — no publication-ready rewrite,INVESTIGATE FURTHER,P2,metadata/1342-pt-br--insights--updates--2026-03-10-from-june-1-2025-brazilian-citizens-will-be-able-to-enter-china-withou.html,schema/1342-pt-br--insights--updates--2026-03-10-from-june-1-2025-brazilian-citizens-will-be-able-to-enter-china-withou.json,REQUIRED,NOT APPLIED
https://immigratetobrazil.com/pt-br/insights/updates/2026-03-10-if-a-brazilian-citizen-dies-abroad-the-brazilian-government-does-not-c/,pages/1343-pt-br--insights--updates--2026-03-10-if-a-brazilian-citizen-dies-abroad-the-brazilian-government-does-not-c.md,SOURCE REVIEW REQUIRED — no publication-ready rewrite,INVESTIGATE FURTHER,P2,metadata/1343-pt-br--insights--updates--2026-03-10-if-a-brazilian-citizen-dies-abroad-the-brazilian-government-does-not-c.html,schema/1343-pt-br--insights--updates--2026-03-10-if-a-brazilian-citizen-dies-abroad-the-brazilian-government-does-not-c.json,REQUIRED,NOT APPLIED
https://immigratetobrazil.com/pt-br/insights/updates/2026-03-10-immigrants-when-attended-in-brazilian-public-services-should-be-treate/,pages/1344-pt-br--insights--updates--2026-03-10-immigrants-when-attended-in-brazilian-public-services-should-be-treate.md,SOURCE REVIEW REQUIRED — no publication-ready rewrite,INVESTIGATE FURTHER,P2,metadata/1344-pt-br--insights--updates--2026-03-10-immigrants-when-attended-in-brazilian-public-services-should-be-treate.html,schema/1344-pt-br--insights--updates--2026-03-10-immigrants-when-attended-in-brazilian-public-services-should-be-treate.json,REQUIRED,NOT APPLIED
https://immigratetobrazil.com/pt-br/insights/updates/2026-03-10-immigrants-when-receiving-care-in-brazilian-public-services-must-be-tr/,pages/1345-pt-br--insights--updates--2026-03-10-immigrants-when-receiving-care-in-brazilian-public-services-must-be-tr.md,SOURCE REVIEW REQUIRED — no publication-ready rewrite,INVESTIGATE FURTHER,P2,metadata/1345-pt-br--insights--updates--2026-03-10-immigrants-when-receiving-care-in-brazilian-public-services-must-be-tr.html,schema/1345-pt-br--insights--updates--2026-03-10-immigrants-when-receiving-care-in-brazilian-public-services-must-be-tr.json,REQUIRED,NOT APPLIED
https://immigratetobrazil.com/pt-br/insights/updates/2026-03-10-in-2011-the-date-was-officially-established-through-law-no-12-519-with/,pages/1346-pt-br--insights--updates--2026-03-10-in-2011-the-date-was-officially-established-through-law-no-12-519-with.md,SOURCE REVIEW REQUIRED — no publication-ready rewrite,INVESTIGATE FURTHER,P2,metadata/1346-pt-br--insights--updates--2026-03-10-in-2011-the-date-was-officially-established-through-law-no-12-519-with.html,schema/1346-pt-br--insights--updates--2026-03-10-in-2011-the-date-was-officially-established-through-law-no-12-519-with.json,REQUIRED,NOT APPLIED
https://immigratetobrazil.com/pt-br/insights/updates/2026-03-10-mexico-confirms-resumption-of-the-electronic-visa-for-brazilians-from/,pages/1347-pt-br--insights--updates--2026-03-10-mexico-confirms-resumption-of-the-electronic-visa-for-brazilians-from.md,SOURCE REVIEW REQUIRED — no publication-ready rewrite,INVESTIGATE FURTHER,P2,metadata/1347-pt-br--insights--updates--2026-03-10-mexico-confirms-resumption-of-the-electronic-visa-for-brazilians-from.html,schema/1347-pt-br--insights--updates--2026-03-10-mexico-confirms-resumption-of-the-electronic-visa-for-brazilians-from.json,REQUIRED,NOT APPLIED
https://immigratetobrazil.com/pt-br/insights/updates/2026-03-10-since-october-22-2023-due-to-changes-in-mexican-migration-regulations/,pages/1348-pt-br--insights--updates--2026-03-10-since-october-22-2023-due-to-changes-in-mexican-migration-regulations.md,SOURCE REVIEW REQUIRED — no publication-ready rewrite,INVESTIGATE FURTHER,P2,metadata/1348-pt-br--insights--updates--2026-03-10-since-october-22-2023-due-to-changes-in-mexican-migration-regulations.html,schema/1348-pt-br--insights--updates--2026-03-10-since-october-22-2023-due-to-changes-in-mexican-migration-regulations.json,REQUIRED,NOT APPLIED
https://immigratetobrazil.com/pt-br/insights/updates/2026-03-10-starting-august-20-2025-the-united-states-will-begin-a-12-month-pilot/,pages/1349-pt-br--insights--updates--2026-03-10-starting-august-20-2025-the-united-states-will-begin-a-12-month-pilot.md,SOURCE REVIEW REQUIRED — no publication-ready rewrite,INVESTIGATE FURTHER,P2,metadata/1349-pt-br--insights--updates--2026-03-10-starting-august-20-2025-the-united-states-will-begin-a-12-month-pilot.html,schema/1349-pt-br--insights--updates--2026-03-10-starting-august-20-2025-the-united-states-will-begin-a-12-month-pilot.json,REQUIRED,NOT APPLIED
https://immigratetobrazil.com/pt-br/insights/updates/2026-03-10-the-brazilian-government-presented-new-guidelines-for-the-transport-of/,pages/1350-pt-br--insights--updates--2026-03-10-the-brazilian-government-presented-new-guidelines-for-the-transport-of.md,SOURCE REVIEW REQUIRED — no publication-ready rewrite,INVESTIGATE FURTHER,P2,metadata/1350-pt-br--insights--updates--2026-03-10-the-brazilian-government-presented-new-guidelines-for-the-transport-of.html,schema/1350-pt-br--insights--updates--2026-03-10-the-brazilian-government-presented-new-guidelines-for-the-transport-of.json,REQUIRED,NOT APPLIED
https://immigratetobrazil.com/pt-br/insights/updates/2026-03-10-the-british-government-has-announced-a-significant-change-to-visa-rule/,pages/1351-pt-br--insights--updates--2026-03-10-the-british-government-has-announced-a-significant-change-to-visa-rule.md,SOURCE REVIEW REQUIRED — no publication-ready rewrite,INVESTIGATE FURTHER,P2,metadata/1351-pt-br--insights--updates--2026-03-10-the-british-government-has-announced-a-significant-change-to-visa-rule.html,schema/1351-pt-br--insights--updates--2026-03-10-the-british-government-has-announced-a-significant-change-to-visa-rule.json,REQUIRED,NOT APPLIED
https://immigratetobrazil.com/pt-br/insights/updates/2026-03-10-the-discussion-about-greater-rigidity-in-import-rules-began-during-the/,pages/1352-pt-br--insights--updates--2026-03-10-the-discussion-about-greater-rigidity-in-import-rules-began-during-the.md,SOURCE REVIEW REQUIRED — no publication-ready rewrite,INVESTIGATE FURTHER,P2,metadata/1352-pt-br--insights--updates--2026-03-10-the-discussion-about-greater-rigidity-in-import-rules-began-during-the.html,schema/1352-pt-br--insights--updates--2026-03-10-the-discussion-about-greater-rigidity-in-import-rules-began-during-the.json,REQUIRED,NOT APPLIED
https://immigratetobrazil.com/pt-br/insights/updates/2026-03-10-the-federal-police-once-again-warned-of-a-serious-budgetary-risk-accor/,pages/1353-pt-br--insights--updates--2026-03-10-the-federal-police-once-again-warned-of-a-serious-budgetary-risk-accor.md,SOURCE REVIEW REQUIRED — no publication-ready rewrite,INVESTIGATE FURTHER,P2,metadata/1353-pt-br--insights--updates--2026-03-10-the-federal-police-once-again-warned-of-a-serious-budgetary-risk-accor.html,schema/1353-pt-br--insights--updates--2026-03-10-the-federal-police-once-again-warned-of-a-serious-budgetary-risk-accor.json,REQUIRED,NOT APPLIED
https://immigratetobrazil.com/pt-br/insights/updates/2026-03-10-the-president-of-the-republic-signed-a-new-decree-that-amends-article/,pages/1354-pt-br--insights--updates--2026-03-10-the-president-of-the-republic-signed-a-new-decree-that-amends-article.md,SOURCE REVIEW REQUIRED — no publication-ready rewrite,INVESTIGATE FURTHER,P2,metadata/1354-pt-br--insights--updates--2026-03-10-the-president-of-the-republic-signed-a-new-decree-that-amends-article.html,schema/1354-pt-br--insights--updates--2026-03-10-the-president-of-the-republic-signed-a-new-decree-that-amends-article.json,REQUIRED,NOT APPLIED
https://immigratetobrazil.com/pt-br/insights/updates/2026-03-10-the-united-kingdom-has-begun-implementing-a-new-deportation-program-fo/,pages/1355-pt-br--insights--updates--2026-03-10-the-united-kingdom-has-begun-implementing-a-new-deportation-program-fo.md,SOURCE REVIEW REQUIRED — no publication-ready rewrite,INVESTIGATE FURTHER,P2,metadata/1355-pt-br--insights--updates--2026-03-10-the-united-kingdom-has-begun-implementing-a-new-deportation-program-fo.html,schema/1355-pt-br--insights--updates--2026-03-10-the-united-kingdom-has-begun-implementing-a-new-deportation-program-fo.json,REQUIRED,NOT APPLIED
https://immigratetobrazil.com/pt-br/insights/updates/2026-03-10-the-united-states-government-announced-a-new-guideline-from-the-citize/,pages/1356-pt-br--insights--updates--2026-03-10-the-united-states-government-announced-a-new-guideline-from-the-citize.md,SOURCE REVIEW REQUIRED — no publication-ready rewrite,INVESTIGATE FURTHER,P2,metadata/1356-pt-br--insights--updates--2026-03-10-the-united-states-government-announced-a-new-guideline-from-the-citize.html,schema/1356-pt-br--insights--updates--2026-03-10-the-united-states-government-announced-a-new-guideline-from-the-citize.json,REQUIRED,NOT APPLIED
https://immigratetobrazil.com/pt-br/insights/updates/2026-03-10-the-united-states-government-announced-on-june-18-2025-that-it-will-re/,pages/1357-pt-br--insights--updates--2026-03-10-the-united-states-government-announced-on-june-18-2025-that-it-will-re.md,SOURCE REVIEW REQUIRED — no publication-ready rewrite,INVESTIGATE FURTHER,P2,metadata/1357-pt-br--insights--updates--2026-03-10-the-united-states-government-announced-on-june-18-2025-that-it-will-re.html,schema/1357-pt-br--insights--updates--2026-03-10-the-united-states-government-announced-on-june-18-2025-that-it-will-re.json,REQUIRED,NOT APPLIED
https://immigratetobrazil.com/pt-br/insights/updates/2026-03-10-the-united-states-government-has-implemented-a-new-fee-of-us-250-calle/,pages/1358-pt-br--insights--updates--2026-03-10-the-united-states-government-has-implemented-a-new-fee-of-us-250-calle.md,SOURCE REVIEW REQUIRED — no publication-ready rewrite,INVESTIGATE FURTHER,P2,metadata/1358-pt-br--insights--updates--2026-03-10-the-united-states-government-has-implemented-a-new-fee-of-us-250-calle.html,schema/1358-pt-br--insights--updates--2026-03-10-the-united-states-government-has-implemented-a-new-fee-of-us-250-calle.json,REQUIRED,NOT APPLIED
https://immigratetobrazil.com/pt-br/insights/updates/2026-03-10-there-will-no-longer-be-any-import-tax-charged-on-online-purchases-of/,pages/1359-pt-br--insights--updates--2026-03-10-there-will-no-longer-be-any-import-tax-charged-on-online-purchases-of.md,SOURCE REVIEW REQUIRED — no publication-ready rewrite,INVESTIGATE FURTHER,P2,metadata/1359-pt-br--insights--updates--2026-03-10-there-will-no-longer-be-any-import-tax-charged-on-online-purchases-of.html,schema/1359-pt-br--insights--updates--2026-03-10-there-will-no-longer-be-any-import-tax-charged-on-online-purchases-of.json,REQUIRED,NOT APPLIED
https://immigratetobrazil.com/pt-br/insights/updates/2026-03-10-thus-the-company-stops-making-some-mandatory-payments-and-the-worker-l/,pages/1360-pt-br--insights--updates--2026-03-10-thus-the-company-stops-making-some-mandatory-payments-and-the-worker-l.md,SOURCE REVIEW REQUIRED — no publication-ready rewrite,INVESTIGATE FURTHER,P2,metadata/1360-pt-br--insights--updates--2026-03-10-thus-the-company-stops-making-some-mandatory-payments-and-the-worker-l.html,schema/1360-pt-br--insights--updates--2026-03-10-thus-the-company-stops-making-some-mandatory-payments-and-the-worker-l.json,REQUIRED,NOT APPLIED
https://immigratetobrazil.com/pt-br/insights/updates/2026-03-10-with-an-aging-population-and-growing-dependence-on-immigrants-to-meet/,pages/1361-pt-br--insights--updates--2026-03-10-with-an-aging-population-and-growing-dependence-on-immigrants-to-meet.md,SOURCE REVIEW REQUIRED — no publication-ready rewrite,INVESTIGATE FURTHER,P2,metadata/1361-pt-br--insights--updates--2026-03-10-with-an-aging-population-and-growing-dependence-on-immigrants-to-meet.html,schema/1361-pt-br--insights--updates--2026-03-10-with-an-aging-population-and-growing-dependence-on-immigrants-to-meet.json,REQUIRED,NOT APPLIED
https://immigratetobrazil.com/pt-br/insights/updates/2026-03-10-world-refugee-day-celebrated-on-june-20-is-a-date-established-by-the-u/,pages/1362-pt-br--insights--updates--2026-03-10-world-refugee-day-celebrated-on-june-20-is-a-date-established-by-the-u.md,SOURCE REVIEW REQUIRED — no publication-ready rewrite,INVESTIGATE FURTHER,P2,metadata/1362-pt-br--insights--updates--2026-03-10-world-refugee-day-celebrated-on-june-20-is-a-date-established-by-the-u.html,schema/1362-pt-br--insights--updates--2026-03-10-world-refugee-day-celebrated-on-june-20-is-a-date-established-by-the-u.json,REQUIRED,NOT APPLIED
https://immigratetobrazil.com/pt-br/insights/visa/,pages/1363-pt-br--insights--visa.md,DRAFT — editorial review required,OPTIMIZE,P2,metadata/1363-pt-br--insights--visa.html,schema/1363-pt-br--insights--visa.json,CHECK EXISTING CLAIMS,NOT APPLIED
https://immigratetobrazil.com/pt-br/insights/visa/a-brazilian-visa-is-valid-for-a-set-period-during-which-youre-allowed/,pages/1364-pt-br--insights--visa--a-brazilian-visa-is-valid-for-a-set-period-during-which-youre-allowed.md,SOURCE REVIEW REQUIRED — no publication-ready rewrite,INVESTIGATE FURTHER,P2,metadata/1364-pt-br--insights--visa--a-brazilian-visa-is-valid-for-a-set-period-during-which-youre-allowed.html,schema/1364-pt-br--insights--visa--a-brazilian-visa-is-valid-for-a-set-period-during-which-youre-allowed.json,REQUIRED,NOT APPLIED
https://immigratetobrazil.com/pt-br/insights/visa/a-recent-study-conducted-by-embratur-in-partnership-with-visa-and-ipso/,pages/1365-pt-br--insights--visa--a-recent-study-conducted-by-embratur-in-partnership-with-visa-and-ipso.md,SOURCE REVIEW REQUIRED — no publication-ready rewrite,INVESTIGATE FURTHER,P2,metadata/1365-pt-br--insights--visa--a-recent-study-conducted-by-embratur-in-partnership-with-visa-and-ipso.html,schema/1365-pt-br--insights--visa--a-recent-study-conducted-by-embratur-in-partnership-with-visa-and-ipso.json,REQUIRED,NOT APPLIED
https://immigratetobrazil.com/pt-br/insights/visa/according-to-brazilian-regulations-all-visa-applications-for-minors-mu/,pages/1366-pt-br--insights--visa--according-to-brazilian-regulations-all-visa-applications-for-minors-mu.md,SOURCE REVIEW REQUIRED — no publication-ready rewrite,INVESTIGATE FURTHER,P2,metadata/1366-pt-br--insights--visa--according-to-brazilian-regulations-all-visa-applications-for-minors-mu.html,schema/1366-pt-br--insights--visa--according-to-brazilian-regulations-all-visa-applications-for-minors-mu.json,REQUIRED,NOT APPLIED
https://immigratetobrazil.com/pt-br/insights/visa/according-to-recent-news-as-an-indigenous-immigrant-in-the-united-stat/,pages/1367-pt-br--insights--visa--according-to-recent-news-as-an-indigenous-immigrant-in-the-united-stat.md,SOURCE REVIEW REQUIRED — no publication-ready rewrite,INVESTIGATE FURTHER,P2,metadata/1367-pt-br--insights--visa--according-to-recent-news-as-an-indigenous-immigrant-in-the-united-stat.html,schema/1367-pt-br--insights--visa--according-to-recent-news-as-an-indigenous-immigrant-in-the-united-stat.json,REQUIRED,NOT APPLIED
https://immigratetobrazil.com/pt-br/insights/visa/according-to-this-news-as-an-indigenous-immigrant-in-the-united-states/,pages/1368-pt-br--insights--visa--according-to-this-news-as-an-indigenous-immigrant-in-the-united-states.md,SOURCE REVIEW REQUIRED — no publication-ready rewrite,INVESTIGATE FURTHER,P2,metadata/1368-pt-br--insights--visa--according-to-this-news-as-an-indigenous-immigrant-in-the-united-states.html,schema/1368-pt-br--insights--visa--according-to-this-news-as-an-indigenous-immigrant-in-the-united-states.json,REQUIRED,NOT APPLIED
https://immigratetobrazil.com/pt-br/insights/visa/acquiring-a-student-visa-to-become-an-exchange-student-in-brazil-prese/,pages/1369-pt-br--insights--visa--acquiring-a-student-visa-to-become-an-exchange-student-in-brazil-prese.md,SOURCE REVIEW REQUIRED — no publication-ready rewrite,INVESTIGATE FURTHER,P2,metadata/1369-pt-br--insights--visa--acquiring-a-student-visa-to-become-an-exchange-student-in-brazil-prese.html,schema/1369-pt-br--insights--visa--acquiring-a-student-visa-to-become-an-exchange-student-in-brazil-prese.json,REQUIRED,NOT APPLIED
https://immigratetobrazil.com/pt-br/insights/visa/although-brazilian-migration-legislation-does-not-mention-the-right-to/,pages/1370-pt-br--insights--visa--although-brazilian-migration-legislation-does-not-mention-the-right-to.md,SOURCE REVIEW REQUIRED — no publication-ready rewrite,INVESTIGATE FURTHER,P2,metadata/1370-pt-br--insights--visa--although-brazilian-migration-legislation-does-not-mention-the-right-to.html,schema/1370-pt-br--insights--visa--although-brazilian-migration-legislation-does-not-mention-the-right-to.json,REQUIRED,NOT APPLIED
https://immigratetobrazil.com/pt-br/insights/visa/always-consult-an-immigration-lawyer-for-instructions-based-on-your-ca/,pages/1371-pt-br--insights--visa--always-consult-an-immigration-lawyer-for-instructions-based-on-your-ca.md,SOURCE REVIEW REQUIRED — no publication-ready rewrite,INVESTIGATE FURTHER,P2,metadata/1371-pt-br--insights--visa--always-consult-an-immigration-lawyer-for-instructions-based-on-your-ca.html,schema/1371-pt-br--insights--visa--always-consult-an-immigration-lawyer-for-instructions-based-on-your-ca.json,REQUIRED,NOT APPLIED
https://immigratetobrazil.com/pt-br/insights/visa/anyone-purchasing-their-first-residential-property-through-financing-u/,pages/1372-pt-br--insights--visa--anyone-purchasing-their-first-residential-property-through-financing-u.md,SOURCE REVIEW REQUIRED — no publication-ready rewrite,INVESTIGATE FURTHER,P2,metadata/1372-pt-br--insights--visa--anyone-purchasing-their-first-residential-property-through-financing-u.html,schema/1372-pt-br--insights--visa--anyone-purchasing-their-first-residential-property-through-financing-u.json,REQUIRED,NOT APPLIED
https://immigratetobrazil.com/pt-br/insights/visa/arriving-in-brazil-as-a-tourist-and-subsequently-obtaining-a-residence/,pages/1373-pt-br--insights--visa--arriving-in-brazil-as-a-tourist-and-subsequently-obtaining-a-residence.md,SOURCE REVIEW REQUIRED — no publication-ready rewrite,INVESTIGATE FURTHER,P2,metadata/1373-pt-br--insights--visa--arriving-in-brazil-as-a-tourist-and-subsequently-obtaining-a-residence.html,schema/1373-pt-br--insights--visa--arriving-in-brazil-as-a-tourist-and-subsequently-obtaining-a-residence.json,REQUIRED,NOT APPLIED
https://immigratetobrazil.com/pt-br/insights/visa/arriving-in-brazil-as-a-tourist-and-subsequently-obtaining-a-residency/,pages/1374-pt-br--insights--visa--arriving-in-brazil-as-a-tourist-and-subsequently-obtaining-a-residency.md,SOURCE REVIEW REQUIRED — no publication-ready rewrite,INVESTIGATE FURTHER,P2,metadata/1374-pt-br--insights--visa--arriving-in-brazil-as-a-tourist-and-subsequently-obtaining-a-residency.html,schema/1374-pt-br--insights--visa--arriving-in-brazil-as-a-tourist-and-subsequently-obtaining-a-residency.json,REQUIRED,NOT APPLIED
https://immigratetobrazil.com/pt-br/insights/visa/assai-located-in-the-state-of-parana-brazil-was-established-in-the-ear/,pages/1375-pt-br--insights--visa--assai-located-in-the-state-of-parana-brazil-was-established-in-the-ear.md,SOURCE REVIEW REQUIRED — no publication-ready rewrite,INVESTIGATE FURTHER,P2,metadata/1375-pt-br--insights--visa--assai-located-in-the-state-of-parana-brazil-was-established-in-the-ear.html,schema/1375-pt-br--insights--visa--assai-located-in-the-state-of-parana-brazil-was-established-in-the-ear.json,REQUIRED,NOT APPLIED
https://immigratetobrazil.com/pt-br/insights/visa/before-submitting-your-visa-application-it-is-essential-to-first-prepa/,pages/1376-pt-br--insights--visa--before-submitting-your-visa-application-it-is-essential-to-first-prepa.md,SOURCE REVIEW REQUIRED — no publication-ready rewrite,INVESTIGATE FURTHER,P2,metadata/1376-pt-br--insights--visa--before-submitting-your-visa-application-it-is-essential-to-first-prepa.html,schema/1376-pt-br--insights--visa--before-submitting-your-visa-application-it-is-essential-to-first-prepa.json,REQUIRED,NOT APPLIED
https://immigratetobrazil.com/pt-br/insights/visa/before-submitting-your-visa-application-it-s-essential-to-first-beggin/,pages/1377-pt-br--insights--visa--before-submitting-your-visa-application-it-s-essential-to-first-beggin.md,SOURCE REVIEW REQUIRED — no publication-ready rewrite,INVESTIGATE FURTHER,P2,metadata/1377-pt-br--insights--visa--before-submitting-your-visa-application-it-s-essential-to-first-beggin.html,schema/1377-pt-br--insights--visa--before-submitting-your-visa-application-it-s-essential-to-first-beggin.json,REQUIRED,NOT APPLIED
https://immigratetobrazil.com/pt-br/insights/visa/before-you-travel-or-live-in-another-country-you-need-to-carry-out-leg/,pages/1378-pt-br--insights--visa--before-you-travel-or-live-in-another-country-you-need-to-carry-out-leg.md,SOURCE REVIEW REQUIRED — no publication-ready rewrite,INVESTIGATE FURTHER,P2,metadata/1378-pt-br--insights--visa--before-you-travel-or-live-in-another-country-you-need-to-carry-out-leg.html,schema/1378-pt-br--insights--visa--before-you-travel-or-live-in-another-country-you-need-to-carry-out-leg.json,REQUIRED,NOT APPLIED
https://immigratetobrazil.com/pt-br/insights/visa/behind-each-visa-there-is-a-lifetime-of-expectations-memories-and-drea/,pages/1379-pt-br--insights--visa--behind-each-visa-there-is-a-lifetime-of-expectations-memories-and-drea.md,SOURCE REVIEW REQUIRED — no publication-ready rewrite,INVESTIGATE FURTHER,P2,metadata/1379-pt-br--insights--visa--behind-each-visa-there-is-a-lifetime-of-expectations-memories-and-drea.html,schema/1379-pt-br--insights--visa--behind-each-visa-there-is-a-lifetime-of-expectations-memories-and-drea.json,REQUIRED,NOT APPLIED
https://immigratetobrazil.com/pt-br/insights/visa/brazil-does-not-offer-specific-fiance-or-spouse-visas-but-has-provisio/,pages/1380-pt-br--insights--visa--brazil-does-not-offer-specific-fiance-or-spouse-visas-but-has-provisio.md,SOURCE REVIEW REQUIRED — no publication-ready rewrite,INVESTIGATE FURTHER,P2,metadata/1380-pt-br--insights--visa--brazil-does-not-offer-specific-fiance-or-spouse-visas-but-has-provisio.html,schema/1380-pt-br--insights--visa--brazil-does-not-offer-specific-fiance-or-spouse-visas-but-has-provisio.json,REQUIRED,NOT APPLIED
https://immigratetobrazil.com/pt-br/insights/visa/brazil-doesn-t-offer-specific-fiance-or-spouse-visas-it-does-have-prov/,pages/1381-pt-br--insights--visa--brazil-doesn-t-offer-specific-fiance-or-spouse-visas-it-does-have-prov.md,SOURCE REVIEW REQUIRED — no publication-ready rewrite,INVESTIGATE FURTHER,P2,metadata/1381-pt-br--insights--visa--brazil-doesn-t-offer-specific-fiance-or-spouse-visas-it-does-have-prov.html,schema/1381-pt-br--insights--visa--brazil-doesn-t-offer-specific-fiance-or-spouse-visas-it-does-have-prov.json,REQUIRED,NOT APPLIED
https://immigratetobrazil.com/pt-br/insights/visa/brazil-grants-a-temporary-visa-to-foreigners-who-come-to-the-country-w/,pages/1382-pt-br--insights--visa--brazil-grants-a-temporary-visa-to-foreigners-who-come-to-the-country-w.md,SOURCE REVIEW REQUIRED — no publication-ready rewrite,INVESTIGATE FURTHER,P2,metadata/1382-pt-br--insights--visa--brazil-grants-a-temporary-visa-to-foreigners-who-come-to-the-country-w.html,schema/1382-pt-br--insights--visa--brazil-grants-a-temporary-visa-to-foreigners-who-come-to-the-country-w.json,REQUIRED,NOT APPLIED
https://immigratetobrazil.com/pt-br/insights/visa/brazil-grants-permanent-residency-to-foreign-nationals-through-various/,pages/1383-pt-br--insights--visa--brazil-grants-permanent-residency-to-foreign-nationals-through-various.md,SOURCE REVIEW REQUIRED — no publication-ready rewrite,INVESTIGATE FURTHER,P2,metadata/1383-pt-br--insights--visa--brazil-grants-permanent-residency-to-foreign-nationals-through-various.html,schema/1383-pt-br--insights--visa--brazil-grants-permanent-residency-to-foreign-nationals-through-various.json,REQUIRED,NOT APPLIED
https://immigratetobrazil.com/pt-br/insights/visa/brazil-issues-the-cplp-temporary-visa-only-in-some-specific-cities/,pages/1384-pt-br--insights--visa--brazil-issues-the-cplp-temporary-visa-only-in-some-specific-cities.md,SOURCE REVIEW REQUIRED — no publication-ready rewrite,INVESTIGATE FURTHER,P2,metadata/1384-pt-br--insights--visa--brazil-issues-the-cplp-temporary-visa-only-in-some-specific-cities.html,schema/1384-pt-br--insights--visa--brazil-issues-the-cplp-temporary-visa-only-in-some-specific-cities.json,REQUIRED,NOT APPLIED
https://immigratetobrazil.com/pt-br/insights/visa/brazil-legal-guidance-eligibility-and-process-2/,pages/1385-pt-br--insights--visa--brazil-legal-guidance-eligibility-and-process-2.md,SOURCE REVIEW REQUIRED — no publication-ready rewrite,INVESTIGATE FURTHER,P2,metadata/1385-pt-br--insights--visa--brazil-legal-guidance-eligibility-and-process-2.html,schema/1385-pt-br--insights--visa--brazil-legal-guidance-eligibility-and-process-2.json,REQUIRED,NOT APPLIED
https://immigratetobrazil.com/pt-br/insights/visa/brazil-legal-guidance-eligibility-and-process-3/,pages/1386-pt-br--insights--visa--brazil-legal-guidance-eligibility-and-process-3.md,SOURCE REVIEW REQUIRED — no publication-ready rewrite,INVESTIGATE FURTHER,P2,metadata/1386-pt-br--insights--visa--brazil-legal-guidance-eligibility-and-process-3.html,schema/1386-pt-br--insights--visa--brazil-legal-guidance-eligibility-and-process-3.json,REQUIRED,NOT APPLIED
https://immigratetobrazil.com/pt-br/insights/visa/brazil-legal-guidance-eligibility-and-process/,pages/1387-pt-br--insights--visa--brazil-legal-guidance-eligibility-and-process.md,SOURCE REVIEW REQUIRED — no publication-ready rewrite,INVESTIGATE FURTHER,P2,metadata/1387-pt-br--insights--visa--brazil-legal-guidance-eligibility-and-process.html,schema/1387-pt-br--insights--visa--brazil-legal-guidance-eligibility-and-process.json,REQUIRED,NOT APPLIED
https://immigratetobrazil.com/pt-br/insights/visa/brazil-offers-a-digital-nomad-visa-for-foreign-nationals-who-wish-to-l/,pages/1388-pt-br--insights--visa--brazil-offers-a-digital-nomad-visa-for-foreign-nationals-who-wish-to-l.md,SOURCE REVIEW REQUIRED — no publication-ready rewrite,INVESTIGATE FURTHER,P2,metadata/1388-pt-br--insights--visa--brazil-offers-a-digital-nomad-visa-for-foreign-nationals-who-wish-to-l.html,schema/1388-pt-br--insights--visa--brazil-offers-a-digital-nomad-visa-for-foreign-nationals-who-wish-to-l.json,REQUIRED,NOT APPLIED
https://immigratetobrazil.com/pt-br/insights/visa/brazil-offers-a-specific-visa-and-residency-for-artists-and-athletes-c/,pages/1389-pt-br--insights--visa--brazil-offers-a-specific-visa-and-residency-for-artists-and-athletes-c.md,SOURCE REVIEW REQUIRED — no publication-ready rewrite,INVESTIGATE FURTHER,P2,metadata/1389-pt-br--insights--visa--brazil-offers-a-specific-visa-and-residency-for-artists-and-athletes-c.html,schema/1389-pt-br--insights--visa--brazil-offers-a-specific-visa-and-residency-for-artists-and-athletes-c.json,REQUIRED,NOT APPLIED
https://immigratetobrazil.com/pt-br/insights/visa/brazil-offers-humanitarian-visa-to-individuals-in-situations-of-extrem/,pages/1390-pt-br--insights--visa--brazil-offers-humanitarian-visa-to-individuals-in-situations-of-extrem.md,SOURCE REVIEW REQUIRED — no publication-ready rewrite,INVESTIGATE FURTHER,P2,metadata/1390-pt-br--insights--visa--brazil-offers-humanitarian-visa-to-individuals-in-situations-of-extrem.html,schema/1390-pt-br--insights--visa--brazil-offers-humanitarian-visa-to-individuals-in-situations-of-extrem.json,REQUIRED,NOT APPLIED
https://immigratetobrazil.com/pt-br/insights/visa/brazil-offers-student-visa-for-foreign-medical-residents-who-wish-to-p/,pages/1391-pt-br--insights--visa--brazil-offers-student-visa-for-foreign-medical-residents-who-wish-to-p.md,SOURCE REVIEW REQUIRED — no publication-ready rewrite,INVESTIGATE FURTHER,P2,metadata/1391-pt-br--insights--visa--brazil-offers-student-visa-for-foreign-medical-residents-who-wish-to-p.html,schema/1391-pt-br--insights--visa--brazil-offers-student-visa-for-foreign-medical-residents-who-wish-to-p.json,REQUIRED,NOT APPLIED
https://immigratetobrazil.com/pt-br/insights/visa/brazil-offers-the-possibility-of-permanent-residency-for-families-wish/,pages/1392-pt-br--insights--visa--brazil-offers-the-possibility-of-permanent-residency-for-families-wish.md,SOURCE REVIEW REQUIRED — no publication-ready rewrite,INVESTIGATE FURTHER,P2,metadata/1392-pt-br--insights--visa--brazil-offers-the-possibility-of-permanent-residency-for-families-wish.html,schema/1392-pt-br--insights--visa--brazil-offers-the-possibility-of-permanent-residency-for-families-wish.json,REQUIRED,NOT APPLIED
https://immigratetobrazil.com/pt-br/insights/visa/brazil-s-digital-nomad-visa-is-your-ticket-to-an-incredible-experience/,pages/1393-pt-br--insights--visa--brazil-s-digital-nomad-visa-is-your-ticket-to-an-incredible-experience.md,SOURCE REVIEW REQUIRED — no publication-ready rewrite,INVESTIGATE FURTHER,P2,metadata/1393-pt-br--insights--visa--brazil-s-digital-nomad-visa-is-your-ticket-to-an-incredible-experience.html,schema/1393-pt-br--insights--visa--brazil-s-digital-nomad-visa-is-your-ticket-to-an-incredible-experience.json,REQUIRED,NOT APPLIED
https://immigratetobrazil.com/pt-br/insights/visa/brazil-s-real-estate-market-is-booming-offering-incredible-potential-f/,pages/1394-pt-br--insights--visa--brazil-s-real-estate-market-is-booming-offering-incredible-potential-f.md,SOURCE REVIEW REQUIRED — no publication-ready rewrite,INVESTIGATE FURTHER,P2,metadata/1394-pt-br--insights--visa--brazil-s-real-estate-market-is-booming-offering-incredible-potential-f.html,schema/1394-pt-br--insights--visa--brazil-s-real-estate-market-is-booming-offering-incredible-potential-f.json,REQUIRED,NOT APPLIED
https://immigratetobrazil.com/pt-br/insights/visa/brazilian-law-permits-students-on-a-student-visa-to-work-while-studyin/,pages/1395-pt-br--insights--visa--brazilian-law-permits-students-on-a-student-visa-to-work-while-studyin.md,SOURCE REVIEW REQUIRED — no publication-ready rewrite,INVESTIGATE FURTHER,P2,metadata/1395-pt-br--insights--visa--brazilian-law-permits-students-on-a-student-visa-to-work-while-studyin.html,schema/1395-pt-br--insights--visa--brazilian-law-permits-students-on-a-student-visa-to-work-while-studyin.json,REQUIRED,NOT APPLIED
https://immigratetobrazil.com/pt-br/insights/visa/brazilian-student-visa-for-medical-studies-the-brazilian-student-visa/,pages/1396-pt-br--insights--visa--brazilian-student-visa-for-medical-studies-the-brazilian-student-visa.md,SOURCE REVIEW REQUIRED — no publication-ready rewrite,INVESTIGATE FURTHER,P2,metadata/1396-pt-br--insights--visa--brazilian-student-visa-for-medical-studies-the-brazilian-student-visa.html,schema/1396-pt-br--insights--visa--brazilian-student-visa-for-medical-studies-the-brazilian-student-visa.json,REQUIRED,NOT APPLIED
https://immigratetobrazil.com/pt-br/insights/visa/brazilian-temporary-residency-permit-for-work-consulting-with-an-immig/,pages/1397-pt-br--insights--visa--brazilian-temporary-residency-permit-for-work-consulting-with-an-immig.md,SOURCE REVIEW REQUIRED — no publication-ready rewrite,INVESTIGATE FURTHER,P2,metadata/1397-pt-br--insights--visa--brazilian-temporary-residency-permit-for-work-consulting-with-an-immig.html,schema/1397-pt-br--insights--visa--brazilian-temporary-residency-permit-for-work-consulting-with-an-immig.json,REQUIRED,NOT APPLIED
https://immigratetobrazil.com/pt-br/insights/visa/consulting-with-an-immigration-lawyer-ensures-that-you-have-a-knowledg-2/,pages/1398-pt-br--insights--visa--consulting-with-an-immigration-lawyer-ensures-that-you-have-a-knowledg-2.md,SOURCE REVIEW REQUIRED — no publication-ready rewrite,INVESTIGATE FURTHER,P2,metadata/1398-pt-br--insights--visa--consulting-with-an-immigration-lawyer-ensures-that-you-have-a-knowledg-2.html,schema/1398-pt-br--insights--visa--consulting-with-an-immigration-lawyer-ensures-that-you-have-a-knowledg-2.json,REQUIRED,NOT APPLIED
https://immigratetobrazil.com/pt-br/insights/visa/consulting-with-an-immigration-lawyer-ensures-that-you-have-a-knowledg-3/,pages/1399-pt-br--insights--visa--consulting-with-an-immigration-lawyer-ensures-that-you-have-a-knowledg-3.md,SOURCE REVIEW REQUIRED — no publication-ready rewrite,INVESTIGATE FURTHER,P2,metadata/1399-pt-br--insights--visa--consulting-with-an-immigration-lawyer-ensures-that-you-have-a-knowledg-3.html,schema/1399-pt-br--insights--visa--consulting-with-an-immigration-lawyer-ensures-that-you-have-a-knowledg-3.json,REQUIRED,NOT APPLIED
https://immigratetobrazil.com/pt-br/insights/visa/consulting-with-an-immigration-lawyer-ensures-that-you-have-a-knowledg/,pages/1400-pt-br--insights--visa--consulting-with-an-immigration-lawyer-ensures-that-you-have-a-knowledg.md,SOURCE REVIEW REQUIRED — no publication-ready rewrite,INVESTIGATE FURTHER,P2,metadata/1400-pt-br--insights--visa--consulting-with-an-immigration-lawyer-ensures-that-you-have-a-knowledg.html,schema/1400-pt-br--insights--visa--consulting-with-an-immigration-lawyer-ensures-that-you-have-a-knowledg.json,REQUIRED,NOT APPLIED
https://immigratetobrazil.com/pt-br/insights/visa/due-to-the-political-crises-in-syria-the-brazilian-embassy-in-syria-ha/,pages/1401-pt-br--insights--visa--due-to-the-political-crises-in-syria-the-brazilian-embassy-in-syria-ha.md,SOURCE REVIEW REQUIRED — no publication-ready rewrite,INVESTIGATE FURTHER,P2,metadata/1401-pt-br--insights--visa--due-to-the-political-crises-in-syria-the-brazilian-embassy-in-syria-ha.html,schema/1401-pt-br--insights--visa--due-to-the-political-crises-in-syria-the-brazilian-embassy-in-syria-ha.json,REQUIRED,NOT APPLIED
https://immigratetobrazil.com/pt-br/insights/visa/entering-brazil-as-a-tourist-can-be-a-valid-starting-point-for-anyone/,pages/1402-pt-br--insights--visa--entering-brazil-as-a-tourist-can-be-a-valid-starting-point-for-anyone.md,SOURCE REVIEW REQUIRED — no publication-ready rewrite,INVESTIGATE FURTHER,P2,metadata/1402-pt-br--insights--visa--entering-brazil-as-a-tourist-can-be-a-valid-starting-point-for-anyone.html,schema/1402-pt-br--insights--visa--entering-brazil-as-a-tourist-can-be-a-valid-starting-point-for-anyone.json,REQUIRED,NOT APPLIED
https://immigratetobrazil.com/pt-br/insights/visa/entering-brazil-as-a-tourist-can-serve-as-a-valid-starting-point-for-t/,pages/1403-pt-br--insights--visa--entering-brazil-as-a-tourist-can-serve-as-a-valid-starting-point-for-t.md,SOURCE REVIEW REQUIRED — no publication-ready rewrite,INVESTIGATE FURTHER,P2,metadata/1403-pt-br--insights--visa--entering-brazil-as-a-tourist-can-serve-as-a-valid-starting-point-for-t.html,schema/1403-pt-br--insights--visa--entering-brazil-as-a-tourist-can-serve-as-a-valid-starting-point-for-t.json,REQUIRED,NOT APPLIED
https://immigratetobrazil.com/pt-br/insights/visa/even-though-this-visa-offers-permanent-residency-it-comes-with-conditi/,pages/1404-pt-br--insights--visa--even-though-this-visa-offers-permanent-residency-it-comes-with-conditi.md,SOURCE REVIEW REQUIRED — no publication-ready rewrite,INVESTIGATE FURTHER,P2,metadata/1404-pt-br--insights--visa--even-though-this-visa-offers-permanent-residency-it-comes-with-conditi.html,schema/1404-pt-br--insights--visa--even-though-this-visa-offers-permanent-residency-it-comes-with-conditi.json,REQUIRED,NOT APPLIED
https://immigratetobrazil.com/pt-br/insights/visa/every-visa-applicant-has-the-right-to-receive-a-justification/,pages/1405-pt-br--insights--visa--every-visa-applicant-has-the-right-to-receive-a-justification.md,SOURCE REVIEW REQUIRED — no publication-ready rewrite,INVESTIGATE FURTHER,P2,metadata/1405-pt-br--insights--visa--every-visa-applicant-has-the-right-to-receive-a-justification.html,schema/1405-pt-br--insights--visa--every-visa-applicant-has-the-right-to-receive-a-justification.json,REQUIRED,NOT APPLIED
https://immigratetobrazil.com/pt-br/insights/visa/expanding-a-business-into-brazil-requires-careful-planning-and-complia/,pages/1406-pt-br--insights--visa--expanding-a-business-into-brazil-requires-careful-planning-and-complia.md,SOURCE REVIEW REQUIRED — no publication-ready rewrite,INVESTIGATE FURTHER,P2,metadata/1406-pt-br--insights--visa--expanding-a-business-into-brazil-requires-careful-planning-and-complia.html,schema/1406-pt-br--insights--visa--expanding-a-business-into-brazil-requires-careful-planning-and-complia.json,REQUIRED,NOT APPLIED
https://immigratetobrazil.com/pt-br/insights/visa/explore-tax-friendly-destinations-and-optimize-your-tax-situation-whil/,pages/1407-pt-br--insights--visa--explore-tax-friendly-destinations-and-optimize-your-tax-situation-whil.md,SOURCE REVIEW REQUIRED — no publication-ready rewrite,INVESTIGATE FURTHER,P2,metadata/1407-pt-br--insights--visa--explore-tax-friendly-destinations-and-optimize-your-tax-situation-whil.html,schema/1407-pt-br--insights--visa--explore-tax-friendly-destinations-and-optimize-your-tax-situation-whil.json,REQUIRED,NOT APPLIED
https://immigratetobrazil.com/pt-br/insights/visa/for-brazilians-wishing-to-go-to-new-zealand-the-brazil-new-zealand-wor/,pages/1408-pt-br--insights--visa--for-brazilians-wishing-to-go-to-new-zealand-the-brazil-new-zealand-wor.md,SOURCE REVIEW REQUIRED — no publication-ready rewrite,INVESTIGATE FURTHER,P2,metadata/1408-pt-br--insights--visa--for-brazilians-wishing-to-go-to-new-zealand-the-brazil-new-zealand-wor.html,schema/1408-pt-br--insights--visa--for-brazilians-wishing-to-go-to-new-zealand-the-brazil-new-zealand-wor.json,REQUIRED,NOT APPLIED
https://immigratetobrazil.com/pt-br/insights/visa/for-certain-nationalities-a-visa-for-this-is-not-required/,pages/1409-pt-br--insights--visa--for-certain-nationalities-a-visa-for-this-is-not-required.md,SOURCE REVIEW REQUIRED — no publication-ready rewrite,INVESTIGATE FURTHER,P2,metadata/1409-pt-br--insights--visa--for-certain-nationalities-a-visa-for-this-is-not-required.html,schema/1409-pt-br--insights--visa--for-certain-nationalities-a-visa-for-this-is-not-required.json,REQUIRED,NOT APPLIED
https://immigratetobrazil.com/pt-br/insights/visa/for-those-planning-to-travel-to-the-united-states-to-watch-the-2026-wo/,pages/1410-pt-br--insights--visa--for-those-planning-to-travel-to-the-united-states-to-watch-the-2026-wo.md,SOURCE REVIEW REQUIRED — no publication-ready rewrite,INVESTIGATE FURTHER,P2,metadata/1410-pt-br--insights--visa--for-those-planning-to-travel-to-the-united-states-to-watch-the-2026-wo.html,schema/1410-pt-br--insights--visa--for-those-planning-to-travel-to-the-united-states-to-watch-the-2026-wo.json,REQUIRED,NOT APPLIED
https://immigratetobrazil.com/pt-br/insights/visa/foreign-nationals-who-come-to-brazil-for-research-teaching-or-academic/,pages/1411-pt-br--insights--visa--foreign-nationals-who-come-to-brazil-for-research-teaching-or-academic.md,SOURCE REVIEW REQUIRED — no publication-ready rewrite,INVESTIGATE FURTHER,P2,metadata/1411-pt-br--insights--visa--foreign-nationals-who-come-to-brazil-for-research-teaching-or-academic.html,schema/1411-pt-br--insights--visa--foreign-nationals-who-come-to-brazil-for-research-teaching-or-academic.json,REQUIRED,NOT APPLIED
https://immigratetobrazil.com/pt-br/insights/visa/hiring-foreign-workers-has-become-an-increasingly-common-practice-amon/,pages/1412-pt-br--insights--visa--hiring-foreign-workers-has-become-an-increasingly-common-practice-amon.md,SOURCE REVIEW REQUIRED — no publication-ready rewrite,INVESTIGATE FURTHER,P2,metadata/1412-pt-br--insights--visa--hiring-foreign-workers-has-become-an-increasingly-common-practice-amon.html,schema/1412-pt-br--insights--visa--hiring-foreign-workers-has-become-an-increasingly-common-practice-amon.json,REQUIRED,NOT APPLIED
https://immigratetobrazil.com/pt-br/insights/visa/i-will-be-working-remotely-in-brazil/,pages/1413-pt-br--insights--visa--i-will-be-working-remotely-in-brazil.md,SOURCE REVIEW REQUIRED — no publication-ready rewrite,INVESTIGATE FURTHER,P2,metadata/1413-pt-br--insights--visa--i-will-be-working-remotely-in-brazil.html,schema/1413-pt-br--insights--visa--i-will-be-working-remotely-in-brazil.json,REQUIRED,NOT APPLIED
https://immigratetobrazil.com/pt-br/insights/visa/if-a-person-received-a-portuguese-residence-visa-without-making-an-app/,pages/1414-pt-br--insights--visa--if-a-person-received-a-portuguese-residence-visa-without-making-an-app.md,SOURCE REVIEW REQUIRED — no publication-ready rewrite,INVESTIGATE FURTHER,P2,metadata/1414-pt-br--insights--visa--if-a-person-received-a-portuguese-residence-visa-without-making-an-app.html,schema/1414-pt-br--insights--visa--if-a-person-received-a-portuguese-residence-visa-without-making-an-app.json,REQUIRED,NOT APPLIED
https://immigratetobrazil.com/pt-br/insights/visa/if-an-artist-charges-a-fee-for-their-performance-a-work-visa-is-requir/,pages/1415-pt-br--insights--visa--if-an-artist-charges-a-fee-for-their-performance-a-work-visa-is-requir.md,SOURCE REVIEW REQUIRED — no publication-ready rewrite,INVESTIGATE FURTHER,P2,metadata/1415-pt-br--insights--visa--if-an-artist-charges-a-fee-for-their-performance-a-work-visa-is-requir.html,schema/1415-pt-br--insights--visa--if-an-artist-charges-a-fee-for-their-performance-a-work-visa-is-requir.json,REQUIRED,NOT APPLIED
https://immigratetobrazil.com/pt-br/insights/visa/if-an-investor-an-individual-is-looking-for-opportunities-and-to-be-ab/,pages/1416-pt-br--insights--visa--if-an-investor-an-individual-is-looking-for-opportunities-and-to-be-ab.md,SOURCE REVIEW REQUIRED — no publication-ready rewrite,INVESTIGATE FURTHER,P2,metadata/1416-pt-br--insights--visa--if-an-investor-an-individual-is-looking-for-opportunities-and-to-be-ab.html,schema/1416-pt-br--insights--visa--if-an-investor-an-individual-is-looking-for-opportunities-and-to-be-ab.json,REQUIRED,NOT APPLIED
https://immigratetobrazil.com/pt-br/insights/visa/if-the-brazilian-consulate-does-not-provide-a-justification-for-the-vi/,pages/1417-pt-br--insights--visa--if-the-brazilian-consulate-does-not-provide-a-justification-for-the-vi.md,SOURCE REVIEW REQUIRED — no publication-ready rewrite,INVESTIGATE FURTHER,P2,metadata/1417-pt-br--insights--visa--if-the-brazilian-consulate-does-not-provide-a-justification-for-the-vi.html,schema/1417-pt-br--insights--visa--if-the-brazilian-consulate-does-not-provide-a-justification-for-the-vi.json,REQUIRED,NOT APPLIED
https://immigratetobrazil.com/pt-br/insights/visa/if-the-couple-wishes-to-live-in-brazil-after-marriage-the-foreigner-wi/,pages/1418-pt-br--insights--visa--if-the-couple-wishes-to-live-in-brazil-after-marriage-the-foreigner-wi.md,SOURCE REVIEW REQUIRED — no publication-ready rewrite,INVESTIGATE FURTHER,P2,metadata/1418-pt-br--insights--visa--if-the-couple-wishes-to-live-in-brazil-after-marriage-the-foreigner-wi.html,schema/1418-pt-br--insights--visa--if-the-couple-wishes-to-live-in-brazil-after-marriage-the-foreigner-wi.json,REQUIRED,NOT APPLIED
https://immigratetobrazil.com/pt-br/insights/visa/if-you-are-an-investor-looking-to-reside-in-brazil-with-foreign-resour/,pages/1419-pt-br--insights--visa--if-you-are-an-investor-looking-to-reside-in-brazil-with-foreign-resour.md,SOURCE REVIEW REQUIRED — no publication-ready rewrite,INVESTIGATE FURTHER,P2,metadata/1419-pt-br--insights--visa--if-you-are-an-investor-looking-to-reside-in-brazil-with-foreign-resour.html,schema/1419-pt-br--insights--visa--if-you-are-an-investor-looking-to-reside-in-brazil-with-foreign-resour.json,REQUIRED,NOT APPLIED
https://immigratetobrazil.com/pt-br/insights/visa/if-you-arrived-in-brazil-as-a-tourist-and-want-to-stay-longer-than-ini/,pages/1420-pt-br--insights--visa--if-you-arrived-in-brazil-as-a-tourist-and-want-to-stay-longer-than-ini.md,SOURCE REVIEW REQUIRED — no publication-ready rewrite,INVESTIGATE FURTHER,P2,metadata/1420-pt-br--insights--visa--if-you-arrived-in-brazil-as-a-tourist-and-want-to-stay-longer-than-ini.html,schema/1420-pt-br--insights--visa--if-you-arrived-in-brazil-as-a-tourist-and-want-to-stay-longer-than-ini.json,REQUIRED,NOT APPLIED
https://immigratetobrazil.com/pt-br/insights/visa/if-you-arrived-in-brazil-as-a-tourist-and-wish-to-stay-longer-than-ori/,pages/1421-pt-br--insights--visa--if-you-arrived-in-brazil-as-a-tourist-and-wish-to-stay-longer-than-ori.md,SOURCE REVIEW REQUIRED — no publication-ready rewrite,INVESTIGATE FURTHER,P2,metadata/1421-pt-br--insights--visa--if-you-arrived-in-brazil-as-a-tourist-and-wish-to-stay-longer-than-ori.html,schema/1421-pt-br--insights--visa--if-you-arrived-in-brazil-as-a-tourist-and-wish-to-stay-longer-than-ori.json,REQUIRED,NOT APPLIED
https://immigratetobrazil.com/pt-br/insights/visa/if-you-currently-hold-a-temporary-residence-permit-in-brazil-and-are-w/,pages/1422-pt-br--insights--visa--if-you-currently-hold-a-temporary-residence-permit-in-brazil-and-are-w.md,SOURCE REVIEW REQUIRED — no publication-ready rewrite,INVESTIGATE FURTHER,P2,metadata/1422-pt-br--insights--visa--if-you-currently-hold-a-temporary-residence-permit-in-brazil-and-are-w.html,schema/1422-pt-br--insights--visa--if-you-currently-hold-a-temporary-residence-permit-in-brazil-and-are-w.json,REQUIRED,NOT APPLIED
https://immigratetobrazil.com/pt-br/insights/visa/if-you-hold-a-temporary-visa-or-residence-permit-it-s-imperative-to-co/,pages/1423-pt-br--insights--visa--if-you-hold-a-temporary-visa-or-residence-permit-it-s-imperative-to-co.md,SOURCE REVIEW REQUIRED — no publication-ready rewrite,INVESTIGATE FURTHER,P2,metadata/1423-pt-br--insights--visa--if-you-hold-a-temporary-visa-or-residence-permit-it-s-imperative-to-co.html,schema/1423-pt-br--insights--visa--if-you-hold-a-temporary-visa-or-residence-permit-it-s-imperative-to-co.json,REQUIRED,NOT APPLIED
https://immigratetobrazil.com/pt-br/insights/visa/if-you-hold-a-temporary-visa-or-residency-permit-it-s-imperative-to-co/,pages/1424-pt-br--insights--visa--if-you-hold-a-temporary-visa-or-residency-permit-it-s-imperative-to-co.md,SOURCE REVIEW REQUIRED — no publication-ready rewrite,INVESTIGATE FURTHER,P2,metadata/1424-pt-br--insights--visa--if-you-hold-a-temporary-visa-or-residency-permit-it-s-imperative-to-co.html,schema/1424-pt-br--insights--visa--if-you-hold-a-temporary-visa-or-residency-permit-it-s-imperative-to-co.json,REQUIRED,NOT APPLIED
https://immigratetobrazil.com/pt-br/insights/visa/if-you-re-from-one-of-the-eligible-countries-you-can-request-a-90-day-2/,pages/1425-pt-br--insights--visa--if-you-re-from-one-of-the-eligible-countries-you-can-request-a-90-day-2.md,SOURCE REVIEW REQUIRED — no publication-ready rewrite,INVESTIGATE FURTHER,P2,metadata/1425-pt-br--insights--visa--if-you-re-from-one-of-the-eligible-countries-you-can-request-a-90-day-2.html,schema/1425-pt-br--insights--visa--if-you-re-from-one-of-the-eligible-countries-you-can-request-a-90-day-2.json,REQUIRED,NOT APPLIED
https://immigratetobrazil.com/pt-br/insights/visa/if-you-re-from-one-of-the-eligible-countries-you-can-request-a-90-day/,pages/1426-pt-br--insights--visa--if-you-re-from-one-of-the-eligible-countries-you-can-request-a-90-day.md,SOURCE REVIEW REQUIRED — no publication-ready rewrite,INVESTIGATE FURTHER,P2,metadata/1426-pt-br--insights--visa--if-you-re-from-one-of-the-eligible-countries-you-can-request-a-90-day.html,schema/1426-pt-br--insights--visa--if-you-re-from-one-of-the-eligible-countries-you-can-request-a-90-day.json,REQUIRED,NOT APPLIED
https://immigratetobrazil.com/pt-br/insights/visa/if-your-american-visa-is-denied-the-first-recommended-action-is-to-loo/,pages/1427-pt-br--insights--visa--if-your-american-visa-is-denied-the-first-recommended-action-is-to-loo.md,SOURCE REVIEW REQUIRED — no publication-ready rewrite,INVESTIGATE FURTHER,P2,metadata/1427-pt-br--insights--visa--if-your-american-visa-is-denied-the-first-recommended-action-is-to-loo.html,schema/1427-pt-br--insights--visa--if-your-american-visa-is-denied-the-first-recommended-action-is-to-loo.json,REQUIRED,NOT APPLIED
https://immigratetobrazil.com/pt-br/insights/visa/if-youve-studied-in-brazil-and-are-thinking-about-staying-to-work-ther/,pages/1428-pt-br--insights--visa--if-youve-studied-in-brazil-and-are-thinking-about-staying-to-work-ther.md,SOURCE REVIEW REQUIRED — no publication-ready rewrite,INVESTIGATE FURTHER,P2,metadata/1428-pt-br--insights--visa--if-youve-studied-in-brazil-and-are-thinking-about-staying-to-work-ther.html,schema/1428-pt-br--insights--visa--if-youve-studied-in-brazil-and-are-thinking-about-staying-to-work-ther.json,REQUIRED,NOT APPLIED
https://immigratetobrazil.com/pt-br/insights/visa/immigrating-to-a-new-country-is-a-life-altering-decision-and-seeking-p/,pages/1429-pt-br--insights--visa--immigrating-to-a-new-country-is-a-life-altering-decision-and-seeking-p.md,SOURCE REVIEW REQUIRED — no publication-ready rewrite,INVESTIGATE FURTHER,P2,metadata/1429-pt-br--insights--visa--immigrating-to-a-new-country-is-a-life-altering-decision-and-seeking-p.html,schema/1429-pt-br--insights--visa--immigrating-to-a-new-country-is-a-life-altering-decision-and-seeking-p.json,REQUIRED,NOT APPLIED
https://immigratetobrazil.com/pt-br/insights/visa/immigration-planning-involves-strategic-and-thoughtful-consideration-o/,pages/1430-pt-br--insights--visa--immigration-planning-involves-strategic-and-thoughtful-consideration-o.md,SOURCE REVIEW REQUIRED — no publication-ready rewrite,INVESTIGATE FURTHER,P2,metadata/1430-pt-br--insights--visa--immigration-planning-involves-strategic-and-thoughtful-consideration-o.html,schema/1430-pt-br--insights--visa--immigration-planning-involves-strategic-and-thoughtful-consideration-o.json,REQUIRED,NOT APPLIED
https://immigratetobrazil.com/pt-br/insights/visa/in-a-prestigious-international-ranking-organized-by-the-1000-libraries/,pages/1431-pt-br--insights--visa--in-a-prestigious-international-ranking-organized-by-the-1000-libraries.md,SOURCE REVIEW REQUIRED — no publication-ready rewrite,INVESTIGATE FURTHER,P2,metadata/1431-pt-br--insights--visa--in-a-prestigious-international-ranking-organized-by-the-1000-libraries.html,schema/1431-pt-br--insights--visa--in-a-prestigious-international-ranking-organized-by-the-1000-libraries.json,REQUIRED,NOT APPLIED
https://immigratetobrazil.com/pt-br/insights/visa/in-brazil-deportation-is-an-administrative-measure-applied-to-individu/,pages/1432-pt-br--insights--visa--in-brazil-deportation-is-an-administrative-measure-applied-to-individu.md,SOURCE REVIEW REQUIRED — no publication-ready rewrite,INVESTIGATE FURTHER,P2,metadata/1432-pt-br--insights--visa--in-brazil-deportation-is-an-administrative-measure-applied-to-individu.html,schema/1432-pt-br--insights--visa--in-brazil-deportation-is-an-administrative-measure-applied-to-individu.json,REQUIRED,NOT APPLIED
https://immigratetobrazil.com/pt-br/insights/visa/in-brazil-eligible-people-holding-a-temporary-visa-have-the-opportunit/,pages/1433-pt-br--insights--visa--in-brazil-eligible-people-holding-a-temporary-visa-have-the-opportunit.md,SOURCE REVIEW REQUIRED — no publication-ready rewrite,INVESTIGATE FURTHER,P2,metadata/1433-pt-br--insights--visa--in-brazil-eligible-people-holding-a-temporary-visa-have-the-opportunit.html,schema/1433-pt-br--insights--visa--in-brazil-eligible-people-holding-a-temporary-visa-have-the-opportunit.json,REQUIRED,NOT APPLIED
https://immigratetobrazil.com/pt-br/insights/visa/in-brazil-homeschooling-is-prohibited-and-the-parents-must-go-to-the-n/,pages/1434-pt-br--insights--visa--in-brazil-homeschooling-is-prohibited-and-the-parents-must-go-to-the-n.md,SOURCE REVIEW REQUIRED — no publication-ready rewrite,INVESTIGATE FURTHER,P2,metadata/1434-pt-br--insights--visa--in-brazil-homeschooling-is-prohibited-and-the-parents-must-go-to-the-n.html,schema/1434-pt-br--insights--visa--in-brazil-homeschooling-is-prohibited-and-the-parents-must-go-to-the-n.json,REQUIRED,NOT APPLIED
https://immigratetobrazil.com/pt-br/insights/visa/in-brazil-priests-must-go-to-the-nearest-public-school-and-request-the/,pages/1435-pt-br--insights--visa--in-brazil-priests-must-go-to-the-nearest-public-school-and-request-the.md,SOURCE REVIEW REQUIRED — no publication-ready rewrite,INVESTIGATE FURTHER,P2,metadata/1435-pt-br--insights--visa--in-brazil-priests-must-go-to-the-nearest-public-school-and-request-the.html,schema/1435-pt-br--insights--visa--in-brazil-priests-must-go-to-the-nearest-public-school-and-request-the.json,REQUIRED,NOT APPLIED
https://immigratetobrazil.com/pt-br/insights/visa/in-brazil-there-are-several-types-of-work-visas-available-depending-on-2/,pages/1436-pt-br--insights--visa--in-brazil-there-are-several-types-of-work-visas-available-depending-on-2.md,SOURCE REVIEW REQUIRED — no publication-ready rewrite,INVESTIGATE FURTHER,P2,metadata/1436-pt-br--insights--visa--in-brazil-there-are-several-types-of-work-visas-available-depending-on-2.html,schema/1436-pt-br--insights--visa--in-brazil-there-are-several-types-of-work-visas-available-depending-on-2.json,REQUIRED,NOT APPLIED
https://immigratetobrazil.com/pt-br/insights/visa/in-brazil-there-are-several-types-of-work-visas-available-depending-on/,pages/1437-pt-br--insights--visa--in-brazil-there-are-several-types-of-work-visas-available-depending-on.md,SOURCE REVIEW REQUIRED — no publication-ready rewrite,INVESTIGATE FURTHER,P2,metadata/1437-pt-br--insights--visa--in-brazil-there-are-several-types-of-work-visas-available-depending-on.html,schema/1437-pt-br--insights--visa--in-brazil-there-are-several-types-of-work-visas-available-depending-on.json,REQUIRED,NOT APPLIED
https://immigratetobrazil.com/pt-br/insights/visa/in-brazilian-immigration-matters-foreign-nationals-could-apply-for-a-f/,pages/1438-pt-br--insights--visa--in-brazilian-immigration-matters-foreign-nationals-could-apply-for-a-f.md,SOURCE REVIEW REQUIRED — no publication-ready rewrite,INVESTIGATE FURTHER,P2,metadata/1438-pt-br--insights--visa--in-brazilian-immigration-matters-foreign-nationals-could-apply-for-a-f.html,schema/1438-pt-br--insights--visa--in-brazilian-immigration-matters-foreign-nationals-could-apply-for-a-f.json,REQUIRED,NOT APPLIED
https://immigratetobrazil.com/pt-br/insights/visa/in-exceptional-cases-a-brazilian-visa-application-may-be-denied-under/,pages/1439-pt-br--insights--visa--in-exceptional-cases-a-brazilian-visa-application-may-be-denied-under.md,SOURCE REVIEW REQUIRED — no publication-ready rewrite,INVESTIGATE FURTHER,P2,metadata/1439-pt-br--insights--visa--in-exceptional-cases-a-brazilian-visa-application-may-be-denied-under.html,schema/1439-pt-br--insights--visa--in-exceptional-cases-a-brazilian-visa-application-may-be-denied-under.json,REQUIRED,NOT APPLIED
https://immigratetobrazil.com/pt-br/insights/visa/in-general-many-countries-do-not-have-a-specific-dating-visa-but-offer/,pages/1440-pt-br--insights--visa--in-general-many-countries-do-not-have-a-specific-dating-visa-but-offer.md,SOURCE REVIEW REQUIRED — no publication-ready rewrite,INVESTIGATE FURTHER,P2,metadata/1440-pt-br--insights--visa--in-general-many-countries-do-not-have-a-specific-dating-visa-but-offer.html,schema/1440-pt-br--insights--visa--in-general-many-countries-do-not-have-a-specific-dating-visa-but-offer.json,REQUIRED,NOT APPLIED
https://immigratetobrazil.com/pt-br/insights/visa/in-situations-where-a-brazilian-needs-emergency-consular-assistance-ou/,pages/1441-pt-br--insights--visa--in-situations-where-a-brazilian-needs-emergency-consular-assistance-ou.md,SOURCE REVIEW REQUIRED — no publication-ready rewrite,INVESTIGATE FURTHER,P2,metadata/1441-pt-br--insights--visa--in-situations-where-a-brazilian-needs-emergency-consular-assistance-ou.html,schema/1441-pt-br--insights--visa--in-situations-where-a-brazilian-needs-emergency-consular-assistance-ou.json,REQUIRED,NOT APPLIED
https://immigratetobrazil.com/pt-br/insights/visa/in-some-cases-of-vulnerable-situations-brazilian-migration-law-waives/,pages/1442-pt-br--insights--visa--in-some-cases-of-vulnerable-situations-brazilian-migration-law-waives.md,SOURCE REVIEW REQUIRED — no publication-ready rewrite,INVESTIGATE FURTHER,P2,metadata/1442-pt-br--insights--visa--in-some-cases-of-vulnerable-situations-brazilian-migration-law-waives.html,schema/1442-pt-br--insights--visa--in-some-cases-of-vulnerable-situations-brazilian-migration-law-waives.json,REQUIRED,NOT APPLIED
https://immigratetobrazil.com/pt-br/insights/visa/individuals-seeking-to-work-in-brazil-through-a-formal-employment-rela/,pages/1443-pt-br--insights--visa--individuals-seeking-to-work-in-brazil-through-a-formal-employment-rela.md,SOURCE REVIEW REQUIRED — no publication-ready rewrite,INVESTIGATE FURTHER,P2,metadata/1443-pt-br--insights--visa--individuals-seeking-to-work-in-brazil-through-a-formal-employment-rela.html,schema/1443-pt-br--insights--visa--individuals-seeking-to-work-in-brazil-through-a-formal-employment-rela.json,REQUIRED,NOT APPLIED
https://immigratetobrazil.com/pt-br/insights/visa/it-can-be-possible-to-bring-a-companion-to-brazil-on-a-health-treatmen/,pages/1444-pt-br--insights--visa--it-can-be-possible-to-bring-a-companion-to-brazil-on-a-health-treatmen.md,SOURCE REVIEW REQUIRED — no publication-ready rewrite,INVESTIGATE FURTHER,P2,metadata/1444-pt-br--insights--visa--it-can-be-possible-to-bring-a-companion-to-brazil-on-a-health-treatmen.html,schema/1444-pt-br--insights--visa--it-can-be-possible-to-bring-a-companion-to-brazil-on-a-health-treatmen.json,REQUIRED,NOT APPLIED
https://immigratetobrazil.com/pt-br/insights/visa/it-is-not-necessary-in-cases-of-a-stopover-or-connecting-flight-in-bra/,pages/1445-pt-br--insights--visa--it-is-not-necessary-in-cases-of-a-stopover-or-connecting-flight-in-bra.md,SOURCE REVIEW REQUIRED — no publication-ready rewrite,INVESTIGATE FURTHER,P2,metadata/1445-pt-br--insights--visa--it-is-not-necessary-in-cases-of-a-stopover-or-connecting-flight-in-bra.html,schema/1445-pt-br--insights--visa--it-is-not-necessary-in-cases-of-a-stopover-or-connecting-flight-in-bra.json,REQUIRED,NOT APPLIED
https://immigratetobrazil.com/pt-br/insights/visa/it-is-now-possible-to-apply-for-a-digital-nomad-visa-for-italy/,pages/1446-pt-br--insights--visa--it-is-now-possible-to-apply-for-a-digital-nomad-visa-for-italy.md,SOURCE REVIEW REQUIRED — no publication-ready rewrite,INVESTIGATE FURTHER,P2,metadata/1446-pt-br--insights--visa--it-is-now-possible-to-apply-for-a-digital-nomad-visa-for-italy.html,schema/1446-pt-br--insights--visa--it-is-now-possible-to-apply-for-a-digital-nomad-visa-for-italy.json,REQUIRED,NOT APPLIED
https://immigratetobrazil.com/pt-br/insights/visa/it-is-possible-for-a-foreign-person-to-purchase-property-in-brazil-but/,pages/1447-pt-br--insights--visa--it-is-possible-for-a-foreign-person-to-purchase-property-in-brazil-but.md,SOURCE REVIEW REQUIRED — no publication-ready rewrite,INVESTIGATE FURTHER,P2,metadata/1447-pt-br--insights--visa--it-is-possible-for-a-foreign-person-to-purchase-property-in-brazil-but.html,schema/1447-pt-br--insights--visa--it-is-possible-for-a-foreign-person-to-purchase-property-in-brazil-but.json,REQUIRED,NOT APPLIED
https://immigratetobrazil.com/pt-br/insights/visa/it-is-possible-to-bring-a-companion-to-brazil-with-a-health-treatment/,pages/1448-pt-br--insights--visa--it-is-possible-to-bring-a-companion-to-brazil-with-a-health-treatment.md,SOURCE REVIEW REQUIRED — no publication-ready rewrite,INVESTIGATE FURTHER,P2,metadata/1448-pt-br--insights--visa--it-is-possible-to-bring-a-companion-to-brazil-with-a-health-treatment.html,schema/1448-pt-br--insights--visa--it-is-possible-to-bring-a-companion-to-brazil-with-a-health-treatment.json,REQUIRED,NOT APPLIED
https://immigratetobrazil.com/pt-br/insights/visa/it-is-possible-to-go-to-brazil-as-a-tourist-and-get-married-or-recogni/,pages/1449-pt-br--insights--visa--it-is-possible-to-go-to-brazil-as-a-tourist-and-get-married-or-recogni.md,SOURCE REVIEW REQUIRED — no publication-ready rewrite,INVESTIGATE FURTHER,P2,metadata/1449-pt-br--insights--visa--it-is-possible-to-go-to-brazil-as-a-tourist-and-get-married-or-recogni.html,schema/1449-pt-br--insights--visa--it-is-possible-to-go-to-brazil-as-a-tourist-and-get-married-or-recogni.json,REQUIRED,NOT APPLIED
https://immigratetobrazil.com/pt-br/insights/visa/japan-has-announced-measures-to-attract-digital-nomads-aligning-with-a/,pages/1450-pt-br--insights--visa--japan-has-announced-measures-to-attract-digital-nomads-aligning-with-a.md,SOURCE REVIEW REQUIRED — no publication-ready rewrite,INVESTIGATE FURTHER,P2,metadata/1450-pt-br--insights--visa--japan-has-announced-measures-to-attract-digital-nomads-aligning-with-a.html,schema/1450-pt-br--insights--visa--japan-has-announced-measures-to-attract-digital-nomads-aligning-with-a.json,REQUIRED,NOT APPLIED
https://immigratetobrazil.com/pt-br/insights/visa/legal-guidance-eligibility-requirements-and-filing-steps/,pages/1451-pt-br--insights--visa--legal-guidance-eligibility-requirements-and-filing-steps.md,SOURCE REVIEW REQUIRED — no publication-ready rewrite,INVESTIGATE FURTHER,P2,metadata/1451-pt-br--insights--visa--legal-guidance-eligibility-requirements-and-filing-steps.html,schema/1451-pt-br--insights--visa--legal-guidance-eligibility-requirements-and-filing-steps.json,REQUIRED,NOT APPLIED
https://immigratetobrazil.com/pt-br/insights/visa/many-people-risk-staying-in-portugal-with-just-a-tourist-visa-and-then/,pages/1452-pt-br--insights--visa--many-people-risk-staying-in-portugal-with-just-a-tourist-visa-and-then.md,SOURCE REVIEW REQUIRED — no publication-ready rewrite,INVESTIGATE FURTHER,P2,metadata/1452-pt-br--insights--visa--many-people-risk-staying-in-portugal-with-just-a-tourist-visa-and-then.html,schema/1452-pt-br--insights--visa--many-people-risk-staying-in-portugal-with-just-a-tourist-visa-and-then.json,REQUIRED,NOT APPLIED
https://immigratetobrazil.com/pt-br/insights/visa/may-5th-is-celebrated-as-portuguese-language-and-lusophone-culture-day/,pages/1453-pt-br--insights--visa--may-5th-is-celebrated-as-portuguese-language-and-lusophone-culture-day.md,SOURCE REVIEW REQUIRED — no publication-ready rewrite,INVESTIGATE FURTHER,P2,metadata/1453-pt-br--insights--visa--may-5th-is-celebrated-as-portuguese-language-and-lusophone-culture-day.html,schema/1453-pt-br--insights--visa--may-5th-is-celebrated-as-portuguese-language-and-lusophone-culture-day.json,REQUIRED,NOT APPLIED
https://immigratetobrazil.com/pt-br/insights/visa/my-immigrant-id-card-is-valid-until-2030-but-my-civil-partnership-has/,pages/1454-pt-br--insights--visa--my-immigrant-id-card-is-valid-until-2030-but-my-civil-partnership-has.md,SOURCE REVIEW REQUIRED — no publication-ready rewrite,INVESTIGATE FURTHER,P2,metadata/1454-pt-br--insights--visa--my-immigrant-id-card-is-valid-until-2030-but-my-civil-partnership-has.html,schema/1454-pt-br--insights--visa--my-immigrant-id-card-is-valid-until-2030-but-my-civil-partnership-has.json,REQUIRED,NOT APPLIED
https://immigratetobrazil.com/pt-br/insights/visa/news-visa-fees-for-the-usa-will-become-more-expensive-from-may-30th-to/,pages/1455-pt-br--insights--visa--news-visa-fees-for-the-usa-will-become-more-expensive-from-may-30th-to.md,SOURCE REVIEW REQUIRED — no publication-ready rewrite,INVESTIGATE FURTHER,P2,metadata/1455-pt-br--insights--visa--news-visa-fees-for-the-usa-will-become-more-expensive-from-may-30th-to.html,schema/1455-pt-br--insights--visa--news-visa-fees-for-the-usa-will-become-more-expensive-from-may-30th-to.json,REQUIRED,NOT APPLIED
https://immigratetobrazil.com/pt-br/insights/visa/no-a-work-visa-requires-prior-approval-from-the-brazilian-ministry-of/,pages/1456-pt-br--insights--visa--no-a-work-visa-requires-prior-approval-from-the-brazilian-ministry-of.md,SOURCE REVIEW REQUIRED — no publication-ready rewrite,INVESTIGATE FURTHER,P2,metadata/1456-pt-br--insights--visa--no-a-work-visa-requires-prior-approval-from-the-brazilian-ministry-of.html,schema/1456-pt-br--insights--visa--no-a-work-visa-requires-prior-approval-from-the-brazilian-ministry-of.json,REQUIRED,NOT APPLIED
https://immigratetobrazil.com/pt-br/insights/visa/no-dependents-can-arrive-with-or-after-the-main-visa-holder-in-the-usa/,pages/1457-pt-br--insights--visa--no-dependents-can-arrive-with-or-after-the-main-visa-holder-in-the-usa.md,SOURCE REVIEW REQUIRED — no publication-ready rewrite,INVESTIGATE FURTHER,P2,metadata/1457-pt-br--insights--visa--no-dependents-can-arrive-with-or-after-the-main-visa-holder-in-the-usa.html,schema/1457-pt-br--insights--visa--no-dependents-can-arrive-with-or-after-the-main-visa-holder-in-the-usa.json,REQUIRED,NOT APPLIED
https://immigratetobrazil.com/pt-br/insights/visa/not-everything-is-what-it-seems-especially-in-brazilian-cuisine/,pages/1458-pt-br--insights--visa--not-everything-is-what-it-seems-especially-in-brazilian-cuisine.md,SOURCE REVIEW REQUIRED — no publication-ready rewrite,INVESTIGATE FURTHER,P2,metadata/1458-pt-br--insights--visa--not-everything-is-what-it-seems-especially-in-brazilian-cuisine.html,schema/1458-pt-br--insights--visa--not-everything-is-what-it-seems-especially-in-brazilian-cuisine.json,REQUIRED,NOT APPLIED
https://immigratetobrazil.com/pt-br/insights/visa/nowadays-technology-allows-us-to-work-from-anywhere-in-the-world/,pages/1459-pt-br--insights--visa--nowadays-technology-allows-us-to-work-from-anywhere-in-the-world.md,SOURCE REVIEW REQUIRED — no publication-ready rewrite,INVESTIGATE FURTHER,P2,metadata/1459-pt-br--insights--visa--nowadays-technology-allows-us-to-work-from-anywhere-in-the-world.html,schema/1459-pt-br--insights--visa--nowadays-technology-allows-us-to-work-from-anywhere-in-the-world.json,REQUIRED,NOT APPLIED
https://immigratetobrazil.com/pt-br/insights/visa/obtaining-a-permanent-residence-permit-indefinite-period-in-brazil-is/,pages/1460-pt-br--insights--visa--obtaining-a-permanent-residence-permit-indefinite-period-in-brazil-is.md,SOURCE REVIEW REQUIRED — no publication-ready rewrite,INVESTIGATE FURTHER,P2,metadata/1460-pt-br--insights--visa--obtaining-a-permanent-residence-permit-indefinite-period-in-brazil-is.html,schema/1460-pt-br--insights--visa--obtaining-a-permanent-residence-permit-indefinite-period-in-brazil-is.json,REQUIRED,NOT APPLIED
https://immigratetobrazil.com/pt-br/insights/visa/obtaining-a-residency-permit-as-a-retiree-or-pensioner-in-brazil-provi/,pages/1461-pt-br--insights--visa--obtaining-a-residency-permit-as-a-retiree-or-pensioner-in-brazil-provi.md,SOURCE REVIEW REQUIRED — no publication-ready rewrite,INVESTIGATE FURTHER,P2,metadata/1461-pt-br--insights--visa--obtaining-a-residency-permit-as-a-retiree-or-pensioner-in-brazil-provi.html,schema/1461-pt-br--insights--visa--obtaining-a-residency-permit-as-a-retiree-or-pensioner-in-brazil-provi.json,REQUIRED,NOT APPLIED
https://immigratetobrazil.com/pt-br/insights/visa/obtaining-a-student-visa-to-be-an-exchange-student-in-brazil-offers-a/,pages/1462-pt-br--insights--visa--obtaining-a-student-visa-to-be-an-exchange-student-in-brazil-offers-a.md,SOURCE REVIEW REQUIRED — no publication-ready rewrite,INVESTIGATE FURTHER,P2,metadata/1462-pt-br--insights--visa--obtaining-a-student-visa-to-be-an-exchange-student-in-brazil-offers-a.html,schema/1462-pt-br--insights--visa--obtaining-a-student-visa-to-be-an-exchange-student-in-brazil-offers-a.json,REQUIRED,NOT APPLIED
https://immigratetobrazil.com/pt-br/insights/visa/obtaining-an-immigrant-identity-card-rnm-is-extremely-important-for-im/,pages/1463-pt-br--insights--visa--obtaining-an-immigrant-identity-card-rnm-is-extremely-important-for-im.md,SOURCE REVIEW REQUIRED — no publication-ready rewrite,INVESTIGATE FURTHER,P2,metadata/1463-pt-br--insights--visa--obtaining-an-immigrant-identity-card-rnm-is-extremely-important-for-im.html,schema/1463-pt-br--insights--visa--obtaining-an-immigrant-identity-card-rnm-is-extremely-important-for-im.json,REQUIRED,NOT APPLIED
https://immigratetobrazil.com/pt-br/insights/visa/people-who-exceed-the-legal-period-of-stay-in-brazil-either-by-oversta/,pages/1464-pt-br--insights--visa--people-who-exceed-the-legal-period-of-stay-in-brazil-either-by-oversta.md,SOURCE REVIEW REQUIRED — no publication-ready rewrite,INVESTIGATE FURTHER,P2,metadata/1464-pt-br--insights--visa--people-who-exceed-the-legal-period-of-stay-in-brazil-either-by-oversta.html,schema/1464-pt-br--insights--visa--people-who-exceed-the-legal-period-of-stay-in-brazil-either-by-oversta.json,REQUIRED,NOT APPLIED
https://immigratetobrazil.com/pt-br/insights/visa/permanent-residency-through-the-investor-visa-individual-investment-in/,pages/1465-pt-br--insights--visa--permanent-residency-through-the-investor-visa-individual-investment-in.md,SOURCE REVIEW REQUIRED — no publication-ready rewrite,INVESTIGATE FURTHER,P2,metadata/1465-pt-br--insights--visa--permanent-residency-through-the-investor-visa-individual-investment-in.html,schema/1465-pt-br--insights--visa--permanent-residency-through-the-investor-visa-individual-investment-in.json,REQUIRED,NOT APPLIED
https://immigratetobrazil.com/pt-br/insights/visa/premium-processing-is-a-service-offered-by-the-us-immigration-agency-t/,pages/1466-pt-br--insights--visa--premium-processing-is-a-service-offered-by-the-us-immigration-agency-t.md,SOURCE REVIEW REQUIRED — no publication-ready rewrite,INVESTIGATE FURTHER,P2,metadata/1466-pt-br--insights--visa--premium-processing-is-a-service-offered-by-the-us-immigration-agency-t.html,schema/1466-pt-br--insights--visa--premium-processing-is-a-service-offered-by-the-us-immigration-agency-t.json,REQUIRED,NOT APPLIED
https://immigratetobrazil.com/pt-br/insights/visa/professionals-can-have-the-eb2-niw-visa-as-a-gateway-to-continue-their/,pages/1467-pt-br--insights--visa--professionals-can-have-the-eb2-niw-visa-as-a-gateway-to-continue-their.md,SOURCE REVIEW REQUIRED — no publication-ready rewrite,INVESTIGATE FURTHER,P2,metadata/1467-pt-br--insights--visa--professionals-can-have-the-eb2-niw-visa-as-a-gateway-to-continue-their.html,schema/1467-pt-br--insights--visa--professionals-can-have-the-eb2-niw-visa-as-a-gateway-to-continue-their.json,REQUIRED,NOT APPLIED
https://immigratetobrazil.com/pt-br/insights/visa/qualified-professionals-can-use-the-eb2-niw-visa-as-a-gateway-to-conti/,pages/1468-pt-br--insights--visa--qualified-professionals-can-use-the-eb2-niw-visa-as-a-gateway-to-conti.md,SOURCE REVIEW REQUIRED — no publication-ready rewrite,INVESTIGATE FURTHER,P2,metadata/1468-pt-br--insights--visa--qualified-professionals-can-use-the-eb2-niw-visa-as-a-gateway-to-conti.html,schema/1468-pt-br--insights--visa--qualified-professionals-can-use-the-eb2-niw-visa-as-a-gateway-to-conti.json,REQUIRED,NOT APPLIED
https://immigratetobrazil.com/pt-br/insights/visa/repatriation-also-known-as-national-recovery-operation-represents-the/,pages/1469-pt-br--insights--visa--repatriation-also-known-as-national-recovery-operation-represents-the.md,SOURCE REVIEW REQUIRED — no publication-ready rewrite,INVESTIGATE FURTHER,P2,metadata/1469-pt-br--insights--visa--repatriation-also-known-as-national-recovery-operation-represents-the.html,schema/1469-pt-br--insights--visa--repatriation-also-known-as-national-recovery-operation-represents-the.json,REQUIRED,NOT APPLIED
https://immigratetobrazil.com/pt-br/insights/visa/retirees-and-pensioners-who-want-to-live-in-brazil-can-request-a-tempo/,pages/1470-pt-br--insights--visa--retirees-and-pensioners-who-want-to-live-in-brazil-can-request-a-tempo.md,SOURCE REVIEW REQUIRED — no publication-ready rewrite,INVESTIGATE FURTHER,P2,metadata/1470-pt-br--insights--visa--retirees-and-pensioners-who-want-to-live-in-brazil-can-request-a-tempo.html,schema/1470-pt-br--insights--visa--retirees-and-pensioners-who-want-to-live-in-brazil-can-request-a-tempo.json,REQUIRED,NOT APPLIED
https://immigratetobrazil.com/pt-br/insights/visa/rio-de-janeiro-has-recently-been-named-the-world-s-top-destination-for/,pages/1471-pt-br--insights--visa--rio-de-janeiro-has-recently-been-named-the-world-s-top-destination-for.md,SOURCE REVIEW REQUIRED — no publication-ready rewrite,INVESTIGATE FURTHER,P2,metadata/1471-pt-br--insights--visa--rio-de-janeiro-has-recently-been-named-the-world-s-top-destination-for.html,schema/1471-pt-br--insights--visa--rio-de-janeiro-has-recently-been-named-the-world-s-top-destination-for.json,REQUIRED,NOT APPLIED
https://immigratetobrazil.com/pt-br/insights/visa/since-april-10-2025-tourists-from-the-united-states-canada-and-austral/,pages/1472-pt-br--insights--visa--since-april-10-2025-tourists-from-the-united-states-canada-and-austral.md,SOURCE REVIEW REQUIRED — no publication-ready rewrite,INVESTIGATE FURTHER,P2,metadata/1472-pt-br--insights--visa--since-april-10-2025-tourists-from-the-united-states-canada-and-austral.html,schema/1472-pt-br--insights--visa--since-april-10-2025-tourists-from-the-united-states-canada-and-austral.json,REQUIRED,NOT APPLIED
https://immigratetobrazil.com/pt-br/insights/visa/technical-completion-involves-legal-analysis-of-the-rules-and-circumst/,pages/1473-pt-br--insights--visa--technical-completion-involves-legal-analysis-of-the-rules-and-circumst.md,SOURCE REVIEW REQUIRED — no publication-ready rewrite,INVESTIGATE FURTHER,P2,metadata/1473-pt-br--insights--visa--technical-completion-involves-legal-analysis-of-the-rules-and-circumst.html,schema/1473-pt-br--insights--visa--technical-completion-involves-legal-analysis-of-the-rules-and-circumst.json,REQUIRED,NOT APPLIED
https://immigratetobrazil.com/pt-br/insights/visa/the-american-visa-interview-aims-to-assess-whether-you-are-a-qualified/,pages/1474-pt-br--insights--visa--the-american-visa-interview-aims-to-assess-whether-you-are-a-qualified.md,SOURCE REVIEW REQUIRED — no publication-ready rewrite,INVESTIGATE FURTHER,P2,metadata/1474-pt-br--insights--visa--the-american-visa-interview-aims-to-assess-whether-you-are-a-qualified.html,schema/1474-pt-br--insights--visa--the-american-visa-interview-aims-to-assess-whether-you-are-a-qualified.json,REQUIRED,NOT APPLIED
https://immigratetobrazil.com/pt-br/insights/visa/the-authorization-of-indefinite-term-residence-in-brazil-can-be-obtain/,pages/1475-pt-br--insights--visa--the-authorization-of-indefinite-term-residence-in-brazil-can-be-obtain.md,SOURCE REVIEW REQUIRED — no publication-ready rewrite,INVESTIGATE FURTHER,P2,metadata/1475-pt-br--insights--visa--the-authorization-of-indefinite-term-residence-in-brazil-can-be-obtain.html,schema/1475-pt-br--insights--visa--the-authorization-of-indefinite-term-residence-in-brazil-can-be-obtain.json,REQUIRED,NOT APPLIED
https://immigratetobrazil.com/pt-br/insights/visa/the-biggest-cause-of-losing-an-irish-student-visa-is-when-the-immigran/,pages/1476-pt-br--insights--visa--the-biggest-cause-of-losing-an-irish-student-visa-is-when-the-immigran.md,SOURCE REVIEW REQUIRED — no publication-ready rewrite,INVESTIGATE FURTHER,P2,metadata/1476-pt-br--insights--visa--the-biggest-cause-of-losing-an-irish-student-visa-is-when-the-immigran.html,schema/1476-pt-br--insights--visa--the-biggest-cause-of-losing-an-irish-student-visa-is-when-the-immigran.json,REQUIRED,NOT APPLIED
https://immigratetobrazil.com/pt-br/insights/visa/the-brazilian-retirement-visa-is-an-excellent-choice-for-retirees-and/,pages/1477-pt-br--insights--visa--the-brazilian-retirement-visa-is-an-excellent-choice-for-retirees-and.md,SOURCE REVIEW REQUIRED — no publication-ready rewrite,INVESTIGATE FURTHER,P2,metadata/1477-pt-br--insights--visa--the-brazilian-retirement-visa-is-an-excellent-choice-for-retirees-and.html,schema/1477-pt-br--insights--visa--the-brazilian-retirement-visa-is-an-excellent-choice-for-retirees-and.json,REQUIRED,NOT APPLIED
https://immigratetobrazil.com/pt-br/insights/visa/the-brazilian-visa-for-digital-nomads-allows-you-to-stay-for-up-to-one/,pages/1478-pt-br--insights--visa--the-brazilian-visa-for-digital-nomads-allows-you-to-stay-for-up-to-one.md,SOURCE REVIEW REQUIRED — no publication-ready rewrite,INVESTIGATE FURTHER,P2,metadata/1478-pt-br--insights--visa--the-brazilian-visa-for-digital-nomads-allows-you-to-stay-for-up-to-one.html,schema/1478-pt-br--insights--visa--the-brazilian-visa-for-digital-nomads-allows-you-to-stay-for-up-to-one.json,REQUIRED,NOT APPLIED
https://immigratetobrazil.com/pt-br/insights/visa/the-brazilian-work-visa-for-employment-is-granted-to-foreign-nationals/,pages/1479-pt-br--insights--visa--the-brazilian-work-visa-for-employment-is-granted-to-foreign-nationals.md,SOURCE REVIEW REQUIRED — no publication-ready rewrite,INVESTIGATE FURTHER,P2,metadata/1479-pt-br--insights--visa--the-brazilian-work-visa-for-employment-is-granted-to-foreign-nationals.html,schema/1479-pt-br--insights--visa--the-brazilian-work-visa-for-employment-is-granted-to-foreign-nationals.json,REQUIRED,NOT APPLIED
https://immigratetobrazil.com/pt-br/insights/visa/the-cplp-community-of-portuguese-speaking-countries-visa-is-an-option/,pages/1480-pt-br--insights--visa--the-cplp-community-of-portuguese-speaking-countries-visa-is-an-option.md,SOURCE REVIEW REQUIRED — no publication-ready rewrite,INVESTIGATE FURTHER,P2,metadata/1480-pt-br--insights--visa--the-cplp-community-of-portuguese-speaking-countries-visa-is-an-option.html,schema/1480-pt-br--insights--visa--the-cplp-community-of-portuguese-speaking-countries-visa-is-an-option.json,REQUIRED,NOT APPLIED
https://immigratetobrazil.com/pt-br/insights/visa/the-cplp-temporary-residence-visa-is-intended-for-citizens-of-the-coun/,pages/1481-pt-br--insights--visa--the-cplp-temporary-residence-visa-is-intended-for-citizens-of-the-coun.md,SOURCE REVIEW REQUIRED — no publication-ready rewrite,INVESTIGATE FURTHER,P2,metadata/1481-pt-br--insights--visa--the-cplp-temporary-residence-visa-is-intended-for-citizens-of-the-coun.html,schema/1481-pt-br--insights--visa--the-cplp-temporary-residence-visa-is-intended-for-citizens-of-the-coun.json,REQUIRED,NOT APPLIED
https://immigratetobrazil.com/pt-br/insights/visa/the-deadline-for-visa-requirements-for-citizens-of-australia-canada-an/,pages/1482-pt-br--insights--visa--the-deadline-for-visa-requirements-for-citizens-of-australia-canada-an.md,SOURCE REVIEW REQUIRED — no publication-ready rewrite,INVESTIGATE FURTHER,P2,metadata/1482-pt-br--insights--visa--the-deadline-for-visa-requirements-for-citizens-of-australia-canada-an.html,schema/1482-pt-br--insights--visa--the-deadline-for-visa-requirements-for-citizens-of-australia-canada-an.json,REQUIRED,NOT APPLIED
https://immigratetobrazil.com/pt-br/insights/visa/the-duration-for-which-a-foreigner-can-be-absent-from-the-country-with/,pages/1483-pt-br--insights--visa--the-duration-for-which-a-foreigner-can-be-absent-from-the-country-with.md,SOURCE REVIEW REQUIRED — no publication-ready rewrite,INVESTIGATE FURTHER,P2,metadata/1483-pt-br--insights--visa--the-duration-for-which-a-foreigner-can-be-absent-from-the-country-with.html,schema/1483-pt-br--insights--visa--the-duration-for-which-a-foreigner-can-be-absent-from-the-country-with.json,REQUIRED,NOT APPLIED
https://immigratetobrazil.com/pt-br/insights/visa/the-eb-2-niw-national-interest-waiver-visa-is-not-limited-exclusively/,pages/1484-pt-br--insights--visa--the-eb-2-niw-national-interest-waiver-visa-is-not-limited-exclusively.md,SOURCE REVIEW REQUIRED — no publication-ready rewrite,INVESTIGATE FURTHER,P2,metadata/1484-pt-br--insights--visa--the-eb-2-niw-national-interest-waiver-visa-is-not-limited-exclusively.html,schema/1484-pt-br--insights--visa--the-eb-2-niw-national-interest-waiver-visa-is-not-limited-exclusively.json,REQUIRED,NOT APPLIED
https://immigratetobrazil.com/pt-br/insights/visa/the-eb2-niw-visa-is-a-great-opportunity-to-internationalize-your-caree/,pages/1485-pt-br--insights--visa--the-eb2-niw-visa-is-a-great-opportunity-to-internationalize-your-caree.md,SOURCE REVIEW REQUIRED — no publication-ready rewrite,INVESTIGATE FURTHER,P2,metadata/1485-pt-br--insights--visa--the-eb2-niw-visa-is-a-great-opportunity-to-internationalize-your-caree.html,schema/1485-pt-br--insights--visa--the-eb2-niw-visa-is-a-great-opportunity-to-internationalize-your-caree.json,REQUIRED,NOT APPLIED
https://immigratetobrazil.com/pt-br/insights/visa/the-end-of-the-expression-of-interest-for-immigrants-in-portugal-marks/,pages/1486-pt-br--insights--visa--the-end-of-the-expression-of-interest-for-immigrants-in-portugal-marks.md,SOURCE REVIEW REQUIRED — no publication-ready rewrite,INVESTIGATE FURTHER,P2,metadata/1486-pt-br--insights--visa--the-end-of-the-expression-of-interest-for-immigrants-in-portugal-marks.html,schema/1486-pt-br--insights--visa--the-end-of-the-expression-of-interest-for-immigrants-in-portugal-marks.json,REQUIRED,NOT APPLIED
https://immigratetobrazil.com/pt-br/insights/visa/the-future-fee-for-travelers-entering-europe-known-as-etias-had-its-la/,pages/1487-pt-br--insights--visa--the-future-fee-for-travelers-entering-europe-known-as-etias-had-its-la.md,SOURCE REVIEW REQUIRED — no publication-ready rewrite,INVESTIGATE FURTHER,P2,metadata/1487-pt-br--insights--visa--the-future-fee-for-travelers-entering-europe-known-as-etias-had-its-la.html,schema/1487-pt-br--insights--visa--the-future-fee-for-travelers-entering-europe-known-as-etias-had-its-la.json,REQUIRED,NOT APPLIED
https://immigratetobrazil.com/pt-br/insights/visa/the-granting-of-a-religious-visa-can-be-issued-to-a-foreign-national-e/,pages/1488-pt-br--insights--visa--the-granting-of-a-religious-visa-can-be-issued-to-a-foreign-national-e.md,SOURCE REVIEW REQUIRED — no publication-ready rewrite,INVESTIGATE FURTHER,P2,metadata/1488-pt-br--insights--visa--the-granting-of-a-religious-visa-can-be-issued-to-a-foreign-national-e.html,schema/1488-pt-br--insights--visa--the-granting-of-a-religious-visa-can-be-issued-to-a-foreign-national-e.json,REQUIRED,NOT APPLIED
https://immigratetobrazil.com/pt-br/insights/visa/the-holiday-work-visa-program-between-brazil-and-new-zealand-offers-ne/,pages/1489-pt-br--insights--visa--the-holiday-work-visa-program-between-brazil-and-new-zealand-offers-ne.md,SOURCE REVIEW REQUIRED — no publication-ready rewrite,INVESTIGATE FURTHER,P2,metadata/1489-pt-br--insights--visa--the-holiday-work-visa-program-between-brazil-and-new-zealand-offers-ne.html,schema/1489-pt-br--insights--visa--the-holiday-work-visa-program-between-brazil-and-new-zealand-offers-ne.json,REQUIRED,NOT APPLIED
https://immigratetobrazil.com/pt-br/insights/visa/the-importance-of-getting-legal-guidance-from-a-lawyer-in-travel-and-i/,pages/1490-pt-br--insights--visa--the-importance-of-getting-legal-guidance-from-a-lawyer-in-travel-and-i.md,SOURCE REVIEW REQUIRED — no publication-ready rewrite,INVESTIGATE FURTHER,P2,metadata/1490-pt-br--insights--visa--the-importance-of-getting-legal-guidance-from-a-lawyer-in-travel-and-i.html,schema/1490-pt-br--insights--visa--the-importance-of-getting-legal-guidance-from-a-lawyer-in-travel-and-i.json,REQUIRED,NOT APPLIED
https://immigratetobrazil.com/pt-br/insights/visa/the-initial-projection-indicated-that-visa-requirements-for-citizens-o-2/,pages/1491-pt-br--insights--visa--the-initial-projection-indicated-that-visa-requirements-for-citizens-o-2.md,SOURCE REVIEW REQUIRED — no publication-ready rewrite,INVESTIGATE FURTHER,P2,metadata/1491-pt-br--insights--visa--the-initial-projection-indicated-that-visa-requirements-for-citizens-o-2.html,schema/1491-pt-br--insights--visa--the-initial-projection-indicated-that-visa-requirements-for-citizens-o-2.json,REQUIRED,NOT APPLIED
https://immigratetobrazil.com/pt-br/insights/visa/the-initial-projection-indicated-that-visa-requirements-for-citizens-o/,pages/1492-pt-br--insights--visa--the-initial-projection-indicated-that-visa-requirements-for-citizens-o.md,SOURCE REVIEW REQUIRED — no publication-ready rewrite,INVESTIGATE FURTHER,P2,metadata/1492-pt-br--insights--visa--the-initial-projection-indicated-that-visa-requirements-for-citizens-o.html,schema/1492-pt-br--insights--visa--the-initial-projection-indicated-that-visa-requirements-for-citizens-o.json,REQUIRED,NOT APPLIED
https://immigratetobrazil.com/pt-br/insights/visa/the-international-immunisation-certificate-is-necessary-for-individual/,pages/1493-pt-br--insights--visa--the-international-immunisation-certificate-is-necessary-for-individual.md,SOURCE REVIEW REQUIRED — no publication-ready rewrite,INVESTIGATE FURTHER,P2,metadata/1493-pt-br--insights--visa--the-international-immunisation-certificate-is-necessary-for-individual.html,schema/1493-pt-br--insights--visa--the-international-immunisation-certificate-is-necessary-for-individual.json,REQUIRED,NOT APPLIED
https://immigratetobrazil.com/pt-br/insights/visa/the-interview-for-the-american-visa-in-brazil-is-carried-out-in-portug/,pages/1494-pt-br--insights--visa--the-interview-for-the-american-visa-in-brazil-is-carried-out-in-portug.md,SOURCE REVIEW REQUIRED — no publication-ready rewrite,INVESTIGATE FURTHER,P2,metadata/1494-pt-br--insights--visa--the-interview-for-the-american-visa-in-brazil-is-carried-out-in-portug.html,schema/1494-pt-br--insights--visa--the-interview-for-the-american-visa-in-brazil-is-carried-out-in-portug.json,REQUIRED,NOT APPLIED
https://immigratetobrazil.com/pt-br/insights/visa/the-japanese-immigration-service-has-announced-a-new-visa-the-digital/,pages/1495-pt-br--insights--visa--the-japanese-immigration-service-has-announced-a-new-visa-the-digital.md,SOURCE REVIEW REQUIRED — no publication-ready rewrite,INVESTIGATE FURTHER,P2,metadata/1495-pt-br--insights--visa--the-japanese-immigration-service-has-announced-a-new-visa-the-digital.html,schema/1495-pt-br--insights--visa--the-japanese-immigration-service-has-announced-a-new-visa-the-digital.json,REQUIRED,NOT APPLIED
https://immigratetobrazil.com/pt-br/insights/visa/the-joint-family-visa-for-spouses-and-partners-in-a-recognized-stable/,pages/1496-pt-br--insights--visa--the-joint-family-visa-for-spouses-and-partners-in-a-recognized-stable.md,SOURCE REVIEW REQUIRED — no publication-ready rewrite,INVESTIGATE FURTHER,P2,metadata/1496-pt-br--insights--visa--the-joint-family-visa-for-spouses-and-partners-in-a-recognized-stable.html,schema/1496-pt-br--insights--visa--the-joint-family-visa-for-spouses-and-partners-in-a-recognized-stable.json,REQUIRED,NOT APPLIED
https://immigratetobrazil.com/pt-br/insights/visa/the-k-1-visa-is-intended-for-foreign-fiances-of-united-states-citizens/,pages/1497-pt-br--insights--visa--the-k-1-visa-is-intended-for-foreign-fiances-of-united-states-citizens.md,SOURCE REVIEW REQUIRED — no publication-ready rewrite,INVESTIGATE FURTHER,P2,metadata/1497-pt-br--insights--visa--the-k-1-visa-is-intended-for-foreign-fiances-of-united-states-citizens.html,schema/1497-pt-br--insights--visa--the-k-1-visa-is-intended-for-foreign-fiances-of-united-states-citizens.json,REQUIRED,NOT APPLIED
https://immigratetobrazil.com/pt-br/insights/visa/the-legislation-outlines-the-specific-functions-and-sets-forth-several/,pages/1498-pt-br--insights--visa--the-legislation-outlines-the-specific-functions-and-sets-forth-several.md,SOURCE REVIEW REQUIRED — no publication-ready rewrite,INVESTIGATE FURTHER,P2,metadata/1498-pt-br--insights--visa--the-legislation-outlines-the-specific-functions-and-sets-forth-several.html,schema/1498-pt-br--insights--visa--the-legislation-outlines-the-specific-functions-and-sets-forth-several.json,REQUIRED,NOT APPLIED
https://immigratetobrazil.com/pt-br/insights/visa/the-main-hypotheses-are-travel-document-that-is-not-valid-for-brazil-t/,pages/1499-pt-br--insights--visa--the-main-hypotheses-are-travel-document-that-is-not-valid-for-brazil-t.md,SOURCE REVIEW REQUIRED — no publication-ready rewrite,INVESTIGATE FURTHER,P2,metadata/1499-pt-br--insights--visa--the-main-hypotheses-are-travel-document-that-is-not-valid-for-brazil-t.html,schema/1499-pt-br--insights--visa--the-main-hypotheses-are-travel-document-that-is-not-valid-for-brazil-t.json,REQUIRED,NOT APPLIED
https://immigratetobrazil.com/pt-br/insights/visa/the-recent-interministerial-ordinance-represents-a-significant-advance/,pages/1500-pt-br--insights--visa--the-recent-interministerial-ordinance-represents-a-significant-advance.md,SOURCE REVIEW REQUIRED — no publication-ready rewrite,INVESTIGATE FURTHER,P2,metadata/1500-pt-br--insights--visa--the-recent-interministerial-ordinance-represents-a-significant-advance.html,schema/1500-pt-br--insights--visa--the-recent-interministerial-ordinance-represents-a-significant-advance.json,REQUIRED,NOT APPLIED
https://immigratetobrazil.com/pt-br/insights/visa/the-residence-permit-for-an-indefinite-period-in-brazil-can-be-obtaine/,pages/1501-pt-br--insights--visa--the-residence-permit-for-an-indefinite-period-in-brazil-can-be-obtaine.md,SOURCE REVIEW REQUIRED — no publication-ready rewrite,INVESTIGATE FURTHER,P2,metadata/1501-pt-br--insights--visa--the-residence-permit-for-an-indefinite-period-in-brazil-can-be-obtaine.html,schema/1501-pt-br--insights--visa--the-residence-permit-for-an-indefinite-period-in-brazil-can-be-obtaine.json,REQUIRED,NOT APPLIED
https://immigratetobrazil.com/pt-br/insights/visa/the-retirement-visa-for-brazil-is-designed-for-individuals-who-wish-to/,pages/1502-pt-br--insights--visa--the-retirement-visa-for-brazil-is-designed-for-individuals-who-wish-to.md,SOURCE REVIEW REQUIRED — no publication-ready rewrite,INVESTIGATE FURTHER,P2,metadata/1502-pt-br--insights--visa--the-retirement-visa-for-brazil-is-designed-for-individuals-who-wish-to.html,schema/1502-pt-br--insights--visa--the-retirement-visa-for-brazil-is-designed-for-individuals-who-wish-to.json,REQUIRED,NOT APPLIED
https://immigratetobrazil.com/pt-br/insights/visa/the-retirement-visa-for-brazil-is-intended-for-individuals-who-wish-to/,pages/1503-pt-br--insights--visa--the-retirement-visa-for-brazil-is-intended-for-individuals-who-wish-to.md,SOURCE REVIEW REQUIRED — no publication-ready rewrite,INVESTIGATE FURTHER,P2,metadata/1503-pt-br--insights--visa--the-retirement-visa-for-brazil-is-intended-for-individuals-who-wish-to.html,schema/1503-pt-br--insights--visa--the-retirement-visa-for-brazil-is-intended-for-individuals-who-wish-to.json,REQUIRED,NOT APPLIED
https://immigratetobrazil.com/pt-br/insights/visa/the-rules-for-work-immigration-allow-individuals-to-obtain-a-visa-or-r/,pages/1504-pt-br--insights--visa--the-rules-for-work-immigration-allow-individuals-to-obtain-a-visa-or-r.md,SOURCE REVIEW REQUIRED — no publication-ready rewrite,INVESTIGATE FURTHER,P2,metadata/1504-pt-br--insights--visa--the-rules-for-work-immigration-allow-individuals-to-obtain-a-visa-or-r.html,schema/1504-pt-br--insights--visa--the-rules-for-work-immigration-allow-individuals-to-obtain-a-visa-or-r.json,REQUIRED,NOT APPLIED
https://immigratetobrazil.com/pt-br/insights/visa/the-time-a-foreigner-can-be-absent-from-the-country-without-losing-the/,pages/1505-pt-br--insights--visa--the-time-a-foreigner-can-be-absent-from-the-country-without-losing-the.md,SOURCE REVIEW REQUIRED — no publication-ready rewrite,INVESTIGATE FURTHER,P2,metadata/1505-pt-br--insights--visa--the-time-a-foreigner-can-be-absent-from-the-country-without-losing-the.html,schema/1505-pt-br--insights--visa--the-time-a-foreigner-can-be-absent-from-the-country-without-losing-the.json,REQUIRED,NOT APPLIED
https://immigratetobrazil.com/pt-br/insights/visa/the-undergraduate-student-agreement-program-pec-g-is-a-brazilian-gover/,pages/1506-pt-br--insights--visa--the-undergraduate-student-agreement-program-pec-g-is-a-brazilian-gover.md,SOURCE REVIEW REQUIRED — no publication-ready rewrite,INVESTIGATE FURTHER,P2,metadata/1506-pt-br--insights--visa--the-undergraduate-student-agreement-program-pec-g-is-a-brazilian-gover.html,schema/1506-pt-br--insights--visa--the-undergraduate-student-agreement-program-pec-g-is-a-brazilian-gover.json,REQUIRED,NOT APPLIED
https://immigratetobrazil.com/pt-br/insights/visa/the-visa-and-residence-for-the-purpose-of-working-without-employment-i/,pages/1507-pt-br--insights--visa--the-visa-and-residence-for-the-purpose-of-working-without-employment-i.md,SOURCE REVIEW REQUIRED — no publication-ready rewrite,INVESTIGATE FURTHER,P2,metadata/1507-pt-br--insights--visa--the-visa-and-residence-for-the-purpose-of-working-without-employment-i.html,schema/1507-pt-br--insights--visa--the-visa-and-residence-for-the-purpose-of-working-without-employment-i.json,REQUIRED,NOT APPLIED
https://immigratetobrazil.com/pt-br/insights/visa/the-work-holiday-visa-agreement-between-brazil-and-france-allows-young/,pages/1508-pt-br--insights--visa--the-work-holiday-visa-agreement-between-brazil-and-france-allows-young.md,SOURCE REVIEW REQUIRED — no publication-ready rewrite,INVESTIGATE FURTHER,P2,metadata/1508-pt-br--insights--visa--the-work-holiday-visa-agreement-between-brazil-and-france-allows-young.html,schema/1508-pt-br--insights--visa--the-work-holiday-visa-agreement-between-brazil-and-france-allows-young.json,REQUIRED,NOT APPLIED
https://immigratetobrazil.com/pt-br/insights/visa/the-working-and-holiday-visa-agreement-between-brazil-and-france-allow/,pages/1509-pt-br--insights--visa--the-working-and-holiday-visa-agreement-between-brazil-and-france-allow.md,SOURCE REVIEW REQUIRED — no publication-ready rewrite,INVESTIGATE FURTHER,P2,metadata/1509-pt-br--insights--visa--the-working-and-holiday-visa-agreement-between-brazil-and-france-allow.html,schema/1509-pt-br--insights--visa--the-working-and-holiday-visa-agreement-between-brazil-and-france-allow.json,REQUIRED,NOT APPLIED
https://immigratetobrazil.com/pt-br/insights/visa/this-brazilian-visa-is-intended-for-those-who-wish-to-carry-out-academ/,pages/1510-pt-br--insights--visa--this-brazilian-visa-is-intended-for-those-who-wish-to-carry-out-academ.md,SOURCE REVIEW REQUIRED — no publication-ready rewrite,INVESTIGATE FURTHER,P2,metadata/1510-pt-br--insights--visa--this-brazilian-visa-is-intended-for-those-who-wish-to-carry-out-academ.html,schema/1510-pt-br--insights--visa--this-brazilian-visa-is-intended-for-those-who-wish-to-carry-out-academ.json,REQUIRED,NOT APPLIED
https://immigratetobrazil.com/pt-br/insights/visa/this-can-be-done-at-the-consulate-or-embassy-of-the-country-that-issue/,pages/1511-pt-br--insights--visa--this-can-be-done-at-the-consulate-or-embassy-of-the-country-that-issue.md,SOURCE REVIEW REQUIRED — no publication-ready rewrite,INVESTIGATE FURTHER,P2,metadata/1511-pt-br--insights--visa--this-can-be-done-at-the-consulate-or-embassy-of-the-country-that-issue.html,schema/1511-pt-br--insights--visa--this-can-be-done-at-the-consulate-or-embassy-of-the-country-that-issue.json,REQUIRED,NOT APPLIED
https://immigratetobrazil.com/pt-br/insights/visa/this-day-established-by-the-un-reinforces-the-importance-of-joining-fo/,pages/1512-pt-br--insights--visa--this-day-established-by-the-un-reinforces-the-importance-of-joining-fo.md,SOURCE REVIEW REQUIRED — no publication-ready rewrite,INVESTIGATE FURTHER,P2,metadata/1512-pt-br--insights--visa--this-day-established-by-the-un-reinforces-the-importance-of-joining-fo.html,schema/1512-pt-br--insights--visa--this-day-established-by-the-un-reinforces-the-importance-of-joining-fo.json,REQUIRED,NOT APPLIED
https://immigratetobrazil.com/pt-br/insights/visa/this-is-an-illegal-and-extremely-risky-practice-that-can-lead-to-sever/,pages/1513-pt-br--insights--visa--this-is-an-illegal-and-extremely-risky-practice-that-can-lead-to-sever.md,SOURCE REVIEW REQUIRED — no publication-ready rewrite,INVESTIGATE FURTHER,P2,metadata/1513-pt-br--insights--visa--this-is-an-illegal-and-extremely-risky-practice-that-can-lead-to-sever.html,schema/1513-pt-br--insights--visa--this-is-an-illegal-and-extremely-risky-practice-that-can-lead-to-sever.json,REQUIRED,NOT APPLIED
https://immigratetobrazil.com/pt-br/insights/visa/to-obtain-a-brazilian-study-visa-you-must-be-enrolled-in-an-educationa/,pages/1514-pt-br--insights--visa--to-obtain-a-brazilian-study-visa-you-must-be-enrolled-in-an-educationa.md,SOURCE REVIEW REQUIRED — no publication-ready rewrite,INVESTIGATE FURTHER,P2,metadata/1514-pt-br--insights--visa--to-obtain-a-brazilian-study-visa-you-must-be-enrolled-in-an-educationa.html,schema/1514-pt-br--insights--visa--to-obtain-a-brazilian-study-visa-you-must-be-enrolled-in-an-educationa.json,REQUIRED,NOT APPLIED
https://immigratetobrazil.com/pt-br/insights/visa/to-prove-your-civil-union-status-with-a-foreign-person-a-certificate-i/,pages/1515-pt-br--insights--visa--to-prove-your-civil-union-status-with-a-foreign-person-a-certificate-i.md,SOURCE REVIEW REQUIRED — no publication-ready rewrite,INVESTIGATE FURTHER,P2,metadata/1515-pt-br--insights--visa--to-prove-your-civil-union-status-with-a-foreign-person-a-certificate-i.html,schema/1515-pt-br--insights--visa--to-prove-your-civil-union-status-with-a-foreign-person-a-certificate-i.json,REQUIRED,NOT APPLIED
https://immigratetobrazil.com/pt-br/insights/visa/travellers-in-brazil-can-access-a-variety-of-basic-healthcare-services/,pages/1516-pt-br--insights--visa--travellers-in-brazil-can-access-a-variety-of-basic-healthcare-services.md,SOURCE REVIEW REQUIRED — no publication-ready rewrite,INVESTIGATE FURTHER,P2,metadata/1516-pt-br--insights--visa--travellers-in-brazil-can-access-a-variety-of-basic-healthcare-services.html,schema/1516-pt-br--insights--visa--travellers-in-brazil-can-access-a-variety-of-basic-healthcare-services.json,REQUIRED,NOT APPLIED
https://immigratetobrazil.com/pt-br/insights/visa/upon-arriving-in-brazil-with-a-visa-you-will-have-90-days-to-register/,pages/1517-pt-br--insights--visa--upon-arriving-in-brazil-with-a-visa-you-will-have-90-days-to-register.md,SOURCE REVIEW REQUIRED — no publication-ready rewrite,INVESTIGATE FURTHER,P2,metadata/1517-pt-br--insights--visa--upon-arriving-in-brazil-with-a-visa-you-will-have-90-days-to-register.html,schema/1517-pt-br--insights--visa--upon-arriving-in-brazil-with-a-visa-you-will-have-90-days-to-register.json,REQUIRED,NOT APPLIED
https://immigratetobrazil.com/pt-br/insights/visa/visa-guidance-legal-requirements-and-filing-steps-in-brazil-2/,pages/1518-pt-br--insights--visa--visa-guidance-legal-requirements-and-filing-steps-in-brazil-2.md,SOURCE REVIEW REQUIRED — no publication-ready rewrite,INVESTIGATE FURTHER,P2,metadata/1518-pt-br--insights--visa--visa-guidance-legal-requirements-and-filing-steps-in-brazil-2.html,schema/1518-pt-br--insights--visa--visa-guidance-legal-requirements-and-filing-steps-in-brazil-2.json,REQUIRED,NOT APPLIED
https://immigratetobrazil.com/pt-br/insights/visa/visa-guidance-legal-requirements-and-filing-steps-in-brazil-3/,pages/1519-pt-br--insights--visa--visa-guidance-legal-requirements-and-filing-steps-in-brazil-3.md,SOURCE REVIEW REQUIRED — no publication-ready rewrite,INVESTIGATE FURTHER,P2,metadata/1519-pt-br--insights--visa--visa-guidance-legal-requirements-and-filing-steps-in-brazil-3.html,schema/1519-pt-br--insights--visa--visa-guidance-legal-requirements-and-filing-steps-in-brazil-3.json,REQUIRED,NOT APPLIED
https://immigratetobrazil.com/pt-br/insights/visa/visa-guidance-legal-requirements-and-filing-steps-in-brazil/,pages/1520-pt-br--insights--visa--visa-guidance-legal-requirements-and-filing-steps-in-brazil.md,SOURCE REVIEW REQUIRED — no publication-ready rewrite,INVESTIGATE FURTHER,P2,metadata/1520-pt-br--insights--visa--visa-guidance-legal-requirements-and-filing-steps-in-brazil.html,schema/1520-pt-br--insights--visa--visa-guidance-legal-requirements-and-filing-steps-in-brazil.json,REQUIRED,NOT APPLIED
https://immigratetobrazil.com/pt-br/legal/,pages/1521-pt-br--legal.md,DRAFT — editorial review required,OPTIMIZE,P2,metadata/1521-pt-br--legal.html,schema/1521-pt-br--legal.json,CHECK EXISTING CLAIMS,NOT APPLIED
https://immigratetobrazil.com/pt-br/legal/404/,pages/1522-pt-br--legal--404.md,UTILITY — preserve noindex,NOINDEX,P3,metadata/1522-pt-br--legal--404.html,schema/1522-pt-br--legal--404.json,CHECK EXISTING CLAIMS,NOT APPLIED
https://immigratetobrazil.com/pt-br/legal/accessibility/,pages/1523-pt-br--legal--accessibility.md,DRAFT — editorial review required,OPTIMIZE,P2,metadata/1523-pt-br--legal--accessibility.html,schema/1523-pt-br--legal--accessibility.json,CHECK EXISTING CLAIMS,NOT APPLIED
https://immigratetobrazil.com/pt-br/legal/cookies/,pages/1524-pt-br--legal--cookies.md,DRAFT — editorial review required,OPTIMIZE,P2,metadata/1524-pt-br--legal--cookies.html,schema/1524-pt-br--legal--cookies.json,CHECK EXISTING CLAIMS,NOT APPLIED
https://immigratetobrazil.com/pt-br/legal/disclaimer/,pages/1525-pt-br--legal--disclaimer.md,DRAFT — editorial review required,OPTIMIZE,P2,metadata/1525-pt-br--legal--disclaimer.html,schema/1525-pt-br--legal--disclaimer.json,CHECK EXISTING CLAIMS,NOT APPLIED
https://immigratetobrazil.com/pt-br/legal/emergency/,pages/1526-pt-br--legal--emergency.md,DRAFT — editorial review required,OPTIMIZE,P2,metadata/1526-pt-br--legal--emergency.html,schema/1526-pt-br--legal--emergency.json,CHECK EXISTING CLAIMS,NOT APPLIED
https://immigratetobrazil.com/pt-br/legal/form/,pages/1527-pt-br--legal--form.md,DRAFT — editorial review required,OPTIMIZE,P2,metadata/1527-pt-br--legal--form.html,schema/1527-pt-br--legal--form.json,CHECK EXISTING CLAIMS,NOT APPLIED
https://immigratetobrazil.com/pt-br/legal/gdpr/,pages/1528-pt-br--legal--gdpr.md,DRAFT — editorial review required,OPTIMIZE,P2,metadata/1528-pt-br--legal--gdpr.html,schema/1528-pt-br--legal--gdpr.json,CHECK EXISTING CLAIMS,NOT APPLIED
https://immigratetobrazil.com/pt-br/legal/lgpd/,pages/1529-pt-br--legal--lgpd.md,DRAFT — editorial review required,OPTIMIZE,P2,metadata/1529-pt-br--legal--lgpd.html,schema/1529-pt-br--legal--lgpd.json,CHECK EXISTING CLAIMS,NOT APPLIED
https://immigratetobrazil.com/pt-br/legal/payment/,pages/1530-pt-br--legal--payment.md,DRAFT — editorial review required,OPTIMIZE,P2,metadata/1530-pt-br--legal--payment.html,schema/1530-pt-br--legal--payment.json,CHECK EXISTING CLAIMS,NOT APPLIED
https://immigratetobrazil.com/pt-br/legal/privacy/,pages/1531-pt-br--legal--privacy.md,DRAFT — editorial review required,OPTIMIZE,P2,metadata/1531-pt-br--legal--privacy.html,schema/1531-pt-br--legal--privacy.json,CHECK EXISTING CLAIMS,NOT APPLIED
https://immigratetobrazil.com/pt-br/legal/refund/,pages/1532-pt-br--legal--refund.md,DRAFT — editorial review required,OPTIMIZE,P2,metadata/1532-pt-br--legal--refund.html,schema/1532-pt-br--legal--refund.json,CHECK EXISTING CLAIMS,NOT APPLIED
https://immigratetobrazil.com/pt-br/legal/search/,pages/1533-pt-br--legal--search.md,UTILITY — preserve noindex,NOINDEX,P3,metadata/1533-pt-br--legal--search.html,schema/1533-pt-br--legal--search.json,CHECK EXISTING CLAIMS,NOT APPLIED
https://immigratetobrazil.com/pt-br/legal/terms/,pages/1534-pt-br--legal--terms.md,DRAFT — editorial review required,OPTIMIZE,P2,metadata/1534-pt-br--legal--terms.html,schema/1534-pt-br--legal--terms.json,CHECK EXISTING CLAIMS,NOT APPLIED
https://immigratetobrazil.com/pt-br/process/,pages/1535-pt-br--process.md,DRAFT — editorial review required,OPTIMIZE,P2,metadata/1535-pt-br--process.html,schema/1535-pt-br--process.json,REQUIRED,NOT APPLIED
https://immigratetobrazil.com/pt-br/process/aftercare/,pages/1536-pt-br--process--aftercare.md,DRAFT — editorial review required,OPTIMIZE,P2,metadata/1536-pt-br--process--aftercare.html,schema/1536-pt-br--process--aftercare.json,REQUIRED,NOT APPLIED
https://immigratetobrazil.com/pt-br/process/alone/,pages/1537-pt-br--process--alone.md,DRAFT — editorial review required,OPTIMIZE,P2,metadata/1537-pt-br--process--alone.html,schema/1537-pt-br--process--alone.json,REQUIRED,NOT APPLIED
https://immigratetobrazil.com/pt-br/process/approval/,pages/1538-pt-br--process--approval.md,DRAFT — editorial review required,OPTIMIZE,P2,metadata/1538-pt-br--process--approval.html,schema/1538-pt-br--process--approval.json,REQUIRED,NOT APPLIED
https://immigratetobrazil.com/pt-br/process/assessment/,pages/1539-pt-br--process--assessment.md,DRAFT — editorial review required,OPTIMIZE,P2,metadata/1539-pt-br--process--assessment.html,schema/1539-pt-br--process--assessment.json,REQUIRED,NOT APPLIED
https://immigratetobrazil.com/pt-br/process/compliance/,pages/1540-pt-br--process--compliance.md,DRAFT — editorial review required,OPTIMIZE,P2,metadata/1540-pt-br--process--compliance.html,schema/1540-pt-br--process--compliance.json,REQUIRED,NOT APPLIED
https://immigratetobrazil.com/pt-br/process/consultation/,pages/1541-pt-br--process--consultation.md,DRAFT — editorial review required,OPTIMIZE,P2,metadata/1541-pt-br--process--consultation.html,schema/1541-pt-br--process--consultation.json,REQUIRED,NOT APPLIED
https://immigratetobrazil.com/pt-br/process/conversion/,pages/1542-pt-br--process--conversion.md,DRAFT — editorial review required,OPTIMIZE,P2,metadata/1542-pt-br--process--conversion.html,schema/1542-pt-br--process--conversion.json,REQUIRED,NOT APPLIED
https://immigratetobrazil.com/pt-br/process/deadlines/,pages/1543-pt-br--process--deadlines.md,DRAFT — editorial review required,OPTIMIZE,P2,metadata/1543-pt-br--process--deadlines.html,schema/1543-pt-br--process--deadlines.json,REQUIRED,NOT APPLIED
https://immigratetobrazil.com/pt-br/process/failures/,pages/1544-pt-br--process--failures.md,DRAFT — editorial review required,OPTIMIZE,P2,metadata/1544-pt-br--process--failures.html,schema/1544-pt-br--process--failures.json,REQUIRED,NOT APPLIED
https://immigratetobrazil.com/pt-br/process/fees/,pages/1545-pt-br--process--fees.md,DRAFT — editorial review required,OPTIMIZE,P2,metadata/1545-pt-br--process--fees.html,schema/1545-pt-br--process--fees.json,REQUIRED,NOT APPLIED
https://immigratetobrazil.com/pt-br/process/filing/,pages/1546-pt-br--process--filing.md,DRAFT — editorial review required,OPTIMIZE,P2,metadata/1546-pt-br--process--filing.html,schema/1546-pt-br--process--filing.json,REQUIRED,NOT APPLIED
https://immigratetobrazil.com/pt-br/process/mistakes/,pages/1547-pt-br--process--mistakes.md,DRAFT — editorial review required,OPTIMIZE,P2,metadata/1547-pt-br--process--mistakes.html,schema/1547-pt-br--process--mistakes.json,REQUIRED,NOT APPLIED
https://immigratetobrazil.com/pt-br/process/naturalisation/,pages/1548-pt-br--process--naturalisation.md,DRAFT — editorial review required,OPTIMIZE,P2,metadata/1548-pt-br--process--naturalisation.html,schema/1548-pt-br--process--naturalisation.json,REQUIRED,NOT APPLIED
https://immigratetobrazil.com/pt-br/process/obligations/,pages/1549-pt-br--process--obligations.md,DRAFT — editorial review required,OPTIMIZE,P2,metadata/1549-pt-br--process--obligations.html,schema/1549-pt-br--process--obligations.json,REQUIRED,NOT APPLIED
https://immigratetobrazil.com/pt-br/process/permanent/,pages/1550-pt-br--process--permanent.md,DRAFT — editorial review required,OPTIMIZE,P2,metadata/1550-pt-br--process--permanent.html,schema/1550-pt-br--process--permanent.json,REQUIRED,NOT APPLIED
https://immigratetobrazil.com/pt-br/process/planning/,pages/1551-pt-br--process--planning.md,DRAFT — editorial review required,OPTIMIZE,P2,metadata/1551-pt-br--process--planning.html,schema/1551-pt-br--process--planning.json,REQUIRED,NOT APPLIED
https://immigratetobrazil.com/pt-br/process/refund/,pages/1552-pt-br--process--refund.md,DRAFT — editorial review required,OPTIMIZE,P2,metadata/1552-pt-br--process--refund.html,schema/1552-pt-br--process--refund.json,REQUIRED,NOT APPLIED
https://immigratetobrazil.com/pt-br/process/regularization/,pages/1553-pt-br--process--regularization.md,DRAFT — editorial review required,OPTIMIZE,P2,metadata/1553-pt-br--process--regularization.html,schema/1553-pt-br--process--regularization.json,REQUIRED,NOT APPLIED
https://immigratetobrazil.com/pt-br/process/renewal/,pages/1554-pt-br--process--renewal.md,DRAFT — editorial review required,OPTIMIZE,P2,metadata/1554-pt-br--process--renewal.html,schema/1554-pt-br--process--renewal.json,REQUIRED,NOT APPLIED
https://immigratetobrazil.com/pt-br/process/responsibilities/,pages/1555-pt-br--process--responsibilities.md,DRAFT — editorial review required,OPTIMIZE,P2,metadata/1555-pt-br--process--responsibilities.html,schema/1555-pt-br--process--responsibilities.json,REQUIRED,NOT APPLIED
https://immigratetobrazil.com/pt-br/process/rights/,pages/1556-pt-br--process--rights.md,DRAFT — editorial review required,OPTIMIZE,P2,metadata/1556-pt-br--process--rights.html,schema/1556-pt-br--process--rights.json,REQUIRED,NOT APPLIED
https://immigratetobrazil.com/pt-br/process/strategy/,pages/1557-pt-br--process--strategy.md,DRAFT — editorial review required,OPTIMIZE,P2,metadata/1557-pt-br--process--strategy.html,schema/1557-pt-br--process--strategy.json,REQUIRED,NOT APPLIED
https://immigratetobrazil.com/pt-br/process/timeline/,pages/1558-pt-br--process--timeline.md,DRAFT — editorial review required,OPTIMIZE,P2,metadata/1558-pt-br--process--timeline.html,schema/1558-pt-br--process--timeline.json,REQUIRED,NOT APPLIED
https://immigratetobrazil.com/pt-br/process/transparency/,pages/1559-pt-br--process--transparency.md,DRAFT — editorial review required,OPTIMIZE,P2,metadata/1559-pt-br--process--transparency.html,schema/1559-pt-br--process--transparency.json,REQUIRED,NOT APPLIED
https://immigratetobrazil.com/pt-br/rights/,pages/1560-pt-br--rights.md,DRAFT — editorial review required,OPTIMIZE,P2,metadata/1560-pt-br--rights.html,schema/1560-pt-br--rights.json,REQUIRED,NOT APPLIED
https://immigratetobrazil.com/pt-br/rights/naturalisation/,pages/1561-pt-br--rights--naturalisation.md,LEGAL CONTENT REVIEW REQUIRED — conditional retargeting draft,OPTIMIZE,P2,metadata/1561-pt-br--rights--naturalisation.html,schema/1561-pt-br--rights--naturalisation.json,REQUIRED,NOT APPLIED
https://immigratetobrazil.com/pt-br/rights/obligations/,pages/1562-pt-br--rights--obligations.md,LEGAL CONTENT REVIEW REQUIRED — conditional retargeting draft,OPTIMIZE,P2,metadata/1562-pt-br--rights--obligations.html,schema/1562-pt-br--rights--obligations.json,REQUIRED,NOT APPLIED
https://immigratetobrazil.com/pt-br/rights/permanent/,pages/1563-pt-br--rights--permanent.md,LEGAL CONTENT REVIEW REQUIRED — conditional retargeting draft,OPTIMIZE,P2,metadata/1563-pt-br--rights--permanent.html,schema/1563-pt-br--rights--permanent.json,REQUIRED,NOT APPLIED
https://immigratetobrazil.com/pt-br/rights/planning/,pages/1564-pt-br--rights--planning.md,LEGAL CONTENT REVIEW REQUIRED — conditional retargeting draft,OPTIMIZE,P2,metadata/1564-pt-br--rights--planning.html,schema/1564-pt-br--rights--planning.json,REQUIRED,NOT APPLIED
https://immigratetobrazil.com/pt-br/rights/refund/,pages/1565-pt-br--rights--refund.md,LEGAL CONTENT REVIEW REQUIRED — conditional retargeting draft,OPTIMIZE,P2,metadata/1565-pt-br--rights--refund.html,schema/1565-pt-br--rights--refund.json,REQUIRED,NOT APPLIED
https://immigratetobrazil.com/pt-br/rights/regularization/,pages/1566-pt-br--rights--regularization.md,LEGAL CONTENT REVIEW REQUIRED — conditional retargeting draft,OPTIMIZE,P2,metadata/1566-pt-br--rights--regularization.html,schema/1566-pt-br--rights--regularization.json,REQUIRED,NOT APPLIED
https://immigratetobrazil.com/pt-br/rights/renewal/,pages/1567-pt-br--rights--renewal.md,LEGAL CONTENT REVIEW REQUIRED — conditional retargeting draft,OPTIMIZE,P2,metadata/1567-pt-br--rights--renewal.html,schema/1567-pt-br--rights--renewal.json,REQUIRED,NOT APPLIED
https://immigratetobrazil.com/pt-br/rights/responsibilities/,pages/1568-pt-br--rights--responsibilities.md,LEGAL CONTENT REVIEW REQUIRED — conditional retargeting draft,OPTIMIZE,P2,metadata/1568-pt-br--rights--responsibilities.html,schema/1568-pt-br--rights--responsibilities.json,REQUIRED,NOT APPLIED
https://immigratetobrazil.com/pt-br/rights/strategy/,pages/1569-pt-br--rights--strategy.md,LEGAL CONTENT REVIEW REQUIRED — conditional retargeting draft,OPTIMIZE,P2,metadata/1569-pt-br--rights--strategy.html,schema/1569-pt-br--rights--strategy.json,REQUIRED,NOT APPLIED
https://immigratetobrazil.com/pt-br/rights/timeline/,pages/1570-pt-br--rights--timeline.md,LEGAL CONTENT REVIEW REQUIRED — conditional retargeting draft,OPTIMIZE,P2,metadata/1570-pt-br--rights--timeline.html,schema/1570-pt-br--rights--timeline.json,REQUIRED,NOT APPLIED
https://immigratetobrazil.com/pt-br/rights/transparency/,pages/1571-pt-br--rights--transparency.md,LEGAL CONTENT REVIEW REQUIRED — conditional retargeting draft,OPTIMIZE,P2,metadata/1571-pt-br--rights--transparency.html,schema/1571-pt-br--rights--transparency.json,REQUIRED,NOT APPLIED
https://immigratetobrazil.com/pt-br/services/,pages/1572-pt-br--services.md,DRAFT — editorial review required,OPTIMIZE,P1,metadata/1572-pt-br--services.html,schema/1572-pt-br--services.json,REQUIRED,NOT APPLIED
https://immigratetobrazil.com/pt-br/services/advisory/,pages/1573-pt-br--services--advisory.md,DRAFT — editorial review required,OPTIMIZE,P1,metadata/1573-pt-br--services--advisory.html,schema/1573-pt-br--services--advisory.json,REQUIRED,NOT APPLIED
https://immigratetobrazil.com/pt-br/services/advisory/compliance/,pages/1574-pt-br--services--advisory--compliance.md,DRAFT — editorial review required,OPTIMIZE,P1,metadata/1574-pt-br--services--advisory--compliance.html,schema/1574-pt-br--services--advisory--compliance.json,REQUIRED,NOT APPLIED
https://immigratetobrazil.com/pt-br/services/advisory/consultation/,pages/1575-pt-br--services--advisory--consultation.md,DRAFT — editorial review required,OPTIMIZE,P1,metadata/1575-pt-br--services--advisory--consultation.html,schema/1575-pt-br--services--advisory--consultation.json,REQUIRED,NOT APPLIED
https://immigratetobrazil.com/pt-br/services/advisory/corporate/,pages/1576-pt-br--services--advisory--corporate.md,DRAFT — editorial review required,OPTIMIZE,P1,metadata/1576-pt-br--services--advisory--corporate.html,schema/1576-pt-br--services--advisory--corporate.json,REQUIRED,NOT APPLIED
https://immigratetobrazil.com/pt-br/services/advisory/representation/,pages/1577-pt-br--services--advisory--representation.md,DRAFT — editorial review required,OPTIMIZE,P1,metadata/1577-pt-br--services--advisory--representation.html,schema/1577-pt-br--services--advisory--representation.json,REQUIRED,NOT APPLIED
https://immigratetobrazil.com/pt-br/services/advisory/strategy/,pages/1578-pt-br--services--advisory--strategy.md,DRAFT — editorial review required,OPTIMIZE,P1,metadata/1578-pt-br--services--advisory--strategy.html,schema/1578-pt-br--services--advisory--strategy.json,REQUIRED,NOT APPLIED
https://immigratetobrazil.com/pt-br/services/all/,pages/1579-pt-br--services--all.md,DRAFT — editorial review required,OPTIMIZE,P1,metadata/1579-pt-br--services--all.html,schema/1579-pt-br--services--all.json,REQUIRED,NOT APPLIED
https://immigratetobrazil.com/pt-br/services/defense/,pages/1580-pt-br--services--defense.md,DRAFT — editorial review required,OPTIMIZE,P1,metadata/1580-pt-br--services--defense.html,schema/1580-pt-br--services--defense.json,REQUIRED,NOT APPLIED
https://immigratetobrazil.com/pt-br/services/defense/appeals/,pages/1581-pt-br--services--defense--appeals.md,DRAFT — editorial review required,OPTIMIZE,P1,metadata/1581-pt-br--services--defense--appeals.html,schema/1581-pt-br--services--defense--appeals.json,REQUIRED,NOT APPLIED
https://immigratetobrazil.com/pt-br/services/defense/deportation/,pages/1582-pt-br--services--defense--deportation.md,DRAFT — editorial review required,OPTIMIZE,P1,metadata/1582-pt-br--services--defense--deportation.html,schema/1582-pt-br--services--defense--deportation.json,REQUIRED,NOT APPLIED
https://immigratetobrazil.com/pt-br/services/defense/expulsion/,pages/1583-pt-br--services--defense--expulsion.md,DRAFT — editorial review required,OPTIMIZE,P1,metadata/1583-pt-br--services--defense--expulsion.html,schema/1583-pt-br--services--defense--expulsion.json,REQUIRED,NOT APPLIED
https://immigratetobrazil.com/pt-br/services/defense/extradition/,pages/1584-pt-br--services--defense--extradition.md,DRAFT — editorial review required,OPTIMIZE,P1,metadata/1584-pt-br--services--defense--extradition.html,schema/1584-pt-br--services--defense--extradition.json,REQUIRED,NOT APPLIED
https://immigratetobrazil.com/pt-br/services/defense/fines/,pages/1585-pt-br--services--defense--fines.md,DRAFT — editorial review required,OPTIMIZE,P1,metadata/1585-pt-br--services--defense--fines.html,schema/1585-pt-br--services--defense--fines.json,REQUIRED,NOT APPLIED
https://immigratetobrazil.com/pt-br/services/defense/litigation/,pages/1586-pt-br--services--defense--litigation.md,DRAFT — editorial review required,OPTIMIZE,P1,metadata/1586-pt-br--services--defense--litigation.html,schema/1586-pt-br--services--defense--litigation.json,REQUIRED,NOT APPLIED
https://immigratetobrazil.com/pt-br/services/naturalisation/,pages/1587-pt-br--services--naturalisation.md,DRAFT — editorial review required,OPTIMIZE,P1,metadata/1587-pt-br--services--naturalisation.html,schema/1587-pt-br--services--naturalisation.json,REQUIRED,NOT APPLIED
https://immigratetobrazil.com/pt-br/services/naturalisation/extraordinary/,pages/1588-pt-br--services--naturalisation--extraordinary.md,DRAFT — editorial review required,OPTIMIZE,P1,metadata/1588-pt-br--services--naturalisation--extraordinary.html,schema/1588-pt-br--services--naturalisation--extraordinary.json,REQUIRED,NOT APPLIED
https://immigratetobrazil.com/pt-br/services/naturalisation/ordinary/,pages/1589-pt-br--services--naturalisation--ordinary.md,DRAFT — editorial review required,OPTIMIZE,P1,metadata/1589-pt-br--services--naturalisation--ordinary.html,schema/1589-pt-br--services--naturalisation--ordinary.json,REQUIRED,NOT APPLIED
https://immigratetobrazil.com/pt-br/services/naturalisation/provisional/,pages/1590-pt-br--services--naturalisation--provisional.md,DRAFT — editorial review required,OPTIMIZE,P1,metadata/1590-pt-br--services--naturalisation--provisional.html,schema/1590-pt-br--services--naturalisation--provisional.json,REQUIRED,NOT APPLIED
https://immigratetobrazil.com/pt-br/services/naturalisation/reacquisition/,pages/1591-pt-br--services--naturalisation--reacquisition.md,DRAFT — editorial review required,OPTIMIZE,P1,metadata/1591-pt-br--services--naturalisation--reacquisition.html,schema/1591-pt-br--services--naturalisation--reacquisition.json,REQUIRED,NOT APPLIED
https://immigratetobrazil.com/pt-br/services/naturalisation/renunciation/,pages/1592-pt-br--services--naturalisation--renunciation.md,DRAFT — editorial review required,OPTIMIZE,P1,metadata/1592-pt-br--services--naturalisation--renunciation.html,schema/1592-pt-br--services--naturalisation--renunciation.json,REQUIRED,NOT APPLIED
https://immigratetobrazil.com/pt-br/services/naturalisation/special/,pages/1593-pt-br--services--naturalisation--special.md,DRAFT — editorial review required,OPTIMIZE,P1,metadata/1593-pt-br--services--naturalisation--special.html,schema/1593-pt-br--services--naturalisation--special.json,REQUIRED,NOT APPLIED
https://immigratetobrazil.com/pt-br/services/other/,pages/1594-pt-br--services--other.md,DRAFT — editorial review required,OPTIMIZE,P1,metadata/1594-pt-br--services--other.html,schema/1594-pt-br--services--other.json,REQUIRED,NOT APPLIED
https://immigratetobrazil.com/pt-br/services/other/consular/,pages/1595-pt-br--services--other--consular.md,DRAFT — editorial review required,OPTIMIZE,P1,metadata/1595-pt-br--services--other--consular.html,schema/1595-pt-br--services--other--consular.json,REQUIRED,NOT APPLIED
https://immigratetobrazil.com/pt-br/services/other/records/,pages/1596-pt-br--services--other--records.md,DRAFT — editorial review required,OPTIMIZE,P1,metadata/1596-pt-br--services--other--records.html,schema/1596-pt-br--services--other--records.json,REQUIRED,NOT APPLIED
https://immigratetobrazil.com/pt-br/services/other/regularization/,pages/1597-pt-br--services--other--regularization.md,DRAFT — editorial review required,OPTIMIZE,P1,metadata/1597-pt-br--services--other--regularization.html,schema/1597-pt-br--services--other--regularization.json,REQUIRED,NOT APPLIED
https://immigratetobrazil.com/pt-br/services/other/translation/,pages/1598-pt-br--services--other--translation.md,DRAFT — editorial review required,OPTIMIZE,P1,metadata/1598-pt-br--services--other--translation.html,schema/1598-pt-br--services--other--translation.json,REQUIRED,NOT APPLIED
https://immigratetobrazil.com/pt-br/services/residencies/,pages/1599-pt-br--services--residencies.md,DRAFT — editorial review required,OPTIMIZE,P1,metadata/1599-pt-br--services--residencies.html,schema/1599-pt-br--services--residencies.json,REQUIRED,NOT APPLIED
https://immigratetobrazil.com/pt-br/services/residencies/cplp/,pages/1600-pt-br--services--residencies--cplp.md,DRAFT — editorial review required,OPTIMIZE,P1,metadata/1600-pt-br--services--residencies--cplp.html,schema/1600-pt-br--services--residencies--cplp.json,REQUIRED,NOT APPLIED
https://immigratetobrazil.com/pt-br/services/residencies/educational/,pages/1601-pt-br--services--residencies--educational.md,CONSOLIDATION REVIEW REQUIRED,INVESTIGATE FURTHER,P1,metadata/1601-pt-br--services--residencies--educational.html,schema/1601-pt-br--services--residencies--educational.json,REQUIRED,NOT APPLIED
https://immigratetobrazil.com/pt-br/services/residencies/exchange/,pages/1602-pt-br--services--residencies--exchange.md,DRAFT — editorial review required,OPTIMIZE,P1,metadata/1602-pt-br--services--residencies--exchange.html,schema/1602-pt-br--services--residencies--exchange.json,REQUIRED,NOT APPLIED
https://immigratetobrazil.com/pt-br/services/residencies/health/,pages/1603-pt-br--services--residencies--health.md,DRAFT — editorial review required,OPTIMIZE,P1,metadata/1603-pt-br--services--residencies--health.html,schema/1603-pt-br--services--residencies--health.json,REQUIRED,NOT APPLIED
https://immigratetobrazil.com/pt-br/services/residencies/humanitarian/,pages/1604-pt-br--services--residencies--humanitarian.md,DRAFT — editorial review required,OPTIMIZE,P1,metadata/1604-pt-br--services--residencies--humanitarian.html,schema/1604-pt-br--services--residencies--humanitarian.json,REQUIRED,NOT APPLIED
https://immigratetobrazil.com/pt-br/services/residencies/investor/,pages/1605-pt-br--services--residencies--investor.md,DRAFT — editorial review required,OPTIMIZE,P1,metadata/1605-pt-br--services--residencies--investor.html,schema/1605-pt-br--services--residencies--investor.json,REQUIRED,NOT APPLIED
https://immigratetobrazil.com/pt-br/services/residencies/mercosul/,pages/1606-pt-br--services--residencies--mercosul.md,DRAFT — editorial review required,OPTIMIZE,P1,metadata/1606-pt-br--services--residencies--mercosul.html,schema/1606-pt-br--services--residencies--mercosul.json,REQUIRED,NOT APPLIED
https://immigratetobrazil.com/pt-br/services/residencies/nomad/,pages/1607-pt-br--services--residencies--nomad.md,DRAFT — editorial review required,OPTIMIZE,P1,metadata/1607-pt-br--services--residencies--nomad.html,schema/1607-pt-br--services--residencies--nomad.json,REQUIRED,NOT APPLIED
https://immigratetobrazil.com/pt-br/services/residencies/religious/,pages/1608-pt-br--services--residencies--religious.md,DRAFT — editorial review required,OPTIMIZE,P1,metadata/1608-pt-br--services--residencies--religious.html,schema/1608-pt-br--services--residencies--religious.json,REQUIRED,NOT APPLIED
https://immigratetobrazil.com/pt-br/services/residencies/research/,pages/1609-pt-br--services--residencies--research.md,DRAFT — editorial review required,OPTIMIZE,P1,metadata/1609-pt-br--services--residencies--research.html,schema/1609-pt-br--services--residencies--research.json,REQUIRED,NOT APPLIED
https://immigratetobrazil.com/pt-br/services/residencies/retiree/,pages/1610-pt-br--services--residencies--retiree.md,DRAFT — editorial review required,OPTIMIZE,P1,metadata/1610-pt-br--services--residencies--retiree.html,schema/1610-pt-br--services--residencies--retiree.json,REQUIRED,NOT APPLIED
https://immigratetobrazil.com/pt-br/services/residencies/reunion/,pages/1611-pt-br--services--residencies--reunion.md,DRAFT — editorial review required,OPTIMIZE,P1,metadata/1611-pt-br--services--residencies--reunion.html,schema/1611-pt-br--services--residencies--reunion.json,REQUIRED,NOT APPLIED
https://immigratetobrazil.com/pt-br/services/residencies/skilled/,pages/1612-pt-br--services--residencies--skilled.md,DRAFT — editorial review required,OPTIMIZE,P1,metadata/1612-pt-br--services--residencies--skilled.html,schema/1612-pt-br--services--residencies--skilled.json,REQUIRED,NOT APPLIED
https://immigratetobrazil.com/pt-br/services/residencies/study/,pages/1613-pt-br--services--residencies--study.md,DRAFT — editorial review required,OPTIMIZE,P1,metadata/1613-pt-br--services--residencies--study.html,schema/1613-pt-br--services--residencies--study.json,REQUIRED,NOT APPLIED
https://immigratetobrazil.com/pt-br/services/residencies/volunteer/,pages/1614-pt-br--services--residencies--volunteer.md,DRAFT — editorial review required,OPTIMIZE,P1,metadata/1614-pt-br--services--residencies--volunteer.html,schema/1614-pt-br--services--residencies--volunteer.json,REQUIRED,NOT APPLIED
https://immigratetobrazil.com/pt-br/services/residencies/work/,pages/1615-pt-br--services--residencies--work.md,DRAFT — editorial review required,OPTIMIZE,P1,metadata/1615-pt-br--services--residencies--work.html,schema/1615-pt-br--services--residencies--work.json,REQUIRED,NOT APPLIED
https://immigratetobrazil.com/pt-br/services/residencies/youth/,pages/1616-pt-br--services--residencies--youth.md,DRAFT — editorial review required,OPTIMIZE,P1,metadata/1616-pt-br--services--residencies--youth.html,schema/1616-pt-br--services--residencies--youth.json,REQUIRED,NOT APPLIED
https://immigratetobrazil.com/pt-br/services/visas/,pages/1617-pt-br--services--visas.md,DRAFT — editorial review required,OPTIMIZE,P1,metadata/1617-pt-br--services--visas.html,schema/1617-pt-br--services--visas.json,REQUIRED,NOT APPLIED
https://immigratetobrazil.com/pt-br/services/visas/artistic/,pages/1618-pt-br--services--visas--artistic.md,DRAFT — editorial review required,OPTIMIZE,P1,metadata/1618-pt-br--services--visas--artistic.html,schema/1618-pt-br--services--visas--artistic.json,REQUIRED,NOT APPLIED
https://immigratetobrazil.com/pt-br/services/visas/business/,pages/1619-pt-br--services--visas--business.md,DRAFT — editorial review required,OPTIMIZE,P1,metadata/1619-pt-br--services--visas--business.html,schema/1619-pt-br--services--visas--business.json,REQUIRED,NOT APPLIED
https://immigratetobrazil.com/pt-br/services/visas/diplomatic/,pages/1620-pt-br--services--visas--diplomatic.md,DRAFT — editorial review required,OPTIMIZE,P1,metadata/1620-pt-br--services--visas--diplomatic.html,schema/1620-pt-br--services--visas--diplomatic.json,REQUIRED,NOT APPLIED
https://immigratetobrazil.com/pt-br/services/visas/educational/,pages/1621-pt-br--services--visas--educational.md,CONSOLIDATION REVIEW REQUIRED,INVESTIGATE FURTHER,P1,metadata/1621-pt-br--services--visas--educational.html,schema/1621-pt-br--services--visas--educational.json,REQUIRED,NOT APPLIED
https://immigratetobrazil.com/pt-br/services/visas/exchange/,pages/1622-pt-br--services--visas--exchange.md,DRAFT — editorial review required,OPTIMIZE,P1,metadata/1622-pt-br--services--visas--exchange.html,schema/1622-pt-br--services--visas--exchange.json,REQUIRED,NOT APPLIED
https://immigratetobrazil.com/pt-br/services/visas/family/,pages/1623-pt-br--services--visas--family.md,DRAFT — editorial review required,OPTIMIZE,P1,metadata/1623-pt-br--services--visas--family.html,schema/1623-pt-br--services--visas--family.json,REQUIRED,NOT APPLIED
https://immigratetobrazil.com/pt-br/services/visas/humanitarian/,pages/1624-pt-br--services--visas--humanitarian.md,DRAFT — editorial review required,OPTIMIZE,P1,metadata/1624-pt-br--services--visas--humanitarian.html,schema/1624-pt-br--services--visas--humanitarian.json,REQUIRED,NOT APPLIED
https://immigratetobrazil.com/pt-br/services/visas/investor/,pages/1625-pt-br--services--visas--investor.md,DRAFT — editorial review required,OPTIMIZE,P1,metadata/1625-pt-br--services--visas--investor.html,schema/1625-pt-br--services--visas--investor.json,REQUIRED,NOT APPLIED
https://immigratetobrazil.com/pt-br/services/visas/journalist/,pages/1626-pt-br--services--visas--journalist.md,DRAFT — editorial review required,OPTIMIZE,P1,metadata/1626-pt-br--services--visas--journalist.html,schema/1626-pt-br--services--visas--journalist.json,REQUIRED,NOT APPLIED
https://immigratetobrazil.com/pt-br/services/visas/medical/,pages/1627-pt-br--services--visas--medical.md,DRAFT — editorial review required,OPTIMIZE,P1,metadata/1627-pt-br--services--visas--medical.html,schema/1627-pt-br--services--visas--medical.json,REQUIRED,NOT APPLIED
https://immigratetobrazil.com/pt-br/services/visas/nomad/,pages/1628-pt-br--services--visas--nomad.md,DRAFT — editorial review required,OPTIMIZE,P1,metadata/1628-pt-br--services--visas--nomad.html,schema/1628-pt-br--services--visas--nomad.json,REQUIRED,NOT APPLIED
https://immigratetobrazil.com/pt-br/services/visas/religious/,pages/1629-pt-br--services--visas--religious.md,DRAFT — editorial review required,OPTIMIZE,P1,metadata/1629-pt-br--services--visas--religious.html,schema/1629-pt-br--services--visas--religious.json,REQUIRED,NOT APPLIED
https://immigratetobrazil.com/pt-br/services/visas/research/,pages/1630-pt-br--services--visas--research.md,DRAFT — editorial review required,OPTIMIZE,P1,metadata/1630-pt-br--services--visas--research.html,schema/1630-pt-br--services--visas--research.json,REQUIRED,NOT APPLIED
https://immigratetobrazil.com/pt-br/services/visas/retiree/,pages/1631-pt-br--services--visas--retiree.md,DRAFT — editorial review required,OPTIMIZE,P1,metadata/1631-pt-br--services--visas--retiree.html,schema/1631-pt-br--services--visas--retiree.json,REQUIRED,NOT APPLIED
https://immigratetobrazil.com/pt-br/services/visas/sports/,pages/1632-pt-br--services--visas--sports.md,DRAFT — editorial review required,OPTIMIZE,P1,metadata/1632-pt-br--services--visas--sports.html,schema/1632-pt-br--services--visas--sports.json,REQUIRED,NOT APPLIED
https://immigratetobrazil.com/pt-br/services/visas/startup/,pages/1633-pt-br--services--visas--startup.md,DRAFT — editorial review required,OPTIMIZE,P1,metadata/1633-pt-br--services--visas--startup.html,schema/1633-pt-br--services--visas--startup.json,REQUIRED,NOT APPLIED
https://immigratetobrazil.com/pt-br/services/visas/student/,pages/1634-pt-br--services--visas--student.md,DRAFT — editorial review required,OPTIMIZE,P1,metadata/1634-pt-br--services--visas--student.html,schema/1634-pt-br--services--visas--student.json,REQUIRED,NOT APPLIED
https://immigratetobrazil.com/pt-br/services/visas/tourist/,pages/1635-pt-br--services--visas--tourist.md,DRAFT — editorial review required,OPTIMIZE,P1,metadata/1635-pt-br--services--visas--tourist.html,schema/1635-pt-br--services--visas--tourist.json,REQUIRED,NOT APPLIED
https://immigratetobrazil.com/pt-br/services/visas/transit/,pages/1636-pt-br--services--visas--transit.md,DRAFT — editorial review required,OPTIMIZE,P1,metadata/1636-pt-br--services--visas--transit.html,schema/1636-pt-br--services--visas--transit.json,REQUIRED,NOT APPLIED
https://immigratetobrazil.com/pt-br/services/visas/volunteer/,pages/1637-pt-br--services--visas--volunteer.md,DRAFT — editorial review required,OPTIMIZE,P1,metadata/1637-pt-br--services--visas--volunteer.html,schema/1637-pt-br--services--visas--volunteer.json,REQUIRED,NOT APPLIED
https://immigratetobrazil.com/pt-br/services/visas/work/,pages/1638-pt-br--services--visas--work.md,DRAFT — editorial review required,OPTIMIZE,P1,metadata/1638-pt-br--services--visas--work.html,schema/1638-pt-br--services--visas--work.json,REQUIRED,NOT APPLIED
https://immigratetobrazil.com/pt-br/start-consultation/,pages/1639-pt-br--start-consultation.md,DRAFT — editorial review required,OPTIMIZE,P1,metadata/1639-pt-br--start-consultation.html,schema/1639-pt-br--start-consultation.json,CHECK EXISTING CLAIMS,NOT APPLIED
https://immigratetobrazil.com/rights/,pages/1640-rights.md,DRAFT — editorial review required,OPTIMIZE,P2,metadata/1640-rights.html,schema/1640-rights.json,REQUIRED,NOT APPLIED
https://immigratetobrazil.com/rights/naturalisation/,pages/1641-rights--naturalisation.md,LEGAL CONTENT REVIEW REQUIRED — conditional retargeting draft,OPTIMIZE,P2,metadata/1641-rights--naturalisation.html,schema/1641-rights--naturalisation.json,REQUIRED,NOT APPLIED
https://immigratetobrazil.com/rights/obligations/,pages/1642-rights--obligations.md,LEGAL CONTENT REVIEW REQUIRED — conditional retargeting draft,OPTIMIZE,P2,metadata/1642-rights--obligations.html,schema/1642-rights--obligations.json,REQUIRED,NOT APPLIED
https://immigratetobrazil.com/rights/permanent/,pages/1643-rights--permanent.md,LEGAL CONTENT REVIEW REQUIRED — conditional retargeting draft,OPTIMIZE,P2,metadata/1643-rights--permanent.html,schema/1643-rights--permanent.json,REQUIRED,NOT APPLIED
https://immigratetobrazil.com/rights/planning/,pages/1644-rights--planning.md,LEGAL CONTENT REVIEW REQUIRED — conditional retargeting draft,OPTIMIZE,P2,metadata/1644-rights--planning.html,schema/1644-rights--planning.json,REQUIRED,NOT APPLIED
https://immigratetobrazil.com/rights/refund/,pages/1645-rights--refund.md,LEGAL CONTENT REVIEW REQUIRED — conditional retargeting draft,OPTIMIZE,P2,metadata/1645-rights--refund.html,schema/1645-rights--refund.json,REQUIRED,NOT APPLIED
https://immigratetobrazil.com/rights/regularization/,pages/1646-rights--regularization.md,LEGAL CONTENT REVIEW REQUIRED — conditional retargeting draft,OPTIMIZE,P2,metadata/1646-rights--regularization.html,schema/1646-rights--regularization.json,REQUIRED,NOT APPLIED
https://immigratetobrazil.com/rights/renewal/,pages/1647-rights--renewal.md,LEGAL CONTENT REVIEW REQUIRED — conditional retargeting draft,OPTIMIZE,P2,metadata/1647-rights--renewal.html,schema/1647-rights--renewal.json,REQUIRED,NOT APPLIED
https://immigratetobrazil.com/rights/responsibilities/,pages/1648-rights--responsibilities.md,LEGAL CONTENT REVIEW REQUIRED — conditional retargeting draft,OPTIMIZE,P2,metadata/1648-rights--responsibilities.html,schema/1648-rights--responsibilities.json,REQUIRED,NOT APPLIED
https://immigratetobrazil.com/rights/strategy/,pages/1649-rights--strategy.md,LEGAL CONTENT REVIEW REQUIRED — conditional retargeting draft,OPTIMIZE,P2,metadata/1649-rights--strategy.html,schema/1649-rights--strategy.json,REQUIRED,NOT APPLIED
https://immigratetobrazil.com/rights/timeline/,pages/1650-rights--timeline.md,LEGAL CONTENT REVIEW REQUIRED — conditional retargeting draft,OPTIMIZE,P2,metadata/1650-rights--timeline.html,schema/1650-rights--timeline.json,REQUIRED,NOT APPLIED
https://immigratetobrazil.com/rights/transparency/,pages/1651-rights--transparency.md,LEGAL CONTENT REVIEW REQUIRED — conditional retargeting draft,OPTIMIZE,P2,metadata/1651-rights--transparency.html,schema/1651-rights--transparency.json,REQUIRED,NOT APPLIED
https://immigratetobrazil.com/services/,pages/1652-services.md,DRAFT — editorial review required,OPTIMIZE,P1,metadata/1652-services.html,schema/1652-services.json,REQUIRED,NOT APPLIED
https://immigratetobrazil.com/services/advisory/,pages/1653-services--advisory.md,DRAFT — editorial review required,OPTIMIZE,P1,metadata/1653-services--advisory.html,schema/1653-services--advisory.json,REQUIRED,NOT APPLIED
https://immigratetobrazil.com/services/advisory/compliance/,pages/1654-services--advisory--compliance.md,DRAFT — editorial review required,OPTIMIZE,P1,metadata/1654-services--advisory--compliance.html,schema/1654-services--advisory--compliance.json,REQUIRED,NOT APPLIED
https://immigratetobrazil.com/services/advisory/consultation/,pages/1655-services--advisory--consultation.md,DRAFT — editorial review required,OPTIMIZE,P1,metadata/1655-services--advisory--consultation.html,schema/1655-services--advisory--consultation.json,REQUIRED,NOT APPLIED
https://immigratetobrazil.com/services/advisory/corporate/,pages/1656-services--advisory--corporate.md,DRAFT — editorial review required,OPTIMIZE,P1,metadata/1656-services--advisory--corporate.html,schema/1656-services--advisory--corporate.json,REQUIRED,NOT APPLIED
https://immigratetobrazil.com/services/advisory/representation/,pages/1657-services--advisory--representation.md,DRAFT — editorial review required,OPTIMIZE,P1,metadata/1657-services--advisory--representation.html,schema/1657-services--advisory--representation.json,REQUIRED,NOT APPLIED
https://immigratetobrazil.com/services/advisory/strategy/,pages/1658-services--advisory--strategy.md,DRAFT — editorial review required,OPTIMIZE,P1,metadata/1658-services--advisory--strategy.html,schema/1658-services--advisory--strategy.json,REQUIRED,NOT APPLIED
https://immigratetobrazil.com/services/all/,pages/1659-services--all.md,DRAFT — editorial review required,OPTIMIZE,P1,metadata/1659-services--all.html,schema/1659-services--all.json,REQUIRED,NOT APPLIED
https://immigratetobrazil.com/services/defense/,pages/1660-services--defense.md,DRAFT — editorial review required,OPTIMIZE,P1,metadata/1660-services--defense.html,schema/1660-services--defense.json,REQUIRED,NOT APPLIED
https://immigratetobrazil.com/services/defense/appeals/,pages/1661-services--defense--appeals.md,DRAFT — editorial review required,OPTIMIZE,P1,metadata/1661-services--defense--appeals.html,schema/1661-services--defense--appeals.json,REQUIRED,NOT APPLIED
https://immigratetobrazil.com/services/defense/deportation/,pages/1662-services--defense--deportation.md,DRAFT — editorial review required,OPTIMIZE,P1,metadata/1662-services--defense--deportation.html,schema/1662-services--defense--deportation.json,REQUIRED,NOT APPLIED
https://immigratetobrazil.com/services/defense/expulsion/,pages/1663-services--defense--expulsion.md,DRAFT — editorial review required,OPTIMIZE,P1,metadata/1663-services--defense--expulsion.html,schema/1663-services--defense--expulsion.json,REQUIRED,NOT APPLIED
https://immigratetobrazil.com/services/defense/extradition/,pages/1664-services--defense--extradition.md,DRAFT — editorial review required,OPTIMIZE,P1,metadata/1664-services--defense--extradition.html,schema/1664-services--defense--extradition.json,REQUIRED,NOT APPLIED
https://immigratetobrazil.com/services/defense/fines/,pages/1665-services--defense--fines.md,DRAFT — editorial review required,OPTIMIZE,P1,metadata/1665-services--defense--fines.html,schema/1665-services--defense--fines.json,REQUIRED,NOT APPLIED
https://immigratetobrazil.com/services/defense/litigation/,pages/1666-services--defense--litigation.md,DRAFT — editorial review required,OPTIMIZE,P1,metadata/1666-services--defense--litigation.html,schema/1666-services--defense--litigation.json,REQUIRED,NOT APPLIED
https://immigratetobrazil.com/services/naturalisation/,pages/1667-services--naturalisation.md,DRAFT — editorial review required,OPTIMIZE,P1,metadata/1667-services--naturalisation.html,schema/1667-services--naturalisation.json,REQUIRED,NOT APPLIED
https://immigratetobrazil.com/services/naturalisation/extraordinary/,pages/1668-services--naturalisation--extraordinary.md,DRAFT — editorial review required,OPTIMIZE,P1,metadata/1668-services--naturalisation--extraordinary.html,schema/1668-services--naturalisation--extraordinary.json,REQUIRED,NOT APPLIED
https://immigratetobrazil.com/services/naturalisation/ordinary/,pages/1669-services--naturalisation--ordinary.md,DRAFT — editorial review required,OPTIMIZE,P1,metadata/1669-services--naturalisation--ordinary.html,schema/1669-services--naturalisation--ordinary.json,REQUIRED,NOT APPLIED
https://immigratetobrazil.com/services/naturalisation/provisional/,pages/1670-services--naturalisation--provisional.md,DRAFT — editorial review required,OPTIMIZE,P1,metadata/1670-services--naturalisation--provisional.html,schema/1670-services--naturalisation--provisional.json,REQUIRED,NOT APPLIED
https://immigratetobrazil.com/services/naturalisation/reacquisition/,pages/1671-services--naturalisation--reacquisition.md,DRAFT — editorial review required,OPTIMIZE,P1,metadata/1671-services--naturalisation--reacquisition.html,schema/1671-services--naturalisation--reacquisition.json,REQUIRED,NOT APPLIED
https://immigratetobrazil.com/services/naturalisation/renunciation/,pages/1672-services--naturalisation--renunciation.md,DRAFT — editorial review required,OPTIMIZE,P1,metadata/1672-services--naturalisation--renunciation.html,schema/1672-services--naturalisation--renunciation.json,REQUIRED,NOT APPLIED
https://immigratetobrazil.com/services/naturalisation/special/,pages/1673-services--naturalisation--special.md,DRAFT — editorial review required,OPTIMIZE,P1,metadata/1673-services--naturalisation--special.html,schema/1673-services--naturalisation--special.json,REQUIRED,NOT APPLIED
https://immigratetobrazil.com/services/other/,pages/1674-services--other.md,DRAFT — editorial review required,OPTIMIZE,P1,metadata/1674-services--other.html,schema/1674-services--other.json,REQUIRED,NOT APPLIED
https://immigratetobrazil.com/services/other/consular/,pages/1675-services--other--consular.md,DRAFT — editorial review required,OPTIMIZE,P1,metadata/1675-services--other--consular.html,schema/1675-services--other--consular.json,REQUIRED,NOT APPLIED
https://immigratetobrazil.com/services/other/records/,pages/1676-services--other--records.md,DRAFT — editorial review required,OPTIMIZE,P1,metadata/1676-services--other--records.html,schema/1676-services--other--records.json,REQUIRED,NOT APPLIED
https://immigratetobrazil.com/services/other/regularization/,pages/1677-services--other--regularization.md,DRAFT — editorial review required,OPTIMIZE,P1,metadata/1677-services--other--regularization.html,schema/1677-services--other--regularization.json,REQUIRED,NOT APPLIED
https://immigratetobrazil.com/services/other/translation/,pages/1678-services--other--translation.md,DRAFT — editorial review required,OPTIMIZE,P1,metadata/1678-services--other--translation.html,schema/1678-services--other--translation.json,REQUIRED,NOT APPLIED
https://immigratetobrazil.com/services/residencies/,pages/1679-services--residencies.md,DRAFT — editorial review required,OPTIMIZE,P1,metadata/1679-services--residencies.html,schema/1679-services--residencies.json,REQUIRED,NOT APPLIED
https://immigratetobrazil.com/services/residencies/cplp/,pages/1680-services--residencies--cplp.md,DRAFT — editorial review required,OPTIMIZE,P1,metadata/1680-services--residencies--cplp.html,schema/1680-services--residencies--cplp.json,REQUIRED,NOT APPLIED
https://immigratetobrazil.com/services/residencies/educational/,pages/1681-services--residencies--educational.md,CONSOLIDATION REVIEW REQUIRED,INVESTIGATE FURTHER,P1,metadata/1681-services--residencies--educational.html,schema/1681-services--residencies--educational.json,REQUIRED,NOT APPLIED
https://immigratetobrazil.com/services/residencies/exchange/,pages/1682-services--residencies--exchange.md,DRAFT — editorial review required,OPTIMIZE,P1,metadata/1682-services--residencies--exchange.html,schema/1682-services--residencies--exchange.json,REQUIRED,NOT APPLIED
https://immigratetobrazil.com/services/residencies/health/,pages/1683-services--residencies--health.md,DRAFT — editorial review required,OPTIMIZE,P1,metadata/1683-services--residencies--health.html,schema/1683-services--residencies--health.json,REQUIRED,NOT APPLIED
https://immigratetobrazil.com/services/residencies/humanitarian/,pages/1684-services--residencies--humanitarian.md,DRAFT — editorial review required,OPTIMIZE,P1,metadata/1684-services--residencies--humanitarian.html,schema/1684-services--residencies--humanitarian.json,REQUIRED,NOT APPLIED
https://immigratetobrazil.com/services/residencies/investor/,pages/1685-services--residencies--investor.md,DRAFT — editorial review required,OPTIMIZE,P1,metadata/1685-services--residencies--investor.html,schema/1685-services--residencies--investor.json,REQUIRED,NOT APPLIED
https://immigratetobrazil.com/services/residencies/mercosul/,pages/1686-services--residencies--mercosul.md,DRAFT — editorial review required,OPTIMIZE,P1,metadata/1686-services--residencies--mercosul.html,schema/1686-services--residencies--mercosul.json,REQUIRED,NOT APPLIED
https://immigratetobrazil.com/services/residencies/nomad/,pages/1687-services--residencies--nomad.md,DRAFT — editorial review required,OPTIMIZE,P1,metadata/1687-services--residencies--nomad.html,schema/1687-services--residencies--nomad.json,REQUIRED,NOT APPLIED
https://immigratetobrazil.com/services/residencies/religious/,pages/1688-services--residencies--religious.md,DRAFT — editorial review required,OPTIMIZE,P1,metadata/1688-services--residencies--religious.html,schema/1688-services--residencies--religious.json,REQUIRED,NOT APPLIED
https://immigratetobrazil.com/services/residencies/research/,pages/1689-services--residencies--research.md,DRAFT — editorial review required,OPTIMIZE,P1,metadata/1689-services--residencies--research.html,schema/1689-services--residencies--research.json,REQUIRED,NOT APPLIED
https://immigratetobrazil.com/services/residencies/retiree/,pages/1690-services--residencies--retiree.md,DRAFT — editorial review required,OPTIMIZE,P1,metadata/1690-services--residencies--retiree.html,schema/1690-services--residencies--retiree.json,REQUIRED,NOT APPLIED
https://immigratetobrazil.com/services/residencies/reunion/,pages/1691-services--residencies--reunion.md,DRAFT — editorial review required,OPTIMIZE,P1,metadata/1691-services--residencies--reunion.html,schema/1691-services--residencies--reunion.json,REQUIRED,NOT APPLIED
https://immigratetobrazil.com/services/residencies/skilled/,pages/1692-services--residencies--skilled.md,DRAFT — editorial review required,OPTIMIZE,P1,metadata/1692-services--residencies--skilled.html,schema/1692-services--residencies--skilled.json,REQUIRED,NOT APPLIED
https://immigratetobrazil.com/services/residencies/study/,pages/1693-services--residencies--study.md,DRAFT — editorial review required,OPTIMIZE,P1,metadata/1693-services--residencies--study.html,schema/1693-services--residencies--study.json,REQUIRED,NOT APPLIED
https://immigratetobrazil.com/services/residencies/volunteer/,pages/1694-services--residencies--volunteer.md,DRAFT — editorial review required,OPTIMIZE,P1,metadata/1694-services--residencies--volunteer.html,schema/1694-services--residencies--volunteer.json,REQUIRED,NOT APPLIED
https://immigratetobrazil.com/services/residencies/work/,pages/1695-services--residencies--work.md,DRAFT — editorial review required,OPTIMIZE,P1,metadata/1695-services--residencies--work.html,schema/1695-services--residencies--work.json,REQUIRED,NOT APPLIED
https://immigratetobrazil.com/services/residencies/youth/,pages/1696-services--residencies--youth.md,DRAFT — editorial review required,OPTIMIZE,P1,metadata/1696-services--residencies--youth.html,schema/1696-services--residencies--youth.json,REQUIRED,NOT APPLIED
https://immigratetobrazil.com/services/visas/,pages/1697-services--visas.md,DRAFT — editorial review required,OPTIMIZE,P1,metadata/1697-services--visas.html,schema/1697-services--visas.json,REQUIRED,NOT APPLIED
https://immigratetobrazil.com/services/visas/artistic/,pages/1698-services--visas--artistic.md,DRAFT — editorial review required,OPTIMIZE,P1,metadata/1698-services--visas--artistic.html,schema/1698-services--visas--artistic.json,REQUIRED,NOT APPLIED
https://immigratetobrazil.com/services/visas/business/,pages/1699-services--visas--business.md,DRAFT — editorial review required,OPTIMIZE,P1,metadata/1699-services--visas--business.html,schema/1699-services--visas--business.json,REQUIRED,NOT APPLIED
https://immigratetobrazil.com/services/visas/diplomatic/,pages/1700-services--visas--diplomatic.md,DRAFT — editorial review required,OPTIMIZE,P1,metadata/1700-services--visas--diplomatic.html,schema/1700-services--visas--diplomatic.json,REQUIRED,NOT APPLIED
https://immigratetobrazil.com/services/visas/educational/,pages/1701-services--visas--educational.md,CONSOLIDATION REVIEW REQUIRED,INVESTIGATE FURTHER,P1,metadata/1701-services--visas--educational.html,schema/1701-services--visas--educational.json,REQUIRED,NOT APPLIED
https://immigratetobrazil.com/services/visas/exchange/,pages/1702-services--visas--exchange.md,DRAFT — editorial review required,OPTIMIZE,P1,metadata/1702-services--visas--exchange.html,schema/1702-services--visas--exchange.json,REQUIRED,NOT APPLIED
https://immigratetobrazil.com/services/visas/family/,pages/1703-services--visas--family.md,DRAFT — editorial review required,OPTIMIZE,P1,metadata/1703-services--visas--family.html,schema/1703-services--visas--family.json,REQUIRED,NOT APPLIED
https://immigratetobrazil.com/services/visas/humanitarian/,pages/1704-services--visas--humanitarian.md,DRAFT — editorial review required,OPTIMIZE,P1,metadata/1704-services--visas--humanitarian.html,schema/1704-services--visas--humanitarian.json,REQUIRED,NOT APPLIED
https://immigratetobrazil.com/services/visas/investor/,pages/1705-services--visas--investor.md,DRAFT — editorial review required,OPTIMIZE,P1,metadata/1705-services--visas--investor.html,schema/1705-services--visas--investor.json,REQUIRED,NOT APPLIED
https://immigratetobrazil.com/services/visas/journalist/,pages/1706-services--visas--journalist.md,DRAFT — editorial review required,OPTIMIZE,P1,metadata/1706-services--visas--journalist.html,schema/1706-services--visas--journalist.json,REQUIRED,NOT APPLIED
https://immigratetobrazil.com/services/visas/medical/,pages/1707-services--visas--medical.md,DRAFT — editorial review required,OPTIMIZE,P1,metadata/1707-services--visas--medical.html,schema/1707-services--visas--medical.json,REQUIRED,NOT APPLIED
https://immigratetobrazil.com/services/visas/nomad/,pages/1708-services--visas--nomad.md,DRAFT — editorial review required,OPTIMIZE,P1,metadata/1708-services--visas--nomad.html,schema/1708-services--visas--nomad.json,REQUIRED,NOT APPLIED
https://immigratetobrazil.com/services/visas/religious/,pages/1709-services--visas--religious.md,DRAFT — editorial review required,OPTIMIZE,P1,metadata/1709-services--visas--religious.html,schema/1709-services--visas--religious.json,REQUIRED,NOT APPLIED
https://immigratetobrazil.com/services/visas/research/,pages/1710-services--visas--research.md,DRAFT — editorial review required,OPTIMIZE,P1,metadata/1710-services--visas--research.html,schema/1710-services--visas--research.json,REQUIRED,NOT APPLIED
https://immigratetobrazil.com/services/visas/retiree/,pages/1711-services--visas--retiree.md,DRAFT — editorial review required,OPTIMIZE,P1,metadata/1711-services--visas--retiree.html,schema/1711-services--visas--retiree.json,REQUIRED,NOT APPLIED
https://immigratetobrazil.com/services/visas/sports/,pages/1712-services--visas--sports.md,DRAFT — editorial review required,OPTIMIZE,P1,metadata/1712-services--visas--sports.html,schema/1712-services--visas--sports.json,REQUIRED,NOT APPLIED
https://immigratetobrazil.com/services/visas/startup/,pages/1713-services--visas--startup.md,DRAFT — editorial review required,OPTIMIZE,P1,metadata/1713-services--visas--startup.html,schema/1713-services--visas--startup.json,REQUIRED,NOT APPLIED
https://immigratetobrazil.com/services/visas/student/,pages/1714-services--visas--student.md,DRAFT — editorial review required,OPTIMIZE,P1,metadata/1714-services--visas--student.html,schema/1714-services--visas--student.json,REQUIRED,NOT APPLIED
https://immigratetobrazil.com/services/visas/tourist/,pages/1715-services--visas--tourist.md,DRAFT — editorial review required,OPTIMIZE,P1,metadata/1715-services--visas--tourist.html,schema/1715-services--visas--tourist.json,REQUIRED,NOT APPLIED
https://immigratetobrazil.com/services/visas/transit/,pages/1716-services--visas--transit.md,DRAFT — editorial review required,OPTIMIZE,P1,metadata/1716-services--visas--transit.html,schema/1716-services--visas--transit.json,REQUIRED,NOT APPLIED
https://immigratetobrazil.com/services/visas/volunteer/,pages/1717-services--visas--volunteer.md,DRAFT — editorial review required,OPTIMIZE,P1,metadata/1717-services--visas--volunteer.html,schema/1717-services--visas--volunteer.json,REQUIRED,NOT APPLIED
https://immigratetobrazil.com/services/visas/work/,pages/1718-services--visas--work.md,DRAFT — editorial review required,OPTIMIZE,P1,metadata/1718-services--visas--work.html,schema/1718-services--visas--work.json,REQUIRED,NOT APPLIED
https://immigratetobrazil.com/sitemap.html,pages/1719-sitemap.html.md,DRAFT — editorial review required,OPTIMIZE,P2,metadata/1719-sitemap.html.html,schema/1719-sitemap.html.json,CHECK EXISTING CLAIMS,NOT APPLIED
https://immigratetobrazil.com/start-consultation/,pages/1720-start-consultation.md,DRAFT — editorial review required,OPTIMIZE,P1,metadata/1720-start-consultation.html,schema/1720-start-consultation.json,CHECK EXISTING CLAIMS,NOT APPLIED
