url,file,sha256
https://immigratetobrazil.com/,index.html,e66ec06dcb691c56145f784086732c5121fb2abd3a37cb0cd0392133c3c613e0
https://immigratetobrazil.com/404.html,404.html,913eb4f3fe6b5995151b2ee2b558833da0d58514bfd9b3794bb61be26bf9d8ef
https://immigratetobrazil.com/about/,about/index.html,fda599bf69a0ec8fc6dc6bd5098a4690d4d152cad38061e3ee2a1a2ce8846752
https://immigratetobrazil.com/about/about/,about/about/index.html,9d61c1e83bca177b3dedee5764902eb7258cf1ec08831791b30a753e7ad40766
https://immigratetobrazil.com/about/atlas/,about/atlas/index.html,e4c03bc25046686175892ea5d397e4c435e8c738fe5ebb1fdd64d7e8ea390de8
https://immigratetobrazil.com/about/clients/,about/clients/index.html,86808bca137d9ed82adf42071ffab1fbe1366cc4670debf291215c8c8d062263
https://immigratetobrazil.com/about/ethics/,about/ethics/index.html,01c7a352ef44e24c8cb37b2085d922e6ab4b292aebd841f19626773497c93e99
https://immigratetobrazil.com/about/lawyer/,about/lawyer/index.html,45489bd71b15be97df70589e2c6e0221f110ea77f9c5f53baff7d3feb65e36fa
https://immigratetobrazil.com/about/mission/,about/mission/index.html,1bed423732564295fccbc401525374ae3d58b766a1dd1e63a15f95b9bc4e1cd2
https://immigratetobrazil.com/about/philosophy/,about/philosophy/index.html,a0855ebdc6d75457fc1530a1b41221cc49a7077e034debecd346a38b6883e041
https://immigratetobrazil.com/about/profile/,about/profile/index.html,fbf25bf1e9618c2f4c0e714ef55ce9ae437f99307fcc729582d238186815309d
https://immigratetobrazil.com/about/results/,about/results/index.html,6fc03ec6c8bfaadd80179a7f9cdb903306cfe75b209e6873bb20b8c59390eec2
https://immigratetobrazil.com/about/stories/,about/stories/index.html,8a6245e3de37c8a75d3727fd7e3f034d30ca40dff91f6a3237feaa15387b0f02
https://immigratetobrazil.com/about/story/,about/story/index.html,4a9513dbcb42ca0dacf0b99b18c933324e4cbe1557db0cfa653d921bf88bfbcc
https://immigratetobrazil.com/about/testimonials/,about/testimonials/index.html,45ddc0e516fd20b796d1abbf4643a40a6da41b2f6a18e965e4e1e74aa626ca12
https://immigratetobrazil.com/about/values/,about/values/index.html,fa2ef300825f08d2b4e21692594b4c570de7156fe1294980d3717b1aed5f0d66
https://immigratetobrazil.com/about/whyus/,about/whyus/index.html,17c4f674252a357d7b1119a3a79397da8bb5c3aa6aea8fdb1321debe9fcf6cca
https://immigratetobrazil.com/brazil/,brazil/index.html,006e8431492364961605e7dae1eef0f1ab901b63e970ba305ebde3664b59838b
https://immigratetobrazil.com/brazil/brazil/,brazil/brazil/index.html,e55fb8b3496b59617605feaf38161dc805736f8598f546102f7b672da9860ff3
https://immigratetobrazil.com/brazil/central-west/,brazil/central-west/index.html,767238da59cef1e3c20930a8f7e00a845f13c37322a669d63b29479be604c47d
https://immigratetobrazil.com/brazil/cities/,brazil/cities/index.html,4caff8baac6c01b074bef55e9208ba7a4785853bc88f90f8e75a4b5d5964e4b4
https://immigratetobrazil.com/brazil/cities/aracaju/,brazil/cities/aracaju/index.html,a27374d394fcb51c1338fccac2a6d42ecd80a1ee8dee2f94906dd81815c2dbdc
https://immigratetobrazil.com/brazil/cities/belem/,brazil/cities/belem/index.html,61be57e4711f84d6c24f6fe1666080d103c11901a321fda3e794fa340cfd60de
https://immigratetobrazil.com/brazil/cities/belo-horizonte/,brazil/cities/belo-horizonte/index.html,b4c38c45a95af2d97c668fc1ee3c284797e92c9d4db129a7f7e78d1651279450
https://immigratetobrazil.com/brazil/cities/boa-vista/,brazil/cities/boa-vista/index.html,8c53892bcb1816226c49f6e2d2675fa1566871b1135b805b16dd4c2c23bddacf
https://immigratetobrazil.com/brazil/cities/brasilia/,brazil/cities/brasilia/index.html,b695d1a95932aa02e8e232a740c50c13cd7a1ccf6739766c9eb14416a985f24d
https://immigratetobrazil.com/brazil/cities/campinas/,brazil/cities/campinas/index.html,ab6bad025c7774491196e032f728987565e76e78df8fbc5e10454b9b965564e9
https://immigratetobrazil.com/brazil/cities/campo-grande/,brazil/cities/campo-grande/index.html,294f04285e385589495537ba942640146e9a323af876377f6a1e1ca6787c4f56
https://immigratetobrazil.com/brazil/cities/cuiaba/,brazil/cities/cuiaba/index.html,8bee66c72301d4d1f271a2093ba6e657587e0838d80951bf998cdb2a456613e8
https://immigratetobrazil.com/brazil/cities/curitiba/,brazil/cities/curitiba/index.html,809af24e996283a15d36f167337de208c1fde25db209814616532eabd0ab8d1f
https://immigratetobrazil.com/brazil/cities/florianopolis/,brazil/cities/florianopolis/index.html,ec04c504e1ed4cacabb9b5085d077b451689f8a3bd504f588a6dfc37b0c1ed50
https://immigratetobrazil.com/brazil/cities/fortaleza/,brazil/cities/fortaleza/index.html,6f4ffc56d8479878fd80f85bf2b34256c549e1e061e077eda365e649a8660f4b
https://immigratetobrazil.com/brazil/cities/goiania/,brazil/cities/goiania/index.html,e18c11ff9e27df855072995fb27d5fa299bfa47e5c54e3e63a6d7485934bb052
https://immigratetobrazil.com/brazil/cities/gramado/,brazil/cities/gramado/index.html,09bebcc6be90b838e6f187f88c7610f0187ffb8e663d517fed5bbd2cd1464a69
https://immigratetobrazil.com/brazil/cities/joao-pessoa/,brazil/cities/joao-pessoa/index.html,d96c05955857b9ce5c5766bf2f617eccc89b8f1a1bb5eff43dc63ce850b50f26
https://immigratetobrazil.com/brazil/cities/macapa/,brazil/cities/macapa/index.html,e43d25f79246532a7f5522b0ba634722f6364a62664aa27683861a8798b560e4
https://immigratetobrazil.com/brazil/cities/maceio/,brazil/cities/maceio/index.html,9de018a6bcefea11eeb3f337aa21c54f3300feae2846d1026a55a532d579a79f
https://immigratetobrazil.com/brazil/cities/manaus/,brazil/cities/manaus/index.html,5aac2d5ead82874328b1146febf62a28377c5b47dfe685d7a288294ccac6ba4c
https://immigratetobrazil.com/brazil/cities/natal/,brazil/cities/natal/index.html,be2b05a9755d50cd2364544728e77c448b46ff7091cd1ed0998dee29d2fae312
https://immigratetobrazil.com/brazil/cities/niteroi/,brazil/cities/niteroi/index.html,d64c558a19fb208c1ba76bddd9114081071c7d86dd742291395ca095388d2d40
https://immigratetobrazil.com/brazil/cities/palmas/,brazil/cities/palmas/index.html,603db6462a4347ff5d8a6a112689bb82688828320cdd3fed9844bcd32a44fcbd
https://immigratetobrazil.com/brazil/cities/porto-alegre/,brazil/cities/porto-alegre/index.html,99515ec08b0715043708d23cf3d99089651e39aa99ecb5f9af1514fef463ef5f
https://immigratetobrazil.com/brazil/cities/porto-velho/,brazil/cities/porto-velho/index.html,3481fcbffef2b746ed5c5be48d3594fa3ab159399f2d7fd65de868b2b2fd2ade
https://immigratetobrazil.com/brazil/cities/recife/,brazil/cities/recife/index.html,774c77fbe9a49aad16dd83d30ae61188beb083388e9c5d973e49081383108542
https://immigratetobrazil.com/brazil/cities/ribeirao-preto/,brazil/cities/ribeirao-preto/index.html,df53f621668b4cea0516a6658088a23472d5a8f259d057b9bd2d4a3dec904ff0
https://immigratetobrazil.com/brazil/cities/rio-branco/,brazil/cities/rio-branco/index.html,9dbea269def79c0459147be3d260a07d8e4dda060f38efa15b1465ef4bb37f5b
https://immigratetobrazil.com/brazil/cities/rio-de-janeiro/,brazil/cities/rio-de-janeiro/index.html,cd91fcd28a528acb9084475c9dff18b00936d3c7de40f21ba72e8c14ad4f61ab
https://immigratetobrazil.com/brazil/cities/salvador/,brazil/cities/salvador/index.html,b6699fbac1bce757146eb5fbe2de69a27d76d43e9e5173f47a2b401121f816cb
https://immigratetobrazil.com/brazil/cities/santos/,brazil/cities/santos/index.html,0aca97f4c229090ecf449a1f14275dbd20c859953e703c6392cf765706ae7b9e
https://immigratetobrazil.com/brazil/cities/sao-luis/,brazil/cities/sao-luis/index.html,72b83271c537a816448ba762f1155d93c8fe0034f20dc6c7fdf8e391236cf4fa
https://immigratetobrazil.com/brazil/cities/sao-paulo/,brazil/cities/sao-paulo/index.html,1cc0fed9f6cd65c9afc278043bfff4e52aaf96001da9b982d3f83f8c3d8f232d
https://immigratetobrazil.com/brazil/cities/teresina/,brazil/cities/teresina/index.html,74c878f18653ef3aa62fae3e69c446b4a8f7046034b6fa4b375e054e192e282a
https://immigratetobrazil.com/brazil/cities/vitoria/,brazil/cities/vitoria/index.html,7d2a8ab54d495476eb3cd17e36a4fd752aa91f3582e3878fb17545019fc53a70
https://immigratetobrazil.com/brazil/cost/,brazil/cost/index.html,d184ead057b8c102275f65e2e7c37d3677a1a596c9f17c264a36c095b681ac3b
https://immigratetobrazil.com/brazil/cuisine/,brazil/cuisine/index.html,06c7b70b1cbaa5623588bcd97547a3ee8241859a1967b6536f2d042601d1a4c9
https://immigratetobrazil.com/brazil/culture/,brazil/culture/index.html,7ff26a281fad2ec9f4724b0e02d8c51c548c94063e0a041dbeaf5ab3179fe14f
https://immigratetobrazil.com/brazil/directory/,brazil/directory/index.html,2ce1f4a85e6d478845ab485cfbf90b2c8e1a09b1bc61b7358e1e3f620a262a70
https://immigratetobrazil.com/brazil/economy/,brazil/economy/index.html,47b7f4476100c0f1d6927d31323f04fd15c6f37359672c7a07ae95cf956489af
https://immigratetobrazil.com/brazil/education/,brazil/education/index.html,2bed677b65e06a255746af42c7d14d33bf50130c180d451796a8d06b19747de4
https://immigratetobrazil.com/brazil/events/,brazil/events/index.html,3d4c30046b04c2000b2d9e58840c0eeaee0932a053a4c7aed4271073df5f13a8
https://immigratetobrazil.com/brazil/faqs/,brazil/faqs/index.html,80c1a55b251e0ef5c4364a77b778e5b1f3aa8a36dc80fbb2c5a550172fc0451b
https://immigratetobrazil.com/brazil/festivals/,brazil/festivals/index.html,5d004b405866b16bc0fb77465e823c2c0f4327382e172f7c08ef2edb98884186
https://immigratetobrazil.com/brazil/guides/,brazil/guides/index.html,ee23eb62dba65dc90a939416ad1c08cc3fba130e4e2edbae8b5d77e24e31735d
https://immigratetobrazil.com/brazil/healthcare/,brazil/healthcare/index.html,53be33faa64b262b671563c6ddb8257d633947d4ebba7a97f6a8d187fe2dd929
https://immigratetobrazil.com/brazil/housing/,brazil/housing/index.html,00b690b1d5d499c55eab3b4f4f4fb482af03a655d85e89513baff48cd094ee6e
https://immigratetobrazil.com/brazil/investment/,brazil/investment/index.html,cbfc7d8c11093972e471406820a96478714e847e052edf2bc8bbeb959350e3a5
https://immigratetobrazil.com/brazil/living/,brazil/living/index.html,b1b005821289999a001e41be0ea78e5e7c45f8abc66bd75691603586934b6941
https://immigratetobrazil.com/brazil/municipalities/,brazil/municipalities/index.html,60186fd4a0e576460d713fa0f41fc0abd50ccd349d5d82bd69c013116a9e5704
https://immigratetobrazil.com/brazil/north/,brazil/north/index.html,1875a0d364d529dcae34b7d81e5c3f3e772866c73c5b7ce66b50c020810b27e0
https://immigratetobrazil.com/brazil/northeast/,brazil/northeast/index.html,98cc412b738dece55af0057d36523ec6d8e96c1a39c1558379d638351a6a39a0
https://immigratetobrazil.com/brazil/places/,brazil/places/index.html,ecc16763f2e72e6f437de6ae768cf2bf3c8ebac1cf5e39bc8a8bb3bcfca1e0a4
https://immigratetobrazil.com/brazil/quality/,brazil/quality/index.html,c85631cf8c9b07e0803bee2e937054c26ab08d182015ed5a0fcfa0aa51596b05
https://immigratetobrazil.com/brazil/safety/,brazil/safety/index.html,83190e8d2de05be14ff4b273c04d83965191094cfa067da477264f6a14957e0b
https://immigratetobrazil.com/brazil/search/,brazil/search/index.html,ee359d55528d6bc12ca0143c490d3f2be6d7073485da074f177eaef290079997
https://immigratetobrazil.com/brazil/south/,brazil/south/index.html,700a6e78fe1a8f9778c2b0014e98b164655a41a45c9ceee16df1ef0bd8a2d557
https://immigratetobrazil.com/brazil/southeast/,brazil/southeast/index.html,5f58a2b4274f702710fa93e28c2abf7b986566aaabd7f4538729ac2f960042f4
https://immigratetobrazil.com/brazil/states/,brazil/states/index.html,8ed8c42d6ce0b4ad1ae508cc4b194d11bb808f5890a59c830d9481a5f953b75d
https://immigratetobrazil.com/client-feedback/,client-feedback/index.html,29fdfe5e8e5047c0c3800a933402b0a9d5bab4496785ce061fbd9c017f67d71a
https://immigratetobrazil.com/contact/,contact/index.html,21bd6e8eda70540e18feebec68db710743adc073155798f01d18724fe51f79f5
https://immigratetobrazil.com/countries/,countries/index.html,0fd2ced08836559e98e695325ede8b083c1aa8b12f3a72296e6d3092a7276662
https://immigratetobrazil.com/countries/afghanistan/,countries/afghanistan/index.html,0d0b38cbb9238edf566e49f19b8f99439ce66cb984ab15603fd265c2926a7912
https://immigratetobrazil.com/countries/albania/,countries/albania/index.html,a21547007ffba5cccaacb8676513880fad3d0b97e51d61a46598fbb7bb782ed2
https://immigratetobrazil.com/countries/algeria/,countries/algeria/index.html,61851d6bd145672221983d3d95389251998348b3e6ac15e01a32a7a6b09e4f6e
https://immigratetobrazil.com/countries/andorra/,countries/andorra/index.html,2fc2fe46905f82e80f5d44710b6bd31ba6e1123bffe3536021341a2d957b71d3
https://immigratetobrazil.com/countries/angola/,countries/angola/index.html,b2e0e8a96d6f5717bd897b326164bd48660ad0cef2ff889d124c0bf6bf0d991e
https://immigratetobrazil.com/countries/antigua-and-barbuda/,countries/antigua-and-barbuda/index.html,030ce29d6dbd8d09cade8e40634d19f8fb2e22cb7f503126242f8abd8a04f616
https://immigratetobrazil.com/countries/argentina/,countries/argentina/index.html,27f910824f52e6feec6344c81d66f71c6b79bf77e56664de492cc11415a3e7d3
https://immigratetobrazil.com/countries/armenia/,countries/armenia/index.html,07dcf3337fd00eaa91ca0aee14c2d6e184eab2f4638d83791a636e4efbbc753a
https://immigratetobrazil.com/countries/australia/,countries/australia/index.html,5bb63f1b8ea94c113681394c17be1c0c5d5f17eb9933e9da5937e029488ff3af
https://immigratetobrazil.com/countries/austria/,countries/austria/index.html,c4fd05fbb9c541e9cb71e163f277b4355c610ec0d8fd1870019e860d84a35109
https://immigratetobrazil.com/countries/azerbaijan/,countries/azerbaijan/index.html,9a0dde9147d3d06eff77c8b541087c394de51bda6834c62434c0445496bf4e12
https://immigratetobrazil.com/countries/bahamas/,countries/bahamas/index.html,f5f01d3b51c0422b9aee3ea60a48bf5510c1903c9208f10f3370623fb139bc14
https://immigratetobrazil.com/countries/bahrain/,countries/bahrain/index.html,f415d875a657a8798df705c5a03ff69b2b5afeefa28955037b530606603b824c
https://immigratetobrazil.com/countries/bangladesh/,countries/bangladesh/index.html,d739a7a5075430132f2aebcc561fbe57babdd1a6671e09d69873a73404dd09f4
https://immigratetobrazil.com/countries/barbados/,countries/barbados/index.html,3135d66aadb9e66eb5167e37771c1877336e0d510f86a629cc395aa0e6be46df
https://immigratetobrazil.com/countries/belarus/,countries/belarus/index.html,b9a815240198eb96c62e264c9906e678474b2b46ed2277c62d6198b4abc1879e
https://immigratetobrazil.com/countries/belgium/,countries/belgium/index.html,397caa56e5ebfd561ff4a2c840c8995dfa018fb749e32b558403e10a2a1aedd8
https://immigratetobrazil.com/countries/belize/,countries/belize/index.html,e686b391710547db41a30b62c5059e314651e6167aaf2253791160b1627c76c2
https://immigratetobrazil.com/countries/benin/,countries/benin/index.html,87fcb83604261235e562496211abc50a5778407dfa9bcb22528f154d5ee52f45
https://immigratetobrazil.com/countries/bhutan/,countries/bhutan/index.html,13cf8132fb40a95db1ce4edb1ad3412ab96d04bad43e8918fefa8eb0bd39062b
https://immigratetobrazil.com/countries/bolivia/,countries/bolivia/index.html,f31fab35f12964c3c70721c686a36b7c5c4ffb887dda31f1bf2e860d0e4a1acd
https://immigratetobrazil.com/countries/bosnia-and-herzegovina/,countries/bosnia-and-herzegovina/index.html,fab9872e04e0ddf6902832ed8a0b22d860d0f750c377369f1e7d545884daf86b
https://immigratetobrazil.com/countries/botswana/,countries/botswana/index.html,d2d6af22a9c2287c9e11d971ce1ff6d58c54215fcfdb7f8efff3908ae49b8612
https://immigratetobrazil.com/countries/brazil/,countries/brazil/index.html,0110713d8c61a3cebf73ba3d956de7517fb987a675c8dbf492559718716cf6e2
https://immigratetobrazil.com/countries/brunei/,countries/brunei/index.html,27ec9e481a0aa40d2892fd347268cbe69c6e70dad90da562112d6bf91eb0132a
https://immigratetobrazil.com/countries/bulgaria/,countries/bulgaria/index.html,17e49da903534fa58799f606dcc48576a24b8f932d60fb42569f7ec51ade26ad
https://immigratetobrazil.com/countries/burkina-faso/,countries/burkina-faso/index.html,7de6175d0fbf2910cd4886a4efad5677e9b512902e8253b473d81a78de486813
https://immigratetobrazil.com/countries/burundi/,countries/burundi/index.html,1b85108181bae81a4c33fcf79472056f65df7dd61969d81fdbaddcc42e0a4384
https://immigratetobrazil.com/countries/cabo-verde/,countries/cabo-verde/index.html,58113c62e3c85ed21409dfa19704499307f00ae2cd26ff91f031c4bdb7a8c67a
https://immigratetobrazil.com/countries/cambodia/,countries/cambodia/index.html,5d4bfa33b70a28042fea648ada7e56a5c255022aa881e9c6bd2ffdbc5b5e5e21
https://immigratetobrazil.com/countries/cameroon/,countries/cameroon/index.html,a8f1d73e77be9a749ae6b7869c364537f41b45957738d8923b2ed96acdb65a90
https://immigratetobrazil.com/countries/canada/,countries/canada/index.html,ecd5fd0844b6d3d3b10b1d53e96cde66f959c215e4e0f6498d8d86aab23e5eb5
https://immigratetobrazil.com/countries/central-african-republic/,countries/central-african-republic/index.html,c4a008dbd9e9ccf79ca8fa231670df3c4da96e997f909e2157e692e1a0318da2
https://immigratetobrazil.com/countries/chad/,countries/chad/index.html,62687133fd6a5cc00cc1b2c1bb72ca123b361a9d1ed467b7f1f076cc5d44a5ef
https://immigratetobrazil.com/countries/chile/,countries/chile/index.html,40fb54965d69ee20a3117eb30ef469c151a55b175dac55dd49010ee7eb83950f
https://immigratetobrazil.com/countries/china/,countries/china/index.html,e68e2503e7081f3d7491440545bbf04c11dc8eb1948c68deb47d0dc9feb983d4
https://immigratetobrazil.com/countries/colombia/,countries/colombia/index.html,c71db0149860626e670e2f34ee6a346a887527c95969615cfd3ff039b23d8f68
https://immigratetobrazil.com/countries/comoros/,countries/comoros/index.html,af69394ab18a39a4e50b3fb573e7f4c84a3f1f12f529b72fe6e2ebf176f2ecf4
https://immigratetobrazil.com/countries/congo-democratic-republic-of-the-congo/,countries/congo-democratic-republic-of-the-congo/index.html,2e8cacabdfce01cc7a1748f26149e3c1564ec30b3d3f452ca9f83dee4a294afa
https://immigratetobrazil.com/countries/congo-republic-of-the-congo/,countries/congo-republic-of-the-congo/index.html,4129ee1a82c05f390457c358f30b17eb7945ada329bf759b2b633fda099251f9
https://immigratetobrazil.com/countries/costa-rica/,countries/costa-rica/index.html,96660e50dd82f7175cfa06707702c19cabc23d25b2f0ef4ad48f26d10305168b
https://immigratetobrazil.com/countries/croatia/,countries/croatia/index.html,48a10efa5ed2a562e1487fd52588477d5c093065d776d81b705557b7a13e44df
https://immigratetobrazil.com/countries/cuba/,countries/cuba/index.html,0ed530a432fce1c01b415bafbf265de32695c0872791984723fa2aa58b6dbbf9
https://immigratetobrazil.com/countries/cyprus/,countries/cyprus/index.html,1de00d767ab86a529f2feb0613298bf18287d8558f4e8d436891b7a915a9aad2
https://immigratetobrazil.com/countries/czechia/,countries/czechia/index.html,5ac5595c6be1b9d5535aaecd7de42b5f2ed0629ff4a89f482827a150feedbaf9
https://immigratetobrazil.com/countries/denmark/,countries/denmark/index.html,11f2c6ea2f0104caad8abfb0eda1f2e9264422fb5a50a4f34537b63a6ebafc21
https://immigratetobrazil.com/countries/djibouti/,countries/djibouti/index.html,18ef09e0c2bd3bdea4999979da8de79e7cca9237ce51300b57e31f893c1cbf80
https://immigratetobrazil.com/countries/dominica/,countries/dominica/index.html,77b5d47fbfd689bf6c84fbe156b380a1df05d4c82d33cb78aeee8cbdbe5d2386
https://immigratetobrazil.com/countries/dominican-republic/,countries/dominican-republic/index.html,17af39204ea3ce2ef2baaa944962b049a5a603651844d968b905575cc6405711
https://immigratetobrazil.com/countries/ecuador/,countries/ecuador/index.html,73d40f9d5243c5c49742af167392e6d2d857a838b0b46d30bb3ad8fd167d487c
https://immigratetobrazil.com/countries/egypt/,countries/egypt/index.html,960e35daf096824052e94ffb3585fd5cd01eb28e9c3fffc5d5a381e85aa2e014
https://immigratetobrazil.com/countries/el-salvador/,countries/el-salvador/index.html,b9283876192e05030474d6245e94c7d147751ebfa3929a062444ba9fa38122c9
https://immigratetobrazil.com/countries/equatorial-guinea/,countries/equatorial-guinea/index.html,e7b02f4d9af13219f43130c4fd1586a62f55633008d6877f2ccfc1eaef00b4a5
https://immigratetobrazil.com/countries/eritrea/,countries/eritrea/index.html,a6364fa48b7e067c548f28c0f571e4e3ba45b224e2c421ed46b22fd71df524dc
https://immigratetobrazil.com/countries/estonia/,countries/estonia/index.html,7d9b521cb90c7ee22ded7cb21a1d6192e2b844b186cf711ce30010fbdad7cc06
https://immigratetobrazil.com/countries/eswatini/,countries/eswatini/index.html,e14bf9877f87b5ca38bf1d77d54031b41e2835e83c5529f91802b12f25a70218
https://immigratetobrazil.com/countries/ethiopia/,countries/ethiopia/index.html,03b691ca1378414ca735b9b50a0b22ada152a78762e322919c41c9274384207a
https://immigratetobrazil.com/countries/fiji/,countries/fiji/index.html,e6acdd27272107778fbdfa05f1783dcecb61954d263ece9cb6b690654d60973b
https://immigratetobrazil.com/countries/finland/,countries/finland/index.html,3bcc5f9e60b1574560546f9498a6d57a9d33da222b8e8a9baab4f7e778a20fb1
https://immigratetobrazil.com/countries/france/,countries/france/index.html,35b6aef00dcd2d7ebf732fee0c6c610f0f2220e66e40ce10b91bdf894a1139a9
https://immigratetobrazil.com/countries/gabon/,countries/gabon/index.html,c2d461e076543c05ab69583c29fe801f38dca56d5d8245d2bed01c2610171639
https://immigratetobrazil.com/countries/gambia/,countries/gambia/index.html,a141bb9e19d212f6f287c9bb77408f2f1499b422991f25eb9263ee3d9772de89
https://immigratetobrazil.com/countries/georgia/,countries/georgia/index.html,ca80fc2eb97868ba8eed405301998085edfa2ed4c570a303980da7a208b296ad
https://immigratetobrazil.com/countries/germany/,countries/germany/index.html,e2f0af0f489e75970a4700a56c15b80b3b8fec32e7304ad38f0edc9bbc43099c
https://immigratetobrazil.com/countries/ghana/,countries/ghana/index.html,8ea06dd60441525a8993cfe9c571580cc6707746123bf96140ea6e2c9f912113
https://immigratetobrazil.com/countries/greece/,countries/greece/index.html,ba8893691434f1943590175729eb218296d38653ed738c2015af31e9a8438c08
https://immigratetobrazil.com/countries/grenada/,countries/grenada/index.html,6850f3c3e58f63fe9016fd59cb75c50d6e7d05bbee6b901914412cb9673d3a12
https://immigratetobrazil.com/countries/guatemala/,countries/guatemala/index.html,541d24b5f22c05aa5a22c4200b6a26db6f6ef3e8ce7984b724ab6c7d669b43c1
https://immigratetobrazil.com/countries/guinea-bissau/,countries/guinea-bissau/index.html,fec169f8b68788c01ad722703af3ed286ccc501c515b80c0de9d2589b997d805
https://immigratetobrazil.com/countries/guinea/,countries/guinea/index.html,14cb994899e2a0f8d14eec979ad2bdc2be63533f389adadc36d43766c8dfae6b
https://immigratetobrazil.com/countries/guyana/,countries/guyana/index.html,90855988d1d1e3d99f859427fd65ee4e1c80df58286f03286c19a824d46787f6
https://immigratetobrazil.com/countries/haiti/,countries/haiti/index.html,13ae12e4e4b82d7c1ecebd8c757cf2de95a41c60b5bd4fd92599daeed020ab3b
https://immigratetobrazil.com/countries/honduras/,countries/honduras/index.html,15452cd7ab9167caba14b1127ccff786ce1c5a91ffc37ceb4901eb6175275e84
https://immigratetobrazil.com/countries/hungary/,countries/hungary/index.html,8838c612c2c0cd6622023544c78cb0e2f606d883f3400090511cbe6f3d032a6e
https://immigratetobrazil.com/countries/iceland/,countries/iceland/index.html,dd1a6da6f370f196aa829b08133bec052853ff12f7f68113f9121247c7fcf9a3
https://immigratetobrazil.com/countries/india/,countries/india/index.html,7e9196c5fa2cfc660226d9924def6af230d99aa67b69396c08530d27d5d76c95
https://immigratetobrazil.com/countries/indonesia/,countries/indonesia/index.html,3c8974f8a5e2c847a104587fdfa927530f71641edf8fa3c7abcc2c6db5612b89
https://immigratetobrazil.com/countries/iran/,countries/iran/index.html,c8ee5f73ed1f89af2f0e03c3aee4e5c18caa9758215b29c31c878fd6bd072e95
https://immigratetobrazil.com/countries/iraq/,countries/iraq/index.html,b8e804d9c351d66318a7cd88a8db895433af533d9ba0c6c34420b4665b0ae238
https://immigratetobrazil.com/countries/ireland/,countries/ireland/index.html,8ba8b2c8e4e7b58cbf854cd2e72487fba7a261ab7a3901859f7d961e4bea70d8
https://immigratetobrazil.com/countries/israel/,countries/israel/index.html,1f118c9919882a138f7002e5b8b99ff8486a50e89eea66ff2ab64837a937a053
https://immigratetobrazil.com/countries/italy/,countries/italy/index.html,480dcefbab1546e06ad88a73bee6023c619cad4f059b2c3de9793c9d498e5a60
https://immigratetobrazil.com/countries/jamaica/,countries/jamaica/index.html,661810f870baa06626c5a03f86a85533a092c574ffe95284e24073545f626eb6
https://immigratetobrazil.com/countries/japan/,countries/japan/index.html,d07c070875f5ac2cdac74a320bd5691e97243a2a73901a3fc6ea71c83102f4f0
https://immigratetobrazil.com/countries/jordan/,countries/jordan/index.html,45faf2d269e7e5d18f4073d1c645ec7e95c9531b7e2345857923c09713e607bf
https://immigratetobrazil.com/countries/kazakhstan/,countries/kazakhstan/index.html,cbf4978112c8c77ffbf9a15e7c97554d97dd545d1404a8c83f283e0f09cd1916
https://immigratetobrazil.com/countries/kenya/,countries/kenya/index.html,bcde447f9f54619362135e0595a8759a7c9a2e6ff85d1b8f6aba573dfecb1039
https://immigratetobrazil.com/countries/kiribati/,countries/kiribati/index.html,99f606068daa6c7653cf50182a5fe18e7290eba0fb1c4aa84ffa4af6d6e613b2
https://immigratetobrazil.com/countries/kuwait/,countries/kuwait/index.html,d90b1686ade9051aaa2146ca3a950687f4fbd2aa685d16b0067a88eea51a9de0
https://immigratetobrazil.com/countries/kyrgyzstan/,countries/kyrgyzstan/index.html,f7c6fa1a0dbbe39e60c10386b7dd2c0a8360c290a09dc64733ff6be60cf734b5
https://immigratetobrazil.com/countries/laos/,countries/laos/index.html,cb9d69281bb5a3d65329d3da8dc603f90d635092c042c88f58ecb200c6a76267
https://immigratetobrazil.com/countries/latvia/,countries/latvia/index.html,d48877dc24dcdf730d46d3f2cf54b1cef8d77369c5a5bff7d1679e7eb5329874
https://immigratetobrazil.com/countries/lebanon/,countries/lebanon/index.html,0b5de6ca0a6dd1759f81117cb7d5aa030177b8cc92ef205ec0a48c4aa949b81f
https://immigratetobrazil.com/countries/lesotho/,countries/lesotho/index.html,3e95ec494200b3f5f8bd9e9fd2fca8a31a2363081a61c5ea2fd9359fde44f452
https://immigratetobrazil.com/countries/liberia/,countries/liberia/index.html,0c1ee2ef096033198ce31715ce8e9a8de68a6bd26aae4f85a4fd4f2a1299273c
https://immigratetobrazil.com/countries/libya/,countries/libya/index.html,e922bc158cde65a47e03633f50cef2e1d5b4b287e879dd83028d73c734d63fb2
https://immigratetobrazil.com/countries/liechtenstein/,countries/liechtenstein/index.html,c0161234e3e16d81cb778391b19dfda4401e3a47b4c1f8b852d7f210ca3c50db
https://immigratetobrazil.com/countries/lithuania/,countries/lithuania/index.html,c85fde5e2289aa0b100fcdd772f40c72e3054c6e483559e46c5742005842c4df
https://immigratetobrazil.com/countries/luxembourg/,countries/luxembourg/index.html,6af4a407c94638795b42c2531ebc817953e026c6a259444ab1f1014dd28112bc
https://immigratetobrazil.com/countries/madagascar/,countries/madagascar/index.html,c87384a72938d2f551bd0fb09d54a4d4b024493dff0b2437ad44fe298a7123f3
https://immigratetobrazil.com/countries/malawi/,countries/malawi/index.html,959c045a2cc8856fec8382d00534b1e8cb3cadc016abd4c0e0d81855c4cda802
https://immigratetobrazil.com/countries/malaysia/,countries/malaysia/index.html,9b9ea963d80d214f939d1bf317fc3a6e270ce36319fee971196d909153e8664e
https://immigratetobrazil.com/countries/maldives/,countries/maldives/index.html,05d372b412ed83adb16dce4eda753e474ee1c68d7d32c6b2c1c09af21b3ab6d4
https://immigratetobrazil.com/countries/mali/,countries/mali/index.html,ac6cf7e379bbfa78830d9954d3583da150913aeb019bc51433d3b699699980db
https://immigratetobrazil.com/countries/malta/,countries/malta/index.html,329e993a9560056087e382583a7fe4b5bbb4a836cbd5c56e06e90b3908655bca
https://immigratetobrazil.com/countries/marshall-islands/,countries/marshall-islands/index.html,2f50ff0238732323af8a0d41bf8f413374ae58a4bb1ed24ecb8ba1deb398a57b
https://immigratetobrazil.com/countries/mauritania/,countries/mauritania/index.html,8fe6d27af11fc08a9f5a9152e58f7b4402b8fe1eb72de8a82ee3b104e9f20ff3
https://immigratetobrazil.com/countries/mauritius/,countries/mauritius/index.html,40957bef68373c1a3b4b68bf2855e9f55a48028ebce4c9ec1cfdec75afd65807
https://immigratetobrazil.com/countries/mexico/,countries/mexico/index.html,2a5d343dc2977927d1bcf6ab178f5c07c6622324cfa8ad22ca25f2c4f450b298
https://immigratetobrazil.com/countries/micronesia/,countries/micronesia/index.html,9bfe02179f8127edfbeabe96b21a71b9c37e61a10033c6f6746de4897a5eda3c
https://immigratetobrazil.com/countries/moldova/,countries/moldova/index.html,fcdcc8f267dc017fb7e6f7cbadc35b3daa157a2d591e68c0333dae340bf5020a
https://immigratetobrazil.com/countries/monaco/,countries/monaco/index.html,7ed86a6e0ebc76987075a8504b31a2bafa88771fe6a45f8bd7a881a11352afa4
https://immigratetobrazil.com/countries/mongolia/,countries/mongolia/index.html,f74d4812ffca834c1a2d6673f1a4619d98f6af4273f82a1874a1712f9493745e
https://immigratetobrazil.com/countries/montenegro/,countries/montenegro/index.html,e04b06f1bb57cd37791afcc9b90c56ce638fb411d82a6a951f3be0890228dada
https://immigratetobrazil.com/countries/morocco/,countries/morocco/index.html,8f715e3e3aa13afe890a3e51636f33502c60447e4f9a037ca841b67a0245e7cb
https://immigratetobrazil.com/countries/mozambique/,countries/mozambique/index.html,11b05e8c86d426842c039580eca09e7469ad4d456ff0427ada09015dfba44027
https://immigratetobrazil.com/countries/myanmar/,countries/myanmar/index.html,56a55aac230dd12752baa0b2eb1fb851f596f14951208cfe3623b0d40140fab0
https://immigratetobrazil.com/countries/namibia/,countries/namibia/index.html,aba06dc092e1c2984bbcb9f97dc88c489b15ff0ff172829e2276b21969e4e235
https://immigratetobrazil.com/countries/nauru/,countries/nauru/index.html,e91df5d3e8c8b39bbd940d06ecb6c7d3248fa72417ee3c97f5857ae14e10283e
https://immigratetobrazil.com/countries/nepal/,countries/nepal/index.html,8f5a195bc01e3af45de27ea23916048e6f7a86488eb1816e577c4189c99a6b2f
https://immigratetobrazil.com/countries/netherlands/,countries/netherlands/index.html,8b876b9e33a6386cb10e21a322a1f7672333ea14d12afea0a978a2fac9cf2540
https://immigratetobrazil.com/countries/new-zealand/,countries/new-zealand/index.html,97ba93c89187767654521401818bc76bc8302fee85e2a2ef3b003e27f6ed872e
https://immigratetobrazil.com/countries/nicaragua/,countries/nicaragua/index.html,cb1a146a452ac26bf5f22cf05c270ea69ff7d5133c5c1c60b6e4c016845a0854
https://immigratetobrazil.com/countries/niger/,countries/niger/index.html,c4c7e91ca55212d5ac876decd76feaa9e29c9d4756ce26f5680ea72b62484a53
https://immigratetobrazil.com/countries/nigeria/,countries/nigeria/index.html,d903936f18f02b39b17a1c5f64299bf686e2ddc875d7408f0e2472be8b0dff5d
https://immigratetobrazil.com/countries/north-korea/,countries/north-korea/index.html,404a33dfa1d6ecb98ea74fd3f03df3f90c3957336dbfd925d37ebe03e3d56743
https://immigratetobrazil.com/countries/north-macedonia/,countries/north-macedonia/index.html,67c0f03f3bec7cd99ef2fd95f241a45b25f2a7b55d3e7116fa8874f012e5202a
https://immigratetobrazil.com/countries/norway/,countries/norway/index.html,ec1f47661d1262cc9a4b05011ef80031ca2c56109ee3abfd0fe10804d7ed719c
https://immigratetobrazil.com/countries/oman/,countries/oman/index.html,36b2bafab755d3ada9f29783569a33e56cf77f8e3fd4ccc16e22964a810e36cc
https://immigratetobrazil.com/countries/pakistan/,countries/pakistan/index.html,e41b6b3c767daa4b5eeb2d529aa04c31f1e46eb6727e41da2e6b245078d95549
https://immigratetobrazil.com/countries/palau/,countries/palau/index.html,e87b1c66706ffacb1fcc6a871610b7eae837dbcbd361dcdc7e28b6613d3709f0
https://immigratetobrazil.com/countries/palestine/,countries/palestine/index.html,3a4073a89fbc0a173b237d11b2dcea7990b211e40e7571226af0c577a7ba605b
https://immigratetobrazil.com/countries/panama/,countries/panama/index.html,59bf718b70b7849a7ec754ad82a4f4e8bf4a7a935d517831bed4bb1ca3490d78
https://immigratetobrazil.com/countries/papua-new-guinea/,countries/papua-new-guinea/index.html,6392e77fd7e167835630e2c84779facb9c9e46120a3cc522802fee65d815de0f
https://immigratetobrazil.com/countries/paraguay/,countries/paraguay/index.html,123fe04c0bbfcfe9cf3962b799bc7e8e5456fd0c84a728544ab5f0e5bed75e3d
https://immigratetobrazil.com/countries/peru/,countries/peru/index.html,e6e02282935d4081fcf78d85a488c48e8e18d5a5ac5005ef92141d9fead31ab6
https://immigratetobrazil.com/countries/philippines/,countries/philippines/index.html,b272ccb5c6e785473ad1dac6b7aa0bea8a606a4e8fe13eea08834fadc990b533
https://immigratetobrazil.com/countries/poland/,countries/poland/index.html,753e33b293c545a74fc2ad0d2d97059c7583504ae149d7fb00dff9e5f9254bbe
https://immigratetobrazil.com/countries/portugal/,countries/portugal/index.html,819e0044ce74a9ebfe28b29f1b836670f03e7e66fb8a000dc72a6323454cba89
https://immigratetobrazil.com/countries/qatar/,countries/qatar/index.html,ae9482a73b8aac03866c599ad97575b26ffbbac11948f02109685e4931db71ca
https://immigratetobrazil.com/countries/romania/,countries/romania/index.html,0873a5cab005521a5930f8ac0991e5a2c17f4587cd46b3adc21e11a8c4c604a6
https://immigratetobrazil.com/countries/russia/,countries/russia/index.html,b4e30f2cae7293b406c4b93cbe6835d01793aa29390f076f5951d930dff3dad3
https://immigratetobrazil.com/countries/rwanda/,countries/rwanda/index.html,6b2cde5fc3d54e956b3d5cb8550d34d443e34533e39f8d7071bac017f36718ab
https://immigratetobrazil.com/countries/saint-kitts-and-nevis/,countries/saint-kitts-and-nevis/index.html,f4f776b6bd9a359375aed12003538e4be82f18aa0112c7596a28385cdf3e0540
https://immigratetobrazil.com/countries/saint-lucia/,countries/saint-lucia/index.html,325b55efb5cdf106c20ec8e821c03f7df66231353c3693acb2f39df0baac23ad
https://immigratetobrazil.com/countries/saint-vincent-and-the-grenadines/,countries/saint-vincent-and-the-grenadines/index.html,40bf07abacacdcf12e389dd3fe9967d81be51ecf7c8b553ea66c612773a76bec
https://immigratetobrazil.com/countries/samoa/,countries/samoa/index.html,f9d25e1e4a40e1aeddacbf03dd8072a85890d816d1da7b6e89defd583786f7b9
https://immigratetobrazil.com/countries/san-marino/,countries/san-marino/index.html,a523fb2a8d57cf9699d67c6e0a5b1272656479f69f0c1d1a4dfc3cd64aeab300
https://immigratetobrazil.com/countries/sao-tome-and-principe/,countries/sao-tome-and-principe/index.html,7c102d717619c8c5eafa441226d8df4c82e4fcc0a709a79094b8e0b88945b459
https://immigratetobrazil.com/countries/saudi-arabia/,countries/saudi-arabia/index.html,57b4d2079230f04d6f2874286b36a0cd4a127e957f2706deaa5eb3372a010797
https://immigratetobrazil.com/countries/senegal/,countries/senegal/index.html,75e0ff1644ac444197aa02f519531471929dca9a16a238ae1ebd28e71fa49c13
https://immigratetobrazil.com/countries/serbia/,countries/serbia/index.html,956424bf0f3fe4edb3ea96dcf5cdff8aee9aa8abea8aca513fcb9c30fe68da9c
https://immigratetobrazil.com/countries/seychelles/,countries/seychelles/index.html,fadb2378632d219890d026019e270036653ba2ab0e11794fd52f38b0e3b705e1
https://immigratetobrazil.com/countries/sierra-leone/,countries/sierra-leone/index.html,d1be541fcd16dd64d1ae8291e526ec55b36873c4806fe5d3dbb9cacc951e7c31
https://immigratetobrazil.com/countries/singapore/,countries/singapore/index.html,e142671ffd03876d087ee00c2532f9063007112b3ef0979af905bba68da0eb1c
https://immigratetobrazil.com/countries/slovakia/,countries/slovakia/index.html,418dcb5a559cc198b9d8c3d40692b51b5ed32945ac1afc5f52437017bb9a95ee
https://immigratetobrazil.com/countries/slovenia/,countries/slovenia/index.html,80fe6cca7232678028a693284fe8cf20a0b103d8662a51a4df84de91a404a944
https://immigratetobrazil.com/countries/solomon-islands/,countries/solomon-islands/index.html,8698f910778f1b899092121227adfa6caf51861dedf23de82ae30f906fd0aae9
https://immigratetobrazil.com/countries/somalia/,countries/somalia/index.html,3d64946ba5f1d0b4991818d9874b333194429d74104385ecb33e992cf1de0e9c
https://immigratetobrazil.com/countries/south-africa/,countries/south-africa/index.html,b7598d13633ae7e415bbe6656767d6c3cfc9a0c54658b1722cd05b8e92a06256
https://immigratetobrazil.com/countries/south-korea/,countries/south-korea/index.html,cf129d61f170e9b823c9101c7c799438463d900ef3e6988b57ae900047017596
https://immigratetobrazil.com/countries/south-sudan/,countries/south-sudan/index.html,9e9dc27cbc1f4b38e5ce06d6238477032da1cfd9ecc68f510d35d23fe3fd0656
https://immigratetobrazil.com/countries/spain/,countries/spain/index.html,67ddb0a9bbcda5a547abfb67006b8f5c6718cd120413eacd7c16d4a06ac9e3f9
https://immigratetobrazil.com/countries/sri-lanka/,countries/sri-lanka/index.html,e5b4d401e3af3a42f5d4baec4df405827f57cee6826d629693017ad5e6128129
https://immigratetobrazil.com/countries/sudan/,countries/sudan/index.html,a39130a7fe6c73a084cd750bfc4d524e58f5d0337239f253592291ce52751cf0
https://immigratetobrazil.com/countries/suriname/,countries/suriname/index.html,b655565b47a36956032c0de5900cb194a0d2900cbb546ee66e190753ef0a2618
https://immigratetobrazil.com/countries/sweden/,countries/sweden/index.html,f089e3e6df544fcc2e6c03398b66c672eebd0a51933ca49478dcea9e62192680
https://immigratetobrazil.com/countries/switzerland/,countries/switzerland/index.html,a18443b3c052734c12fd50e707837f3937cf8a03da893bad756f777a6e2aab2f
https://immigratetobrazil.com/countries/syria/,countries/syria/index.html,24256cdfa0036390311ed1b1bfdb057a4c62cb5cac79c0b03de8cb7fa0b50604
https://immigratetobrazil.com/countries/tajikistan/,countries/tajikistan/index.html,0cdeed4fdc3c9134c066d1d9fd26b5e78e5cb68dea03b8d89f089db25f13d91d
https://immigratetobrazil.com/countries/tanzania/,countries/tanzania/index.html,9628d294103dd7120c6be81f36bd0838f82e5a25341981dfc7d37585cb410a64
https://immigratetobrazil.com/countries/thailand/,countries/thailand/index.html,076019d45057e1adcd7f703f16932f7a2b2091e649243cd2ec73ee4033c2f5d8
https://immigratetobrazil.com/countries/timor-leste/,countries/timor-leste/index.html,d376c52660a37a0106ae2316ca31127d501ebd27f98bcbb5cfb9d9d28e91b4a2
https://immigratetobrazil.com/countries/togo/,countries/togo/index.html,4ff4d9cecea89751ce1bc9670f54898fd46537b1ccd52c0209415ea5782ee48d
https://immigratetobrazil.com/countries/tonga/,countries/tonga/index.html,18404f52e51355aa073bd949da4cd047968be8325d37d65374cee47d4c194894
https://immigratetobrazil.com/countries/trinidad-and-tobago/,countries/trinidad-and-tobago/index.html,c21213c9149ed21f95afef891210d8d67ef54d1d9bedd255437900c73f1e0786
https://immigratetobrazil.com/countries/tunisia/,countries/tunisia/index.html,d103c3e15e62f5cc50ecd515bfe83c1c4ba33a59a30cc6930e0ae35eb095c3c5
https://immigratetobrazil.com/countries/turkey/,countries/turkey/index.html,ddc60fea34d0e6f885e886f74c7512d81d0e59affb8ec9364dd97f7ac807b1b5
https://immigratetobrazil.com/countries/turkmenistan/,countries/turkmenistan/index.html,f78bad7af99d722b5163e25802fc4873818938bbb92d0f028094d6ed31cc2c0b
https://immigratetobrazil.com/countries/tuvalu/,countries/tuvalu/index.html,fde9240325646d1dfcffb52533ad402cf17dc6c240fc11234ce4531320b89af0
https://immigratetobrazil.com/countries/uganda/,countries/uganda/index.html,13f5fe48cc3727dfedd18962656f834c9b7271165914b924d1bbaec8670e65a2
https://immigratetobrazil.com/countries/ukraine/,countries/ukraine/index.html,724fc2a3b34288804a05fdbe3e323a77a8a4e9ccf4fc05a5dae193f46034b6ef
https://immigratetobrazil.com/countries/united-arab-emirates/,countries/united-arab-emirates/index.html,583789fa2162e90e6af36c03456cff30d5254c1e4444ca4087999e25210aff14
https://immigratetobrazil.com/countries/united-kingdom/,countries/united-kingdom/index.html,fadf20c63edbb7ad6f25437d111f3319f11a817b8492180287c0b2c94dc33064
https://immigratetobrazil.com/countries/united-states/,countries/united-states/index.html,f95055e940285bf35b995fbe0a61d42f79b387d2011870c0af014bde2489653a
https://immigratetobrazil.com/countries/uruguay/,countries/uruguay/index.html,fb8930fb8f8b27ec7040a4849fccd4f38126f787ca924df7110b6c1785a14cac
https://immigratetobrazil.com/countries/uzbekistan/,countries/uzbekistan/index.html,e6ab43524fc1725fe566cc6a01ff0e5ed48d062060e7d7e1af613d2a12102f43
https://immigratetobrazil.com/countries/vanuatu/,countries/vanuatu/index.html,c85695d487edff93616eee2da7cf2e765efbe08d2063a7fb7175316b6d426d04
https://immigratetobrazil.com/countries/vatican-city/,countries/vatican-city/index.html,07729f2023de5457b8894696a6006f4061c7163f13d6458a56ab3338545b8e8f
https://immigratetobrazil.com/countries/venezuela/,countries/venezuela/index.html,2c285f08f40939ebdfc77f27cf60988cfa367b2b48cb56a1bd2ad9cd827c4e4f
https://immigratetobrazil.com/countries/vietnam/,countries/vietnam/index.html,54831e03b28c2dedb6b44c39adca8f6d71ac0c8e694856bbb8b185fe832d758e
https://immigratetobrazil.com/countries/yemen/,countries/yemen/index.html,b6491dffee3867cf92ef2b2f3499fbf4a3744cc68012dcbd129a0039e7832a3d
https://immigratetobrazil.com/countries/zambia/,countries/zambia/index.html,6689c2e53e5b6bb67e9147ecbab385d69dbe3c96f8fe6d410f2e121cf10a561d
https://immigratetobrazil.com/countries/zimbabwe/,countries/zimbabwe/index.html,3c9a3c3825ba524a3d234f8d299f24470cf4ef6db129cb7c4c3226a759719f4d
https://immigratetobrazil.com/google55d84a2211a04ae2.html,google55d84a2211a04ae2.html,aa4876437fb93e2acd2f588e41d3ecb6fd29c8d0ae52f15646b87bb8ce24bcdb
https://immigratetobrazil.com/insights/,insights/index.html,3889838db906e7639609fa9f28febf9ad38d076a365b31010ff37f306d025633
https://immigratetobrazil.com/insights/blog/,insights/blog/index.html,1a9fae802189caed17200f4cdb1379943488656c715d52640cf40fc2fd010d2c
https://immigratetobrazil.com/insights/fyi/,insights/fyi/index.html,88b8e41ac0d61d291f51cc4b5c8b5ce7d345b746abc1ad2569d395822ec16d3f
https://immigratetobrazil.com/insights/fyi/ant-nio-prado-rs-wins-un-tourism-seal-and-becomes-a-world-reference-the-charming/,insights/fyi/ant-nio-prado-rs-wins-un-tourism-seal-and-becomes-a-world-reference-the-charming/index.html,9a85fb6d07b910a8a616307e68c206ec46575505ea7e79dce6521912f4ebab84
https://immigratetobrazil.com/insights/fyi/ant-nio-prado-village-brazil-s-italian-heritage-gains-global-recognition-the-charming/,insights/fyi/ant-nio-prado-village-brazil-s-italian-heritage-gains-global-recognition-the-charming/index.html,f5f374913db91f56055c53f6958ab606fa90388fd5365262f0819236aa9b25cc
https://immigratetobrazil.com/insights/fyi/attention-what-to-avoid-in-the-airport-restricted-area-being-in-a-restricted-area-of/,insights/fyi/attention-what-to-avoid-in-the-airport-restricted-area-being-in-a-restricted-area-of/index.html,eef0251782979160d2fe0d3902868cda2a9defcb4566e029c189aa0d6a8bc65e
https://immigratetobrazil.com/insights/fyi/beninese-citizenship-the-symbolic-return-of-thousands-of-afro-brazilians-to-their/,insights/fyi/beninese-citizenship-the-symbolic-return-of-thousands-of-afro-brazilians-to-their/index.html,a014822bbb15b68aa7432cde83d1318b3dc72da9802d07680763dc77889ba4bb
https://immigratetobrazil.com/insights/fyi/bomb-in-suitcase-joke-leads-passenger-to-arrest-at-bras-lia-airport-in-news-recently/,insights/fyi/bomb-in-suitcase-joke-leads-passenger-to-arrest-at-bras-lia-airport-in-news-recently/index.html,43f0930cf8ba4a012b92d829d88ff9531d7c30af016306a906568540718c8d54
https://immigratetobrazil.com/insights/fyi/brazil-and-india-extend-visa-validity-to-10-years-brazil-and-india-signed-a/,insights/fyi/brazil-and-india-extend-visa-validity-to-10-years-brazil-and-india-signed-a/index.html,ae610f7f69b433f4165ec213f45d135ad76d4c1012e4a2a05e1358c0e5d06d0c
https://immigratetobrazil.com/insights/fyi/brazil-broadens-visitor-visa-rules-to-allow-technical-and-technology-transfer-work/,insights/fyi/brazil-broadens-visitor-visa-rules-to-allow-technical-and-technology-transfer-work/index.html,d4e3ff545f558326918b0948512d8d91b764f39ad145dafe5da877fea37d5529
https://immigratetobrazil.com/insights/fyi/brazil-legal-insight-from-instagram-post-2/,insights/fyi/brazil-legal-insight-from-instagram-post-2/index.html,faf8e391506d883fa830ab75356552d2009b2862b29f342b558e042efd1375f4
https://immigratetobrazil.com/insights/fyi/brazil-legal-insight-from-instagram-post-3/,insights/fyi/brazil-legal-insight-from-instagram-post-3/index.html,0d609824e5b37183800f7e886824c4f644f42660faf004aeb33c359dc8c3f7f4
https://immigratetobrazil.com/insights/fyi/brazil-legal-insight-from-instagram-post/,insights/fyi/brazil-legal-insight-from-instagram-post/index.html,b8866e597cb352f3eec0c52a2bf35db41c3638e9a28295e6bbcd79e7413435e4
https://immigratetobrazil.com/insights/fyi/brazil-makes-the-top-10/,insights/fyi/brazil-makes-the-top-10/index.html,9c53ccfee57527c4e1a181f741b9790eb1e92e6d2c8d9ccfb894a0c14dd30f6d
https://immigratetobrazil.com/insights/fyi/brazil-s-carnival-holiday-carnival-in-brazil-is-a-vibrant-festival-that/,insights/fyi/brazil-s-carnival-holiday-carnival-in-brazil-is-a-vibrant-festival-that/index.html,71a8a4b8280c108a43e6c5a8a91dfc3466587ba414e3fd71b419f96e8261fd42
https://immigratetobrazil.com/insights/fyi/brazil-s-digital-nomad-visa-is-a-trending-choice/,insights/fyi/brazil-s-digital-nomad-visa-is-a-trending-choice/index.html,22e9bf58930fd7603cd1777b62c37a60469c3bee8d7488973f4d4204137bd731
https://immigratetobrazil.com/insights/fyi/brazil-s-paraty-city-recognised-as-one-of-the-world-s-most-beautiful-villages-paraty/,insights/fyi/brazil-s-paraty-city-recognised-as-one-of-the-world-s-most-beautiful-villages-paraty/index.html,61365458d85c534018c5854364ae1f72f83f30662528a2e3f7a8afd48291e463
https://immigratetobrazil.com/insights/fyi/brazil-s-working-holiday-visa-for-young-travellers-from-select-countries/,insights/fyi/brazil-s-working-holiday-visa-for-young-travellers-from-select-countries/index.html,bda20549ba53b1e14da5fb3a607c3b00ea0569da80c86c823a737d59af46bece
https://immigratetobrazil.com/insights/fyi/brazilians-around-the-world-where-of-the-largest-communities-live/,insights/fyi/brazilians-around-the-world-where-of-the-largest-communities-live/index.html,9b380811b47de3ac017a0436f7c73aa0ee7d5b392135be61b54618d0bb68c478
https://immigratetobrazil.com/insights/fyi/china-extends-visa-exemption-for-brazilians-until-the-end-of-2026-china/,insights/fyi/china-extends-visa-exemption-for-brazilians-until-the-end-of-2026-china/index.html,0856dfa5aab3427ab91c73097219ba040c15ee2a91fb3f2f17832487fcc27b93
https://immigratetobrazil.com/insights/fyi/did-you-know-portugal-signed-a-historic-decree-to-recognize-the-national-driving/,insights/fyi/did-you-know-portugal-signed-a-historic-decree-to-recognize-the-national-driving/index.html,3e8eeaaa694b4e63be6b610d25e8f490a1603b702032e49fb66afdd7d3adc993
https://immigratetobrazil.com/insights/fyi/federal-government-launches-official-page-on-definitive-tax-exit-from-brazil-the/,insights/fyi/federal-government-launches-official-page-on-definitive-tax-exit-from-brazil-the/index.html,a10f1dfca7805c9aa422eb6a4f06584dd09f2c039149e04e744b14e36f86ba45
https://immigratetobrazil.com/insights/fyi/guarulhos-airport-reinforces-liquid-inspection-attention-travelers/,insights/fyi/guarulhos-airport-reinforces-liquid-inspection-attention-travelers/index.html,3be0bf95c7dd9de466b3b59418ed12929c88b4bd5168d6032b9fb2b962bcedbb
https://immigratetobrazil.com/insights/fyi/happy-new-year-happy-new-year-if-you-haven-t-started-planning-your-year-yet-this-is/,insights/fyi/happy-new-year-happy-new-year-if-you-haven-t-started-planning-your-year-yet-this-is/index.html,ab35238dc4643ef766af2fe9050fad2d56c0681785d2cee327983b23ec1574c1
https://immigratetobrazil.com/insights/fyi/immigrant-children-in-brazil-how-provisional-naturalization-works-it-is-a-form-of/,insights/fyi/immigrant-children-in-brazil-how-provisional-naturalization-works-it-is-a-form-of/index.html,4abef99c912d3624b52ca0871177807eb1d6ea68d709dac73869257a95040c96
https://immigratetobrazil.com/insights/fyi/international-buyers-can-purchase-property-in-brazil-how-does-it-work/,insights/fyi/international-buyers-can-purchase-property-in-brazil-how-does-it-work/index.html,960089c0f42fb80f6ded3e51c282bbda5c2dd4d1f3daff3f2ac3be34e4a4c9f8
https://immigratetobrazil.com/insights/fyi/italy-allows-large-dogs-in-the-airplane-cabin-for-the-first-time-in-the-world/,insights/fyi/italy-allows-large-dogs-in-the-airplane-cabin-for-the-first-time-in-the-world/index.html,212609b4a5aea7987505fad4535b68b1a5d7711f97f754fb727777b2fbcf9212
https://immigratetobrazil.com/insights/fyi/italy-plans-almost-500-000-work-visas-for-non-europeans-by-2028-the-government/,insights/fyi/italy-plans-almost-500-000-work-visas-for-non-europeans-by-2028-the-government/index.html,063759fcf68cb9140477670c0edab35bc0993c0276743129119252097239a020
https://immigratetobrazil.com/insights/fyi/new-criteria-on-health-could-restrict-the-granting-of-us-visas-the-government-of-the/,insights/fyi/new-criteria-on-health-could-restrict-the-granting-of-us-visas-the-government-of-the/index.html,6c5d27fd6663c702c63bdb8d339937c2073eb916575f16e672c10517e0a81ecb
https://immigratetobrazil.com/insights/fyi/new-fee-on-international-connections-in-peru-could-change-the-game-for-those-stopping/,insights/fyi/new-fee-on-international-connections-in-peru-could-change-the-game-for-those-stopping/index.html,1811dc4c17bd0ecadf0a4e7e49bbcb416dc7f002280c9374593d8260ec97ac09
https://immigratetobrazil.com/insights/fyi/pathways-to-brazilian-citizenship-for-parents-and-siblings-of-brazilian-children/,insights/fyi/pathways-to-brazilian-citizenship-for-parents-and-siblings-of-brazilian-children/index.html,0b326251c22636bda203faf10c084ad9f2e0da21481c4a5587071d194303c163
https://immigratetobrazil.com/insights/fyi/portugal-ends-the-old-work-search-visa-and-creates-a-new-modality-visa-to-search/,insights/fyi/portugal-ends-the-old-work-search-visa-and-creates-a-new-modality-visa-to-search/index.html,b0fe8831ec856db3319bff940c5d73dda76045773f7a47dc636a88501fcb378e
https://immigratetobrazil.com/insights/fyi/sistema-ees-entra-em-vigor-nos-aeroportos-europa-aperta-o-cerco-a-quem-ultrapassa-o/,insights/fyi/sistema-ees-entra-em-vigor-nos-aeroportos-europa-aperta-o-cerco-a-quem-ultrapassa-o/index.html,bbaa468272abc8cedc4c06fc1df64ba292a80332730dcbbd7181dd67f79671d8
https://immigratetobrazil.com/insights/fyi/things-you-should-never-of-in-the-airport-s-restricted-area-being-in-an-airport-s/,insights/fyi/things-you-should-never-of-in-the-airport-s-restricted-area-being-in-an-airport-s/index.html,c64a8d455229cd323a12f2d41d1f874d1f277238fe38db2a854f47fb68870e87
https://immigratetobrazil.com/insights/fyi/tourism-in-brazil-hits-historic-record-with-nearly-8-million-international-arrivals-in/,insights/fyi/tourism-in-brazil-hits-historic-record-with-nearly-8-million-international-arrivals-in/index.html,0fc58112a13f18f7c6c6f553d50166c4121fe2f0298ec9f5deb3dc3dc5ae2836
https://immigratetobrazil.com/insights/fyi/travelling-solo-with-your-child-important-name-mismatch-considerations-a-parent/,insights/fyi/travelling-solo-with-your-child-important-name-mismatch-considerations-a-parent/index.html,3db55247b5d1cb33e9252bcd5b171b131be12d4abf254318dcd002c98a166e18
https://immigratetobrazil.com/insights/fyi/united-kingdom-makes-changes-to-its-asylum-policy-the-united-kingdom-announced/,insights/fyi/united-kingdom-makes-changes-to-its-asylum-policy-the-united-kingdom-announced/index.html,57639201f9ba202e65b279a0c5de333df7a752aba4767e516e572b9674721fff
https://immigratetobrazil.com/insights/fyi/usa-suspends-issuing-immigrant-visas-to-brazilians-the-united-states-announced-the/,insights/fyi/usa-suspends-issuing-immigrant-visas-to-brazilians-the-united-states-announced-the/index.html,efa52c9bf19db80b6b3ea72d93d822a0cf0c8832c1889c01525873c59033895b
https://immigratetobrazil.com/insights/fyi/valorizando-o-brazil-a-vila-brasileira-reconhecida-entre-as-mais-bonitas-of-mundo/,insights/fyi/valorizando-o-brazil-a-vila-brasileira-reconhecida-entre-as-mais-bonitas-of-mundo/index.html,326219851656e1ec9adcb377a1553dbf7e9af63513fee75f9ad43d8a2a489b2c
https://immigratetobrazil.com/insights/fyi/volunteer-visa-for-work-in-non-profit-and-international-organisations-in-brazil/,insights/fyi/volunteer-visa-for-work-in-non-profit-and-international-organisations-in-brazil/index.html,1699c86a5754e11ed38247be953583eb24874de25f9ea4702599a77b8581a54f
https://immigratetobrazil.com/insights/fyi/what-are-the-steps-to-legally-move-and-live-in-brazil/,insights/fyi/what-are-the-steps-to-legally-move-and-live-in-brazil/index.html,3fb9bfd7b6f9fd5ecb42a297ed88c3d92cef264619b9d707bd8fd2cf6fb7ac4e
https://immigratetobrazil.com/insights/fyi/when-that-traveler-from-a-cold-country-comes-to-brazil-and-feels-amazed-with-the/,insights/fyi/when-that-traveler-from-a-cold-country-comes-to-brazil-and-feels-amazed-with-the/index.html,652aa1b53beb6670b08fe987112478a2d14514b635bf89a4651e7330c29011dc
https://immigratetobrazil.com/insights/fyi/why-brazil-s-student-visa-vitem-iv-absolutely-beats-the-us-f-1-you-land/,insights/fyi/why-brazil-s-student-visa-vitem-iv-absolutely-beats-the-us-f-1-you-land/index.html,03191a6a27657f433abe1ad04bfe8a55f95728b28b460272bf279ab56f42e07f
https://immigratetobrazil.com/insights/general/,insights/general/index.html,cce8741df0d4232429351ec7bdb2fd7ba0f482d1e6fea243d4cdbe533ae7d7d3
https://immigratetobrazil.com/insights/guides/,insights/guides/index.html,9458f0effd3029ab1f455e3f76bdd12e2d35bfacdb5f0c73aec08878ca1801f0
https://immigratetobrazil.com/insights/guides/are-you-a-tourist-in-brazil-and-want-to-live-here/,insights/guides/are-you-a-tourist-in-brazil-and-want-to-live-here/index.html,cb0d55951ca6f234543c81f271f6d5dc332ddaaf758f1d9d4c13a9773778f918
https://immigratetobrazil.com/insights/guides/are-you-dreaming-of-getting-a-green-card-but-worried-about-the-sponsor/,insights/guides/are-you-dreaming-of-getting-a-green-card-but-worried-about-the-sponsor/index.html,a7eed62041fc4db357694efbc615aff33516197130fd05f85a8771e17c83c334
https://immigratetobrazil.com/insights/guides/can-football-fans-sing-homophobic-chants/,insights/guides/can-football-fans-sing-homophobic-chants/index.html,69545e4077802b3fabb29e084f51aecf06bed6b03e8aefa8b747bb01f215de76
https://immigratetobrazil.com/insights/guides/can-i-bring-my-familia-family-to-brazil-if-i-have-a-work-visa/,insights/guides/can-i-bring-my-familia-family-to-brazil-if-i-have-a-work-visa/index.html,f85a36c4c6b516edd3144ee710d5a3895d2310725013b91d285f67294f484f31
https://immigratetobrazil.com/insights/guides/did-the-bank-lower-your-credit-limit-or-cancel-your-account-suddenly/,insights/guides/did-the-bank-lower-your-credit-limit-or-cancel-your-account-suddenly/index.html,e14ebc99ea4c134b4eb3896941025d024118ebbc6a1d4821adf3ea89c11acd1b
https://immigratetobrazil.com/insights/guides/did-you-know-that-anyone-who-buys-their-first-residential-property-fin/,insights/guides/did-you-know-that-anyone-who-buys-their-first-residential-property-fin/index.html,ec361c65bd992770e9ded9bdf55a0d1f0fb46ef584cc6aabe53c874c28e6e3b9
https://immigratetobrazil.com/insights/guides/did-you-know-that-brazilian-naturalization-can-open-doors-to-incredibl-2/,insights/guides/did-you-know-that-brazilian-naturalization-can-open-doors-to-incredibl-2/index.html,5c51ed8f0d7e20b682689d6378ce4a3f2e48211cd84bc1e505056670718a21be
https://immigratetobrazil.com/insights/guides/did-you-know-that-brazilian-naturalization-can-open-doors-to-incredibl/,insights/guides/did-you-know-that-brazilian-naturalization-can-open-doors-to-incredibl/index.html,983a8d365faa611e4f4eec1566cec9b83b5eac2c8d7ddbcb492b3ac833d26249
https://immigratetobrazil.com/insights/guides/do-i-need-to-get-my-diploma-from-my-home-country-validated-in-brazil/,insights/guides/do-i-need-to-get-my-diploma-from-my-home-country-validated-in-brazil/index.html,f98733802d8484a73ed6ed0f00575a498204782bcc6655cc620e8b8c1eec5a72
https://immigratetobrazil.com/insights/guides/do-you-dream-of-getting-a-green-card-but-are-concerned-about-the-requi/,insights/guides/do-you-dream-of-getting-a-green-card-but-are-concerned-about-the-requi/index.html,34da9c30ff93b2767da9d82013d0f2e81800235dcfad14af7ef7427bf9412004
https://immigratetobrazil.com/insights/guides/do-you-want-to-live-in-brazil-and-invest-intelligently/,insights/guides/do-you-want-to-live-in-brazil-and-invest-intelligently/index.html,85adaef0974dc0261be42f4181051cc035d57b501ce065eb820ef4cd1c862d8d
https://immigratetobrazil.com/insights/guides/have-you-ever-wondered-what-happens-if-a-child-support-decision-for-a/,insights/guides/have-you-ever-wondered-what-happens-if-a-child-support-decision-for-a/index.html,0c32a8bcd23d31ce3273400af717fb9871765c01c54fbe0db37b06430b6c01eb
https://immigratetobrazil.com/insights/guides/have-you-paid-a-debt-at-a-discount-but-your-name-remains-subject-to-in/,insights/guides/have-you-paid-a-debt-at-a-discount-but-your-name-remains-subject-to-in/index.html,e18670e97333f3d35508d97810a7ffaaa513945eebb9611615617395dad2f8e0
https://immigratetobrazil.com/insights/guides/how-can-i-keep-in-touch-with-my-child-in-brazil-if-i-dont-live-there/,insights/guides/how-can-i-keep-in-touch-with-my-child-in-brazil-if-i-dont-live-there/index.html,7e367f878c63aee1aaf007b8c7ba36a0328bee445dd2eac90678edca2de43dca
https://immigratetobrazil.com/insights/guides/how-can-i-keep-in-touch-with-my-child-located-in-brazil-if-i-don-t-liv/,insights/guides/how-can-i-keep-in-touch-with-my-child-located-in-brazil-if-i-don-t-liv/index.html,6779019def2828af53d40649882db764c33904b9642cb05df428e2ec048e409c
https://immigratetobrazil.com/insights/guides/how-long-does-it-take-to-get-brazilian-passport/,insights/guides/how-long-does-it-take-to-get-brazilian-passport/index.html,95e6b10cdbda5ef0f1d856340a9af40f230414c0a514247b24b1c74b03a2dfb2
https://immigratetobrazil.com/insights/guides/how-long-does-it-take-to-obtain-brazilian-citizenship/,insights/guides/how-long-does-it-take-to-obtain-brazilian-citizenship/index.html,cba4bd134ef01b4b4e05e60719b1f9a64ebe92ab8296ca0fd672930d1dc5d4c7
https://immigratetobrazil.com/insights/guides/how-to-schedule-an-immigration-interview-for-residency-with-the-federa/,insights/guides/how-to-schedule-an-immigration-interview-for-residency-with-the-federa/index.html,7c9e5eb63ae744824c8e9ba0c52b315627cf2d84f60061d13bacb6277a3f5302
https://immigratetobrazil.com/insights/guides/if-a-foreigner-has-a-child-in-brazil-does-he-have-the-automatic-right/,insights/guides/if-a-foreigner-has-a-child-in-brazil-does-he-have-the-automatic-right/index.html,da077fb0ec205e1cda020e9197ec5df2be098e577e4afe72a2371fabf2ba7944
https://immigratetobrazil.com/insights/guides/immigration-x-emigration-do-you-know-the-difference/,insights/guides/immigration-x-emigration-do-you-know-the-difference/index.html,7fd3a03c0fb9f4ab11fc0926ae47b02b6220ce9ef24c0c4c2c4e647da2ce8148
https://immigratetobrazil.com/insights/guides/is-a-marriage-celebrated-abroad-valid-in-brazil/,insights/guides/is-a-marriage-celebrated-abroad-valid-in-brazil/index.html,56626d4ba30fa4e58069f780f3a0d53db68a5b90114f67ffdde2a10ab030feeb
https://immigratetobrazil.com/insights/guides/is-it-necessary-to-speak-portuguese-to-live-in-brazil/,insights/guides/is-it-necessary-to-speak-portuguese-to-live-in-brazil/index.html,78a7e80d0cd57fd47f8400b03fee364918529409914c7fcb28e9dfcf93cfeda5
https://immigratetobrazil.com/insights/guides/is-it-true-that-there-were-changes-to-obtaining-an-american-visa/,insights/guides/is-it-true-that-there-were-changes-to-obtaining-an-american-visa/index.html,6eca13c51a02964fd3cd8d0fbc8e70c8366bebd5f739010b5aa91a310502ef98
https://immigratetobrazil.com/insights/guides/living-in-brazil-and-had-an-issue-with-a-product-or-service/,insights/guides/living-in-brazil-and-had-an-issue-with-a-product-or-service/index.html,6286fb5ef91403a49ddb2226d457d6c8706420a4e67e812ea254a4065f23142d
https://immigratetobrazil.com/insights/guides/the-visa-has-expired-will-i-have-to-pay-a-fine/,insights/guides/the-visa-has-expired-will-i-have-to-pay-a-fine/index.html,4cd8c87e6440aad396d06088a0326d3d28543268d8408dab88e8d6d1c13e850a
https://immigratetobrazil.com/insights/guides/this-way-in-the-event-of-an-end-to-the-relationship-they-will-have-to/,insights/guides/this-way-in-the-event-of-an-end-to-the-relationship-they-will-have-to/index.html,993bb6440b473bcc21135d6c5176fb3d88dc51f1257ea2bae7847eff5f9c3ee8
https://immigratetobrazil.com/insights/guides/tourists-can-usually-stay-in-brazil-for-up-to-90-days-depending-on-vis/,insights/guides/tourists-can-usually-stay-in-brazil-for-up-to-90-days-depending-on-vis/index.html,f0fefac164020188f94b66180ce57df749403695e1b456b320d15528c44e6290
https://immigratetobrazil.com/insights/guides/want-to-live-in-brazil-while-investing-in-the-countrys-growth/,insights/guides/want-to-live-in-brazil-while-investing-in-the-countrys-growth/index.html,3478251cd67acf60fd80d5ac5199e9305d6b1b9a2aa7bb096a680146dbbf141a
https://immigratetobrazil.com/insights/guides/want-to-turn-your-investment-into-residency-in-brazil/,insights/guides/want-to-turn-your-investment-into-residency-in-brazil/index.html,fbce981a4b812437f8a6a139a054c17b75eb1d0a03f7bba2c92d44b750dd384a
https://immigratetobrazil.com/insights/guides/what-happens-during-an-immigration-consultation/,insights/guides/what-happens-during-an-immigration-consultation/index.html,e328e24ccc957e2ce07f0e901b24ac0316a2fe1cf76b9c89619c46090163c689
https://immigratetobrazil.com/insights/guides/what-rights-do-immigrants-have-in-brazil/,insights/guides/what-rights-do-immigrants-have-in-brazil/index.html,afae53b9f5af46c233d822edac0ea2b5cbf41279e71ca3812fc360405ab61368
https://immigratetobrazil.com/insights/guides/what-to-do-after-arriving-in-brazil-with-a-visa-that-allows-residency/,insights/guides/what-to-do-after-arriving-in-brazil-with-a-visa-that-allows-residency/index.html,e630ba4b949f11e9ed33b6d13e09e5128d2007d1dc96d6c8b9b9d05dbefcda6a
https://immigratetobrazil.com/insights/guides/when-a-brazilian-citizen-faces-problems-abroad-the-first-instance-of-s/,insights/guides/when-a-brazilian-citizen-faces-problems-abroad-the-first-instance-of-s/index.html,b341781315af89da4e85789e97aca3f32af34e524dc6d7ee13b07acac223a802
https://immigratetobrazil.com/insights/guides/when-a-brazilian-resides-in-another-country-and-works-there-without-ea/,insights/guides/when-a-brazilian-resides-in-another-country-and-works-there-without-ea/index.html,6e8d099b8301a67c898442c15229802ef1c6d9ea385625240c2ccbf919019aa5
https://immigratetobrazil.com/insights/guides/when-a-foreign-person-is-engaged-to-a-brazilian-citizen-and-intends-to/,insights/guides/when-a-foreign-person-is-engaged-to-a-brazilian-citizen-and-intends-to/index.html,16a43279df7981870d6f17a16b94261e703e43864fecbb6e273c4b07486a3031
https://immigratetobrazil.com/insights/guides/when-a-foreign-person-is-engaged-to-a-brazilian-citizen-and-plans-to-g/,insights/guides/when-a-foreign-person-is-engaged-to-a-brazilian-citizen-and-plans-to-g/index.html,b56daa518fb2cfbb43c63d446b876550819f3a7bf37fa96b77c2f1314f7c2ab0
https://immigratetobrazil.com/insights/guides/when-a-person-from-abroad-arrives-in-brazil-this-person-has-the-right/,insights/guides/when-a-person-from-abroad-arrives-in-brazil-this-person-has-the-right/index.html,b005e8ba3d53a96cbffb89399377eb8ee3882b0e305842996718454cd8504ca5
https://immigratetobrazil.com/insights/guides/when-a-person-stays-in-the-united-states-beyond-the-time-allowed-as-a/,insights/guides/when-a-person-stays-in-the-united-states-beyond-the-time-allowed-as-a/index.html,060cf7c9680a250862a1109808d36b2ab2b6d303e4cabce804c23d196c499991
https://immigratetobrazil.com/insights/guides/when-a-temporary-brazilian-visa-is-nearing-its-expiry-it-is-necessary/,insights/guides/when-a-temporary-brazilian-visa-is-nearing-its-expiry-it-is-necessary/index.html,d64afe009e40212913bca51bf26c731e90bad00f071a9bbca39d4b90684150fe
https://immigratetobrazil.com/insights/guides/when-a-us-visa-is-denied-the-consulate-does-not-provide-specific-detai/,insights/guides/when-a-us-visa-is-denied-the-consulate-does-not-provide-specific-detai/index.html,eb825733e0101721e6c8fab72e6418f0cdcadd65cfbeb83526412b3e1c163390
https://immigratetobrazil.com/insights/guides/when-exchanging-money-during-international-travel-it-is-essential-to-b/,insights/guides/when-exchanging-money-during-international-travel-it-is-essential-to-b/index.html,bc42d02acebabd363c0990f0e771a4c16fa1d2ec961f98a68bd6a285f6650bc7
https://immigratetobrazil.com/insights/guides/when-exchanging-money-on-international-trips-it-is-essential-to-be-car/,insights/guides/when-exchanging-money-on-international-trips-it-is-essential-to-be-car/index.html,f67fa09bcf97617dd9fe188985f016be3747530e37ba64de55ea1d0d673fbc7b
https://immigratetobrazil.com/insights/guides/when-one-of-the-parents-is-a-foreigner-and-a-brazilian-child-is-born-t/,insights/guides/when-one-of-the-parents-is-a-foreigner-and-a-brazilian-child-is-born-t/index.html,9ce9958d65fc638193db51c59549088c39fe3ce867dfc312abac3cb731d8ea22
https://immigratetobrazil.com/insights/guides/when-requested-the-resident-immigrant-card-may-take-60-to-90-days-to-b/,insights/guides/when-requested-the-resident-immigrant-card-may-take-60-to-90-days-to-b/index.html,f610c0c1454ad9d212e82e8fe3efaf14f669c8fbc2821ea0452cc6700da660c3
https://immigratetobrazil.com/insights/guides/when-the-temporary-visa-granted-is-close-to-expiry-it-is-necessary-to/,insights/guides/when-the-temporary-visa-granted-is-close-to-expiry-it-is-necessary-to/index.html,195f1f30b220ff1b99214201cac22dc7c1349a23f42092163cd3b477a15dff88
https://immigratetobrazil.com/insights/naturalisation/,insights/naturalisation/index.html,4410a1e20147daf96ef737191cf30049a6b71d0510b95acd9fff3c23a9b11add
https://immigratetobrazil.com/insights/naturalisation/a-child-born-in-brazil-has-in-general-the-right-to-brazilian-nationali/,insights/naturalisation/a-child-born-in-brazil-has-in-general-the-right-to-brazilian-nationali/index.html,4f7662758386556b363a513b2afe5ea44bb0003f429a4fde6872c0b5e4b5b191
https://immigratetobrazil.com/insights/naturalisation/a-recent-case-in-brazil-where-a-tourist-was-fined-the-equivalent-of-ne/,insights/naturalisation/a-recent-case-in-brazil-where-a-tourist-was-fined-the-equivalent-of-ne/index.html,3c3611e53c5d546e2859832dae08fef3d120e7fe8ee38d159d0b6f524d12494c
https://immigratetobrazil.com/insights/naturalisation/a-very-important-public-body-that-foreigners-should-know-about-when-li/,insights/naturalisation/a-very-important-public-body-that-foreigners-should-know-about-when-li/index.html,473246416e4b03ff2f9c4ef17aee53ef6773b0be655da5329d14b76613a78dcd
https://immigratetobrazil.com/insights/naturalisation/after-an-application-for-naturalization-was-denied-through-the-adminis/,insights/naturalisation/after-an-application-for-naturalization-was-denied-through-the-adminis/index.html,78e59c6c62ca92762e90e4f4049de5ddeed84c417c06208b50fb17a30d064c58
https://immigratetobrazil.com/insights/naturalisation/after-the-naturalization-request-was-denied-administratively-an-action/,insights/naturalisation/after-the-naturalization-request-was-denied-administratively-an-action/index.html,76c8e4ac1b15f867ec0ea8bdbb668549ac0663c488d82882089f9256612279e1
https://immigratetobrazil.com/insights/naturalisation/aire-is-a-vital-and-mandatory-registration-for-italian-citizens-living/,insights/naturalisation/aire-is-a-vital-and-mandatory-registration-for-italian-citizens-living/index.html,4ca2711d3172ac15a5fbcf0e1ff1a54f60d3207d4da70d51c53af29385fde040
https://immigratetobrazil.com/insights/naturalisation/as-of-late-july-2024-the-ministry-of-justice-and-public-security-mjsp/,insights/naturalisation/as-of-late-july-2024-the-ministry-of-justice-and-public-security-mjsp/index.html,05fdc57b4d027f6e93d83d76e2f1ef87fd916d5d898be1e170733f48888c1ffc
https://immigratetobrazil.com/insights/naturalisation/at-the-beginning-of-the-search-and-with-little-information-identifying/,insights/naturalisation/at-the-beginning-of-the-search-and-with-little-information-identifying/index.html,6f87030d570fc984dc10c13292cda7ff9f218373be1c5d0dd6885c8bc5581782
https://immigratetobrazil.com/insights/naturalisation/brazil-grants-permanent-residence-to-foreigners-through-different-type/,insights/naturalisation/brazil-grants-permanent-residence-to-foreigners-through-different-type/index.html,a8848b395f2f3dbf725081ece3f05663406f7f8e688fe1768999960ca6504a47
https://immigratetobrazil.com/insights/naturalisation/brazil-legal-guidance-eligibility-and-process-2/,insights/naturalisation/brazil-legal-guidance-eligibility-and-process-2/index.html,9aaab31c11b1f91b88cd947f16cbb302333e9767c3a2c3cf84993985bd21d820
https://immigratetobrazil.com/insights/naturalisation/brazil-legal-guidance-eligibility-and-process-3/,insights/naturalisation/brazil-legal-guidance-eligibility-and-process-3/index.html,5a3251a0a6df900ba7fd89933cc83fe9eded1b680575360acc041a35eb1d7ebd
https://immigratetobrazil.com/insights/naturalisation/brazil-legal-guidance-eligibility-and-process-4/,insights/naturalisation/brazil-legal-guidance-eligibility-and-process-4/index.html,fcab8833f5efae3ee84fd559235e269fde28a62f4f7353b88a1f6528ba7522b9
https://immigratetobrazil.com/insights/naturalisation/brazil-legal-guidance-eligibility-and-process/,insights/naturalisation/brazil-legal-guidance-eligibility-and-process/index.html,82fa542ce08ea501404f0467c4d33d07861a1f0983faefa771e38618960d8e50
https://immigratetobrazil.com/insights/naturalisation/brazil-offers-a-special-form-of-naturalisation-for-foreigners-who-have/,insights/naturalisation/brazil-offers-a-special-form-of-naturalisation-for-foreigners-who-have/index.html,8662055bb76fc3c5afdb7d964d6d37421ee66b45922bd3b2835484899c2d351d
https://immigratetobrazil.com/insights/naturalisation/brazil-offers-a-special-form-of-naturalization-for-those-who-have-prov/,insights/naturalisation/brazil-offers-a-special-form-of-naturalization-for-those-who-have-prov/index.html,b2f5855e37166f08917f98508e434184d29ac23c0a6b76cf682c2be4b6fcb329
https://immigratetobrazil.com/insights/naturalisation/brazil-offers-a-specific-visa-and-residence-permit-for-artists-and-ath/,insights/naturalisation/brazil-offers-a-specific-visa-and-residence-permit-for-artists-and-ath/index.html,0c77c4a222701eea5843a401eb5101e750a41c3e405bcdf28b5e8e92ee5e9247
https://immigratetobrazil.com/insights/naturalisation/brazil-offers-the-possibility-of-permanent-residence-for-foreign-famil/,insights/naturalisation/brazil-offers-the-possibility-of-permanent-residence-for-foreign-famil/index.html,b2302417cc0e323e416d326c432fdf87537e39d87e9204786b422ab89e1071c1
https://immigratetobrazil.com/insights/naturalisation/brazil-recognises-various-types-of-travel-documents-for-the-purposes-o/,insights/naturalisation/brazil-recognises-various-types-of-travel-documents-for-the-purposes-o/index.html,331f46d2525419d4e62b0c72ab03a34793ad0f40652dffdbb7c4e43a43e16df3
https://immigratetobrazil.com/insights/naturalisation/brazil-recognizes-several-types-of-travel-documents-for-purposes-of-en/,insights/naturalisation/brazil-recognizes-several-types-of-travel-documents-for-purposes-of-en/index.html,0940da840615d917753fcc8702fd6637033e6c0def811b7763615c39055cc473
https://immigratetobrazil.com/insights/naturalisation/brazil-s-rise-in-global-mobility-rankings-and-the-usa-passport-drops-o/,insights/naturalisation/brazil-s-rise-in-global-mobility-rankings-and-the-usa-passport-drops-o/index.html,4a2ed8e7cf0d99a630f3a3bbf9c295f098059aeebce57b4d09637a5d57b6b0db
https://immigratetobrazil.com/insights/naturalisation/brazilian-nationality-is-not-always-determined-automatically/,insights/naturalisation/brazilian-nationality-is-not-always-determined-automatically/index.html,efa567074c1130882032af163d1a1d5b9de44d69904606eb5bb3c57f46c4c794
https://immigratetobrazil.com/insights/naturalisation/brazilian-naturalisation-legal-requirements-and-filing-steps-in-brazil-2/,insights/naturalisation/brazilian-naturalisation-legal-requirements-and-filing-steps-in-brazil-2/index.html,1d0bd675e503cfbd6eaaf176177247b8fb48d69e456dfb5bc8e377c8352413c7
https://immigratetobrazil.com/insights/naturalisation/brazilian-naturalisation-legal-requirements-and-filing-steps-in-brazil-3/,insights/naturalisation/brazilian-naturalisation-legal-requirements-and-filing-steps-in-brazil-3/index.html,9294e913dee369bead9693f054de1de163ef16bb9ef4b67b9b6296189366addb
https://immigratetobrazil.com/insights/naturalisation/brazilian-naturalisation-legal-requirements-and-filing-steps-in-brazil/,insights/naturalisation/brazilian-naturalisation-legal-requirements-and-filing-steps-in-brazil/index.html,bb4f992431e53f5d39db850e5d6c9614b8d81e3d49a7d8fa3e17c3df47b526df
https://immigratetobrazil.com/insights/naturalisation/brazilians-have-reported-problems-processing-expressions-of-interest-t/,insights/naturalisation/brazilians-have-reported-problems-processing-expressions-of-interest-t/index.html,4388faac0fd88ba5891718ea8c9f5e0dc2ebc73fd35421844b50e4685131241a
https://immigratetobrazil.com/insights/naturalisation/companies-and-individuals-in-brazil-can-hire-foreigners-through-a-form/,insights/naturalisation/companies-and-individuals-in-brazil-can-hire-foreigners-through-a-form/index.html,57aa4c1555b06f3abe669340058e47cfdba991ab2cb2b2c73a471837946e95c3
https://immigratetobrazil.com/insights/naturalisation/despite-the-international-names-these-delicacies-are-very-brazilian-or/,insights/naturalisation/despite-the-international-names-these-delicacies-are-very-brazilian-or/index.html,ca4c8db05c3b7c16892a45c4a25a3277e10ebc08b25571c7e64bbe8680a17621
https://immigratetobrazil.com/insights/naturalisation/establishing-yourself-in-brazil-with-your-family-is-entirely-possible/,insights/naturalisation/establishing-yourself-in-brazil-with-your-family-is-entirely-possible/index.html,fb740eec897c1f295776fbd84a7aa3b621b848b2f35a9d3cb5e8a72b8d1a419b
https://immigratetobrazil.com/insights/naturalisation/etias-european-travel-information-and-authorization-system-will-be-a-r/,insights/naturalisation/etias-european-travel-information-and-authorization-system-will-be-a-r/index.html,e850ade2370bed680357ea6807c7d7098773bd425be8289687f6bbec25f85cdf
https://immigratetobrazil.com/insights/naturalisation/firstly-it-is-essential-to-understand-that-both-brazil-and-the-united/,insights/naturalisation/firstly-it-is-essential-to-understand-that-both-brazil-and-the-united/index.html,ea8d698cbb130f86aab4b6d099d21f264ec3b999bbc4469ce9b803d02898c219
https://immigratetobrazil.com/insights/naturalisation/for-those-who-have-fallen-in-love-with-brazil-and-wish-to-make-it-thei/,insights/naturalisation/for-those-who-have-fallen-in-love-with-brazil-and-wish-to-make-it-thei/index.html,eca060e0a629ba43fe1f9f06758b80220b4eee00af7864b9c673bfb941ada742
https://immigratetobrazil.com/insights/naturalisation/foreigners-may-apply-for-a-brazilian-passport-under-specific-circumsta/,insights/naturalisation/foreigners-may-apply-for-a-brazilian-passport-under-specific-circumsta/index.html,8711b48dda83061c0350f834aec1f354bde22fa93da7098e1880ebc29caeaa9d
https://immigratetobrazil.com/insights/naturalisation/foreigners-must-prove-legal-residence-in-portugal-for-at-least-five-ye/,insights/naturalisation/foreigners-must-prove-legal-residence-in-portugal-for-at-least-five-ye/index.html,29e206cd6a2088572cd30d954d7d8cfc0a8b1e734ce4a71e25b10afe3e1b2061
https://immigratetobrazil.com/insights/naturalisation/foreigners-who-exceed-the-permitted-time-of-stay-in-brazil-either-by-e/,insights/naturalisation/foreigners-who-exceed-the-permitted-time-of-stay-in-brazil-either-by-e/index.html,59ed2332cd69b567450e569a7a463bc50202a65d3a29df0279a26d93266b20c1
https://immigratetobrazil.com/insights/naturalisation/having-a-valid-american-visa-does-not-automatically-guarantee-entry-in/,insights/naturalisation/having-a-valid-american-visa-does-not-automatically-guarantee-entry-in/index.html,3402fbadaedc7f1bdb27733fccf2478518f15a52f1f4b9658fd9fd04628bb4a1
https://immigratetobrazil.com/insights/naturalisation/i-am-a-regular-resident-but-i-am-outside-brazil/,insights/naturalisation/i-am-a-regular-resident-but-i-am-outside-brazil/index.html,ac6bb327f567b91a5eb4a200463c6f29e0a5534f49d25dafdfa3a10a5ec06248
https://immigratetobrazil.com/insights/naturalisation/if-you-fell-in-love-with-brazil-and-want-to-make-this-country-your-tru/,insights/naturalisation/if-you-fell-in-love-with-brazil-and-want-to-make-this-country-your-tru/index.html,fbcdf059719935ffb93f3004855643030e3b250995094e00590400fce90d5110
https://immigratetobrazil.com/insights/naturalisation/if-you-have-a-luxembourgish-parent-or-grandparent-you-also-would-not-n/,insights/naturalisation/if-you-have-a-luxembourgish-parent-or-grandparent-you-also-would-not-n/index.html,24ab7cef72f7a263b09b69a8e78002771e78a0faad740a7d294c5bc1597f3fe2
https://immigratetobrazil.com/insights/naturalisation/if-your-baby-was-born-in-brazil-you-may-be-eligible-to-apply-for-a-bra/,insights/naturalisation/if-your-baby-was-born-in-brazil-you-may-be-eligible-to-apply-for-a-bra/index.html,13635628f177768638d86227c9859c2a2f04071c71085d52f077b7fe50b9820e
https://immigratetobrazil.com/insights/naturalisation/in-brazil-deportation-is-an-administrative-measure-applied-to-people-w/,insights/naturalisation/in-brazil-deportation-is-an-administrative-measure-applied-to-people-w/index.html,7655cc4661ab994fdea3d96a1eaabf72c391151638ead7cdc1c592a75d719db4
https://immigratetobrazil.com/insights/naturalisation/in-brazil-undergraduate-and-postgraduate-diplomas-obtained-abroad-must/,insights/naturalisation/in-brazil-undergraduate-and-postgraduate-diplomas-obtained-abroad-must/index.html,0b2ef22f27ec3705ae3f9f9713ec8b22509155cbacd6d4c41a8a98b54aba6d74
https://immigratetobrazil.com/insights/naturalisation/in-other-words-even-if-the-birth-took-place-years-ago-registration-can/,insights/naturalisation/in-other-words-even-if-the-birth-took-place-years-ago-registration-can/index.html,593c8c93a3cc5db412eccdcdf8b358143b1cf463dd55d641167a923af6c355fe
https://immigratetobrazil.com/insights/naturalisation/in-principle-yes-but-it-is-not-recommended/,insights/naturalisation/in-principle-yes-but-it-is-not-recommended/index.html,2661c6779c5960011db8b89a3d1e479b6e98438c5bb663655818cf6c12464266
https://immigratetobrazil.com/insights/naturalisation/in-some-cases-there-is-the-possibility-for-the-great-grandchildren-of/,insights/naturalisation/in-some-cases-there-is-the-possibility-for-the-great-grandchildren-of/index.html,3c4a218215ed18ade771f72433628c4199a3e72e35d526b1baa3ac642f73a630
https://immigratetobrazil.com/insights/naturalisation/in-the-context-of-relations-between-brazil-and-portugal-the-request-fo/,insights/naturalisation/in-the-context-of-relations-between-brazil-and-portugal-the-request-fo/index.html,9a1e667641e12da1b4f48e84e218b20655f7336a7702cf1e2d57885aa643ea20
https://immigratetobrazil.com/insights/naturalisation/in-the-event-of-deportation-it-is-essential-that-the-immigrant-is-awar/,insights/naturalisation/in-the-event-of-deportation-it-is-essential-that-the-immigrant-is-awar/index.html,cb1018def046b284ffcebe07876a9281373d5617705a9e8cfb6dc61a6cb7b7ba
https://immigratetobrazil.com/insights/naturalisation/international-child-custody-can-become-a-complex-issue-when-one-of-the/,insights/naturalisation/international-child-custody-can-become-a-complex-issue-when-one-of-the/index.html,c487b62c0527db8118cf7abca88d68adf9e5f17af2ec03b7ec5cec242ad7deef
https://immigratetobrazil.com/insights/naturalisation/international-child-custody-can-become-a-complex-issue-when-one-parent/,insights/naturalisation/international-child-custody-can-become-a-complex-issue-when-one-parent/index.html,8bcf44851d61ef22cae116b2980e67ca532e6f1ee5da115da2aa5c8975fad12c
https://immigratetobrazil.com/insights/naturalisation/investing-in-brazil-with-an-investor-visa-offers-a-dynamic-blend-of-ec/,insights/naturalisation/investing-in-brazil-with-an-investor-visa-offers-a-dynamic-blend-of-ec/index.html,ab28bff003df00aa6f9e986a2b86b108b68956bf7c3ff86e606bad1a6432e02b
https://immigratetobrazil.com/insights/naturalisation/it-is-an-important-date-to-reinforce-the-fight-against-all-forms-of-ra/,insights/naturalisation/it-is-an-important-date-to-reinforce-the-fight-against-all-forms-of-ra/index.html,442291d61c0ab2cd0ae8c4e042c268e8f05d0889ac6f6d80c30e016e29518439
https://immigratetobrazil.com/insights/naturalisation/it-is-important-to-highlight-that-the-process-of-obtaining-luxembourg/,insights/naturalisation/it-is-important-to-highlight-that-the-process-of-obtaining-luxembourg/index.html,febec4387ba92eccfc6baa7af332c1cbd491ff992b48ff26e76244c78815d5a1
https://immigratetobrazil.com/insights/naturalisation/it-is-possible-for-a-brazilian-person-to-request-recognition-of-irish/,insights/naturalisation/it-is-possible-for-a-brazilian-person-to-request-recognition-of-irish/index.html,05a55ff11a93b8b0104fe9996db74beefd7b39e52f39500a1da93205d6fdd406
https://immigratetobrazil.com/insights/naturalisation/it-is-possible-for-someone-to-visit-brazil-as-a-tourist-and-upon-falli-2/,insights/naturalisation/it-is-possible-for-someone-to-visit-brazil-as-a-tourist-and-upon-falli-2/index.html,1cb18b7249853b5e22378daefd7f492f090f47f3a98db85a3714848f6e62def5
https://immigratetobrazil.com/insights/naturalisation/it-is-possible-for-someone-to-visit-brazil-as-a-tourist-and-upon-falli/,insights/naturalisation/it-is-possible-for-someone-to-visit-brazil-as-a-tourist-and-upon-falli/index.html,00d8a1aef2c8992b95a79054dad7bcafb0c88ff0f739e0dec37c359a7012f599
https://immigratetobrazil.com/insights/naturalisation/it-should-be-noted-that-no-one-will-be-prevented-from-entering-the-cou/,insights/naturalisation/it-should-be-noted-that-no-one-will-be-prevented-from-entering-the-cou/index.html,8a1fefcecede1f468b7bbba28ce57dce2094f162302b6dd915af88cabca1c8ac
https://immigratetobrazil.com/insights/naturalisation/large-universities-outside-brazil-allow-admission-without-the-need-to/,insights/naturalisation/large-universities-outside-brazil-allow-admission-without-the-need-to/index.html,15d35d45528bc85881bce5d9dd4bb85fa3ed0e9cb72b1170418b7211fa0a6da7
https://immigratetobrazil.com/insights/naturalisation/legal-guidance-eligibility-requirements-and-filing-steps-2/,insights/naturalisation/legal-guidance-eligibility-requirements-and-filing-steps-2/index.html,d4e37797c1769d7dc7138a534582c0c2d9244b82f27e6849ade49377312b8125
https://immigratetobrazil.com/insights/naturalisation/legal-guidance-eligibility-requirements-and-filing-steps-3/,insights/naturalisation/legal-guidance-eligibility-requirements-and-filing-steps-3/index.html,67c67bd61b42d4169f038b321cea90677018068160ebc5ebd6e50f04389a0032
https://immigratetobrazil.com/insights/naturalisation/legal-guidance-eligibility-requirements-and-filing-steps-4/,insights/naturalisation/legal-guidance-eligibility-requirements-and-filing-steps-4/index.html,3892f82419817587eb8f756c7e67e03fbf02960274fe79e1f6dfaad56ca309b0
https://immigratetobrazil.com/insights/naturalisation/legal-guidance-eligibility-requirements-and-filing-steps-5/,insights/naturalisation/legal-guidance-eligibility-requirements-and-filing-steps-5/index.html,b5a0fdd3da05a972af8e0d7a5d7ee9af647ea0be67fd3663121ead083becc320
https://immigratetobrazil.com/insights/naturalisation/legal-guidance-eligibility-requirements-and-filing-steps-6/,insights/naturalisation/legal-guidance-eligibility-requirements-and-filing-steps-6/index.html,f471bf5483e34df05d6e0598f4b8e4e2993fe9beab065c303f7742f4a1977e43
https://immigratetobrazil.com/insights/naturalisation/legal-guidance-eligibility-requirements-and-filing-steps-7/,insights/naturalisation/legal-guidance-eligibility-requirements-and-filing-steps-7/index.html,8c6e27ac06ca126b20286ac75e05989fe2b6a1993d7d2b4ff92f979663f13d48
https://immigratetobrazil.com/insights/naturalisation/legal-guidance-eligibility-requirements-and-filing-steps-8/,insights/naturalisation/legal-guidance-eligibility-requirements-and-filing-steps-8/index.html,73095564dbdfb9891c55398d6433f95d6ab7a1c900f383fea341d9323cba75f6
https://immigratetobrazil.com/insights/naturalisation/legal-guidance-eligibility-requirements-and-filing-steps/,insights/naturalisation/legal-guidance-eligibility-requirements-and-filing-steps/index.html,7fd31032cc6a36d41556cb54b2c115d08a29a056621caca220557d4882aedc0c
https://immigratetobrazil.com/insights/naturalisation/luso-brazilian-community-day-celebrates-the-strong-ties-between-portug/,insights/naturalisation/luso-brazilian-community-day-celebrates-the-strong-ties-between-portug/index.html,0b25d9f08402297668d0c77022db7cdcdfe287ed9752bfacf5602d7e0de82374
https://immigratetobrazil.com/insights/naturalisation/military-enlistment-is-mandatory-for-brazilians-even-abroad-even-livin/,insights/naturalisation/military-enlistment-is-mandatory-for-brazilians-even-abroad-even-livin/index.html,8e9692b75708104cbaf690ddbc1c4e2dff8d41fe0aec3f01fa03ca6601cc44d9
https://immigratetobrazil.com/insights/naturalisation/my-immigrant-card-is-valid-until-2030-but-my-stable-union-is-over/,insights/naturalisation/my-immigrant-card-is-valid-until-2030-but-my-stable-union-is-over/index.html,08a46b33b956f8ad29fbc0235b9eb8ccdb8a24ac49e091b74d0f96b5372d77a8
https://immigratetobrazil.com/insights/naturalisation/naturalized-brazilian-men-aged-between-18-and-45-must-enlist-in-the-mi/,insights/naturalisation/naturalized-brazilian-men-aged-between-18-and-45-must-enlist-in-the-mi/index.html,795610ca3c30ce2a9257061b4bdc656a376cf8fc18b1d18585e64beaa8e973e4
https://immigratetobrazil.com/insights/naturalisation/november-20th-black-awareness-day-black-awareness-day-is-a-historical/,insights/naturalisation/november-20th-black-awareness-day-black-awareness-day-is-a-historical/index.html,300b0c419503e47f7dee65a5159e5ed63f119969c7d57761c381663b055e09ee
https://immigratetobrazil.com/insights/naturalisation/on-december-19-2023-the-french-senate-approved-a-controversial-immigra/,insights/naturalisation/on-december-19-2023-the-french-senate-approved-a-controversial-immigra/index.html,73f14a36b3e50dcd19c75e77a8c538b900a5f49eabb50c470a94051291da267f
https://immigratetobrazil.com/insights/naturalisation/on-teacher-s-day-celebrated-on-october-15th-we-honor-those-who-with-de/,insights/naturalisation/on-teacher-s-day-celebrated-on-october-15th-we-honor-those-who-with-de/index.html,44e1adb177e9bfa392650660096c9dd0ab79ff266f7fedf00b643a4ed250426b
https://immigratetobrazil.com/insights/naturalisation/on-this-date-we-reinforce-our-commitment-to-valuing-and-protecting-eld/,insights/naturalisation/on-this-date-we-reinforce-our-commitment-to-valuing-and-protecting-eld/index.html,32eca35cd258d9c524049100c0c9d98ac7a7169e7b7384f8603ddbb1c96969f8
https://immigratetobrazil.com/insights/naturalisation/on-this-day-we-express-gratitude-to-each-person-who-trusts-our-legal-w/,insights/naturalisation/on-this-day-we-express-gratitude-to-each-person-who-trusts-our-legal-w/index.html,bcb967cd813eb167eae8fe2db939030d14d4f6f235749583f865a46f9fbd2d22
https://immigratetobrazil.com/insights/naturalisation/once-approved-this-process-grants-you-full-brazilian-citizenship-with/,insights/naturalisation/once-approved-this-process-grants-you-full-brazilian-citizenship-with/index.html,84cdf5f709189754b6cbee46bedf248c4758962aa50040362b4e89500f7836c9
https://immigratetobrazil.com/insights/naturalisation/parents-of-minor-children-with-dual-nationality-can-and-should-maintai/,insights/naturalisation/parents-of-minor-children-with-dual-nationality-can-and-should-maintai/index.html,b40f20612596c28d07df7ac8f05dcb829bec2147ba77ee27eca5c8ccf27fca0a
https://immigratetobrazil.com/insights/naturalisation/people-living-in-brazil-can-apply-for-naturalisation-to-become-brazili/,insights/naturalisation/people-living-in-brazil-can-apply-for-naturalisation-to-become-brazili/index.html,c4fe8c38e844c604b3078f2da0e4776bbd1ae7a1e9c5ac313baebac5bc72c5e9
https://immigratetobrazil.com/insights/naturalisation/permanent-residence-permit-and-citizenship-are-two-distinct-legal-stat-2/,insights/naturalisation/permanent-residence-permit-and-citizenship-are-two-distinct-legal-stat-2/index.html,6a24bb6c9d341acae99aa418693ec27e6387479c78d19abdddd3cbaa8a88e453
https://immigratetobrazil.com/insights/naturalisation/permanent-residence-permit-and-citizenship-are-two-distinct-legal-stat/,insights/naturalisation/permanent-residence-permit-and-citizenship-are-two-distinct-legal-stat/index.html,679b8a8d539660b0cfb4fb7ea81192024290b7cb602c7af98a95b68f51e69150
https://immigratetobrazil.com/insights/naturalisation/pix-a-brazilian-instant-payment-system-is-expanding-internationally-th/,insights/naturalisation/pix-a-brazilian-instant-payment-system-is-expanding-internationally-th/index.html,ef61cc98485e053ad6487447da38c7e417d0c5d379bdcbd8b938b6ade10b182a
https://immigratetobrazil.com/insights/naturalisation/portugal-recently-approved-a-set-of-changes-to-immigration-legislation/,insights/naturalisation/portugal-recently-approved-a-set-of-changes-to-immigration-legislation/index.html,8e5bc87c9e9a19503dc81c75452f87dfcd129e9eec2a0babc4bb32949ac8d367
https://immigratetobrazil.com/insights/naturalisation/pregnant-women-that-come-to-brazil-to-have-their-baby-can-apply-for-re/,insights/naturalisation/pregnant-women-that-come-to-brazil-to-have-their-baby-can-apply-for-re/index.html,36fe569dc49bc1250e752e80053d6f44049ad014d0903e2fe99c78b10d8106aa
https://immigratetobrazil.com/insights/naturalisation/president-joe-biden-signed-an-executive-order-to-simplify-the-process/,insights/naturalisation/president-joe-biden-signed-an-executive-order-to-simplify-the-process/index.html,57340a1bd6cced4ec2a9f5b2188833100da51b568a83d8c76d76d51862e0d6c5
https://immigratetobrazil.com/insights/naturalisation/recently-the-united-states-lost-its-position-in-the-top-10-of-the-most/,insights/naturalisation/recently-the-united-states-lost-its-position-in-the-top-10-of-the-most/index.html,da2c742b7df011324a5bca2bcc68a23ef8550bdeb1024030150cedbc5916ec1e
https://immigratetobrazil.com/insights/naturalisation/rectification-of-settlements-is-an-essential-procedure-in-citizenship/,insights/naturalisation/rectification-of-settlements-is-an-essential-procedure-in-citizenship/index.html,4a0fa6801a73994732178b5cda9542d890183a058e50461aceb4be111d588d77
https://immigratetobrazil.com/insights/naturalisation/refugees-unlike-other-immigrants-are-those-who-suffer-compulsory-displ/,insights/naturalisation/refugees-unlike-other-immigrants-are-those-who-suffer-compulsory-displ/index.html,31ea93b46801c6ddeda59f2808d1da47a41bea9477fdcaf98ac33ae11ea6ba0b
https://immigratetobrazil.com/insights/naturalisation/registering-a-childs-birth-at-a-brazilian-consular-office-abroad-is-no/,insights/naturalisation/registering-a-childs-birth-at-a-brazilian-consular-office-abroad-is-no/index.html,ebff3bc3bf63a75b5662df465bb93a8913d960a5c074fe6f39966777626503fe
https://immigratetobrazil.com/insights/naturalisation/relocating-to-brazil-with-your-family-is-certainly-possible-as-long-as/,insights/naturalisation/relocating-to-brazil-with-your-family-is-certainly-possible-as-long-as/index.html,9611a3be72c93508a13cb3688840813f09321dcd1e437ecbb93269de7ec92ed1
https://immigratetobrazil.com/insights/naturalisation/searching-for-certificates-is-an-essential-step-in-the-citizenship-pro/,insights/naturalisation/searching-for-certificates-is-an-essential-step-in-the-citizenship-pro/index.html,2e303f465f5803090eddc9a342a70146da293e2c04e63c06f6425e8a31e500a9
https://immigratetobrazil.com/insights/naturalisation/seeking-legal-advice-from-an-immigration-lawyer-in-brazil-is-crucial-d/,insights/naturalisation/seeking-legal-advice-from-an-immigration-lawyer-in-brazil-is-crucial-d/index.html,99e2ac357bb82ed9d22fc123e97a3ba8a77198d221cd70f32022f6dede26c372
https://immigratetobrazil.com/insights/naturalisation/sporadic-trips-abroad-for-which-the-sum-of-periods-does-not-exceed-12/,insights/naturalisation/sporadic-trips-abroad-for-which-the-sum-of-periods-does-not-exceed-12/index.html,7e7c979438095cf11309a603f4ac1060658c4dc5345f42d9fafb853472e000b3
https://immigratetobrazil.com/insights/naturalisation/sporadic-trips-abroad-the-sum-of-which-does-not-exceed-12-months-durin/,insights/naturalisation/sporadic-trips-abroad-the-sum-of-which-does-not-exceed-12-months-durin/index.html,9041cdc0df2ea2d130203c17b625c7a45459b98ca3beea118f37b532b5502968
https://immigratetobrazil.com/insights/naturalisation/starting-september-2-2025-the-u-s-department-of-state-will-require-an/,insights/naturalisation/starting-september-2-2025-the-u-s-department-of-state-will-require-an/index.html,44d013ca6a4d5a99bb14f3b3c832fd1da27e6cb045f09668c7dfc4b75fe3ccf1
https://immigratetobrazil.com/insights/naturalisation/the-certificate-of-proficiency-in-portuguese-language-for-foreigners-c/,insights/naturalisation/the-certificate-of-proficiency-in-portuguese-language-for-foreigners-c/index.html,4fda3a5f22bc1cd3b68fd0ea02c122c7640423724aa2401349ba327ba90641e8
https://immigratetobrazil.com/insights/naturalisation/the-chamber-of-deputies-has-just-approved-a-proposed-amendment-to-the/,insights/naturalisation/the-chamber-of-deputies-has-just-approved-a-proposed-amendment-to-the/index.html,a8202ec681ed15cdebbac14a9b270ee002c31598be4544f086f5be8c45077011
https://immigratetobrazil.com/insights/naturalisation/the-date-invites-reflection-on-one-of-the-darkest-pages-in-human-histo/,insights/naturalisation/the-date-invites-reflection-on-one-of-the-darkest-pages-in-human-histo/index.html,0ccdf07993b637f0ec7fae165e7f96c095e61ba55f92f4579d9fc69e34d32768
https://immigratetobrazil.com/insights/naturalisation/the-deadline-to-begin-the-process-of-recognizing-spanish-citizenship-f/,insights/naturalisation/the-deadline-to-begin-the-process-of-recognizing-spanish-citizenship-f/index.html,2231d22ea492a214cfb4c52efe065d74d4279ea479afdcaee2a45745e49aba38
https://immigratetobrazil.com/insights/naturalisation/the-humanitarian-and-institutional-crisis-that-is-plaguing-venezuela-h/,insights/naturalisation/the-humanitarian-and-institutional-crisis-that-is-plaguing-venezuela-h/index.html,01ed18c81a825c716e6d3b10f0426c91ae4f1fcab21ff1ae57eefdbadf23bc1c
https://immigratetobrazil.com/insights/naturalisation/the-mercosur-agreement-recognized-primarily-for-its-economic-impacts-a/,insights/naturalisation/the-mercosur-agreement-recognized-primarily-for-its-economic-impacts-a/index.html,42ab9b5d984e79328a7d99aad4343458c69aae4f3c8b18377c270fba591a3468
https://immigratetobrazil.com/insights/naturalisation/the-mobility-agreement-between-cplp-member-states-communities-of-portu/,insights/naturalisation/the-mobility-agreement-between-cplp-member-states-communities-of-portu/index.html,b85cc0892305acfcb1cddc17934ce82ce8bfd5b3e26b6b160f8b02e1c832ec28
https://immigratetobrazil.com/insights/naturalisation/the-new-naturalization-law-in-germany-approved-by-the-bundestag-simpli/,insights/naturalisation/the-new-naturalization-law-in-germany-approved-by-the-bundestag-simpli/index.html,cdb0b19cd4ee40164cca80bc070e3f0d4d880eb570056665fa2886beb19e13f8
https://immigratetobrazil.com/insights/naturalisation/the-new-visa-and-residence-permit-agreement-between-angola-brazil-cape/,insights/naturalisation/the-new-visa-and-residence-permit-agreement-between-angola-brazil-cape/index.html,f44dce292e14cbdef14528d1d9097d6474cdff49bec8e354af5fe7e789e08905
https://immigratetobrazil.com/insights/naturalisation/the-portuguese-language-plays-a-fundamental-role-in-brazil-s-culture-a/,insights/naturalisation/the-portuguese-language-plays-a-fundamental-role-in-brazil-s-culture-a/index.html,1a95b619deb258fb659077be97b5ef0e6ab1da73407394c5ce616d6db8240e37
https://immigratetobrazil.com/insights/naturalisation/the-recently-announced-innovation-allows-brazilian-tourists-to-pay-for/,insights/naturalisation/the-recently-announced-innovation-allows-brazilian-tourists-to-pay-for/index.html,2120ea1a8227ad4975f65bd3176ea51652ffd60e6ad64e3a1b48535ef07ddb3a
https://immigratetobrazil.com/insights/naturalisation/the-renewal-of-the-resident-card-in-brazil-may-be-prevented-in-some-sp/,insights/naturalisation/the-renewal-of-the-resident-card-in-brazil-may-be-prevented-in-some-sp/index.html,fa9deccc189c4342a555f4864470ce784bf3d6692e945b12bfdb5cfdf0a4a07e
https://immigratetobrazil.com/insights/naturalisation/the-voluntary-renunciation-of-brazilian-nationality-provided-for-in-th/,insights/naturalisation/the-voluntary-renunciation-of-brazilian-nationality-provided-for-in-th/index.html,8a27e8605f20325585cb477108d675e2a158323e870b11af911b2775b611092b
https://immigratetobrazil.com/insights/naturalisation/this-is-an-important-opportunity-for-people-with-brazilian-ancestry-to/,insights/naturalisation/this-is-an-important-opportunity-for-people-with-brazilian-ancestry-to/index.html,d98341b83e993ccf2ac0f943d85bde3f03a35e03ee308cec7aeb19626ea748a2
https://immigratetobrazil.com/insights/naturalisation/to-do-this-it-is-possible-to-register-your-birth-at-any-time-at-a-braz/,insights/naturalisation/to-do-this-it-is-possible-to-register-your-birth-at-any-time-at-a-braz/index.html,2a9820b8a1eadc14c5f887b96956b1a5581a7851221288109f1ef36c270d72aa
https://immigratetobrazil.com/insights/naturalisation/to-formalise-this-status-their-birth-can-be-registered-at-any-time-at/,insights/naturalisation/to-formalise-this-status-their-birth-can-be-registered-at-any-time-at/index.html,502120af3c74d22ab1692e908a0ed78d0df1672b2ace9fddc049504da69bdf47
https://immigratetobrazil.com/insights/naturalisation/to-obtain-brazilian-citizenship-individuals-generally-must-meet-specif/,insights/naturalisation/to-obtain-brazilian-citizenship-individuals-generally-must-meet-specif/index.html,33510bdcf108317d23c319d9908af0eb8e6014002544ece71c3108e836c68b92
https://immigratetobrazil.com/insights/naturalisation/today-we-recognize-the-resilience-wisdom-and-diversity-of-indigenous-p/,insights/naturalisation/today-we-recognize-the-resilience-wisdom-and-diversity-of-indigenous-p/index.html,4607bc5df5ba5e9cdf701fc03b8d62007f75a11deed6a5b7d993120db0a6a60c
https://immigratetobrazil.com/insights/naturalisation/under-the-new-spanish-law-on-obtaining-citizenship-more-people-have-th/,insights/naturalisation/under-the-new-spanish-law-on-obtaining-citizenship-more-people-have-th/index.html,546a7c3b5a3bd2f068721f243fbffdaddec074d1d8584c0c4a709e22d1d8cfe0
https://immigratetobrazil.com/insights/naturalisation/us-imposes-new-visa-restrictions-on-12-countries-since-june-9-2025-an/,insights/naturalisation/us-imposes-new-visa-restrictions-on-12-countries-since-june-9-2025-an/index.html,ad0c40a52e8e6d90b7a7e05d225aadbfac79734492a43bad34258f0e29e3378b
https://immigratetobrazil.com/insights/naturalisation/we-celebrate-the-achievements-of-women-around-the-world-and-reaffirm-t/,insights/naturalisation/we-celebrate-the-achievements-of-women-around-the-world-and-reaffirm-t/index.html,9305de9a55b6c0bb6bf627b9698e575fd5b1f929e14ac92a3bd44605185632bc
https://immigratetobrazil.com/insights/naturalisation/whether-you-re-travelling-to-brazil-for-a-short-stay-or-planning-a-lon/,insights/naturalisation/whether-you-re-travelling-to-brazil-for-a-short-stay-or-planning-a-lon/index.html,b3ec0b12fff736ff0260dc4609ea877697d596e42b984fa1ae3e03e8b71204bb
https://immigratetobrazil.com/insights/naturalisation/why-contact-with-marine-animals-is-prohibited-in-tourist-areas-the-epi/,insights/naturalisation/why-contact-with-marine-animals-is-prohibited-in-tourist-areas-the-epi/index.html,f19d31843e8ccea4cd79846ad7acdbac2952249cf482b09d2599c69db715243f
https://immigratetobrazil.com/insights/naturalisation/with-the-democratic-memory-law-in-force-now-the-adult-grandchildren-of/,insights/naturalisation/with-the-democratic-memory-law-in-force-now-the-adult-grandchildren-of/index.html,fdf661466db24adf47c8c01ffd8698b30112d4377ffa590bbb078fe7d77e3044
https://immigratetobrazil.com/insights/naturalisation/work-in-finland-an-initiative-supported-by-the-finnish-government-netw/,insights/naturalisation/work-in-finland-an-initiative-supported-by-the-finnish-government-netw/index.html,1f5dbbeeb2c6006215f3c501b8d345575d86f8fc4dac9b29bab51aaabdda234f
https://immigratetobrazil.com/insights/process/,insights/process/index.html,fdb90c5c1129fe98df2e5932ff330fb3bf4e4eae87c03f329d1e886e04b0e9b3
https://immigratetobrazil.com/insights/process/airports-are-busy-places-it-is-important-to-always-be-aware/,insights/process/airports-are-busy-places-it-is-important-to-always-be-aware/index.html,7296f19c755d321e856cd7514a814e931a7e7234ea9714752f04364a5a7d1d12
https://immigratetobrazil.com/insights/process/all-passengers-have-the-right-to-take-their-hand-luggage-and-personal/,insights/process/all-passengers-have-the-right-to-take-their-hand-luggage-and-personal/index.html,abe83fbcd64d55e704c429e0be54c45b59afec3868a76bb75bd2ac734821c54e
https://immigratetobrazil.com/insights/process/an-honorary-consulate-is-a-voluntary-diplomatic-representation-of-a-co/,insights/process/an-honorary-consulate-is-a-voluntary-diplomatic-representation-of-a-co/index.html,2cd9479b8bb074feb31b15ec65ff6ec0c83a6561d1625cd276c35801e90368b5
https://immigratetobrazil.com/insights/process/appealing-a-traffic-fine-is-your-right/,insights/process/appealing-a-traffic-fine-is-your-right/index.html,5e8394eef04ea621e0b855b2dca0dbc5b4fc318275047872cdb00db0ee8a126a
https://immigratetobrazil.com/insights/process/bulgaria-and-romania-will-partially-join-the-european-union-s-schengen/,insights/process/bulgaria-and-romania-will-partially-join-the-european-union-s-schengen/index.html,44490c09e13cfc08b7e9102f93608280a502b74ecd9faf7c471243d9e10bccba
https://immigratetobrazil.com/insights/process/deportation-as-defined-by-brazilian-legislation-is-an-administrative-p/,insights/process/deportation-as-defined-by-brazilian-legislation-is-an-administrative-p/index.html,716cd97bf58f5b7f17db5e1b97119e0670be26ea19034407dea94f4dbb77dbc0
https://immigratetobrazil.com/insights/process/deportation-is-a-measure-provided-for-by-law-for-the-compulsory-remova/,insights/process/deportation-is-a-measure-provided-for-by-law-for-the-compulsory-remova/index.html,cdc52d9b8f6b8ea438e9d5eb139a739576e6584b140ee424564a5730cd639dd7
https://immigratetobrazil.com/insights/process/each-federal-police-immigration-service-point-has-a-different-procedur/,insights/process/each-federal-police-immigration-service-point-has-a-different-procedur/index.html,e2d346a119c11d56e3b8fa3679c9c33200e1bf17e88308002c5f949aadcc84cc
https://immigratetobrazil.com/insights/process/for-biological-children-and-minor-adopted-children-of-italian-citizens/,insights/process/for-biological-children-and-minor-adopted-children-of-italian-citizens/index.html,d54341f03643488e7f4c26315efd5b3254aab1c42f19816311f16325f476480c
https://immigratetobrazil.com/insights/process/if-you-are-getting-married-to-a-brazilian-person-and-need-a-document-s/,insights/process/if-you-are-getting-married-to-a-brazilian-person-and-need-a-document-s/index.html,497afc07afdf5a7f74c39a66977a74852a231edf2dde566d19d233b723d043f3
https://immigratetobrazil.com/insights/process/it-doesn-t-matter-where-the-bill-or-billing-is-from/,insights/process/it-doesn-t-matter-where-the-bill-or-billing-is-from/index.html,b17c066b4a2eb50966e5f590ef092948aff4d37889c654c473defdd80d0e99fc
https://immigratetobrazil.com/insights/process/it-was-established-by-the-un-to-promote-equality-respect-for-human-rig/,insights/process/it-was-established-by-the-un-to-promote-equality-respect-for-human-rig/index.html,3b3af7325f14eac7e59942cb802559747a6ca74efb0f53fff9ca06ac53aa27bf
https://immigratetobrazil.com/insights/process/technically-yes-but-its-not-advisable/,insights/process/technically-yes-but-its-not-advisable/index.html,fd1a3ece5a3b0a60ac9f6e87783d29c29928989ee0f816fc8bda12cb42c5740d
https://immigratetobrazil.com/insights/process/the-consular-declaration-of-civil-status-is-a-document-issued-by-the-c/,insights/process/the-consular-declaration-of-civil-status-is-a-document-issued-by-the-c/index.html,27f69b4aa0a19d7bb0a3f3d84a7c58e1855e6da2c368ee46e728a9febf5bcbd6
https://immigratetobrazil.com/insights/process/the-expulsion-of-a-foreigner-is-an-extreme-measure-and-can-only-occur/,insights/process/the-expulsion-of-a-foreigner-is-an-extreme-measure-and-can-only-occur/index.html,692e003169f0cdb875696ff70d76dafb99f05943ad3253e6f3ea10563b0158f5
https://immigratetobrazil.com/insights/process/the-right-to-come-and-go-is-provided-for-in-the-federal-constitution-f/,insights/process/the-right-to-come-and-go-is-provided-for-in-the-federal-constitution-f/index.html,31e014606e394013b2c76a4651a003596db8c2e5ef94e44db85f293f0e351139
https://immigratetobrazil.com/insights/process/the-text-of-the-brazil-uruguay-convention-for-the-elimination-of-doubl/,insights/process/the-text-of-the-brazil-uruguay-convention-for-the-elimination-of-doubl/index.html,5846e798913fba2cdaa739dc33ef4b3122cbb4386dd92e3bb6e7e8316e2cab50
https://immigratetobrazil.com/insights/process/the-transformation-of-the-italian-consulate-in-belo-horizonte-to-consu/,insights/process/the-transformation-of-the-italian-consulate-in-belo-horizonte-to-consu/index.html,121877f29144b42a2df5ebb1d217a0517aaf49530a20568da8ec393ddbd79719
https://immigratetobrazil.com/insights/process/this-is-an-illegal-extremely-dangerous-practice-that-can-have-serious/,insights/process/this-is-an-illegal-extremely-dangerous-practice-that-can-have-serious/index.html,99ea80dee862d79219e88d0baf6f17e0d02d1cb004fb75c16ec2671018ed7169
https://immigratetobrazil.com/insights/process/yes-brazilian-law-protects-passengers-much-more-than-other-countries/,insights/process/yes-brazilian-law-protects-passengers-much-more-than-other-countries/index.html,5fd87ae0f56a0b44c08be7996875f9d77f320f28208e0f48177f1b43a8b375b1
https://immigratetobrazil.com/insights/process/you-should-request-for-your-brazilian-id-to-be-renewed-at-least-90-day/,insights/process/you-should-request-for-your-brazilian-id-to-be-renewed-at-least-90-day/index.html,3d0b29a7d94607ab8f4e9276a3a7a47757c600cc12d531ecb99bd2ffe52f40f6
https://immigratetobrazil.com/insights/residency/,insights/residency/index.html,d6cb00ebb46429791feeb232393bc7feacf56219de2f0cc00ffb7f62ecfe48dc
https://immigratetobrazil.com/insights/residency/a-stable-union-formed-abroad-can-be-recognized-in-brazil-through-regis/,insights/residency/a-stable-union-formed-abroad-can-be-recognized-in-brazil-through-regis/index.html,d5a65070804519173bf4ae8644aed6c721b659a9d44c9d646d3cabac1d25a105
https://immigratetobrazil.com/insights/residency/brazilian-immigration-legislation-reflects-the-country-s-commitment-to/,insights/residency/brazilian-immigration-legislation-reflects-the-country-s-commitment-to/index.html,bcae38ca32c520fe3174552a0a970e452b7a46612d834eaa7fa4d3796f7ef316
https://immigratetobrazil.com/insights/residency/firstly-you-will-need-to-register-at-the-brazilian-consulate-or-embass/,insights/residency/firstly-you-will-need-to-register-at-the-brazilian-consulate-or-embass/index.html,bf55833869a218bc66b5fa9d5ba700b407569831db8c5669c7e6281e4909b92d
https://immigratetobrazil.com/insights/residency/for-those-who-still-cannot-marry-in-their-home-countries-because-of-di/,insights/residency/for-those-who-still-cannot-marry-in-their-home-countries-because-of-di/index.html,37a9ab0970cbd28698f96e1642f941b1e5ef04e0b899ab8f53ce64e9bf88787b
https://immigratetobrazil.com/insights/residency/i-have-a-brazilian-residence-permit-and-i-want-to-move-to-another-regi/,insights/residency/i-have-a-brazilian-residence-permit-and-i-want-to-move-to-another-regi/index.html,b88bf6053183d11b98b0ceeabe33d81074beae5133b907f73224c4527f374aaf
https://immigratetobrazil.com/insights/residency/if-the-person-has-a-residence-permit-in-brazil-it-is-important-to-obse/,insights/residency/if-the-person-has-a-residence-permit-in-brazil-it-is-important-to-obse/index.html,c54221f07a0c3fecb2b60291bec3c144d1c6f3ab21a3ac27a2552a3944af1aca
https://immigratetobrazil.com/insights/residency/if-the-person-holds-a-brazilian-residence-permit-it-s-important-to-obs/,insights/residency/if-the-person-holds-a-brazilian-residence-permit-it-s-important-to-obs/index.html,571650aa6152bdcda9953808fac74f14a025ecf8902d5086896abb69c0dbd7d5
https://immigratetobrazil.com/insights/residency/if-you-have-chosen-brazil-as-your-new-place-of-residency-and-are-inqui/,insights/residency/if-you-have-chosen-brazil-as-your-new-place-of-residency-and-are-inqui/index.html,f7b283ad697fbad24646e52488abd95455fc51767c782f59ac3441786a18a350
https://immigratetobrazil.com/insights/residency/if-you-need-to-stay-outside-of-portugal-for-a-longer-period-than-requi/,insights/residency/if-you-need-to-stay-outside-of-portugal-for-a-longer-period-than-requi/index.html,19b8a73b7657a9541daf2eedecc2f3b66c1cbc7e56e7275fd502a6e74e8b7b55
https://immigratetobrazil.com/insights/residency/in-brazil-the-national-migration-registry-rnm-is-the-registry-of-immig/,insights/residency/in-brazil-the-national-migration-registry-rnm-is-the-registry-of-immig/index.html,c4e6800c7f0d70875bd11527dcade2d93d14e098e2301b33f49b659694da95c6
https://immigratetobrazil.com/insights/residency/in-brazil-the-registro-nacional-de-migrante-rnm-is-the-registration-of/,insights/residency/in-brazil-the-registro-nacional-de-migrante-rnm-is-the-registration-of/index.html,a33cb9f965c3135043c3645eb4fea8e38c796283e4265b11a3451e1d10fe801c
https://immigratetobrazil.com/insights/residency/in-temporary-residence-you-can-only-be-absent-for-less-than-6-consecut/,insights/residency/in-temporary-residence-you-can-only-be-absent-for-less-than-6-consecut/index.html,efd6f7479a9241570e5189fdba1ce9a3e916a7cc0d4fd097758e89d826590cd1
https://immigratetobrazil.com/insights/residency/in-the-context-of-a-profound-political-economic-and-institutional-cris/,insights/residency/in-the-context-of-a-profound-political-economic-and-institutional-cris/index.html,fe537209ea883dad6ad8850d3a0029b0c88e3347fa1ce5d26565cdc33d835196
https://immigratetobrazil.com/insights/residency/it-is-important-to-note-that-one-of-the-legal-prerequisites-for-obtain/,insights/residency/it-is-important-to-note-that-one-of-the-legal-prerequisites-for-obtain/index.html,b6831caec01df7a1b9fa2b30b958e4b07b303176eacc15de77ea63811b9eb738
https://immigratetobrazil.com/insights/residency/it-s-crucial-to-note-that-one-of-the-legal-prerequisites-for-obtaining/,insights/residency/it-s-crucial-to-note-that-one-of-the-legal-prerequisites-for-obtaining/index.html,bee4a64e51eab3ea2fb7a1d29496c73ec03c20a766d826a0a00866538ced1897
https://immigratetobrazil.com/insights/residency/loss-of-residence-permit-may-occur-due-to-prolonged-absence-or-failure/,insights/residency/loss-of-residence-permit-may-occur-due-to-prolonged-absence-or-failure/index.html,6207a4afc6bc421535e4b175a6b83316b10fa896f48e22f85b544496ef92f65d
https://immigratetobrazil.com/insights/residency/not-right-away-the-law-determines-the-exact-time-a-resident-can-stay-o/,insights/residency/not-right-away-the-law-determines-the-exact-time-a-resident-can-stay-o/index.html,5dd234b647636673cfa48d13e116ff983da526b991661858f1b1399c95b5bdb1
https://immigratetobrazil.com/insights/residency/popularly-it-is-understood-that-an-immigrant-is-a-person-who-migrates/,insights/residency/popularly-it-is-understood-that-an-immigrant-is-a-person-who-migrates/index.html,7343cd0ec6202bad2fc7906f933439edb9a661ec99d23fc0ff51203833d719a7
https://immigratetobrazil.com/insights/residency/renewal-of-the-brazilian-residence-permit-applies-to-those-who-have-a/,insights/residency/renewal-of-the-brazilian-residence-permit-applies-to-those-who-have-a/index.html,cda7a87ca8357d4a2af106b5c6ef4a640785f8716540e0e83b91075d40a972f0
https://immigratetobrazil.com/insights/residency/residence-permit-in-brazil-due-to-the-mercosur-agreement-this-residenc/,insights/residency/residence-permit-in-brazil-due-to-the-mercosur-agreement-this-residenc/index.html,1837d632c68f2bd6554dfbb5804f579f1f13d8540e84e9195a4ffb193ea827b6
https://immigratetobrazil.com/insights/residency/strict-entry-requirements-the-legislation-introduced-specific-entry-re/,insights/residency/strict-entry-requirements-the-legislation-introduced-specific-entry-re/index.html,01353b1a00f2cc3653fb22a1478a053369379f5e42ea7a1f69793482f87d790a
https://immigratetobrazil.com/insights/residency/the-agreement-between-brazil-and-uruguay-deals-with-permanent-residenc/,insights/residency/the-agreement-between-brazil-and-uruguay-deals-with-permanent-residenc/index.html,55f55527a0353a48176c3ae8e92562c59c2ada043e3371bafa23396333bc6f36
https://immigratetobrazil.com/insights/residency/the-loss-of-a-residence-permit-can-occur-due-to-prolonged-absence-or-f/,insights/residency/the-loss-of-a-residence-permit-can-occur-due-to-prolonged-absence-or-f/index.html,19c2ba973426d67c9ccb7255791f30ceef2ffc83dee61c06805d99a4723257ee
https://immigratetobrazil.com/insights/residency/the-person-applying-for-a-residence-permit-to-live-in-brazil-will-also/,insights/residency/the-person-applying-for-a-residence-permit-to-live-in-brazil-will-also/index.html,3423595554cf76eeb5f3c07917ca9689714f4c8cf49d86f281df470128bdcf00
https://immigratetobrazil.com/insights/residency/the-person-who-will-apply-for-a-residence-permit-to-live-in-brazil-wil/,insights/residency/the-person-who-will-apply-for-a-residence-permit-to-live-in-brazil-wil/index.html,19f57f560a1b8008d60eaf840d22a2a7584f4caf266b2715c084764918af917c
https://immigratetobrazil.com/insights/residency/the-renewal-of-brazilian-residency-permit-applies-to-those-holding-a-t/,insights/residency/the-renewal-of-brazilian-residency-permit-applies-to-those-holding-a-t/index.html,32df9684ca200b553f3ea19fd394ec2f6c8d408003f8c651dd1ff5e441524173
https://immigratetobrazil.com/insights/residency/the-request-for-reconsideration-when-a-request-for-a-residence-permit/,insights/residency/the-request-for-reconsideration-when-a-request-for-a-residence-permit/index.html,0fb7b2740b3351600e3ccdfd20f13f519452ad07b52136ff5ef99aa6d1a77313
https://immigratetobrazil.com/insights/residency/upon-your-return-to-brazil-the-legal-process-for-revoking-your-residen/,insights/residency/upon-your-return-to-brazil-the-legal-process-for-revoking-your-residen/index.html,2d6b8dfb4ddbc9af7f33e2cd3fd40881c905131bdba5a3f2a9a8a4b581e40a43
https://immigratetobrazil.com/insights/updates/,insights/updates/index.html,9151d724a4c4487f988cb71a0bbc227c7d56eb779cf85b06b5bc0d2c10b55cf5
https://immigratetobrazil.com/insights/updates/2026-03-09-as-of-the-end-of-july-2024-the-ministry-of-justice-and-public-security/,insights/updates/2026-03-09-as-of-the-end-of-july-2024-the-ministry-of-justice-and-public-security/index.html,babf6a6c062fb8b8685a3bec8525a6f71bf52a567b6e5eeb5bcf77c2b31f5b92
https://immigratetobrazil.com/insights/updates/2026-03-09-at-the-beginning-of-the-week-fake-prints-of-a-conversation-between-jes/,insights/updates/2026-03-09-at-the-beginning-of-the-week-fake-prints-of-a-conversation-between-jes/index.html,38f548932bba00fe7c5c6c98f7cb542890292e2051cbf8a9458e8bf2d2f0814d
https://immigratetobrazil.com/insights/updates/2026-03-09-autism-awareness-month-5-rights-of-autistic-people-people-with-autism/,insights/updates/2026-03-09-autism-awareness-month-5-rights-of-autistic-people-people-with-autism/index.html,2230174a8ebbf1952fe6057768608d6f4fa6f68ed839b37788c917656c9ae1d7
https://immigratetobrazil.com/insights/updates/2026-03-09-brazil-is-adjusting-its-rules-for-the-entry-of-transit-passengers-with/,insights/updates/2026-03-09-brazil-is-adjusting-its-rules-for-the-entry-of-transit-passengers-with/index.html,93e0eadee6c5b212bdc5c9c11a91d5cb74690de045b538416c3bb061de49712f
https://immigratetobrazil.com/insights/updates/2026-03-09-brazilian-legislation-regarding-the-air-transport-of-animals-is-still/,insights/updates/2026-03-09-brazilian-legislation-regarding-the-air-transport-of-animals-is-still/index.html,cf847fa322f4d88dd39f4ce190fc57b8f245b1e446b3c645c1e07f66f93e4244
https://immigratetobrazil.com/insights/updates/2026-03-09-changes-to-latam-and-gol-baggage-rules-have-a-direct-impact-on-the-way/,insights/updates/2026-03-09-changes-to-latam-and-gol-baggage-rules-have-a-direct-impact-on-the-way/index.html,14d07f55f23ece5c70ef7ce85b58e218229e5b83b928a9ca3252aa91e399ba19
https://immigratetobrazil.com/insights/updates/2026-03-09-china-announced-the-launch-of-the-k-visa-aimed-especially-at-young-pro/,insights/updates/2026-03-09-china-announced-the-launch-of-the-k-visa-aimed-especially-at-young-pro/index.html,f8402b02062ffdc784277f10d0dee5eb7f2128155f33a8478cf1d511de88666e
https://immigratetobrazil.com/insights/updates/2026-03-09-during-the-naturalization-process-the-applicant-will-be-called-for-a-p/,insights/updates/2026-03-09-during-the-naturalization-process-the-applicant-will-be-called-for-a-p/index.html,7f98d4c48cd117476e4175066bd80b050dac12057dc8de4958607bc4bb704d3c
https://immigratetobrazil.com/insights/updates/2026-03-09-end-of-the-stamp-in-the-passport-when-traveling-to-europe-from-october/,insights/updates/2026-03-09-end-of-the-stamp-in-the-passport-when-traveling-to-europe-from-october/index.html,3100f7d0f01d03370058ec5607ddcb21fab18a5ae07f2d5378077ce04f17339a
https://immigratetobrazil.com/insights/updates/2026-03-09-etias-an-electronic-authorization-similar-to-a-visa-will-be-required-f/,insights/updates/2026-03-09-etias-an-electronic-authorization-similar-to-a-visa-will-be-required-f/index.html,c560900b7aacda972190f7ba4a2b8b66a9444aa4c12b25af8c4f72542addb38a
https://immigratetobrazil.com/insights/updates/2026-03-09-foreigners-may-apply-for-a-brazilian-passport-under-specific-circumsta/,insights/updates/2026-03-09-foreigners-may-apply-for-a-brazilian-passport-under-specific-circumsta/index.html,96634857e5a39bcb5d3f2c36905b6cb8fd31a2b20b5c17f39a086196c91c3ec0
https://immigratetobrazil.com/insights/updates/2026-03-09-from-june-1-2025-brazilian-citizens-will-be-able-to-enter-china-withou/,insights/updates/2026-03-09-from-june-1-2025-brazilian-citizens-will-be-able-to-enter-china-withou/index.html,ccfca3e6fa3f6b6587f394499a776ce7599e01e9f2c43fb05e80abcc030c6213
https://immigratetobrazil.com/insights/updates/2026-03-09-if-a-brazilian-citizen-dies-abroad-the-brazilian-government-does-not-c/,insights/updates/2026-03-09-if-a-brazilian-citizen-dies-abroad-the-brazilian-government-does-not-c/index.html,e9474b104c199b4dcf3e77bece17ab3d1d3b5b6f40273a321a98b4de152dfb02
https://immigratetobrazil.com/insights/updates/2026-03-09-immigrants-when-attended-in-brazilian-public-services-should-be-treate/,insights/updates/2026-03-09-immigrants-when-attended-in-brazilian-public-services-should-be-treate/index.html,4871ed47fb15e202b723e8367c94646a25e0bf8d075545499b24500a00a13c1b
https://immigratetobrazil.com/insights/updates/2026-03-09-immigrants-when-receiving-care-in-brazilian-public-services-must-be-tr/,insights/updates/2026-03-09-immigrants-when-receiving-care-in-brazilian-public-services-must-be-tr/index.html,3ac932094cd3998ba1b32c5b6fefe1942e227a811c5acab6692d5bee7a5e616f
https://immigratetobrazil.com/insights/updates/2026-03-09-in-2011-the-date-was-officially-established-through-law-no-12-519-with/,insights/updates/2026-03-09-in-2011-the-date-was-officially-established-through-law-no-12-519-with/index.html,682d3d6c5f1409ad9bd4b3f044aeb1e2ce9c8389928151ddcb7f7e8d625500d7
https://immigratetobrazil.com/insights/updates/2026-03-09-mexico-confirms-resumption-of-the-electronic-visa-for-brazilians-from/,insights/updates/2026-03-09-mexico-confirms-resumption-of-the-electronic-visa-for-brazilians-from/index.html,caacc60a80dea6cf340dfd27aa892173d1c1e9f2ef8e7372ab37d50303f94922
https://immigratetobrazil.com/insights/updates/2026-03-09-since-october-22-2023-due-to-changes-in-mexican-migration-regulations/,insights/updates/2026-03-09-since-october-22-2023-due-to-changes-in-mexican-migration-regulations/index.html,0d1547d662ea1b8259d05292a353a816d1bae8460c7acb2d3ed77f8c3b1fc306
https://immigratetobrazil.com/insights/updates/2026-03-09-starting-august-20-2025-the-united-states-will-begin-a-12-month-pilot/,insights/updates/2026-03-09-starting-august-20-2025-the-united-states-will-begin-a-12-month-pilot/index.html,f841875d4c46b33b0ce849d717dbb93de0b61e0bf9664c528c2465be1db1c691
https://immigratetobrazil.com/insights/updates/2026-03-09-the-brazilian-government-presented-new-guidelines-for-the-transport-of/,insights/updates/2026-03-09-the-brazilian-government-presented-new-guidelines-for-the-transport-of/index.html,796621131ab6668ff766869efd7778ae0a64264f7e8508a67e7017f97fc89771
https://immigratetobrazil.com/insights/updates/2026-03-09-the-british-government-has-announced-a-significant-change-to-visa-rule/,insights/updates/2026-03-09-the-british-government-has-announced-a-significant-change-to-visa-rule/index.html,6eab02ebfd3ff8f9e9f3cfd8add144e1bf5c0c5d40ead5a4b124bbf69fd7cfd1
https://immigratetobrazil.com/insights/updates/2026-03-09-the-discussion-about-greater-rigidity-in-import-rules-began-during-the/,insights/updates/2026-03-09-the-discussion-about-greater-rigidity-in-import-rules-began-during-the/index.html,27dd1e5190070d8d1edfbd57de4db9d63707cb3edd766e7f41a709b57df694a2
https://immigratetobrazil.com/insights/updates/2026-03-09-the-federal-police-once-again-warned-of-a-serious-budgetary-risk-accor/,insights/updates/2026-03-09-the-federal-police-once-again-warned-of-a-serious-budgetary-risk-accor/index.html,bd636a732aae311180e92921146ac0619d6953578c2bdd987c64f894c0789bcd
https://immigratetobrazil.com/insights/updates/2026-03-09-the-president-of-the-republic-signed-a-new-decree-that-amends-article/,insights/updates/2026-03-09-the-president-of-the-republic-signed-a-new-decree-that-amends-article/index.html,fc901ea99ca29b0724930d39403ff109a01e4dbce54f720e9e19737de73aad75
https://immigratetobrazil.com/insights/updates/2026-03-09-the-united-kingdom-has-begun-implementing-a-new-deportation-program-fo/,insights/updates/2026-03-09-the-united-kingdom-has-begun-implementing-a-new-deportation-program-fo/index.html,1437bb2a90e454a8ed3b7648cf00d327cfeb550d3429158925e39b6e16b4a897
https://immigratetobrazil.com/insights/updates/2026-03-09-the-united-states-government-announced-a-new-guideline-from-the-citize/,insights/updates/2026-03-09-the-united-states-government-announced-a-new-guideline-from-the-citize/index.html,237aa10564786f4549f8fa8678599db64283984f060f69f746e08bc0655a4141
https://immigratetobrazil.com/insights/updates/2026-03-09-the-united-states-government-announced-on-june-18-2025-that-it-will-re/,insights/updates/2026-03-09-the-united-states-government-announced-on-june-18-2025-that-it-will-re/index.html,f674563d81ca8daf156947b7f00ef808aa8a1f89a9fc386f7b8999e9d5580771
https://immigratetobrazil.com/insights/updates/2026-03-09-the-united-states-government-has-implemented-a-new-fee-of-us-250-calle/,insights/updates/2026-03-09-the-united-states-government-has-implemented-a-new-fee-of-us-250-calle/index.html,2a7715c4a0621ab094cd7be32523b94db24b671ef649c1247e08fcfc3e847a0c
https://immigratetobrazil.com/insights/updates/2026-03-09-there-will-no-longer-be-any-import-tax-charged-on-online-purchases-of/,insights/updates/2026-03-09-there-will-no-longer-be-any-import-tax-charged-on-online-purchases-of/index.html,d33326bcebef786d888ccfb6d4118d24f481b86fea71875c77cea0806b35e908
https://immigratetobrazil.com/insights/updates/2026-03-09-thus-the-company-stops-making-some-mandatory-payments-and-the-worker-l/,insights/updates/2026-03-09-thus-the-company-stops-making-some-mandatory-payments-and-the-worker-l/index.html,0993cfab0f558b98a8dfce0cf31a6e013618424641109f3f6d14615956c99df7
https://immigratetobrazil.com/insights/updates/2026-03-09-with-an-aging-population-and-growing-dependence-on-immigrants-to-meet/,insights/updates/2026-03-09-with-an-aging-population-and-growing-dependence-on-immigrants-to-meet/index.html,00f88afc8a6e3b0f353a6edc06eac3d48e25a87aae25a5d0f76fdd381c5d5993
https://immigratetobrazil.com/insights/updates/2026-03-09-world-refugee-day-celebrated-on-june-20-is-a-date-established-by-the-u/,insights/updates/2026-03-09-world-refugee-day-celebrated-on-june-20-is-a-date-established-by-the-u/index.html,7485f73eab9355329655f0bce1734ab90d0df1673f48c650f71140538a1ecd37
https://immigratetobrazil.com/insights/updates/2026-03-10-as-of-the-end-of-july-2024-the-ministry-of-justice-and-public-security/,insights/updates/2026-03-10-as-of-the-end-of-july-2024-the-ministry-of-justice-and-public-security/index.html,c7d94f93675874931d362c4bfe02ea8b317764d13ac1c488631fa26b3415e467
https://immigratetobrazil.com/insights/updates/2026-03-10-at-the-beginning-of-the-week-fake-prints-of-a-conversation-between-jes/,insights/updates/2026-03-10-at-the-beginning-of-the-week-fake-prints-of-a-conversation-between-jes/index.html,9d47ac685296d988fb14e1a4f6bd761eb3a6f3c0f8f1ca20cfb0266f15e538c4
https://immigratetobrazil.com/insights/updates/2026-03-10-autism-awareness-month-5-rights-of-autistic-people-people-with-autism/,insights/updates/2026-03-10-autism-awareness-month-5-rights-of-autistic-people-people-with-autism/index.html,1da0a130176a91a150e3cd26a0950022ba170acea3ea31d8de107b6f4606fb28
https://immigratetobrazil.com/insights/updates/2026-03-10-brazil-is-adjusting-its-rules-for-the-entry-of-transit-passengers-with/,insights/updates/2026-03-10-brazil-is-adjusting-its-rules-for-the-entry-of-transit-passengers-with/index.html,fd20a7b6f5fa44d735b293d62986a26fb9caf2b7a3ce6b9f3ec196689e400ee6
https://immigratetobrazil.com/insights/updates/2026-03-10-brazilian-legislation-regarding-the-air-transport-of-animals-is-still/,insights/updates/2026-03-10-brazilian-legislation-regarding-the-air-transport-of-animals-is-still/index.html,d80830758bbe5e6ec3a3287e98305b51415c447901f44584b13608b38cf28999
https://immigratetobrazil.com/insights/updates/2026-03-10-changes-to-latam-and-gol-baggage-rules-have-a-direct-impact-on-the-way/,insights/updates/2026-03-10-changes-to-latam-and-gol-baggage-rules-have-a-direct-impact-on-the-way/index.html,32bd0081616d82aafd66484b18eb80dc28fb883040207cc3e268a7988ab43ea2
https://immigratetobrazil.com/insights/updates/2026-03-10-china-announced-the-launch-of-the-k-visa-aimed-especially-at-young-pro/,insights/updates/2026-03-10-china-announced-the-launch-of-the-k-visa-aimed-especially-at-young-pro/index.html,e103065977e16ea62a6c2548d7a0a7eaf7422276589a7fcb508bfda477478e50
https://immigratetobrazil.com/insights/updates/2026-03-10-during-the-naturalization-process-the-applicant-will-be-called-for-a-p/,insights/updates/2026-03-10-during-the-naturalization-process-the-applicant-will-be-called-for-a-p/index.html,fd3f96e9e84fb9d532c7f55309f8d14b68d860e51027f459fa491fe301b48340
https://immigratetobrazil.com/insights/updates/2026-03-10-end-of-the-stamp-in-the-passport-when-traveling-to-europe-from-october/,insights/updates/2026-03-10-end-of-the-stamp-in-the-passport-when-traveling-to-europe-from-october/index.html,fdde0db30ea7876250a6390a5fcfe5a6479e82082b16b53efa738c1880f78996
https://immigratetobrazil.com/insights/updates/2026-03-10-etias-an-electronic-authorization-similar-to-a-visa-will-be-required-f/,insights/updates/2026-03-10-etias-an-electronic-authorization-similar-to-a-visa-will-be-required-f/index.html,8d83b7d903ff53e8cf765c0551a2640e511a35746eb333d5bee40608aef81c15
https://immigratetobrazil.com/insights/updates/2026-03-10-foreigners-may-apply-for-a-brazilian-passport-under-specific-circumsta/,insights/updates/2026-03-10-foreigners-may-apply-for-a-brazilian-passport-under-specific-circumsta/index.html,7e00232c7eb548c0a9e579100e45a8b8af5f458772d7b2195f53b5782cdf6ce6
https://immigratetobrazil.com/insights/updates/2026-03-10-from-june-1-2025-brazilian-citizens-will-be-able-to-enter-china-withou/,insights/updates/2026-03-10-from-june-1-2025-brazilian-citizens-will-be-able-to-enter-china-withou/index.html,4dd7993aedba4cf85c59a4f7ddf976d2123def3f2c27be36509f705f36f9c3e7
https://immigratetobrazil.com/insights/updates/2026-03-10-if-a-brazilian-citizen-dies-abroad-the-brazilian-government-does-not-c/,insights/updates/2026-03-10-if-a-brazilian-citizen-dies-abroad-the-brazilian-government-does-not-c/index.html,9e765a2eb47d801aaec04100e2bbc3a3f22508b1b040ec22a20be06af2b17c56
https://immigratetobrazil.com/insights/updates/2026-03-10-immigrants-when-attended-in-brazilian-public-services-should-be-treate/,insights/updates/2026-03-10-immigrants-when-attended-in-brazilian-public-services-should-be-treate/index.html,99c699df17b95bc862119d7cc8e75c999639a735f1a0bbf84a5659f1a0525bfa
https://immigratetobrazil.com/insights/updates/2026-03-10-immigrants-when-receiving-care-in-brazilian-public-services-must-be-tr/,insights/updates/2026-03-10-immigrants-when-receiving-care-in-brazilian-public-services-must-be-tr/index.html,6298a9d60320877e8ce8a4a00b8e28e24c1dfd3149b2d0449244e05b4d72e500
https://immigratetobrazil.com/insights/updates/2026-03-10-in-2011-the-date-was-officially-established-through-law-no-12-519-with/,insights/updates/2026-03-10-in-2011-the-date-was-officially-established-through-law-no-12-519-with/index.html,37a5e18a2de1d2904a16de6ce698037507a27f863c0330f399e81842d811c9b5
https://immigratetobrazil.com/insights/updates/2026-03-10-mexico-confirms-resumption-of-the-electronic-visa-for-brazilians-from/,insights/updates/2026-03-10-mexico-confirms-resumption-of-the-electronic-visa-for-brazilians-from/index.html,750c0314a1808efdfcd454497ccf12b9c094200b95a852aadab3a598ff6bbc57
https://immigratetobrazil.com/insights/updates/2026-03-10-since-october-22-2023-due-to-changes-in-mexican-migration-regulations/,insights/updates/2026-03-10-since-october-22-2023-due-to-changes-in-mexican-migration-regulations/index.html,276f7e44a0b1c4c501e8fec58606c3e039d2dd69d05236cb6692beebc98609c1
https://immigratetobrazil.com/insights/updates/2026-03-10-starting-august-20-2025-the-united-states-will-begin-a-12-month-pilot/,insights/updates/2026-03-10-starting-august-20-2025-the-united-states-will-begin-a-12-month-pilot/index.html,d593e8071e362cafaffb23ae04ff0b54fec8eb0ed7d1e11ae7f66e9927061e73
https://immigratetobrazil.com/insights/updates/2026-03-10-the-brazilian-government-presented-new-guidelines-for-the-transport-of/,insights/updates/2026-03-10-the-brazilian-government-presented-new-guidelines-for-the-transport-of/index.html,55d15f007decebc30bc7fa83cad5212a70f443b8fd9dee49f952d14cfc4c3d9b
https://immigratetobrazil.com/insights/updates/2026-03-10-the-british-government-has-announced-a-significant-change-to-visa-rule/,insights/updates/2026-03-10-the-british-government-has-announced-a-significant-change-to-visa-rule/index.html,b2a055cf25cd539c54aaed3843d7401fd6961b19bca32da6fc78738ca2386338
https://immigratetobrazil.com/insights/updates/2026-03-10-the-discussion-about-greater-rigidity-in-import-rules-began-during-the/,insights/updates/2026-03-10-the-discussion-about-greater-rigidity-in-import-rules-began-during-the/index.html,2a06407b86763854e5daee4bc7d015fac9d264b31a0010616307291162bd5e50
https://immigratetobrazil.com/insights/updates/2026-03-10-the-federal-police-once-again-warned-of-a-serious-budgetary-risk-accor/,insights/updates/2026-03-10-the-federal-police-once-again-warned-of-a-serious-budgetary-risk-accor/index.html,9b4f342d4d44641466411ffd6cb8996b93f3f8edb7662a214c1f6cdf51795a58
https://immigratetobrazil.com/insights/updates/2026-03-10-the-president-of-the-republic-signed-a-new-decree-that-amends-article/,insights/updates/2026-03-10-the-president-of-the-republic-signed-a-new-decree-that-amends-article/index.html,e19938ae2bf9e685938c50c9e047b1977722351f33f49ec540268fcc47553abd
https://immigratetobrazil.com/insights/updates/2026-03-10-the-united-kingdom-has-begun-implementing-a-new-deportation-program-fo/,insights/updates/2026-03-10-the-united-kingdom-has-begun-implementing-a-new-deportation-program-fo/index.html,eb536cf4dfb7c33bb689a2a50e12947ebd61e734d76c5e4eb5d01d7bcad84b7d
https://immigratetobrazil.com/insights/updates/2026-03-10-the-united-states-government-announced-a-new-guideline-from-the-citize/,insights/updates/2026-03-10-the-united-states-government-announced-a-new-guideline-from-the-citize/index.html,db07f0b201aad46adf6316e74c32949b7f02fd0a14c1f3741793ad782465c7bf
https://immigratetobrazil.com/insights/updates/2026-03-10-the-united-states-government-announced-on-june-18-2025-that-it-will-re/,insights/updates/2026-03-10-the-united-states-government-announced-on-june-18-2025-that-it-will-re/index.html,1f6894aeabc6349524bae1423e621181da88e05bea77fa6a65f76512f037561d
https://immigratetobrazil.com/insights/updates/2026-03-10-the-united-states-government-has-implemented-a-new-fee-of-us-250-calle/,insights/updates/2026-03-10-the-united-states-government-has-implemented-a-new-fee-of-us-250-calle/index.html,f26aac5db55f0e72d10bd47a110407df7078b1f3dec4c97827d389bfc2faa2dc
https://immigratetobrazil.com/insights/updates/2026-03-10-there-will-no-longer-be-any-import-tax-charged-on-online-purchases-of/,insights/updates/2026-03-10-there-will-no-longer-be-any-import-tax-charged-on-online-purchases-of/index.html,99dc10ef96819448f9cd33a86697a46467f5a56f89fe9ef06f289c16c2715205
https://immigratetobrazil.com/insights/updates/2026-03-10-thus-the-company-stops-making-some-mandatory-payments-and-the-worker-l/,insights/updates/2026-03-10-thus-the-company-stops-making-some-mandatory-payments-and-the-worker-l/index.html,1bb24e21c6298e805904340311ebe1619a608236c287d69115e92627bbe1e9fd
https://immigratetobrazil.com/insights/updates/2026-03-10-with-an-aging-population-and-growing-dependence-on-immigrants-to-meet/,insights/updates/2026-03-10-with-an-aging-population-and-growing-dependence-on-immigrants-to-meet/index.html,07ba65abbab863484417d39ff0c6ff11100ef431e6d8a1dfd89594051c7ca3ca
https://immigratetobrazil.com/insights/updates/2026-03-10-world-refugee-day-celebrated-on-june-20-is-a-date-established-by-the-u/,insights/updates/2026-03-10-world-refugee-day-celebrated-on-june-20-is-a-date-established-by-the-u/index.html,4a5e50062f8d7ef28eda55a8eabeb15f36fbd7e65b61fea03bee368167254e0c
https://immigratetobrazil.com/insights/visa/,insights/visa/index.html,4a96af9588f083c0f6409e3437c6466efab71d5b2973377952b58aba24d3ad1f
https://immigratetobrazil.com/insights/visa/a-brazilian-visa-is-valid-for-a-set-period-during-which-youre-allowed/,insights/visa/a-brazilian-visa-is-valid-for-a-set-period-during-which-youre-allowed/index.html,735f6e1bb3fba9f822af51537f9d609abe90758442db626d2f514a55d425a34d
https://immigratetobrazil.com/insights/visa/a-recent-study-conducted-by-embratur-in-partnership-with-visa-and-ipso/,insights/visa/a-recent-study-conducted-by-embratur-in-partnership-with-visa-and-ipso/index.html,1131463346137b2b35286bb4290326a727c1ee8bddac3fde33707cc285098e7d
https://immigratetobrazil.com/insights/visa/according-to-brazilian-regulations-all-visa-applications-for-minors-mu/,insights/visa/according-to-brazilian-regulations-all-visa-applications-for-minors-mu/index.html,0af1584f1360c0dcbcc20a0d06e906d9bce18cae9f7f81d734d06a9234ee27df
https://immigratetobrazil.com/insights/visa/according-to-recent-news-as-an-indigenous-immigrant-in-the-united-stat/,insights/visa/according-to-recent-news-as-an-indigenous-immigrant-in-the-united-stat/index.html,8f467f5831e2bc5d7d556f6f01432200839080553b9d21daad1bb616bd810585
https://immigratetobrazil.com/insights/visa/according-to-this-news-as-an-indigenous-immigrant-in-the-united-states/,insights/visa/according-to-this-news-as-an-indigenous-immigrant-in-the-united-states/index.html,6ac83a4d526b5b54116d9815ef916385009e3712b6ecf1cfe2c5f200d7767764
https://immigratetobrazil.com/insights/visa/acquiring-a-student-visa-to-become-an-exchange-student-in-brazil-prese/,insights/visa/acquiring-a-student-visa-to-become-an-exchange-student-in-brazil-prese/index.html,c00ce4ac2765f35a7d3022a953812a5db5383fcbb2bd4b2bc923ed0d7ff7e12e
https://immigratetobrazil.com/insights/visa/although-brazilian-migration-legislation-does-not-mention-the-right-to/,insights/visa/although-brazilian-migration-legislation-does-not-mention-the-right-to/index.html,be46ed4b3718a40ccc8e82be47c88af43eb57dc9d15a58de5dd4ca1dd9c80d45
https://immigratetobrazil.com/insights/visa/always-consult-an-immigration-lawyer-for-instructions-based-on-your-ca/,insights/visa/always-consult-an-immigration-lawyer-for-instructions-based-on-your-ca/index.html,017d75e7e35ff4dcc70fcbfd8af51788286c4151c4317edd86929a9208b541b3
https://immigratetobrazil.com/insights/visa/anyone-purchasing-their-first-residential-property-through-financing-u/,insights/visa/anyone-purchasing-their-first-residential-property-through-financing-u/index.html,23f891d6188b05d79f68496a01494f1c4bc9e9160fba9579ba2ad546282b3ba5
https://immigratetobrazil.com/insights/visa/arriving-in-brazil-as-a-tourist-and-subsequently-obtaining-a-residence/,insights/visa/arriving-in-brazil-as-a-tourist-and-subsequently-obtaining-a-residence/index.html,7a7b9f242f528143ba80b06e722bfee07c344c72837cc925d2f9c8e64de523f2
https://immigratetobrazil.com/insights/visa/arriving-in-brazil-as-a-tourist-and-subsequently-obtaining-a-residency/,insights/visa/arriving-in-brazil-as-a-tourist-and-subsequently-obtaining-a-residency/index.html,e070041503065239e3642d9ae6438125fb7224d67eb42bf2a061927c9238637d
https://immigratetobrazil.com/insights/visa/assai-located-in-the-state-of-parana-brazil-was-established-in-the-ear/,insights/visa/assai-located-in-the-state-of-parana-brazil-was-established-in-the-ear/index.html,ee45e13969e77ed639b2cc3daeea51329da3e28be0bcf56a21020b76972635d0
https://immigratetobrazil.com/insights/visa/before-submitting-your-visa-application-it-is-essential-to-first-prepa/,insights/visa/before-submitting-your-visa-application-it-is-essential-to-first-prepa/index.html,8265dd142d8ee12e19d4feb08cd8fda5adbadb24e9a621223b8380325730e6f1
https://immigratetobrazil.com/insights/visa/before-submitting-your-visa-application-it-s-essential-to-first-beggin/,insights/visa/before-submitting-your-visa-application-it-s-essential-to-first-beggin/index.html,55718e3a6abbfacdbd92ba295ee66a2ae3bbc3b4d702ecbabc2b8a6f3ee7b323
https://immigratetobrazil.com/insights/visa/before-you-travel-or-live-in-another-country-you-need-to-carry-out-leg/,insights/visa/before-you-travel-or-live-in-another-country-you-need-to-carry-out-leg/index.html,61bd39f193e768e4e72936aa165c832ee1c07b854e3edcef7c841a529052af7f
https://immigratetobrazil.com/insights/visa/behind-each-visa-there-is-a-lifetime-of-expectations-memories-and-drea/,insights/visa/behind-each-visa-there-is-a-lifetime-of-expectations-memories-and-drea/index.html,6cb13c85bbeaf05f17ef516f7dc79f421e24efbe2f3a1ba984e6301e8becce67
https://immigratetobrazil.com/insights/visa/brazil-does-not-offer-specific-fiance-or-spouse-visas-but-has-provisio/,insights/visa/brazil-does-not-offer-specific-fiance-or-spouse-visas-but-has-provisio/index.html,593e376e95513052cee4045770b619424d682d8af494c1f854c5307d00880ae8
https://immigratetobrazil.com/insights/visa/brazil-doesn-t-offer-specific-fiance-or-spouse-visas-it-does-have-prov/,insights/visa/brazil-doesn-t-offer-specific-fiance-or-spouse-visas-it-does-have-prov/index.html,32814ceaa1d6568e0aafdb86c29ba681b28a6ce5b660b9697c8fe028a1fb18fc
https://immigratetobrazil.com/insights/visa/brazil-grants-a-temporary-visa-to-foreigners-who-come-to-the-country-w/,insights/visa/brazil-grants-a-temporary-visa-to-foreigners-who-come-to-the-country-w/index.html,94337f7d9d4756ef5782b47704a7ae74413b26d6d5917d1c074b1a6d495c906e
https://immigratetobrazil.com/insights/visa/brazil-grants-permanent-residency-to-foreign-nationals-through-various/,insights/visa/brazil-grants-permanent-residency-to-foreign-nationals-through-various/index.html,50ae655fc7bb3bc7085e1096a04642bbff2b5022f2630a8e305230214150c3e2
https://immigratetobrazil.com/insights/visa/brazil-issues-the-cplp-temporary-visa-only-in-some-specific-cities/,insights/visa/brazil-issues-the-cplp-temporary-visa-only-in-some-specific-cities/index.html,dac58ad5bf116444eadc973859651ab65e5b3967a7b4e7a2596e70831b9d2a23
https://immigratetobrazil.com/insights/visa/brazil-legal-guidance-eligibility-and-process-2/,insights/visa/brazil-legal-guidance-eligibility-and-process-2/index.html,9395e0625fbf6834a8b655aa27e41b992ef63ef87bb7456acda858e44095083d
https://immigratetobrazil.com/insights/visa/brazil-legal-guidance-eligibility-and-process-3/,insights/visa/brazil-legal-guidance-eligibility-and-process-3/index.html,d2729c0eef14f0c0e745d428d1d5e12354fdbc1d885a8856b64a8a668eeb481c
https://immigratetobrazil.com/insights/visa/brazil-legal-guidance-eligibility-and-process/,insights/visa/brazil-legal-guidance-eligibility-and-process/index.html,8a0bc7a41658520eb5fe550db1f800cc2cbc5002174d08c0b5dc1a60a3cbde26
https://immigratetobrazil.com/insights/visa/brazil-offers-a-digital-nomad-visa-for-foreign-nationals-who-wish-to-l/,insights/visa/brazil-offers-a-digital-nomad-visa-for-foreign-nationals-who-wish-to-l/index.html,919fb7759ffce8c71694d7a0ab741111f08dd2212fcd790d72ed5776fc530e53
https://immigratetobrazil.com/insights/visa/brazil-offers-a-specific-visa-and-residency-for-artists-and-athletes-c/,insights/visa/brazil-offers-a-specific-visa-and-residency-for-artists-and-athletes-c/index.html,351f5fdf948c14cdaa47af818959c8a7f72253ea1e5374e7301a1f10adafe219
https://immigratetobrazil.com/insights/visa/brazil-offers-humanitarian-visa-to-individuals-in-situations-of-extrem/,insights/visa/brazil-offers-humanitarian-visa-to-individuals-in-situations-of-extrem/index.html,be9fbbe553e8bd4fea28592e6fccccf689082376648547b2eeac2e019fb76ef2
https://immigratetobrazil.com/insights/visa/brazil-offers-student-visa-for-foreign-medical-residents-who-wish-to-p/,insights/visa/brazil-offers-student-visa-for-foreign-medical-residents-who-wish-to-p/index.html,3bd6b4a84ecdd625250d4a158e883529f859bbb27418188fd14270834808d736
https://immigratetobrazil.com/insights/visa/brazil-offers-the-possibility-of-permanent-residency-for-families-wish/,insights/visa/brazil-offers-the-possibility-of-permanent-residency-for-families-wish/index.html,c413abc097cdd533b9fb21415e69e098203c36bfd2a482238285990295885c3b
https://immigratetobrazil.com/insights/visa/brazil-s-digital-nomad-visa-is-your-ticket-to-an-incredible-experience/,insights/visa/brazil-s-digital-nomad-visa-is-your-ticket-to-an-incredible-experience/index.html,5a9ace720fd0277f8f9bdf497818b33ad146e02da1e3566f956b533f826b0d83
https://immigratetobrazil.com/insights/visa/brazil-s-real-estate-market-is-booming-offering-incredible-potential-f/,insights/visa/brazil-s-real-estate-market-is-booming-offering-incredible-potential-f/index.html,29bab357a0c0e5957ec5aaa24c500d954a951962e3b732067fcbc12b5cef7530
https://immigratetobrazil.com/insights/visa/brazilian-law-permits-students-on-a-student-visa-to-work-while-studyin/,insights/visa/brazilian-law-permits-students-on-a-student-visa-to-work-while-studyin/index.html,ce9eceaeb5f480e86ed0e6091b4599ed4c2b470bfabcc232c4bf4f93e7ad069b
https://immigratetobrazil.com/insights/visa/brazilian-student-visa-for-medical-studies-the-brazilian-student-visa/,insights/visa/brazilian-student-visa-for-medical-studies-the-brazilian-student-visa/index.html,24b7e12efb76f24024f468cbbb2c811cf6683e96a59f5e9fe01c7364c454eff8
https://immigratetobrazil.com/insights/visa/brazilian-temporary-residency-permit-for-work-consulting-with-an-immig/,insights/visa/brazilian-temporary-residency-permit-for-work-consulting-with-an-immig/index.html,ef7ae3b5daaa1af74f4a6947b800bed49a0b2ee18e6d3e60e688b8ff4a80b8e8
https://immigratetobrazil.com/insights/visa/consulting-with-an-immigration-lawyer-ensures-that-you-have-a-knowledg-2/,insights/visa/consulting-with-an-immigration-lawyer-ensures-that-you-have-a-knowledg-2/index.html,a75678e71b21f5bdc7c6d1cb4cb1da164cdb2d2a99a5a96c5b90dfdcd1d2f668
https://immigratetobrazil.com/insights/visa/consulting-with-an-immigration-lawyer-ensures-that-you-have-a-knowledg-3/,insights/visa/consulting-with-an-immigration-lawyer-ensures-that-you-have-a-knowledg-3/index.html,71c1d6e66344bcb349a06aa9d98a5e404c411352f8b404680401b28e0f415338
https://immigratetobrazil.com/insights/visa/consulting-with-an-immigration-lawyer-ensures-that-you-have-a-knowledg/,insights/visa/consulting-with-an-immigration-lawyer-ensures-that-you-have-a-knowledg/index.html,1d0986c0666ac6480036923b2bf141de581a56f765e300b715399d50af6475ac
https://immigratetobrazil.com/insights/visa/due-to-the-political-crises-in-syria-the-brazilian-embassy-in-syria-ha/,insights/visa/due-to-the-political-crises-in-syria-the-brazilian-embassy-in-syria-ha/index.html,f5c1685d834723bdd5faa91c3eadfe98cccdf7bfe680b3d2b698aa2a3fb4023b
https://immigratetobrazil.com/insights/visa/entering-brazil-as-a-tourist-can-be-a-valid-starting-point-for-anyone/,insights/visa/entering-brazil-as-a-tourist-can-be-a-valid-starting-point-for-anyone/index.html,cf1cc785462dd3e74234eeea8ffbe27806f4ea7c1af9621b8b31c1a6cbae5c8c
https://immigratetobrazil.com/insights/visa/entering-brazil-as-a-tourist-can-serve-as-a-valid-starting-point-for-t/,insights/visa/entering-brazil-as-a-tourist-can-serve-as-a-valid-starting-point-for-t/index.html,08f86e2dce3179a6f23fbbf2be308d2ccf84f18dec9ddf22cc61dd392bb5ff9c
https://immigratetobrazil.com/insights/visa/even-though-this-visa-offers-permanent-residency-it-comes-with-conditi/,insights/visa/even-though-this-visa-offers-permanent-residency-it-comes-with-conditi/index.html,526e16d35d2fc03f855f198b4d2b29dff095abc439423dbf66fc63520ae546ae
https://immigratetobrazil.com/insights/visa/every-visa-applicant-has-the-right-to-receive-a-justification/,insights/visa/every-visa-applicant-has-the-right-to-receive-a-justification/index.html,2755ef7a0e34cb16920f0399b628ce4af437aee73226a85dc03a8194f551694c
https://immigratetobrazil.com/insights/visa/expanding-a-business-into-brazil-requires-careful-planning-and-complia/,insights/visa/expanding-a-business-into-brazil-requires-careful-planning-and-complia/index.html,874a5d71de5b470b0811a10eacf0d124eabdeca281acb46099e87dc54a3b0c2c
https://immigratetobrazil.com/insights/visa/explore-tax-friendly-destinations-and-optimize-your-tax-situation-whil/,insights/visa/explore-tax-friendly-destinations-and-optimize-your-tax-situation-whil/index.html,8406d666ccb1a001324ca3e78f54784bc75a953f3c5f4e1e6a7f713d1adee35e
https://immigratetobrazil.com/insights/visa/for-brazilians-wishing-to-go-to-new-zealand-the-brazil-new-zealand-wor/,insights/visa/for-brazilians-wishing-to-go-to-new-zealand-the-brazil-new-zealand-wor/index.html,aed3c7edd3e90bb357b6f50b62d72c5f2008206c835a31aa07ad99ae9fb66b42
https://immigratetobrazil.com/insights/visa/for-certain-nationalities-a-visa-for-this-is-not-required/,insights/visa/for-certain-nationalities-a-visa-for-this-is-not-required/index.html,7b5434515b93d97aa02e67a7395476820b47b6d3ff1c645183ee9f675f8b1479
https://immigratetobrazil.com/insights/visa/for-those-planning-to-travel-to-the-united-states-to-watch-the-2026-wo/,insights/visa/for-those-planning-to-travel-to-the-united-states-to-watch-the-2026-wo/index.html,e81b693aabc7e5cd9df73c4d1f53d4d77afcc8abe8f676425b4135533b926212
https://immigratetobrazil.com/insights/visa/foreign-nationals-who-come-to-brazil-for-research-teaching-or-academic/,insights/visa/foreign-nationals-who-come-to-brazil-for-research-teaching-or-academic/index.html,d2ed9b6f110148c34a365b5d744c103f0af13f816e4e02b55e653b3d2f2f1ff6
https://immigratetobrazil.com/insights/visa/hiring-foreign-workers-has-become-an-increasingly-common-practice-amon/,insights/visa/hiring-foreign-workers-has-become-an-increasingly-common-practice-amon/index.html,6501428a7f053fb43c1c56d7371863d81a27f58237cc3a51638d70b999ac0e31
https://immigratetobrazil.com/insights/visa/i-will-be-working-remotely-in-brazil/,insights/visa/i-will-be-working-remotely-in-brazil/index.html,7b957329ecef5bff8e1a378e248335b37ad36c50c1b2a29f57b76e366aef1b04
https://immigratetobrazil.com/insights/visa/if-a-person-received-a-portuguese-residence-visa-without-making-an-app/,insights/visa/if-a-person-received-a-portuguese-residence-visa-without-making-an-app/index.html,7b3c819f35ef8e4e53e4b4723b69cc6a90fcf5686f7977dd31a4c6fcbf79bb3f
https://immigratetobrazil.com/insights/visa/if-an-artist-charges-a-fee-for-their-performance-a-work-visa-is-requir/,insights/visa/if-an-artist-charges-a-fee-for-their-performance-a-work-visa-is-requir/index.html,7150af60ff49c0cc2ebf2f05f95a4652ba51b93c65678a281975451256101239
https://immigratetobrazil.com/insights/visa/if-an-investor-an-individual-is-looking-for-opportunities-and-to-be-ab/,insights/visa/if-an-investor-an-individual-is-looking-for-opportunities-and-to-be-ab/index.html,7e4c68da4f8881e891631e89966d9c3e22d0ec97e7cd149124597056b74fcb1e
https://immigratetobrazil.com/insights/visa/if-the-brazilian-consulate-does-not-provide-a-justification-for-the-vi/,insights/visa/if-the-brazilian-consulate-does-not-provide-a-justification-for-the-vi/index.html,dd3bc78e711cf92507aac9eac9cadfb59e49219b6958b5d6b5fda39bc4db9f5f
https://immigratetobrazil.com/insights/visa/if-the-couple-wishes-to-live-in-brazil-after-marriage-the-foreigner-wi/,insights/visa/if-the-couple-wishes-to-live-in-brazil-after-marriage-the-foreigner-wi/index.html,eb765c1996b21df94cf0629c09dd00b4b6c42f145e3e25106d37d0c5ec62c821
https://immigratetobrazil.com/insights/visa/if-you-are-an-investor-looking-to-reside-in-brazil-with-foreign-resour/,insights/visa/if-you-are-an-investor-looking-to-reside-in-brazil-with-foreign-resour/index.html,7c027c43a003ad45d5b351ba46c794a5e451d0074b62f06a4e275d7e20f192cf
https://immigratetobrazil.com/insights/visa/if-you-arrived-in-brazil-as-a-tourist-and-want-to-stay-longer-than-ini/,insights/visa/if-you-arrived-in-brazil-as-a-tourist-and-want-to-stay-longer-than-ini/index.html,000ec034fd32fad89eea1bf4422aef1fcad9621d9112345096023f5fe51af8f6
https://immigratetobrazil.com/insights/visa/if-you-arrived-in-brazil-as-a-tourist-and-wish-to-stay-longer-than-ori/,insights/visa/if-you-arrived-in-brazil-as-a-tourist-and-wish-to-stay-longer-than-ori/index.html,a3bd2580a703d8307ec0cc96108e34bc86b7daf83170e53934302c49f9001480
https://immigratetobrazil.com/insights/visa/if-you-currently-hold-a-temporary-residence-permit-in-brazil-and-are-w/,insights/visa/if-you-currently-hold-a-temporary-residence-permit-in-brazil-and-are-w/index.html,a07b57c620a91cea04ce24544124d74bb2ab910f29c2c1ba6c33da8e0475f375
https://immigratetobrazil.com/insights/visa/if-you-hold-a-temporary-visa-or-residence-permit-it-s-imperative-to-co/,insights/visa/if-you-hold-a-temporary-visa-or-residence-permit-it-s-imperative-to-co/index.html,f8481b7535c3d77e22489c3ffb275ca18ee5783326c331db19ed59f01ca6dcf2
https://immigratetobrazil.com/insights/visa/if-you-hold-a-temporary-visa-or-residency-permit-it-s-imperative-to-co/,insights/visa/if-you-hold-a-temporary-visa-or-residency-permit-it-s-imperative-to-co/index.html,c9ece127ca9f26b7af07614539fd9c919a8e4a5e191437c77ec013b7598f55fd
https://immigratetobrazil.com/insights/visa/if-you-re-from-one-of-the-eligible-countries-you-can-request-a-90-day-2/,insights/visa/if-you-re-from-one-of-the-eligible-countries-you-can-request-a-90-day-2/index.html,155580a308d74b832894a185be11e5bfcd0cfdffce2010aa352b4aa990dcba66
https://immigratetobrazil.com/insights/visa/if-you-re-from-one-of-the-eligible-countries-you-can-request-a-90-day/,insights/visa/if-you-re-from-one-of-the-eligible-countries-you-can-request-a-90-day/index.html,563187d0f5dbc8dc25f96ab1285ba826d6238f72fab7d8055cde543b5979128f
https://immigratetobrazil.com/insights/visa/if-your-american-visa-is-denied-the-first-recommended-action-is-to-loo/,insights/visa/if-your-american-visa-is-denied-the-first-recommended-action-is-to-loo/index.html,feb87a8547a99699b7efce4d1107455865c53847c5b6f05649758039d599a51a
https://immigratetobrazil.com/insights/visa/if-youve-studied-in-brazil-and-are-thinking-about-staying-to-work-ther/,insights/visa/if-youve-studied-in-brazil-and-are-thinking-about-staying-to-work-ther/index.html,a62e79b485cdbaf7feb19d57435a4a5806f45d2e88662d3cc6a485b5c4799ea0
https://immigratetobrazil.com/insights/visa/immigrating-to-a-new-country-is-a-life-altering-decision-and-seeking-p/,insights/visa/immigrating-to-a-new-country-is-a-life-altering-decision-and-seeking-p/index.html,ef1052dcd1439508eb4936d64a1f817d6fc368737c1645021f2e057c35fdcae2
https://immigratetobrazil.com/insights/visa/immigration-planning-involves-strategic-and-thoughtful-consideration-o/,insights/visa/immigration-planning-involves-strategic-and-thoughtful-consideration-o/index.html,f281920ac72770d24d36a226e2a19c0082333460eaab0b796828c0546a74afd6
https://immigratetobrazil.com/insights/visa/in-a-prestigious-international-ranking-organized-by-the-1000-libraries/,insights/visa/in-a-prestigious-international-ranking-organized-by-the-1000-libraries/index.html,78a9cb4288d0a1715fcd3048614324c710c7b48acac97d73b93ab6a032bdd19a
https://immigratetobrazil.com/insights/visa/in-brazil-deportation-is-an-administrative-measure-applied-to-individu/,insights/visa/in-brazil-deportation-is-an-administrative-measure-applied-to-individu/index.html,d7e2d31ad94c4c1b0a3e3fe7e7a7a0ece8136c9e0f21a81f189008ff61f08724
https://immigratetobrazil.com/insights/visa/in-brazil-eligible-people-holding-a-temporary-visa-have-the-opportunit/,insights/visa/in-brazil-eligible-people-holding-a-temporary-visa-have-the-opportunit/index.html,f5581b6666d1b819bba939e2d28eb10e2b8c273ee9335533db32a90268f418b8
https://immigratetobrazil.com/insights/visa/in-brazil-homeschooling-is-prohibited-and-the-parents-must-go-to-the-n/,insights/visa/in-brazil-homeschooling-is-prohibited-and-the-parents-must-go-to-the-n/index.html,a7178db1495fd646cdaebf4b91742868ab52e879142ef919de0238eea0f6bb72
https://immigratetobrazil.com/insights/visa/in-brazil-priests-must-go-to-the-nearest-public-school-and-request-the/,insights/visa/in-brazil-priests-must-go-to-the-nearest-public-school-and-request-the/index.html,85f5e5e90dfe9cc8bff276bb9afa74c7bdeb2261e4f4e30af41cd7daadc9b01b
https://immigratetobrazil.com/insights/visa/in-brazil-there-are-several-types-of-work-visas-available-depending-on-2/,insights/visa/in-brazil-there-are-several-types-of-work-visas-available-depending-on-2/index.html,7d0507be3afc677b0e6d04711ba7ec031bef3abee9ca6b5d6aa85e6405b19882
https://immigratetobrazil.com/insights/visa/in-brazil-there-are-several-types-of-work-visas-available-depending-on/,insights/visa/in-brazil-there-are-several-types-of-work-visas-available-depending-on/index.html,7796db69f8e940ccbe735ae2b140511af24e5ef884aa497d2f925d8dcca98c2b
https://immigratetobrazil.com/insights/visa/in-brazilian-immigration-matters-foreign-nationals-could-apply-for-a-f/,insights/visa/in-brazilian-immigration-matters-foreign-nationals-could-apply-for-a-f/index.html,3069fbaa47859d947098c2606cca60d6dcb330fea088681ca054dbb145c6187b
https://immigratetobrazil.com/insights/visa/in-exceptional-cases-a-brazilian-visa-application-may-be-denied-under/,insights/visa/in-exceptional-cases-a-brazilian-visa-application-may-be-denied-under/index.html,c50ff3da1f8cb5fbe217fb2c2531b335771357a7b0777e5141900f11628d674c
https://immigratetobrazil.com/insights/visa/in-general-many-countries-do-not-have-a-specific-dating-visa-but-offer/,insights/visa/in-general-many-countries-do-not-have-a-specific-dating-visa-but-offer/index.html,cea62119da4087ca048da4ec609a75561efb7c50d552ead83591e0613bd0d34e
https://immigratetobrazil.com/insights/visa/in-situations-where-a-brazilian-needs-emergency-consular-assistance-ou/,insights/visa/in-situations-where-a-brazilian-needs-emergency-consular-assistance-ou/index.html,0ae085c8548767970f0fb7af0c85f4bb84d7e21dce46dbd7d99a564e3e3c9f7e
https://immigratetobrazil.com/insights/visa/in-some-cases-of-vulnerable-situations-brazilian-migration-law-waives/,insights/visa/in-some-cases-of-vulnerable-situations-brazilian-migration-law-waives/index.html,768df1fa9b3282fec9453170321a41b8bba1ad28dc4669120a178c53e06a069e
https://immigratetobrazil.com/insights/visa/individuals-seeking-to-work-in-brazil-through-a-formal-employment-rela/,insights/visa/individuals-seeking-to-work-in-brazil-through-a-formal-employment-rela/index.html,0010c946f094c0f4830f4f570f02e36a435b43fb3fd1cdd3308520661e4e6f55
https://immigratetobrazil.com/insights/visa/it-can-be-possible-to-bring-a-companion-to-brazil-on-a-health-treatmen/,insights/visa/it-can-be-possible-to-bring-a-companion-to-brazil-on-a-health-treatmen/index.html,b38fa346aaf003caad20b7cd52bb628a7d4457a9e8d60aa617dfddb2381ed232
https://immigratetobrazil.com/insights/visa/it-is-not-necessary-in-cases-of-a-stopover-or-connecting-flight-in-bra/,insights/visa/it-is-not-necessary-in-cases-of-a-stopover-or-connecting-flight-in-bra/index.html,305194fc61bd913a5e3e635eef9dced7186634b3c411a83a3f67e96c2d715409
https://immigratetobrazil.com/insights/visa/it-is-now-possible-to-apply-for-a-digital-nomad-visa-for-italy/,insights/visa/it-is-now-possible-to-apply-for-a-digital-nomad-visa-for-italy/index.html,b122f8d7bd73e460781b33d8ea89ece4e3806860f2abf8bdafb00cd8f64b9b4b
https://immigratetobrazil.com/insights/visa/it-is-possible-for-a-foreign-person-to-purchase-property-in-brazil-but/,insights/visa/it-is-possible-for-a-foreign-person-to-purchase-property-in-brazil-but/index.html,f5be2c6cb251c45a365fd2cdfe0b85626d21003b018ef4561902fc0f816e2b60
https://immigratetobrazil.com/insights/visa/it-is-possible-to-bring-a-companion-to-brazil-with-a-health-treatment/,insights/visa/it-is-possible-to-bring-a-companion-to-brazil-with-a-health-treatment/index.html,b851a1b641757c8af9fff789f25568d7012bf7fe2433b0d6920f659445222ed2
https://immigratetobrazil.com/insights/visa/it-is-possible-to-go-to-brazil-as-a-tourist-and-get-married-or-recogni/,insights/visa/it-is-possible-to-go-to-brazil-as-a-tourist-and-get-married-or-recogni/index.html,19cff768e098d5ed4fc66c404f68f51ddff6ab7c9a1fbbdb1f8e1222388b1f78
https://immigratetobrazil.com/insights/visa/japan-has-announced-measures-to-attract-digital-nomads-aligning-with-a/,insights/visa/japan-has-announced-measures-to-attract-digital-nomads-aligning-with-a/index.html,e72fdd9a21b4ce02bdd36ffc0347ba9388b4a0498bf53059caed1f42e18824ee
https://immigratetobrazil.com/insights/visa/legal-guidance-eligibility-requirements-and-filing-steps/,insights/visa/legal-guidance-eligibility-requirements-and-filing-steps/index.html,00b7dbf984c81bc8ef8cf4cbb399cae59c39c9def59c70fd1fb8e00f0144c56a
https://immigratetobrazil.com/insights/visa/many-people-risk-staying-in-portugal-with-just-a-tourist-visa-and-then/,insights/visa/many-people-risk-staying-in-portugal-with-just-a-tourist-visa-and-then/index.html,b701503d8aa046f50e10caae05eb545a28dedb9a1eba149db8dd2580f9acde30
https://immigratetobrazil.com/insights/visa/may-5th-is-celebrated-as-portuguese-language-and-lusophone-culture-day/,insights/visa/may-5th-is-celebrated-as-portuguese-language-and-lusophone-culture-day/index.html,d8bf3c7e81d2e1e595e9e0655c892b1ed0d7aa87d15b9d0cbbfe4d3f258fc755
https://immigratetobrazil.com/insights/visa/my-immigrant-id-card-is-valid-until-2030-but-my-civil-partnership-has/,insights/visa/my-immigrant-id-card-is-valid-until-2030-but-my-civil-partnership-has/index.html,a56d24592de35fb3f8955964701de015a5005acc775c3ef8cd63422c55f80361
https://immigratetobrazil.com/insights/visa/news-visa-fees-for-the-usa-will-become-more-expensive-from-may-30th-to/,insights/visa/news-visa-fees-for-the-usa-will-become-more-expensive-from-may-30th-to/index.html,addd4c8bb950bbbc57491a5d806bb0ca8c008b59924541143c8de3294fbbf48a
https://immigratetobrazil.com/insights/visa/no-a-work-visa-requires-prior-approval-from-the-brazilian-ministry-of/,insights/visa/no-a-work-visa-requires-prior-approval-from-the-brazilian-ministry-of/index.html,15bfbec3b68768cfcbea2746b3c03716c756d14ab28a512d29c99d98f5b1f692
https://immigratetobrazil.com/insights/visa/no-dependents-can-arrive-with-or-after-the-main-visa-holder-in-the-usa/,insights/visa/no-dependents-can-arrive-with-or-after-the-main-visa-holder-in-the-usa/index.html,ef5a23ea407b826766ce4289872445e89d9666b9c26969e21200628f0e84b951
https://immigratetobrazil.com/insights/visa/not-everything-is-what-it-seems-especially-in-brazilian-cuisine/,insights/visa/not-everything-is-what-it-seems-especially-in-brazilian-cuisine/index.html,120571a00fb9d93cb14286781b7d428ccf5520f5401dbcff4d4c6a28f1edf8fa
https://immigratetobrazil.com/insights/visa/nowadays-technology-allows-us-to-work-from-anywhere-in-the-world/,insights/visa/nowadays-technology-allows-us-to-work-from-anywhere-in-the-world/index.html,fee95ba2402736644f4a6b2295150c8671eb673ffdd150e8c2694f8a15c198ed
https://immigratetobrazil.com/insights/visa/obtaining-a-permanent-residence-permit-indefinite-period-in-brazil-is/,insights/visa/obtaining-a-permanent-residence-permit-indefinite-period-in-brazil-is/index.html,1204c5cccf3c4ec0dfb0719273d94fea613023b13a1d4fb3fceb20f82c5ab858
https://immigratetobrazil.com/insights/visa/obtaining-a-residency-permit-as-a-retiree-or-pensioner-in-brazil-provi/,insights/visa/obtaining-a-residency-permit-as-a-retiree-or-pensioner-in-brazil-provi/index.html,fb84de6e8047118bf45f5a473ae9bb46fd2cbde87ef0893ce1117432623891a7
https://immigratetobrazil.com/insights/visa/obtaining-a-student-visa-to-be-an-exchange-student-in-brazil-offers-a/,insights/visa/obtaining-a-student-visa-to-be-an-exchange-student-in-brazil-offers-a/index.html,368bf3a40f4877bdfcd0d382723d33dd5e8068cc766dcd2ca22b7cca393293ef
https://immigratetobrazil.com/insights/visa/obtaining-an-immigrant-identity-card-rnm-is-extremely-important-for-im/,insights/visa/obtaining-an-immigrant-identity-card-rnm-is-extremely-important-for-im/index.html,74d19d86ab9a60ef68ad596b63f0c06f00bdb498c94cf8c4fe4aa68b0a91c075
https://immigratetobrazil.com/insights/visa/people-who-exceed-the-legal-period-of-stay-in-brazil-either-by-oversta/,insights/visa/people-who-exceed-the-legal-period-of-stay-in-brazil-either-by-oversta/index.html,41f9eca06eb731297f8f1db29f37b5e4c6d899899104613cae480fddcfc46e5a
https://immigratetobrazil.com/insights/visa/permanent-residency-through-the-investor-visa-individual-investment-in/,insights/visa/permanent-residency-through-the-investor-visa-individual-investment-in/index.html,656a13b7b1d1e121860e2d2769f11780ede93ce537649fdc90d9df64a24badb5
https://immigratetobrazil.com/insights/visa/premium-processing-is-a-service-offered-by-the-us-immigration-agency-t/,insights/visa/premium-processing-is-a-service-offered-by-the-us-immigration-agency-t/index.html,98c93bfa1f34db84e6a7f2b9526f8a8a841bafd22aa5b169e4e1bd07c4195f63
https://immigratetobrazil.com/insights/visa/professionals-can-have-the-eb2-niw-visa-as-a-gateway-to-continue-their/,insights/visa/professionals-can-have-the-eb2-niw-visa-as-a-gateway-to-continue-their/index.html,0ea99c5b3930e4b187b1e636e1d68e3599430555f354592b2d8fa5fb9c503a50
https://immigratetobrazil.com/insights/visa/qualified-professionals-can-use-the-eb2-niw-visa-as-a-gateway-to-conti/,insights/visa/qualified-professionals-can-use-the-eb2-niw-visa-as-a-gateway-to-conti/index.html,ce8cf6ec4d3b16f3361b28c5fbe17dc501c655f7236367ba3b1f5fbae13f6d20
https://immigratetobrazil.com/insights/visa/repatriation-also-known-as-national-recovery-operation-represents-the/,insights/visa/repatriation-also-known-as-national-recovery-operation-represents-the/index.html,b7333e4e5749f36ead3ae2836efbc68a97f957c2213d8b02363253fe85710d01
https://immigratetobrazil.com/insights/visa/retirees-and-pensioners-who-want-to-live-in-brazil-can-request-a-tempo/,insights/visa/retirees-and-pensioners-who-want-to-live-in-brazil-can-request-a-tempo/index.html,7a9434b5ee34c7b1618f7003eb79442e1634f615a2e9109094c02ef907933b11
https://immigratetobrazil.com/insights/visa/rio-de-janeiro-has-recently-been-named-the-world-s-top-destination-for/,insights/visa/rio-de-janeiro-has-recently-been-named-the-world-s-top-destination-for/index.html,0c942877eb12deb78706c7c3be0539d05bedbfbb033700541c3b6bd467560cd4
https://immigratetobrazil.com/insights/visa/since-april-10-2025-tourists-from-the-united-states-canada-and-austral/,insights/visa/since-april-10-2025-tourists-from-the-united-states-canada-and-austral/index.html,66606f4873936d89398d457225dc9148d3bdffecee927cdc08882d14dd7958c8
https://immigratetobrazil.com/insights/visa/technical-completion-involves-legal-analysis-of-the-rules-and-circumst/,insights/visa/technical-completion-involves-legal-analysis-of-the-rules-and-circumst/index.html,48f35a825d72bc99de5083e80689616be5bd432fb8b8711d5b9da6ddc86a58ab
https://immigratetobrazil.com/insights/visa/the-american-visa-interview-aims-to-assess-whether-you-are-a-qualified/,insights/visa/the-american-visa-interview-aims-to-assess-whether-you-are-a-qualified/index.html,f06ddfa7fcde083023238fcf8ada46bb5c6addbd77f0e36012cfd22b4cc7ce2d
https://immigratetobrazil.com/insights/visa/the-authorization-of-indefinite-term-residence-in-brazil-can-be-obtain/,insights/visa/the-authorization-of-indefinite-term-residence-in-brazil-can-be-obtain/index.html,dca18049940d9351c558c76d24499f7b4e557f251e252869d01c0e933bc21ff2
https://immigratetobrazil.com/insights/visa/the-biggest-cause-of-losing-an-irish-student-visa-is-when-the-immigran/,insights/visa/the-biggest-cause-of-losing-an-irish-student-visa-is-when-the-immigran/index.html,970a689d5a3068f8e4936039104976d3fed9dbf940d780ec9d8900e6aed3b44d
https://immigratetobrazil.com/insights/visa/the-brazilian-retirement-visa-is-an-excellent-choice-for-retirees-and/,insights/visa/the-brazilian-retirement-visa-is-an-excellent-choice-for-retirees-and/index.html,8f35b153e49ef7d1869bf336be0f9832da0a57fa062c0f616aa23b122598265e
https://immigratetobrazil.com/insights/visa/the-brazilian-visa-for-digital-nomads-allows-you-to-stay-for-up-to-one/,insights/visa/the-brazilian-visa-for-digital-nomads-allows-you-to-stay-for-up-to-one/index.html,2d0e7a69e8a3f86f295bcdeb714cae460ec3d51bb90ee61543212beb6e0de85a
https://immigratetobrazil.com/insights/visa/the-brazilian-work-visa-for-employment-is-granted-to-foreign-nationals/,insights/visa/the-brazilian-work-visa-for-employment-is-granted-to-foreign-nationals/index.html,90bbf2aec216e4f002e05726edab2a3cce5e3f5745aa9c13f205bc8a1d39d5c9
https://immigratetobrazil.com/insights/visa/the-cplp-community-of-portuguese-speaking-countries-visa-is-an-option/,insights/visa/the-cplp-community-of-portuguese-speaking-countries-visa-is-an-option/index.html,513d1a9a8cf5066188266c6cfcd69d5d9b6e5889c502b21e269246cbb3b4cb2e
https://immigratetobrazil.com/insights/visa/the-cplp-temporary-residence-visa-is-intended-for-citizens-of-the-coun/,insights/visa/the-cplp-temporary-residence-visa-is-intended-for-citizens-of-the-coun/index.html,4d96fbf3ceb7f58f2b847293ac191336b7b816650f1dc73a548b84f55d331509
https://immigratetobrazil.com/insights/visa/the-deadline-for-visa-requirements-for-citizens-of-australia-canada-an/,insights/visa/the-deadline-for-visa-requirements-for-citizens-of-australia-canada-an/index.html,e50b66b1272f28c58af04dea62c54ae7083eda1618e2eca5da71e764afdb75e0
https://immigratetobrazil.com/insights/visa/the-duration-for-which-a-foreigner-can-be-absent-from-the-country-with/,insights/visa/the-duration-for-which-a-foreigner-can-be-absent-from-the-country-with/index.html,79e559580590b32848de617b65b0a9358b2a04c68af478991e91c03ab2a9425e
https://immigratetobrazil.com/insights/visa/the-eb-2-niw-national-interest-waiver-visa-is-not-limited-exclusively/,insights/visa/the-eb-2-niw-national-interest-waiver-visa-is-not-limited-exclusively/index.html,8460022bcabf0717dd4da8d4cfd4482e63c57dbb910a8fffbd5232baa17b2f56
https://immigratetobrazil.com/insights/visa/the-eb2-niw-visa-is-a-great-opportunity-to-internationalize-your-caree/,insights/visa/the-eb2-niw-visa-is-a-great-opportunity-to-internationalize-your-caree/index.html,fdad63b0387769d06d05c924938dd345655531f0d00bada3a160ac2997fd79f1
https://immigratetobrazil.com/insights/visa/the-end-of-the-expression-of-interest-for-immigrants-in-portugal-marks/,insights/visa/the-end-of-the-expression-of-interest-for-immigrants-in-portugal-marks/index.html,3a4688954014d1412094042b6842483c72e714cae2c20fc74549bace18b81a53
https://immigratetobrazil.com/insights/visa/the-future-fee-for-travelers-entering-europe-known-as-etias-had-its-la/,insights/visa/the-future-fee-for-travelers-entering-europe-known-as-etias-had-its-la/index.html,3664608a2c41dfd04de61f6284d508aa02041a04090756eda58bcb6e67392905
https://immigratetobrazil.com/insights/visa/the-granting-of-a-religious-visa-can-be-issued-to-a-foreign-national-e/,insights/visa/the-granting-of-a-religious-visa-can-be-issued-to-a-foreign-national-e/index.html,491c0e8145b28eea5cd4ae09db7fa8d2563bce64720fd7dd6dc9d0bda5291975
https://immigratetobrazil.com/insights/visa/the-holiday-work-visa-program-between-brazil-and-new-zealand-offers-ne/,insights/visa/the-holiday-work-visa-program-between-brazil-and-new-zealand-offers-ne/index.html,d4b6f5ee3fa1a77a8ecfbbc009890080d364d3161959dfb003502d2244eb7d1f
https://immigratetobrazil.com/insights/visa/the-importance-of-getting-legal-guidance-from-a-lawyer-in-travel-and-i/,insights/visa/the-importance-of-getting-legal-guidance-from-a-lawyer-in-travel-and-i/index.html,40c8f83ba6aca1f2567b63f43a00bc5c3a57bfb0a5ef8f27fcf5c51efab405ae
https://immigratetobrazil.com/insights/visa/the-initial-projection-indicated-that-visa-requirements-for-citizens-o-2/,insights/visa/the-initial-projection-indicated-that-visa-requirements-for-citizens-o-2/index.html,edd1fc40c7b821318c22ada91267f2090ec8034f5ed890d0b12f8792f2f250b4
https://immigratetobrazil.com/insights/visa/the-initial-projection-indicated-that-visa-requirements-for-citizens-o/,insights/visa/the-initial-projection-indicated-that-visa-requirements-for-citizens-o/index.html,dc4c59ab6927fc6ceeb3df973be63055e158edb0351d7317af29cb0a2e7dbfd6
https://immigratetobrazil.com/insights/visa/the-international-immunisation-certificate-is-necessary-for-individual/,insights/visa/the-international-immunisation-certificate-is-necessary-for-individual/index.html,7143c5347829861f52ec52807fbe436c8b426f6680bba13142db92bf43890674
https://immigratetobrazil.com/insights/visa/the-interview-for-the-american-visa-in-brazil-is-carried-out-in-portug/,insights/visa/the-interview-for-the-american-visa-in-brazil-is-carried-out-in-portug/index.html,12e9fde3d0c7eb21b75059ef4421ca780031c962899c116a38c2898ff2e92fe0
https://immigratetobrazil.com/insights/visa/the-japanese-immigration-service-has-announced-a-new-visa-the-digital/,insights/visa/the-japanese-immigration-service-has-announced-a-new-visa-the-digital/index.html,786115c845a50e0d973f483c3f9be7730109905c97bdc4c7ded31ab59c31daea
https://immigratetobrazil.com/insights/visa/the-joint-family-visa-for-spouses-and-partners-in-a-recognized-stable/,insights/visa/the-joint-family-visa-for-spouses-and-partners-in-a-recognized-stable/index.html,07e4fc2a200eb16b46075edc19953e45513c7088e335e699f1cafb29a33ae3da
https://immigratetobrazil.com/insights/visa/the-k-1-visa-is-intended-for-foreign-fiances-of-united-states-citizens/,insights/visa/the-k-1-visa-is-intended-for-foreign-fiances-of-united-states-citizens/index.html,c1304dd23da5633631cf672ac443c43d64d20aa6d17f42ff53fde43f01d4983f
https://immigratetobrazil.com/insights/visa/the-legislation-outlines-the-specific-functions-and-sets-forth-several/,insights/visa/the-legislation-outlines-the-specific-functions-and-sets-forth-several/index.html,5432d9f5eca0f43694c06eb41b52ec35df18f85f5bc2f14434017986983ff78e
https://immigratetobrazil.com/insights/visa/the-main-hypotheses-are-travel-document-that-is-not-valid-for-brazil-t/,insights/visa/the-main-hypotheses-are-travel-document-that-is-not-valid-for-brazil-t/index.html,9f83b9b243473b8a4bfc6281806a472ab83e03590a6f7b90df9eb16dbf5c5745
https://immigratetobrazil.com/insights/visa/the-recent-interministerial-ordinance-represents-a-significant-advance/,insights/visa/the-recent-interministerial-ordinance-represents-a-significant-advance/index.html,3394d3b523a8192ae5b0bee8f27d0f962e6cd7eb0fa26becafe7f1d079d78595
https://immigratetobrazil.com/insights/visa/the-residence-permit-for-an-indefinite-period-in-brazil-can-be-obtaine/,insights/visa/the-residence-permit-for-an-indefinite-period-in-brazil-can-be-obtaine/index.html,66ec20bdc8f441b53aa993e64a880b2d51e3f0c3dc0e6c3c2ce1c04ed2f9d2d0
https://immigratetobrazil.com/insights/visa/the-retirement-visa-for-brazil-is-designed-for-individuals-who-wish-to/,insights/visa/the-retirement-visa-for-brazil-is-designed-for-individuals-who-wish-to/index.html,7dc314ce3b617c906c4d9183e942280a4cbf4ccd0f17a2f78d8d1c78f02f5799
https://immigratetobrazil.com/insights/visa/the-retirement-visa-for-brazil-is-intended-for-individuals-who-wish-to/,insights/visa/the-retirement-visa-for-brazil-is-intended-for-individuals-who-wish-to/index.html,532f1a6f15b8b48721048217c1df6cddbb114506258f9fbe1f2ce6027a1c94e6
https://immigratetobrazil.com/insights/visa/the-rules-for-work-immigration-allow-individuals-to-obtain-a-visa-or-r/,insights/visa/the-rules-for-work-immigration-allow-individuals-to-obtain-a-visa-or-r/index.html,cfaa3830af88546cf7ab8a94b0a5f11ba06ae235f53fb6213295f85c74dc448f
https://immigratetobrazil.com/insights/visa/the-time-a-foreigner-can-be-absent-from-the-country-without-losing-the/,insights/visa/the-time-a-foreigner-can-be-absent-from-the-country-without-losing-the/index.html,eb66ab9711325b487ae9561d1f262ed8e2b4cbab7d74f02f4e081639f16cc555
https://immigratetobrazil.com/insights/visa/the-undergraduate-student-agreement-program-pec-g-is-a-brazilian-gover/,insights/visa/the-undergraduate-student-agreement-program-pec-g-is-a-brazilian-gover/index.html,64a3a20f9a356068333cf8f4b5a60b18913d4875682b0146e2c0ac05b68dff20
https://immigratetobrazil.com/insights/visa/the-visa-and-residence-for-the-purpose-of-working-without-employment-i/,insights/visa/the-visa-and-residence-for-the-purpose-of-working-without-employment-i/index.html,966f243c2ba81d63f2aff7233ac9143b540bbc451b8714bce57ecf73f7abfe9f
https://immigratetobrazil.com/insights/visa/the-work-holiday-visa-agreement-between-brazil-and-france-allows-young/,insights/visa/the-work-holiday-visa-agreement-between-brazil-and-france-allows-young/index.html,2b7dea0e802e7eebe3709505d7319e2493571461a8824f91464f8a656f20838d
https://immigratetobrazil.com/insights/visa/the-working-and-holiday-visa-agreement-between-brazil-and-france-allow/,insights/visa/the-working-and-holiday-visa-agreement-between-brazil-and-france-allow/index.html,4f57caffd3c83c9744c7853fc9f486f4683071d49d0e039cf797460a31713048
https://immigratetobrazil.com/insights/visa/this-brazilian-visa-is-intended-for-those-who-wish-to-carry-out-academ/,insights/visa/this-brazilian-visa-is-intended-for-those-who-wish-to-carry-out-academ/index.html,ff11386013182d2931e9e08a720bd1cdd001d8e9125a0adda3bf8836437d0af9
https://immigratetobrazil.com/insights/visa/this-can-be-done-at-the-consulate-or-embassy-of-the-country-that-issue/,insights/visa/this-can-be-done-at-the-consulate-or-embassy-of-the-country-that-issue/index.html,29fa86cf164f31e62dd7f3147de859033d05a72e4733e740e06a22276c9a4d11
https://immigratetobrazil.com/insights/visa/this-day-established-by-the-un-reinforces-the-importance-of-joining-fo/,insights/visa/this-day-established-by-the-un-reinforces-the-importance-of-joining-fo/index.html,bdd8f86c9dec18822dbacee920c567dc03bb4e9e15664d5c94ddcc7e2acf035d
https://immigratetobrazil.com/insights/visa/this-is-an-illegal-and-extremely-risky-practice-that-can-lead-to-sever/,insights/visa/this-is-an-illegal-and-extremely-risky-practice-that-can-lead-to-sever/index.html,8f7e470fba1f10e57b2f1ad70881513227c1bf9a1c79f03b123970060582f0db
https://immigratetobrazil.com/insights/visa/to-obtain-a-brazilian-study-visa-you-must-be-enrolled-in-an-educationa/,insights/visa/to-obtain-a-brazilian-study-visa-you-must-be-enrolled-in-an-educationa/index.html,b402219cfb00390589277e7299928809c294e4f952e51b522fc5af9b2665a169
https://immigratetobrazil.com/insights/visa/to-prove-your-civil-union-status-with-a-foreign-person-a-certificate-i/,insights/visa/to-prove-your-civil-union-status-with-a-foreign-person-a-certificate-i/index.html,3eb2fc25d987d8e0f24f3b9f807d65f63115aa6edbd2ba0cd82650cca72e42a1
https://immigratetobrazil.com/insights/visa/travellers-in-brazil-can-access-a-variety-of-basic-healthcare-services/,insights/visa/travellers-in-brazil-can-access-a-variety-of-basic-healthcare-services/index.html,be94fba7f038cfb711e15a695507cff90807e1eb81c3aa733883c0ec704311bf
https://immigratetobrazil.com/insights/visa/upon-arriving-in-brazil-with-a-visa-you-will-have-90-days-to-register/,insights/visa/upon-arriving-in-brazil-with-a-visa-you-will-have-90-days-to-register/index.html,389bfe7141c8b8521dcef7e4f6ffb96f4f699c03e0740ec9de79681cd7b778b3
https://immigratetobrazil.com/insights/visa/visa-guidance-legal-requirements-and-filing-steps-in-brazil-2/,insights/visa/visa-guidance-legal-requirements-and-filing-steps-in-brazil-2/index.html,001f872e8982907dc2e7392c60360fbcf2cee0b2994bb6d17a94405e765bec67
https://immigratetobrazil.com/insights/visa/visa-guidance-legal-requirements-and-filing-steps-in-brazil-3/,insights/visa/visa-guidance-legal-requirements-and-filing-steps-in-brazil-3/index.html,2a01f362469804577c71fd9ccbae70d0f43e3ca29e079afe11e30fa958419dbb
https://immigratetobrazil.com/insights/visa/visa-guidance-legal-requirements-and-filing-steps-in-brazil/,insights/visa/visa-guidance-legal-requirements-and-filing-steps-in-brazil/index.html,ea6883ca03a3172751345bb428cbd7957e60f4c104a99a2c56e99fa846022cdd
https://immigratetobrazil.com/legal/,legal/index.html,5e715e702901ca0d5bacb1688e34f1b07c4adc0f778d0404b492e0b0a99d3cc9
https://immigratetobrazil.com/legal/404/,legal/404/index.html,913eb4f3fe6b5995151b2ee2b558833da0d58514bfd9b3794bb61be26bf9d8ef
https://immigratetobrazil.com/legal/accessibility/,legal/accessibility/index.html,87b77f9f6b444630421e3e41dc9e95e1d8c087fa146088a1baac1641c3967cca
https://immigratetobrazil.com/legal/cookies/,legal/cookies/index.html,38d0e8674fc13efa2893ef4bb71ad48a7d9da301dd22a01c076673f8f898475a
https://immigratetobrazil.com/legal/disclaimer/,legal/disclaimer/index.html,37580dcb7761ce1353989f3afecef5410149334cb78c14c5e4bcf9bd2692c87d
https://immigratetobrazil.com/legal/emergency/,legal/emergency/index.html,13a4c10cefcf7ae0c660af3cc523602d0f8a60398f4bbca26936fe45a59780c0
https://immigratetobrazil.com/legal/form/,legal/form/index.html,d5e42051767214b5b9e104e6c5449c56db3772cd2c9c92ab78498c504589e3a5
https://immigratetobrazil.com/legal/gdpr/,legal/gdpr/index.html,150307c987bd88914f5c4acefea54b2b4ee6c752f7bcd0f00f6b841bbe2f9d62
https://immigratetobrazil.com/legal/lgpd/,legal/lgpd/index.html,565743182b278ca82b390d09d6eb97e4c4519c9d4d666fab9c69f1a7e2b760f8
https://immigratetobrazil.com/legal/payment/,legal/payment/index.html,da6a882f6a5c90d1243b694dee918ddb80e35f1f7b531cdd11853f40f1cf8015
https://immigratetobrazil.com/legal/privacy/,legal/privacy/index.html,74b2a237332ad2575748853661e06ba8690df492ea3c6ec338de446fa20241a2
https://immigratetobrazil.com/legal/refund/,legal/refund/index.html,a837538c01fadd6c8f88023d2d86f381dfb6548318240e8b6317cbf3a2ec7e96
https://immigratetobrazil.com/legal/search/,legal/search/index.html,50dc70f719b7e613d09aeb5b83db4610de26be498d86f086b8c0f6007346dd82
https://immigratetobrazil.com/legal/terms/,legal/terms/index.html,d0297811b808b8d3dbf478d58465b9f1eebbc6995b6621b7e035a1fec3173355
https://immigratetobrazil.com/process/,process/index.html,285d3631d25316e53c73ebb0821a26363384de6e068a0e6e393c5eaba5599bc8
https://immigratetobrazil.com/process/aftercare/,process/aftercare/index.html,dcae42cfa2065db099e93ad5608998ddb111878979f9c2562654f75489edf3dc
https://immigratetobrazil.com/process/alone/,process/alone/index.html,32f38bbe0da7ba7f8627db89f8ccbef75879ff43081ef92642efcdf34a920c02
https://immigratetobrazil.com/process/approval/,process/approval/index.html,5b5980509290958506d528a1c4749f851aaf525b8cc854eb90ba4a3ba3c71915
https://immigratetobrazil.com/process/assessment/,process/assessment/index.html,3b403011219642076346e642fd39d0d60f152df58f7a4fc519ca00b84eaf6251
https://immigratetobrazil.com/process/compliance/,process/compliance/index.html,73f80e8af03bba1888ba473eacb5bc2577da737b9c86c8b3c2b543bc92da7463
https://immigratetobrazil.com/process/consultation/,process/consultation/index.html,599d2cb7c3b304ab2b35c98f73dbd17bc0ee75e4cf9c8d61647fd7204888c0a2
https://immigratetobrazil.com/process/conversion/,process/conversion/index.html,e02bf4a42a61b18c4eadf28f7c5f2c12b70f66016757bb7f8c701ec6d2197ffd
https://immigratetobrazil.com/process/deadlines/,process/deadlines/index.html,1b0cdecf3b5137bc22ac6abdf2958409cf40ba554ab22377de613f5bab9fe50f
https://immigratetobrazil.com/process/failures/,process/failures/index.html,72dcd0d7749a0a103dcd69dec36f8e1c199ea27555ff51942c31a25d129663bc
https://immigratetobrazil.com/process/fees/,process/fees/index.html,2a9ffc2e253d7b28298b59e0f81ce0f3b38fe0932e014ebb392001474b0ef26b
https://immigratetobrazil.com/process/filing/,process/filing/index.html,054797cc0cbe307b7b54432fa4d3815bb44bc7dfd268e62cdb50f779cd8507e1
https://immigratetobrazil.com/process/mistakes/,process/mistakes/index.html,e0b624a35111f05e3ad09deb789c985b4a0faa42cef81ffc8e6ca2bb7fc739fc
https://immigratetobrazil.com/process/naturalisation/,process/naturalisation/index.html,a42d15e9035ae73d301ab159988c9dc031c5a9f91ccb2629e534d96b65371954
https://immigratetobrazil.com/process/obligations/,process/obligations/index.html,5492a0e375ed83ba8157e135d176b5c619ab3969699021dcdfc8adb2a527feef
https://immigratetobrazil.com/process/permanent/,process/permanent/index.html,8971e9dee47d71ce732b2542fca34ba38994e5d6e7beca0ef53e1d646a142fca
https://immigratetobrazil.com/process/planning/,process/planning/index.html,9e11a036dcc574172d0065a0670c9952915708df36a34053f9e38191a2dd0b29
https://immigratetobrazil.com/process/refund/,process/refund/index.html,881236ad97ca27c8d1ce2e0489461418be88952d822ff4e959a9713f424786b5
https://immigratetobrazil.com/process/regularization/,process/regularization/index.html,63b5a1b9d7fb1aa04fca97c90cd107fa5e3a44cfd6a21e61c290003e58cc6595
https://immigratetobrazil.com/process/renewal/,process/renewal/index.html,d9eb91515e044ef1da7b56ac27ad35b5b25e1062f6e803bc9bd21b25309b52fd
https://immigratetobrazil.com/process/responsibilities/,process/responsibilities/index.html,b3bb5b7cd26ff9b83f18435b8f78afff04601383652548d25929e367b642ed89
https://immigratetobrazil.com/process/rights/,process/rights/index.html,33378434df439680bdb4770ffe477340bf610bc6ff6783034f0987bebada1ec6
https://immigratetobrazil.com/process/strategy/,process/strategy/index.html,f5dcd32f9c9b1a5eebe98e48409155f9203d10a11a26519613b79f948583ca96
https://immigratetobrazil.com/process/timeline/,process/timeline/index.html,e2cd15745272413ebef9e89442e3fe0da5e19d3ea0bf32ff6410fc0aed329d1b
https://immigratetobrazil.com/process/transparency/,process/transparency/index.html,3b4d17257a344a249e4886918726f90d2cfc8ed264fa16b730dbb37b7ed9917f
https://immigratetobrazil.com/pt-br/,pt-br/index.html,b6ccb94feed27acb859c6a962bdd22adc28eb24d45fbdc4ba15278e9b3c9134d
https://immigratetobrazil.com/pt-br/404.html,pt-br/404.html,83c2a3543b6e4372b22307d841a145309a9f04264092c31872e96a2339791be1
https://immigratetobrazil.com/pt-br/about/,pt-br/about/index.html,2f69f298347fef7d920af13f7f439680104a088c338035d6d9bcebc6c5e85432
https://immigratetobrazil.com/pt-br/about/about/,pt-br/about/about/index.html,cc985698a0503b1e6efb13b7a94309ffb57b90d4da9537d2d97de93f315fa8d0
https://immigratetobrazil.com/pt-br/about/atlas/,pt-br/about/atlas/index.html,067a2ce3fdea16b62a2463ddb2d29dd383a1366f757bfa5889b3700717821285
https://immigratetobrazil.com/pt-br/about/clients/,pt-br/about/clients/index.html,4ccad5fd1c8fdfe481eeeb9f413652690ee3b988774f889c0519771563706bdb
https://immigratetobrazil.com/pt-br/about/ethics/,pt-br/about/ethics/index.html,74ac541b14e1d4ca23aa1c0bae773bd34deebc155d20353c75761ac5cc325edb
https://immigratetobrazil.com/pt-br/about/lawyer/,pt-br/about/lawyer/index.html,d9c340c64a9899047febc2c5ccfa458b6d84d2d13e428e7bbc817bdc121291cf
https://immigratetobrazil.com/pt-br/about/mission/,pt-br/about/mission/index.html,5d61f7d053282d03ac71233e433c3886c2fead1f876221764054b361dbb1c3c3
https://immigratetobrazil.com/pt-br/about/philosophy/,pt-br/about/philosophy/index.html,38e4678a0ad2998533c16437c11a2003b0f48942e3c88754d6b146fc75be105a
https://immigratetobrazil.com/pt-br/about/profile/,pt-br/about/profile/index.html,d52449c7a3eb814d930f510f07ec82242b34346fbe8cca3940d4226aa92bf590
https://immigratetobrazil.com/pt-br/about/results/,pt-br/about/results/index.html,420fd518e0d89a7d6cfd70ac1fc491e2ff5863c8aa65a11c9822c533dc746cec
https://immigratetobrazil.com/pt-br/about/stories/,pt-br/about/stories/index.html,b2bdb82d7b7c56381573957b52626323a250b06941ab9a5da308f8e6061dfd31
https://immigratetobrazil.com/pt-br/about/story/,pt-br/about/story/index.html,c769eefc2ec8a1ea8fd945129290240d82c44f88c8deed618f79ecf33e3be8a5
https://immigratetobrazil.com/pt-br/about/testimonials/,pt-br/about/testimonials/index.html,c770acb6afdb2b0619406501b001be2b1f1343602c7e64c839f555e3f5f396be
https://immigratetobrazil.com/pt-br/about/values/,pt-br/about/values/index.html,ca0530c09edcd2248181185bdce6b56c1a785b45306961fff459ee716663514c
https://immigratetobrazil.com/pt-br/about/whyus/,pt-br/about/whyus/index.html,fdcd4a3154a825078abe01cbebbdf40dc0adc806d44a7bc7c572cf62f9bc47bd
https://immigratetobrazil.com/pt-br/brazil/,pt-br/brazil/index.html,6a3f52644c11aa25eef217c8f7b8809ad395a2c3d5592831ff035a6e68e3f4d5
https://immigratetobrazil.com/pt-br/brazil/brazil/,pt-br/brazil/brazil/index.html,7005ca7209d897cf2dd1d4241f0f8ec0c48590fa966d3cd78cb2039c42090fdc
https://immigratetobrazil.com/pt-br/brazil/central-west/,pt-br/brazil/central-west/index.html,18c82bd0edd24931b37831f5149ef70f15a94d0507da9c563dfb574d7ee452d4
https://immigratetobrazil.com/pt-br/brazil/cities/,pt-br/brazil/cities/index.html,668bbd21611a936977535cc74c08bc36780fc9db58454e4ae20169abd3481a66
https://immigratetobrazil.com/pt-br/brazil/cost/,pt-br/brazil/cost/index.html,0a56524e3abe729b80e2fff8a6278c0790533f1cfed95f68bbd1d15dbaa2b844
https://immigratetobrazil.com/pt-br/brazil/cuisine/,pt-br/brazil/cuisine/index.html,2723522e0adc4b2dfc6839e5dca8527af911cd87e93690251bb70260a505bb81
https://immigratetobrazil.com/pt-br/brazil/culture/,pt-br/brazil/culture/index.html,2c870d0071cbff6122c21844b5cad880f6ca453de33a6584e37a2344c5385fea
https://immigratetobrazil.com/pt-br/brazil/directory/,pt-br/brazil/directory/index.html,92aee63fb00d388c66cbf9d6d21257bbb3a43d95a1cac8a27b5db60dfbc4926b
https://immigratetobrazil.com/pt-br/brazil/economy/,pt-br/brazil/economy/index.html,62c545526a1a09fbd3f29e92c1eae4572f17d986bcf53ea16093435a329a604a
https://immigratetobrazil.com/pt-br/brazil/education/,pt-br/brazil/education/index.html,0025a890ae8fc255bfa68832a262423497e2f1a7eff3e90f8ad263b79a4fd581
https://immigratetobrazil.com/pt-br/brazil/events/,pt-br/brazil/events/index.html,bc6f31d7cc07f01bb381c4f8f1842b564fcc06a7d31eff3b27acc277ce622084
https://immigratetobrazil.com/pt-br/brazil/faqs/,pt-br/brazil/faqs/index.html,4947086ede24fec5f6527c0ce9e9841f0822358bc224deee41b8af75ba4a34df
https://immigratetobrazil.com/pt-br/brazil/festivals/,pt-br/brazil/festivals/index.html,f5b03e93cb967f1a8494779659eefe69a9af56ca151dcbb3123cfc9c06d8bd66
https://immigratetobrazil.com/pt-br/brazil/guides/,pt-br/brazil/guides/index.html,4d418043e4898fbdcf16a033af13ebcfa5d1fa44d07d62df496d0ccaef49ae77
https://immigratetobrazil.com/pt-br/brazil/healthcare/,pt-br/brazil/healthcare/index.html,beec263e2c483ea7ea867ed3f1043564f2dabf3c352c50cdb72e1fff9d1742a8
https://immigratetobrazil.com/pt-br/brazil/housing/,pt-br/brazil/housing/index.html,5be091ca1ad52c7398f40b6c2d41964cb677ac2cf3a987a44d09e93a79b503a3
https://immigratetobrazil.com/pt-br/brazil/investment/,pt-br/brazil/investment/index.html,5d0d1976d40382a6478aec4b9512eb63add75b0e5c3e42cdff4d13cc7b21a042
https://immigratetobrazil.com/pt-br/brazil/living/,pt-br/brazil/living/index.html,4b99e3075a211826bd171de1eb8e03f819e899b21674be97c02ec4adb4ff6d77
https://immigratetobrazil.com/pt-br/brazil/municipalities/,pt-br/brazil/municipalities/index.html,3aecfe6a0fdea713b233a51ae29e8b69745e7ce326f19f10c67681b973420e25
https://immigratetobrazil.com/pt-br/brazil/north/,pt-br/brazil/north/index.html,a30e6d0d3940d3c5f0b0ff1107214848b269084bd5af9fb684855429a7addeff
https://immigratetobrazil.com/pt-br/brazil/northeast/,pt-br/brazil/northeast/index.html,246e9019da90a26bcee31f3bfa8b13b0aeb5cee7252483f8b6df63fb8de9ebc2
https://immigratetobrazil.com/pt-br/brazil/places/,pt-br/brazil/places/index.html,ee162f524a4524fbed4d27a3b2e2b8dbfe47d936c5717363f69ba09e44c31915
https://immigratetobrazil.com/pt-br/brazil/quality/,pt-br/brazil/quality/index.html,802add7e7fc7f49afb7b581950ee6d3a8e586ab98ecda8f0068f00566146fcf1
https://immigratetobrazil.com/pt-br/brazil/safety/,pt-br/brazil/safety/index.html,5f054792811bc8987012158c73a9a3f41f5ca3939cc44e55d01223554bd67918
https://immigratetobrazil.com/pt-br/brazil/search/,pt-br/brazil/search/index.html,2f5a9b5a7ddd2b3527b7a25fb5f1d6116df7bd14fab8e5223fa3d7cd4cb74f55
https://immigratetobrazil.com/pt-br/brazil/south/,pt-br/brazil/south/index.html,59b62189b3e847092e6350df6d2e47631c0628d1a90ea860375e0b7ce6f3d831
https://immigratetobrazil.com/pt-br/brazil/southeast/,pt-br/brazil/southeast/index.html,102ee877eced51f2d63f35a5e0792fd26780b4eac50203ddaf7192dde3aa87e8
https://immigratetobrazil.com/pt-br/brazil/states/,pt-br/brazil/states/index.html,685a8a153adc9f544eda6b73a6b1b2a35eb4232eaed87a50667bda6425ab2a4b
https://immigratetobrazil.com/pt-br/client-feedback/,pt-br/client-feedback/index.html,5bf05c9c161985e2f153025735f933d8189e996fa73034b86a459693abe83487
https://immigratetobrazil.com/pt-br/contact/,pt-br/contact/index.html,8aed5b68ce92e78e0a4642695bdf5767be338a09780ea2cb98400bfc0cedb511
https://immigratetobrazil.com/pt-br/countries/,pt-br/countries/index.html,3d967505a5a390e9e4e2ab5f0cd6a1732ffba4f23b9161ef4913e248661d1a35
https://immigratetobrazil.com/pt-br/countries/afghanistan/,pt-br/countries/afghanistan/index.html,90d6a8894ee3255d9f539f84be02f18643cf2ef767832b093521e5a10cc8b32c
https://immigratetobrazil.com/pt-br/countries/albania/,pt-br/countries/albania/index.html,65cad44bca30a4e76a31840371b7ba3e5115f4fa6f61e2a631498c8f28bc4c15
https://immigratetobrazil.com/pt-br/countries/algeria/,pt-br/countries/algeria/index.html,e03eff55b151ff1d1be9819e1e06f8b3715aa4957cea7fb4fe7ee7946c375b8f
https://immigratetobrazil.com/pt-br/countries/andorra/,pt-br/countries/andorra/index.html,cee805cce6799ab4ce898ee2ac647fab80de48f6e111671f81f109fcb86b42aa
https://immigratetobrazil.com/pt-br/countries/angola/,pt-br/countries/angola/index.html,f2a3859ebf15d66d8414d4b79e90c5e0d3d8ff8bfe719e268ea54addcb8e3dda
https://immigratetobrazil.com/pt-br/countries/antigua-and-barbuda/,pt-br/countries/antigua-and-barbuda/index.html,405b3808d5f418fb91bac68341c0eae59164bf5521f315b97d1671a4a67d9b1a
https://immigratetobrazil.com/pt-br/countries/argentina/,pt-br/countries/argentina/index.html,54a87aeadaaab04b2d67073019d459d3b36de923ddeaff5974064d346f3f278b
https://immigratetobrazil.com/pt-br/countries/armenia/,pt-br/countries/armenia/index.html,ceb1b21ade311da312bee6a4a51e465c71b8b8af70f048d29055f7ad049f090b
https://immigratetobrazil.com/pt-br/countries/australia/,pt-br/countries/australia/index.html,454c95a6d1dd251eb74fc21231ecd9961ccf8cb916a6f90e7137e7d56bed8ee4
https://immigratetobrazil.com/pt-br/countries/austria/,pt-br/countries/austria/index.html,1aa8f39596dbce863616705a227be8f1ae2f0f89c657f37bf74ca18b267570c2
https://immigratetobrazil.com/pt-br/countries/azerbaijan/,pt-br/countries/azerbaijan/index.html,ddb00fcf5af927a6f6f1491cbff8037310f4a2e763960049fdb6bae6d31a59f0
https://immigratetobrazil.com/pt-br/countries/bahamas/,pt-br/countries/bahamas/index.html,077b1bbbd269abef6b1d8811f2e4345cc4c52d479d2cf5e9cfdd2434fca7c063
https://immigratetobrazil.com/pt-br/countries/bahrain/,pt-br/countries/bahrain/index.html,32461003adebb115ee00962542781f3fe6cb6234a5685ace1639cee967e96d65
https://immigratetobrazil.com/pt-br/countries/bangladesh/,pt-br/countries/bangladesh/index.html,8fb46884b58648e801333c229f91f9201e77de7e9575f56451ad5b4b3dff5420
https://immigratetobrazil.com/pt-br/countries/barbados/,pt-br/countries/barbados/index.html,a339dbc61c5e084ca0ada116ac505ad171f56e1c9e7a354705222eb616428432
https://immigratetobrazil.com/pt-br/countries/belarus/,pt-br/countries/belarus/index.html,c466078eaf76d0d9334fcb8295989640fd1abeb173bc498f280b50bd64ceab0c
https://immigratetobrazil.com/pt-br/countries/belgium/,pt-br/countries/belgium/index.html,c196665fa75742529e08491fd6b5795c65c5a4d7651bc32b481f1a93c9faf92c
https://immigratetobrazil.com/pt-br/countries/belize/,pt-br/countries/belize/index.html,db081d445535ff0f534359be9249b32da0ad9bb265eed1c35238b2cd773f342f
https://immigratetobrazil.com/pt-br/countries/benin/,pt-br/countries/benin/index.html,54b3e3c66e19e60eb8f772a37d3993f826caaf1b1c78202ffcd8776bbb35187a
https://immigratetobrazil.com/pt-br/countries/bhutan/,pt-br/countries/bhutan/index.html,fb683183c18b7de514267fb4ae97dd22bc67f60eb08202fde5ca41c523eff033
https://immigratetobrazil.com/pt-br/countries/bolivia/,pt-br/countries/bolivia/index.html,b3ea61bc8960dcd64d517253ad8ef8bcecb1cfbb0f97090a5c457220b7d1f84c
https://immigratetobrazil.com/pt-br/countries/bosnia-and-herzegovina/,pt-br/countries/bosnia-and-herzegovina/index.html,49c1c284372cc0e9f35a41746a032e640d6c6a9607f6b918de1ffe1261f5db7e
https://immigratetobrazil.com/pt-br/countries/botswana/,pt-br/countries/botswana/index.html,5ba9d41344fe67881c0c6a130eadb21dc4ea1dc4826a2f76d59b2a8720a8bbbe
https://immigratetobrazil.com/pt-br/countries/brazil/,pt-br/countries/brazil/index.html,0dda6379fada08f299cbf136945c9d24d06f2e432743019cd5ac6a87f6b0a471
https://immigratetobrazil.com/pt-br/countries/brunei/,pt-br/countries/brunei/index.html,81b3d3d55caafd402e0ede397d3ffdba3ec1cb124357237ebb26922d63f09388
https://immigratetobrazil.com/pt-br/countries/bulgaria/,pt-br/countries/bulgaria/index.html,64a3599c6faa39251ffcf0b2d87331894ade278fa96c31d5e201cc87922d0641
https://immigratetobrazil.com/pt-br/countries/burkina-faso/,pt-br/countries/burkina-faso/index.html,a9b7cee72a8a3bbc99f8caa6f57c7ba05f7229b16a8d49fe4d56bc94a43a4d61
https://immigratetobrazil.com/pt-br/countries/burundi/,pt-br/countries/burundi/index.html,1228e7bff23f3b543feb7768145e201195e06bf2606952780e040e9050833dac
https://immigratetobrazil.com/pt-br/countries/cabo-verde/,pt-br/countries/cabo-verde/index.html,1f2695a48526f1abd6b00876de04cc9432811be3312a41a15c57482231700471
https://immigratetobrazil.com/pt-br/countries/cambodia/,pt-br/countries/cambodia/index.html,2437e510f85e498d28bde8adc4bda4cb7137f33f582e9f103fc96e4c8ba77f42
https://immigratetobrazil.com/pt-br/countries/cameroon/,pt-br/countries/cameroon/index.html,c4b4644120a16e6ee5705394a1b9a48fe494f97719689603f16292891c96f930
https://immigratetobrazil.com/pt-br/countries/canada/,pt-br/countries/canada/index.html,9f84af736d7adcc2129d8c64f7635c06b7a54dc4509f7add31d14a63811bb90d
https://immigratetobrazil.com/pt-br/countries/central-african-republic/,pt-br/countries/central-african-republic/index.html,ec45a00d79c79f0bbbaf3c38e44c5a84282270034b29d6bd1efdb15c91b47b9f
https://immigratetobrazil.com/pt-br/countries/chad/,pt-br/countries/chad/index.html,654a2dd1f759600d5b7f47342a9092dcbb9dc644bc8d669a901febc0831e3d34
https://immigratetobrazil.com/pt-br/countries/chile/,pt-br/countries/chile/index.html,1f6a31ba54a1ed73fb515ca7821d88151c2da1b981f6e7707e51badc2354726a
https://immigratetobrazil.com/pt-br/countries/china/,pt-br/countries/china/index.html,d3717c0c8282fc4db492ff2431c0431423aa16c3b19409f6142572fe327d699c
https://immigratetobrazil.com/pt-br/countries/colombia/,pt-br/countries/colombia/index.html,d7b973c4889278c9ba062d6646506b2933d731634a7d28cb33c828f4f0213641
https://immigratetobrazil.com/pt-br/countries/comoros/,pt-br/countries/comoros/index.html,1ad6252b5b1d8e7401f612e3a730a249282614e2f66e66957432a5759152b304
https://immigratetobrazil.com/pt-br/countries/congo-democratic-republic-of-the-congo/,pt-br/countries/congo-democratic-republic-of-the-congo/index.html,798d51a962ed037660ad3ec098259578e0e69aba0ce0cf42f54ece2f0f05f89d
https://immigratetobrazil.com/pt-br/countries/congo-republic-of-the-congo/,pt-br/countries/congo-republic-of-the-congo/index.html,d22422974a4de98c447d96e4ab441fc7dc5e86cb5baa581effa3b4fb80df520b
https://immigratetobrazil.com/pt-br/countries/costa-rica/,pt-br/countries/costa-rica/index.html,d16ce55946dc418c0a88042fcd9540645ff6a8b48422650c50aecb816749c87b
https://immigratetobrazil.com/pt-br/countries/croatia/,pt-br/countries/croatia/index.html,33616a013760de36c4bc96300bc2b8eac0b8c14281683365f9bcc9abb54954ff
https://immigratetobrazil.com/pt-br/countries/cuba/,pt-br/countries/cuba/index.html,1f4ed87758293e147e10765b34b78569d7d9f2f32e3416bcbf6adfd87ba53ccd
https://immigratetobrazil.com/pt-br/countries/cyprus/,pt-br/countries/cyprus/index.html,81396b4228bbbd4a2ff93e795fa52de1babca3670d52d24364d34acddd026941
https://immigratetobrazil.com/pt-br/countries/czechia/,pt-br/countries/czechia/index.html,4e177379e3fc69113308e99cc1d316963378206739e923a17e0b7966c1ad1de4
https://immigratetobrazil.com/pt-br/countries/denmark/,pt-br/countries/denmark/index.html,10eb55a6522066881608f9f32d478e02431cd55d171bf71ac466d9dcc8ba32c0
https://immigratetobrazil.com/pt-br/countries/djibouti/,pt-br/countries/djibouti/index.html,2007ba08a6b51c89a94adf7a9b545f01d33ca228703c6380a8fbb7e959e01756
https://immigratetobrazil.com/pt-br/countries/dominica/,pt-br/countries/dominica/index.html,82b5270227537aad5ce04c2289f53aa23ff1563101b42c6172aa0a13a96fb77d
https://immigratetobrazil.com/pt-br/countries/dominican-republic/,pt-br/countries/dominican-republic/index.html,151bc390ede1013f136db3e7f0f6857c4541b02d279f3bb8b4489f66cdfc0d04
https://immigratetobrazil.com/pt-br/countries/ecuador/,pt-br/countries/ecuador/index.html,1692ccd6bf9ac5edfac500589157fff2ca9f1ed3c0dd646e2036728eab25a969
https://immigratetobrazil.com/pt-br/countries/egypt/,pt-br/countries/egypt/index.html,cdc357bea7a834bc56b74d88521d2841a0a4d076879101b0f6ff88b9c14d0476
https://immigratetobrazil.com/pt-br/countries/el-salvador/,pt-br/countries/el-salvador/index.html,2fe9b54ed9e27f9b49cc8f12781de2633c8be6361b7e0e1ae5c6a5d735431bd0
https://immigratetobrazil.com/pt-br/countries/equatorial-guinea/,pt-br/countries/equatorial-guinea/index.html,6f8f13670addd7793e88913dd8e6dd1fdbecdf885b9db3c537e1ada634fd4fb7
https://immigratetobrazil.com/pt-br/countries/eritrea/,pt-br/countries/eritrea/index.html,79a8840134d06e72298a8e48f7f76128420170cda7e34f49b0d1e90f52629b9d
https://immigratetobrazil.com/pt-br/countries/estonia/,pt-br/countries/estonia/index.html,6b69b5e3d9ce6118cb0e0554eb54299f89f2be7c80640936e25e0c0b3fffdb16
https://immigratetobrazil.com/pt-br/countries/eswatini/,pt-br/countries/eswatini/index.html,d261a1172ce34fa987f9fe82521ed1a382e51a1622232173206313ae11b50acf
https://immigratetobrazil.com/pt-br/countries/ethiopia/,pt-br/countries/ethiopia/index.html,6b762fb9baa50d9745521949d04b070d58029440251b4633cfdc81d9693fbbdb
https://immigratetobrazil.com/pt-br/countries/fiji/,pt-br/countries/fiji/index.html,82c6e60e375e79d5000611de1c3cb51bf854ec63cbe488c3ea9c41d9a0e1f608
https://immigratetobrazil.com/pt-br/countries/finland/,pt-br/countries/finland/index.html,5f549e092af3b3ee0f9023d283b55a51812a499da81cbcbd726fc498e5bb0ec9
https://immigratetobrazil.com/pt-br/countries/france/,pt-br/countries/france/index.html,219b2906604725de2e580d893dfdb5e9fc448db814ffa35b3926e5c3ab71a734
https://immigratetobrazil.com/pt-br/countries/gabon/,pt-br/countries/gabon/index.html,b172bfdcf0ea1ef3247a4b491d1a0fe3297638e948030867c641d0f25d89e5e4
https://immigratetobrazil.com/pt-br/countries/gambia/,pt-br/countries/gambia/index.html,f6936c58dcea11d74834e5f79625610a2866a6d24886f3ce79f32590c6988b58
https://immigratetobrazil.com/pt-br/countries/georgia/,pt-br/countries/georgia/index.html,6df081b2d6370abc491b814bd02e5cdc8368a1aa3945d9d75d9f39a609c9db13
https://immigratetobrazil.com/pt-br/countries/germany/,pt-br/countries/germany/index.html,076ee14d9b27c7714f33e43a65198f882a3186d90181f41d32d4378e3c2fec55
https://immigratetobrazil.com/pt-br/countries/ghana/,pt-br/countries/ghana/index.html,0d174612e53f18bc87cc5111d96ac6b4432826f729ee481562bea76c875f32bd
https://immigratetobrazil.com/pt-br/countries/greece/,pt-br/countries/greece/index.html,ac231e762562f3a44e188d2123f9043526fc454771acb01abe8fb7a5e7d91463
https://immigratetobrazil.com/pt-br/countries/grenada/,pt-br/countries/grenada/index.html,d81496cc8e4aca7f0f00911a2f3101e31a6115400d600c614f852ba76d2e96ab
https://immigratetobrazil.com/pt-br/countries/guatemala/,pt-br/countries/guatemala/index.html,47484b2ce7d5eda0ee73f3b055a9442d264ec31f80f57eb188e6d06590365768
https://immigratetobrazil.com/pt-br/countries/guinea-bissau/,pt-br/countries/guinea-bissau/index.html,40ce32c1e3ae0f8c7cb9bc46320133bca91b296bb94ec2846039ec61de429a99
https://immigratetobrazil.com/pt-br/countries/guinea/,pt-br/countries/guinea/index.html,16603ef96ccc649c158eb6e45657e19045221e297a41d6f6a80be9a48b018525
https://immigratetobrazil.com/pt-br/countries/guyana/,pt-br/countries/guyana/index.html,af4c823139c17ebc9e7fb7dc3ef18da2cf6fb7784ad8d2674c89ba8a26b82a6c
https://immigratetobrazil.com/pt-br/countries/haiti/,pt-br/countries/haiti/index.html,04a8d6a624ddafb9125817d8e8f76165a00dc5b2574ebea312bad0b08ce1c4bf
https://immigratetobrazil.com/pt-br/countries/honduras/,pt-br/countries/honduras/index.html,eefa48cab997227ff8dc0bd5b908deacdbcc2aa1698d3eefd99cdd19e5f7d2d8
https://immigratetobrazil.com/pt-br/countries/hungary/,pt-br/countries/hungary/index.html,7a3a182515ef6498804dca5e9c32532b0d5924e1d8840516656fd83ea6931e5a
https://immigratetobrazil.com/pt-br/countries/iceland/,pt-br/countries/iceland/index.html,a263a5a9cdf847809df5f35c5d818c9ea545505795880f11949c7352447f7b6f
https://immigratetobrazil.com/pt-br/countries/india/,pt-br/countries/india/index.html,f48f8f51be67951545212a30a9e2313ba29030bde7eb7919befd510f6d417448
https://immigratetobrazil.com/pt-br/countries/indonesia/,pt-br/countries/indonesia/index.html,113b10a02c822e90a0f86edf1384f2d202a24aa9fab6909d2f06147520c1d94b
https://immigratetobrazil.com/pt-br/countries/iran/,pt-br/countries/iran/index.html,83e92e8da631e4e419dc2a2acfe888239e42e257754fb5654219b04c9c866087
https://immigratetobrazil.com/pt-br/countries/iraq/,pt-br/countries/iraq/index.html,53a5ab1dd7f1ab968d87800d398c55ee93fb2fa33904862c193b0d8d94493f02
https://immigratetobrazil.com/pt-br/countries/ireland/,pt-br/countries/ireland/index.html,de8bc1de709ebccf1ee6d8abae02ce512bc1b2a28f001b5239ca849023e8e8b5
https://immigratetobrazil.com/pt-br/countries/israel/,pt-br/countries/israel/index.html,ed5da5d6a17554fb659636c945dfa3515d34863137249b8b10d67c0591cd31bb
https://immigratetobrazil.com/pt-br/countries/italy/,pt-br/countries/italy/index.html,ee0d96620319dcdd696a8b0916fba3e43e8b4b18801e6cb9c18f6032ca4a9c0b
https://immigratetobrazil.com/pt-br/countries/jamaica/,pt-br/countries/jamaica/index.html,4e7302dc652cd40f3d121b91c48258027c5805cc948b1ec9f5d9ba0b4a8fd704
https://immigratetobrazil.com/pt-br/countries/japan/,pt-br/countries/japan/index.html,5563416d29eed2f1469c0fa49b4ffca58087ed8a77a87065c4c3572633bdc6ed
https://immigratetobrazil.com/pt-br/countries/jordan/,pt-br/countries/jordan/index.html,4a44992b3f84bc9d9e21fc7e33b296e26cfa236c078b23ca1c6bfe245aa9ff06
https://immigratetobrazil.com/pt-br/countries/kazakhstan/,pt-br/countries/kazakhstan/index.html,84484f91d71d4013aae4c305d512a8f22186fd7fb9f2b9edb92096541a8ed740
https://immigratetobrazil.com/pt-br/countries/kenya/,pt-br/countries/kenya/index.html,eb694c064d65e31729ee3f4f323d0b04670156bec4a57e0192f374c7ac774b6d
https://immigratetobrazil.com/pt-br/countries/kiribati/,pt-br/countries/kiribati/index.html,1f4e3d8d2337cc82dad25c3ffef0472470aa5441a32ccf2dbcd9307ff33aa5d7
https://immigratetobrazil.com/pt-br/countries/kuwait/,pt-br/countries/kuwait/index.html,c0fafd8c46821233ae47b4eb5658ecf079b77013d0cdf625c7425845697736b2
https://immigratetobrazil.com/pt-br/countries/kyrgyzstan/,pt-br/countries/kyrgyzstan/index.html,f010a537550b1884af1823cc7732bf9caef6cc68b9f704e853c99b14cf36c530
https://immigratetobrazil.com/pt-br/countries/laos/,pt-br/countries/laos/index.html,aa09004f4582e70008fd9046310db60fec0b3ea55787ed1dab719943ae11b904
https://immigratetobrazil.com/pt-br/countries/latvia/,pt-br/countries/latvia/index.html,1b7dd2db91132e2657ca1321895a91d29c16b6ca708200e8bad21c92307126f7
https://immigratetobrazil.com/pt-br/countries/lebanon/,pt-br/countries/lebanon/index.html,b481e8c25e617d744cb3a4762fa472f32983f1418a21d3b3c7eeefeb87e1e8ad
https://immigratetobrazil.com/pt-br/countries/lesotho/,pt-br/countries/lesotho/index.html,4617c5839a7c2a6ed2d46b950531775e7e24d7fd832f86c4deb03ad68c29c65e
https://immigratetobrazil.com/pt-br/countries/liberia/,pt-br/countries/liberia/index.html,97eccf6b0eb0c1e92c472f658e137bd4ba6bf7cbf701f7fc8471ae2af96f2f60
https://immigratetobrazil.com/pt-br/countries/libya/,pt-br/countries/libya/index.html,6fb83bd1125ac0bc1f1b569a6518c1aaa9f19da4bac6f4dae51c1876561b4893
https://immigratetobrazil.com/pt-br/countries/liechtenstein/,pt-br/countries/liechtenstein/index.html,b4ca49b12023348f00f300971c32443b34fa8c5fbc68f058eae04a3d1c7cfded
https://immigratetobrazil.com/pt-br/countries/lithuania/,pt-br/countries/lithuania/index.html,54af5bd4a4182211881c815666889c3992bc8033289cef80776ceb05b895823c
https://immigratetobrazil.com/pt-br/countries/luxembourg/,pt-br/countries/luxembourg/index.html,fb93107f5b758e26a98e262df06cdbb64e432ea03f9e7551e297f0bb520e0c1e
https://immigratetobrazil.com/pt-br/countries/madagascar/,pt-br/countries/madagascar/index.html,7937d4a4c393314cb4d1fa81e4cb0358f24bc12ffe12d50c844fa99943d66676
https://immigratetobrazil.com/pt-br/countries/malawi/,pt-br/countries/malawi/index.html,171c2f1da66e2928770164ed77d44bb93a27022e6fb3b975e6d3af8df6996b9c
https://immigratetobrazil.com/pt-br/countries/malaysia/,pt-br/countries/malaysia/index.html,75dc07c71b9e8ba1442e0e64cf6cd96086c061b70691cb8e5ce33331a02038fc
https://immigratetobrazil.com/pt-br/countries/maldives/,pt-br/countries/maldives/index.html,d829181c9941adc7320860b4a9fb7680de43830d1485f057a540e7a9698fa0d4
https://immigratetobrazil.com/pt-br/countries/mali/,pt-br/countries/mali/index.html,ef351ca4329c263088ac566d5711d126aab0c35a37b99d24c03c20089e65c597
https://immigratetobrazil.com/pt-br/countries/malta/,pt-br/countries/malta/index.html,55d044e727483aa629a962e1e47f4b95596ed8614f454a717a6c7372c4ef8ed4
https://immigratetobrazil.com/pt-br/countries/marshall-islands/,pt-br/countries/marshall-islands/index.html,697f126cba5039e96318e961cb2123639be50ae4f8df5652c3a3029a4c783915
https://immigratetobrazil.com/pt-br/countries/mauritania/,pt-br/countries/mauritania/index.html,a85bbd2321f7326909f367363e4fb8036222f4f9a4090f422794d26672919d56
https://immigratetobrazil.com/pt-br/countries/mauritius/,pt-br/countries/mauritius/index.html,1558029e049ba91e4b99d8f4ff791219c44484288da8c827895cb1966617b04e
https://immigratetobrazil.com/pt-br/countries/mexico/,pt-br/countries/mexico/index.html,7faddae3f36ea67d20235f027727fa9acc13f553e407976b78ee4c9952cc9c42
https://immigratetobrazil.com/pt-br/countries/micronesia/,pt-br/countries/micronesia/index.html,c26f97e2aefc274831e78f09a55179fe95092217a9a13bbb3c761a8d29d50539
https://immigratetobrazil.com/pt-br/countries/moldova/,pt-br/countries/moldova/index.html,0d2c3337b34675e8eccff061bd31c8b5536b11402140633748c1703586ccc79a
https://immigratetobrazil.com/pt-br/countries/monaco/,pt-br/countries/monaco/index.html,33ac86faaccb13c236302e5b5d15eef7de2087a9905eb705befcdef444fcc200
https://immigratetobrazil.com/pt-br/countries/mongolia/,pt-br/countries/mongolia/index.html,3de4bdce3b0ef406418df9d1a0c2812ad56f60feeba0ad8d9885f2eb03c2f958
https://immigratetobrazil.com/pt-br/countries/montenegro/,pt-br/countries/montenegro/index.html,41e838552be28cfbc41f7d35aa6c80a79d5783ce918c92d3d0981fb6e969cecf
https://immigratetobrazil.com/pt-br/countries/morocco/,pt-br/countries/morocco/index.html,714c3d50101e5d04706a6f44d1b4ed09725df10d5ce2b23174df67d4ced43555
https://immigratetobrazil.com/pt-br/countries/mozambique/,pt-br/countries/mozambique/index.html,417ca6040bf0968aecec1d052865450929bbe013c9b30b7b95b2ff45566d8302
https://immigratetobrazil.com/pt-br/countries/myanmar/,pt-br/countries/myanmar/index.html,988d9175fe810148534fc244f51825c5236c3c22de009ad1cfd64e5b3d1b21e8
https://immigratetobrazil.com/pt-br/countries/namibia/,pt-br/countries/namibia/index.html,271f376bff4a4782d579fff9cf7161e40fdcf93a873299f0003af6d00d0c8f58
https://immigratetobrazil.com/pt-br/countries/nauru/,pt-br/countries/nauru/index.html,666a26de13d2e0f2ddd4459b84c2d4d4f9f8d2ffec519c50b253d55cdfacbd20
https://immigratetobrazil.com/pt-br/countries/nepal/,pt-br/countries/nepal/index.html,017d7dd000eb4d29ac1fefff09d4e9ac745da878619373599accee910dfde534
https://immigratetobrazil.com/pt-br/countries/netherlands/,pt-br/countries/netherlands/index.html,bef2a309c4ce2dfd147c0b7f66730446ac120b0752a11c1657d3be2d07734402
https://immigratetobrazil.com/pt-br/countries/new-zealand/,pt-br/countries/new-zealand/index.html,924de57d88d9a0dfff25630a92c22c61091ebaa87f7ed824b85f8b2a0d18977c
https://immigratetobrazil.com/pt-br/countries/nicaragua/,pt-br/countries/nicaragua/index.html,f3a16b3a54a215b7d66ad280d40fe34ac81261df0169380fb3e126b881cc7df6
https://immigratetobrazil.com/pt-br/countries/niger/,pt-br/countries/niger/index.html,91809fb1b2635d5f0dda3e7d9a6ab0304ac0c0acefcef63deddf0aeaa78dfcb4
https://immigratetobrazil.com/pt-br/countries/nigeria/,pt-br/countries/nigeria/index.html,b6cdf0b71b15465035c09039b952f4f75b694fff96191df44e2bf44f5868c6b7
https://immigratetobrazil.com/pt-br/countries/north-korea/,pt-br/countries/north-korea/index.html,6a693f1aad6a5f07480562cc1e9a1af526868244424b07338d1a83b873f8555b
https://immigratetobrazil.com/pt-br/countries/north-macedonia/,pt-br/countries/north-macedonia/index.html,ae93a6ee9734a44d8e9de733970238563dcd0b1885c23d1be920aef2cf285470
https://immigratetobrazil.com/pt-br/countries/norway/,pt-br/countries/norway/index.html,9952b70dbc60078d7ab53270e232bb9f0d87c41f30b8e66bac84807cf8b75c68
https://immigratetobrazil.com/pt-br/countries/oman/,pt-br/countries/oman/index.html,b8c0489e4e341eef936737d854c8de17b5d4c53a464af1e0a088528a657c3c02
https://immigratetobrazil.com/pt-br/countries/pakistan/,pt-br/countries/pakistan/index.html,81c42492fe3c73136972811bfc53f421c01336b414273e413b9dd8a9f19512d0
https://immigratetobrazil.com/pt-br/countries/palau/,pt-br/countries/palau/index.html,11940398e2ecfb6847218214857e57862987c8e07d716325ca154b0f18977016
https://immigratetobrazil.com/pt-br/countries/palestine/,pt-br/countries/palestine/index.html,088c0245e00d0e71d5f0cf7e471d0b100d0321a5b592fff828c64cea41563602
https://immigratetobrazil.com/pt-br/countries/panama/,pt-br/countries/panama/index.html,7011b7a06dbc6f6b88ed00562f94a4dddec77161ae1ec0be98d9a3782cfba09b
https://immigratetobrazil.com/pt-br/countries/papua-new-guinea/,pt-br/countries/papua-new-guinea/index.html,8a83ad874b1c006c06c6a5561f0a4005910e488b1128090137ff7bef7749b141
https://immigratetobrazil.com/pt-br/countries/paraguay/,pt-br/countries/paraguay/index.html,7fb912b312410f80dd4f13e89d9a35cf952501b2a3c4628ee8657e9ef6847b6b
https://immigratetobrazil.com/pt-br/countries/peru/,pt-br/countries/peru/index.html,e0455639490206943169528c9719fd2c8ecf3f9df6944c5629c72083e5556e48
https://immigratetobrazil.com/pt-br/countries/philippines/,pt-br/countries/philippines/index.html,e76f99abd245f84022b67c7f2ac92d223a40a6c63d724249a855921a2087ebb5
https://immigratetobrazil.com/pt-br/countries/poland/,pt-br/countries/poland/index.html,f52a6779ae40836a4528526502386422552641827a9da713597a0ec897bd6989
https://immigratetobrazil.com/pt-br/countries/portugal/,pt-br/countries/portugal/index.html,1bd08d5164ea9db76eb7fbb4f32c3f1e4aeef07854c2ed90de9764616f173cfa
https://immigratetobrazil.com/pt-br/countries/qatar/,pt-br/countries/qatar/index.html,c323ec7e28fcfcc5c776c394472249ed8fa327690c70a5ad3a14c898cd413fdb
https://immigratetobrazil.com/pt-br/countries/romania/,pt-br/countries/romania/index.html,bea54ef1fa83808a5713372005cd1e9a23ec679a994f38dcaeb4e0d81e6c96b3
https://immigratetobrazil.com/pt-br/countries/russia/,pt-br/countries/russia/index.html,492b0c2f8334bbde90cb54f1e8c06cc78e1859c7746b5189b48a38e5e1e7d6e9
https://immigratetobrazil.com/pt-br/countries/rwanda/,pt-br/countries/rwanda/index.html,9acbe14aae922abcdb758be6d72a0d5d5985d23111123ab8c463a63e6f82a5e3
https://immigratetobrazil.com/pt-br/countries/saint-kitts-and-nevis/,pt-br/countries/saint-kitts-and-nevis/index.html,33e13c50d0f71a3be94ca51b3cbb300a16b5b91efefc3ae90fb49d968c345d0e
https://immigratetobrazil.com/pt-br/countries/saint-lucia/,pt-br/countries/saint-lucia/index.html,60cc2fecf500b90dd91795523a7370350413afe23a30a0595298e1e27f8c2b11
https://immigratetobrazil.com/pt-br/countries/saint-vincent-and-the-grenadines/,pt-br/countries/saint-vincent-and-the-grenadines/index.html,a4fc68e97aa3899e91a8450ea4441ff876ca9890b9859f48f431776ca25b9aa0
https://immigratetobrazil.com/pt-br/countries/samoa/,pt-br/countries/samoa/index.html,f63625fa6c419b50101b721ac0af48a27176e8a8ace999da01b1b01f543bc931
https://immigratetobrazil.com/pt-br/countries/san-marino/,pt-br/countries/san-marino/index.html,8142f8fcee975903a2765ac0246eeb7eec93c5329386ab938d4f18d70c926eb7
https://immigratetobrazil.com/pt-br/countries/sao-tome-and-principe/,pt-br/countries/sao-tome-and-principe/index.html,e10ce96ee01c0e7346700acc5922fc34a0b517004b3c9bee68aa5fa0d6d96693
https://immigratetobrazil.com/pt-br/countries/saudi-arabia/,pt-br/countries/saudi-arabia/index.html,c8b637b0c4449e3973fae7927e84585063f11374db297c70f18225adc927f3b4
https://immigratetobrazil.com/pt-br/countries/senegal/,pt-br/countries/senegal/index.html,94418894fa105b2dcc8df00e5d830d0aeda1643699ef060840a9d1035fc8cab1
https://immigratetobrazil.com/pt-br/countries/serbia/,pt-br/countries/serbia/index.html,704f4b0a081f8e482ec809ff8c53839328185a7aa88aca020b0060eae43b0967
https://immigratetobrazil.com/pt-br/countries/seychelles/,pt-br/countries/seychelles/index.html,e3f4568d2151fad4857f40dcead2b3caf52541c73a5be66f6d9ad7e3457a4495
https://immigratetobrazil.com/pt-br/countries/sierra-leone/,pt-br/countries/sierra-leone/index.html,fdc24da2e260516124dc454efb12b761670228c2dfe397d1fc30230961864751
https://immigratetobrazil.com/pt-br/countries/singapore/,pt-br/countries/singapore/index.html,7e92802b12b3b280233c8a59453894984996dd25adab84b1e90b323754ebf0d9
https://immigratetobrazil.com/pt-br/countries/slovakia/,pt-br/countries/slovakia/index.html,01dc12cdf91595e10975f647b745ad31778772bcf59e736284092846b5aa7772
https://immigratetobrazil.com/pt-br/countries/slovenia/,pt-br/countries/slovenia/index.html,c999f9832bf4db014844f8b3e2ba1dcbe7ebfba7b4a3b43e1ca5c7ff670d2951
https://immigratetobrazil.com/pt-br/countries/solomon-islands/,pt-br/countries/solomon-islands/index.html,dfcc8d790211a90e318355e62acbd7e382e71fee51e2b9734cbaea5ed7cc20c9
https://immigratetobrazil.com/pt-br/countries/somalia/,pt-br/countries/somalia/index.html,2c4c1153cb61f67046eca1ea8d1a3c7728a30400bdaf001e4b8b53958564e05b
https://immigratetobrazil.com/pt-br/countries/south-africa/,pt-br/countries/south-africa/index.html,bdd2908c0607795d979f1b18f10f7f680ff730c065cc1d66339f302648579116
https://immigratetobrazil.com/pt-br/countries/south-korea/,pt-br/countries/south-korea/index.html,9ca8b0f0e2a309ab4ea76fc365d3f5975d87b491a99c1818287aa7e57dbc53bf
https://immigratetobrazil.com/pt-br/countries/south-sudan/,pt-br/countries/south-sudan/index.html,8b61e58261879eefef324cbfaa365dd8499bd70cbd4b44617eb264e49493ac6a
https://immigratetobrazil.com/pt-br/countries/spain/,pt-br/countries/spain/index.html,4c75739014bc4243558f1f1277f3b8ffc4a34bf8525c90ceea22a6c89e696607
https://immigratetobrazil.com/pt-br/countries/sri-lanka/,pt-br/countries/sri-lanka/index.html,c11c43c0794650196ce58ea4dfcfb04bf438fc79e20c63385babb95a0bf46dd7
https://immigratetobrazil.com/pt-br/countries/sudan/,pt-br/countries/sudan/index.html,968f7d2d038113a92a8907f2ff26abf0fd725bd5c16958af8da2c3f87bf8e1d8
https://immigratetobrazil.com/pt-br/countries/suriname/,pt-br/countries/suriname/index.html,20d5c68c0db5d54440fcedbb9a1fb3ab8332b078cca865b965d8c87cf4a78ff5
https://immigratetobrazil.com/pt-br/countries/sweden/,pt-br/countries/sweden/index.html,8e64f6e37d5b8010079e767b9e47df061a58004cba44406792b1d7e908b9a1ba
https://immigratetobrazil.com/pt-br/countries/switzerland/,pt-br/countries/switzerland/index.html,20a3effca24e4b87f8555b6c651beed1f7c0f3de898b99b827d27763a2b439cd
https://immigratetobrazil.com/pt-br/countries/syria/,pt-br/countries/syria/index.html,bd7f9bb98569f457552d7f19ffc6eacc2cfd868319de1b284532bf263f4b25c6
https://immigratetobrazil.com/pt-br/countries/tajikistan/,pt-br/countries/tajikistan/index.html,e6db63c7545a2536e6532b9c4936c88d0ab5a5873b1af799285f9286fb1ff85a
https://immigratetobrazil.com/pt-br/countries/tanzania/,pt-br/countries/tanzania/index.html,58608b940d717a9e3cc2c6519e6d46e6410a4ba7ae9abe0e6a1d28b897f41829
https://immigratetobrazil.com/pt-br/countries/thailand/,pt-br/countries/thailand/index.html,4f50ae8142fbe628a8ca52141da37347b55f8d30cbf68d76efdab8f1d6c2ac32
https://immigratetobrazil.com/pt-br/countries/timor-leste/,pt-br/countries/timor-leste/index.html,60ab304c54fbd9c2c44e13d95a2fa5906c32cfcd129fc326f915e72725cde086
https://immigratetobrazil.com/pt-br/countries/togo/,pt-br/countries/togo/index.html,a5e7abed468d81e4256d8038e223d1be3660967e35505b702bf9811a3ec98639
https://immigratetobrazil.com/pt-br/countries/tonga/,pt-br/countries/tonga/index.html,b13527c9a7648f6ac97b4cefc5ea24d3bf39ce683c61c09034cae3217aa67d28
https://immigratetobrazil.com/pt-br/countries/trinidad-and-tobago/,pt-br/countries/trinidad-and-tobago/index.html,1d1a79431707856840f385249aac83af7e4fbc167bb802b7e47f54c7fd5d9c3b
https://immigratetobrazil.com/pt-br/countries/tunisia/,pt-br/countries/tunisia/index.html,0baa2d8b322032e37490087687999c592704adbc0d6dffa7d7390b254274d39c
https://immigratetobrazil.com/pt-br/countries/turkey/,pt-br/countries/turkey/index.html,5d5ff33ef5a09d87d4b61a246a159c10639c8e823fa7fc78b79dcded9537f7b2
https://immigratetobrazil.com/pt-br/countries/turkmenistan/,pt-br/countries/turkmenistan/index.html,973e6a4b54984c41bdc598453e5ad86ed76c98a901c6dbeb0a4f0b9e6f2182f5
https://immigratetobrazil.com/pt-br/countries/tuvalu/,pt-br/countries/tuvalu/index.html,b0b5f531a72117714287084dd17efb2936acfa004b4b50092f74b92a7ccb614d
https://immigratetobrazil.com/pt-br/countries/uganda/,pt-br/countries/uganda/index.html,93b113ff39473203cd40386a14b2a89fad4614c89975582446f7b8dbe0eb3630
https://immigratetobrazil.com/pt-br/countries/ukraine/,pt-br/countries/ukraine/index.html,836507e894a01862929d17ac9a9a7114a38adf824d98a053ffa2ae33c3202124
https://immigratetobrazil.com/pt-br/countries/united-arab-emirates/,pt-br/countries/united-arab-emirates/index.html,c04ac873a248db78af2a05567823b7aba946e610a3ee0f36c416a49f39513739
https://immigratetobrazil.com/pt-br/countries/united-kingdom/,pt-br/countries/united-kingdom/index.html,07dff16ee740a1126564e981513c7f47aa0412e345f5c111e28481adaed24bb8
https://immigratetobrazil.com/pt-br/countries/united-states/,pt-br/countries/united-states/index.html,d76a6e49697c01df5b07d51652ffe8c0c7dae86f06850189d55b17c0ef8525a8
https://immigratetobrazil.com/pt-br/countries/uruguay/,pt-br/countries/uruguay/index.html,559639a01b7256908ef866a1fe1f02b9e27e85f490b257c35a1489f52207607d
https://immigratetobrazil.com/pt-br/countries/uzbekistan/,pt-br/countries/uzbekistan/index.html,ff18d36280be9c1dc4424eea31be9c7ed614ccf32940c1e02ea023493d143408
https://immigratetobrazil.com/pt-br/countries/vanuatu/,pt-br/countries/vanuatu/index.html,2d6a0c2753ae721fdfac0552f3d31ca3f8999795f069ff2b0e78b3e3c7d50931
https://immigratetobrazil.com/pt-br/countries/vatican-city/,pt-br/countries/vatican-city/index.html,30e112a8a5661a6441029c7aa8b386a6f0f54485bf503894d7109bd2851dd919
https://immigratetobrazil.com/pt-br/countries/venezuela/,pt-br/countries/venezuela/index.html,5f854d2fe339343654f6ebbd2c06403d7736c8c69ae477dfe2e6cedbd47dc62f
https://immigratetobrazil.com/pt-br/countries/vietnam/,pt-br/countries/vietnam/index.html,b95ca16b1b437a55705356b5edccd6276386df20d28584ae257618bb2a1624fe
https://immigratetobrazil.com/pt-br/countries/yemen/,pt-br/countries/yemen/index.html,3a5e27d20108ba502ae5d6711e7aa41afcf4c1419cc45fd446eae81e8412942a
https://immigratetobrazil.com/pt-br/countries/zambia/,pt-br/countries/zambia/index.html,bd04a7a4add634cf477e5142fca0b47333ea89d53b64bcfc835904a4025361a6
https://immigratetobrazil.com/pt-br/countries/zimbabwe/,pt-br/countries/zimbabwe/index.html,6135a9f0d3a864538177a6c301f94efa2505b34c61146d895321ece81ba93ca6
https://immigratetobrazil.com/pt-br/insights/,pt-br/insights/index.html,639b690278763cbebbed803aefebccf024e30ac26ee331876aa299d88711624e
https://immigratetobrazil.com/pt-br/insights/blog/,pt-br/insights/blog/index.html,0b5d75cfb50980647ba01e4aa8d4b8b047559b572eba3a014e7e859afea3ccd3
https://immigratetobrazil.com/pt-br/insights/fyi/,pt-br/insights/fyi/index.html,c1846b35590dbeb7bd10c52a32b6f54af8eb14eada7148bd95e4d9fb0c680a08
https://immigratetobrazil.com/pt-br/insights/fyi/ant-nio-prado-rs-wins-un-tourism-seal-and-becomes-a-world-reference-the-charming/,pt-br/insights/fyi/ant-nio-prado-rs-wins-un-tourism-seal-and-becomes-a-world-reference-the-charming/index.html,497b49ea995e040c2d5d4586c597693c250826bd96863d3bd1169fd656d40dd7
https://immigratetobrazil.com/pt-br/insights/fyi/ant-nio-prado-village-brazil-s-italian-heritage-gains-global-recognition-the-charming/,pt-br/insights/fyi/ant-nio-prado-village-brazil-s-italian-heritage-gains-global-recognition-the-charming/index.html,ee064d400258c2407f02120e60674afb43cb8e2d9ff7f773f17d4c2a89fcec41
https://immigratetobrazil.com/pt-br/insights/fyi/attention-what-to-avoid-in-the-airport-restricted-area-being-in-a-restricted-area-of/,pt-br/insights/fyi/attention-what-to-avoid-in-the-airport-restricted-area-being-in-a-restricted-area-of/index.html,4d2b15a697e4188afb7e3bea6733cb3e0d9c7fda5e0db4c070a951e932b3b492
https://immigratetobrazil.com/pt-br/insights/fyi/beninese-citizenship-the-symbolic-return-of-thousands-of-afro-brazilians-to-their/,pt-br/insights/fyi/beninese-citizenship-the-symbolic-return-of-thousands-of-afro-brazilians-to-their/index.html,767a97398e9c9caccd5e8201890a20ab71adc1fe1ef4e0c4baaa276518250f2c
https://immigratetobrazil.com/pt-br/insights/fyi/bomb-in-suitcase-joke-leads-passenger-to-arrest-at-bras-lia-airport-in-news-recently/,pt-br/insights/fyi/bomb-in-suitcase-joke-leads-passenger-to-arrest-at-bras-lia-airport-in-news-recently/index.html,95c3a5bd885a6c2a53cb1a8447f12a26b1306c51866ea0fdb4bcc51ea41b392c
https://immigratetobrazil.com/pt-br/insights/fyi/brazil-and-india-extend-visa-validity-to-10-years-brazil-and-india-signed-a/,pt-br/insights/fyi/brazil-and-india-extend-visa-validity-to-10-years-brazil-and-india-signed-a/index.html,aa008a82cf121c30a38e685afab3f4a73806c168312813871a99e350bab7149c
https://immigratetobrazil.com/pt-br/insights/fyi/brazil-broadens-visitor-visa-rules-to-allow-technical-and-technology-transfer-work/,pt-br/insights/fyi/brazil-broadens-visitor-visa-rules-to-allow-technical-and-technology-transfer-work/index.html,501242d3724d97dd8b6078f0c5e91cf7733589b845278c445a346de9f928cea7
https://immigratetobrazil.com/pt-br/insights/fyi/brazil-legal-insight-from-instagram-post-2/,pt-br/insights/fyi/brazil-legal-insight-from-instagram-post-2/index.html,964b00c52d7c80041dc32ecb098064a6c2bfdf507b7a9b0713c44fbb1c46570b
https://immigratetobrazil.com/pt-br/insights/fyi/brazil-legal-insight-from-instagram-post-3/,pt-br/insights/fyi/brazil-legal-insight-from-instagram-post-3/index.html,0c33fcf2d02d93b1cb2451faafb5171ef2aad0836c1a24c43d6c128c435d90d4
https://immigratetobrazil.com/pt-br/insights/fyi/brazil-legal-insight-from-instagram-post/,pt-br/insights/fyi/brazil-legal-insight-from-instagram-post/index.html,a2cbf794e3eb52e8a4543bdbb52746e520c0a6c8d2196cb8f624ccb96ec55833
https://immigratetobrazil.com/pt-br/insights/fyi/brazil-makes-the-top-10/,pt-br/insights/fyi/brazil-makes-the-top-10/index.html,e41e36c466b1eb5b0662fe705eb3be6e959c459c01ef40103d3d494d66731e6a
https://immigratetobrazil.com/pt-br/insights/fyi/brazil-s-carnival-holiday-carnival-in-brazil-is-a-vibrant-festival-that/,pt-br/insights/fyi/brazil-s-carnival-holiday-carnival-in-brazil-is-a-vibrant-festival-that/index.html,27e758d68c8cb3edafc9aaabab301322928bf1619063a06f37490b57db3c82eb
https://immigratetobrazil.com/pt-br/insights/fyi/brazil-s-digital-nomad-visa-is-a-trending-choice/,pt-br/insights/fyi/brazil-s-digital-nomad-visa-is-a-trending-choice/index.html,fe99ba0db1cd350f2a3279c56e0b5653914b1c6b3a914e5f758117d1b324fbee
https://immigratetobrazil.com/pt-br/insights/fyi/brazil-s-paraty-city-recognised-as-one-of-the-world-s-most-beautiful-villages-paraty/,pt-br/insights/fyi/brazil-s-paraty-city-recognised-as-one-of-the-world-s-most-beautiful-villages-paraty/index.html,53c05079fc96b1bd85ce8feab09185363ec1f44b10df4ac8d4c48ecf77c0f94a
https://immigratetobrazil.com/pt-br/insights/fyi/brazil-s-working-holiday-visa-for-young-travellers-from-select-countries/,pt-br/insights/fyi/brazil-s-working-holiday-visa-for-young-travellers-from-select-countries/index.html,c0961add3d031b6340ec0608f2eefec965b7ac414c54ae40966279dd6e13b89c
https://immigratetobrazil.com/pt-br/insights/fyi/brazilians-around-the-world-where-of-the-largest-communities-live/,pt-br/insights/fyi/brazilians-around-the-world-where-of-the-largest-communities-live/index.html,dd912f9f83bee520525c96054dbdbc9ee09727bdbecb1a48e9ec836517ea6772
https://immigratetobrazil.com/pt-br/insights/fyi/china-extends-visa-exemption-for-brazilians-until-the-end-of-2026-china/,pt-br/insights/fyi/china-extends-visa-exemption-for-brazilians-until-the-end-of-2026-china/index.html,920dcf37c25c63214e80e0884215892011045aa2845f8d2f2a4d92cad2f8e7ba
https://immigratetobrazil.com/pt-br/insights/fyi/did-you-know-portugal-signed-a-historic-decree-to-recognize-the-national-driving/,pt-br/insights/fyi/did-you-know-portugal-signed-a-historic-decree-to-recognize-the-national-driving/index.html,90a4ac9faf40b1ffd232f7de887d3ba313899a137ec16268ff57401cd125c3fc
https://immigratetobrazil.com/pt-br/insights/fyi/federal-government-launches-official-page-on-definitive-tax-exit-from-brazil-the/,pt-br/insights/fyi/federal-government-launches-official-page-on-definitive-tax-exit-from-brazil-the/index.html,b483fb1df922706335e75ce71b2691fe92f6bfcc59f0901f54c1e8eae4a5c857
https://immigratetobrazil.com/pt-br/insights/fyi/guarulhos-airport-reinforces-liquid-inspection-attention-travelers/,pt-br/insights/fyi/guarulhos-airport-reinforces-liquid-inspection-attention-travelers/index.html,df07f205a7263e7f25a6fc9083e838c717092ffc375a860f8e4984dc7266394d
https://immigratetobrazil.com/pt-br/insights/fyi/happy-new-year-happy-new-year-if-you-haven-t-started-planning-your-year-yet-this-is/,pt-br/insights/fyi/happy-new-year-happy-new-year-if-you-haven-t-started-planning-your-year-yet-this-is/index.html,f83bece1a93763cfa40f2d052570ece94473ce43eb31397d743e9f0717fc7717
https://immigratetobrazil.com/pt-br/insights/fyi/immigrant-children-in-brazil-how-provisional-naturalization-works-it-is-a-form-of/,pt-br/insights/fyi/immigrant-children-in-brazil-how-provisional-naturalization-works-it-is-a-form-of/index.html,85a87da898d710f0f8957a2ab1b1114714ba97cd08ba17c22583645d72a5a1e1
https://immigratetobrazil.com/pt-br/insights/fyi/international-buyers-can-purchase-property-in-brazil-how-does-it-work/,pt-br/insights/fyi/international-buyers-can-purchase-property-in-brazil-how-does-it-work/index.html,6165aae84cb044f107213be350ea497047a4f54ed4f275a71425ce00390b36c0
https://immigratetobrazil.com/pt-br/insights/fyi/italy-allows-large-dogs-in-the-airplane-cabin-for-the-first-time-in-the-world/,pt-br/insights/fyi/italy-allows-large-dogs-in-the-airplane-cabin-for-the-first-time-in-the-world/index.html,3de46d4d34384fa75fbd2e688f37ece05057ad579a2597921326d1e82e60e362
https://immigratetobrazil.com/pt-br/insights/fyi/italy-plans-almost-500-000-work-visas-for-non-europeans-by-2028-the-government/,pt-br/insights/fyi/italy-plans-almost-500-000-work-visas-for-non-europeans-by-2028-the-government/index.html,1ea9d478d29c43d00944ddc7de7ac99015cf5d0076a3118095619f0b0396d06b
https://immigratetobrazil.com/pt-br/insights/fyi/new-criteria-on-health-could-restrict-the-granting-of-us-visas-the-government-of-the/,pt-br/insights/fyi/new-criteria-on-health-could-restrict-the-granting-of-us-visas-the-government-of-the/index.html,20aef3b8b2b3fae50ef0b94971fd23f4796107c460006b7fa914e6cdcefa6a9d
https://immigratetobrazil.com/pt-br/insights/fyi/new-fee-on-international-connections-in-peru-could-change-the-game-for-those-stopping/,pt-br/insights/fyi/new-fee-on-international-connections-in-peru-could-change-the-game-for-those-stopping/index.html,b22190d0907ebdf6d245efe5e582663cda9904f189a26775231139f074eb8359
https://immigratetobrazil.com/pt-br/insights/fyi/pathways-to-brazilian-citizenship-for-parents-and-siblings-of-brazilian-children/,pt-br/insights/fyi/pathways-to-brazilian-citizenship-for-parents-and-siblings-of-brazilian-children/index.html,2842d8dfce237be45c40c36f47d85e3bf403b1d81062ed4f11155a5ed7e8cf87
https://immigratetobrazil.com/pt-br/insights/fyi/portugal-ends-the-old-work-search-visa-and-creates-a-new-modality-visa-to-search/,pt-br/insights/fyi/portugal-ends-the-old-work-search-visa-and-creates-a-new-modality-visa-to-search/index.html,e1b0fcf81aa2a1f3ee86fdd1d5576598d420b096e3f8dc7df66726108c190fa9
https://immigratetobrazil.com/pt-br/insights/fyi/sistema-ees-entra-em-vigor-nos-aeroportos-europa-aperta-o-cerco-a-quem-ultrapassa-o/,pt-br/insights/fyi/sistema-ees-entra-em-vigor-nos-aeroportos-europa-aperta-o-cerco-a-quem-ultrapassa-o/index.html,8e2296679a7b9d53b4a64d2cf9fec0cfa1dd7158865c307c4be93d1da30d324b
https://immigratetobrazil.com/pt-br/insights/fyi/things-you-should-never-of-in-the-airport-s-restricted-area-being-in-an-airport-s/,pt-br/insights/fyi/things-you-should-never-of-in-the-airport-s-restricted-area-being-in-an-airport-s/index.html,6aeacb77d2a5dc38b46af5659a2bf140ca74ee622533a6f9dd6f2c3098b65c0e
https://immigratetobrazil.com/pt-br/insights/fyi/tourism-in-brazil-hits-historic-record-with-nearly-8-million-international-arrivals-in/,pt-br/insights/fyi/tourism-in-brazil-hits-historic-record-with-nearly-8-million-international-arrivals-in/index.html,36774e5bf948df39e3acc7f976a48aaee3956fd24e36361829e41c7fff6a1d87
https://immigratetobrazil.com/pt-br/insights/fyi/travelling-solo-with-your-child-important-name-mismatch-considerations-a-parent/,pt-br/insights/fyi/travelling-solo-with-your-child-important-name-mismatch-considerations-a-parent/index.html,4026187a84795542b6f901240e4c15aeff33f80ba0e3367b9a55d80a1924cd13
https://immigratetobrazil.com/pt-br/insights/fyi/united-kingdom-makes-changes-to-its-asylum-policy-the-united-kingdom-announced/,pt-br/insights/fyi/united-kingdom-makes-changes-to-its-asylum-policy-the-united-kingdom-announced/index.html,d94e5a57609b9be0ed0c46612aa6584c77b71cc03f580204d50995156cec3611
https://immigratetobrazil.com/pt-br/insights/fyi/usa-suspends-issuing-immigrant-visas-to-brazilians-the-united-states-announced-the/,pt-br/insights/fyi/usa-suspends-issuing-immigrant-visas-to-brazilians-the-united-states-announced-the/index.html,14b07adf721e4592c9ec8e4b8c6d1d9401bef02cc572009b4b8385c3ea22643a
https://immigratetobrazil.com/pt-br/insights/fyi/valorizando-o-brazil-a-vila-brasileira-reconhecida-entre-as-mais-bonitas-of-mundo/,pt-br/insights/fyi/valorizando-o-brazil-a-vila-brasileira-reconhecida-entre-as-mais-bonitas-of-mundo/index.html,8a83a6d73a6e274d78cbc105c2e86346273e858ddf192b7a580b91deb8c5e1cb
https://immigratetobrazil.com/pt-br/insights/fyi/volunteer-visa-for-work-in-non-profit-and-international-organisations-in-brazil/,pt-br/insights/fyi/volunteer-visa-for-work-in-non-profit-and-international-organisations-in-brazil/index.html,84543ae5f8032ef2c65d3e63508c7c8c0c36eeed8262158f33d199688e113026
https://immigratetobrazil.com/pt-br/insights/fyi/what-are-the-steps-to-legally-move-and-live-in-brazil/,pt-br/insights/fyi/what-are-the-steps-to-legally-move-and-live-in-brazil/index.html,d5c3d4b38cf7174b5dfc1e6c741814f405060ce8d184090c3caae7b994d114f8
https://immigratetobrazil.com/pt-br/insights/fyi/when-that-traveler-from-a-cold-country-comes-to-brazil-and-feels-amazed-with-the/,pt-br/insights/fyi/when-that-traveler-from-a-cold-country-comes-to-brazil-and-feels-amazed-with-the/index.html,d2e2f86c5436eaa0356f33a581920e7af699b5449556059c695e52932a84cf01
https://immigratetobrazil.com/pt-br/insights/fyi/why-brazil-s-student-visa-vitem-iv-absolutely-beats-the-us-f-1-you-land/,pt-br/insights/fyi/why-brazil-s-student-visa-vitem-iv-absolutely-beats-the-us-f-1-you-land/index.html,11633446579f26931454aa02dec93aa2e0fd363b4f044a98f2aba754631c60ae
https://immigratetobrazil.com/pt-br/insights/general/,pt-br/insights/general/index.html,3f887c746a5d76fdfe629111fe58157fbfc31a2bf4e2e12554d7c6a9daf116a8
https://immigratetobrazil.com/pt-br/insights/guides/,pt-br/insights/guides/index.html,804f9d6cef7a6cd51d3d4b744420a887af88c2b6df06a535066711d92a89d3c1
https://immigratetobrazil.com/pt-br/insights/guides/are-you-a-tourist-in-brazil-and-want-to-live-here/,pt-br/insights/guides/are-you-a-tourist-in-brazil-and-want-to-live-here/index.html,386d0baf25c40ec5c495b56ebafca6057dd05589cac6e589f2ab6fe18b6fdf0a
https://immigratetobrazil.com/pt-br/insights/guides/are-you-dreaming-of-getting-a-green-card-but-worried-about-the-sponsor/,pt-br/insights/guides/are-you-dreaming-of-getting-a-green-card-but-worried-about-the-sponsor/index.html,3fbd986fe5afcdef8766a930bd95da6be0b62db935717e1106e3dbf560e4c5f5
https://immigratetobrazil.com/pt-br/insights/guides/can-football-fans-sing-homophobic-chants/,pt-br/insights/guides/can-football-fans-sing-homophobic-chants/index.html,081eaebaf2f07de0325a6e3899982232e1f8a49117e7e7adb6841486d2efc724
https://immigratetobrazil.com/pt-br/insights/guides/can-i-bring-my-familia-family-to-brazil-if-i-have-a-work-visa/,pt-br/insights/guides/can-i-bring-my-familia-family-to-brazil-if-i-have-a-work-visa/index.html,3f698de606ec948de52c4a08f6b37dec463c10f71bf75def46d7cc912f775391
https://immigratetobrazil.com/pt-br/insights/guides/did-the-bank-lower-your-credit-limit-or-cancel-your-account-suddenly/,pt-br/insights/guides/did-the-bank-lower-your-credit-limit-or-cancel-your-account-suddenly/index.html,dbb8a3a8ea30a5a2873757f1886a13d886c10d54f6492c0607aac5a120919880
https://immigratetobrazil.com/pt-br/insights/guides/did-you-know-that-anyone-who-buys-their-first-residential-property-fin/,pt-br/insights/guides/did-you-know-that-anyone-who-buys-their-first-residential-property-fin/index.html,a7beb5d24de163eb07f140c7f1d635cfc54b3537376ccf72d784d34a8b421d3f
https://immigratetobrazil.com/pt-br/insights/guides/did-you-know-that-brazilian-naturalization-can-open-doors-to-incredibl-2/,pt-br/insights/guides/did-you-know-that-brazilian-naturalization-can-open-doors-to-incredibl-2/index.html,580bc9eec9347ea8e8c35332a99f2228368592a71617c5ec15632be78acbc6db
https://immigratetobrazil.com/pt-br/insights/guides/did-you-know-that-brazilian-naturalization-can-open-doors-to-incredibl/,pt-br/insights/guides/did-you-know-that-brazilian-naturalization-can-open-doors-to-incredibl/index.html,28b176ad75ec09296fff9bad0ea1403ea6d79de867f53ef81af944840e8ff2b7
https://immigratetobrazil.com/pt-br/insights/guides/do-i-need-to-get-my-diploma-from-my-home-country-validated-in-brazil/,pt-br/insights/guides/do-i-need-to-get-my-diploma-from-my-home-country-validated-in-brazil/index.html,ae14a8c3a7f3ae229e305245cf81b2f781de7bfdab5ee718aba4154ea7b90b67
https://immigratetobrazil.com/pt-br/insights/guides/do-you-dream-of-getting-a-green-card-but-are-concerned-about-the-requi/,pt-br/insights/guides/do-you-dream-of-getting-a-green-card-but-are-concerned-about-the-requi/index.html,65c7db15d1c3232d2e920716b178ac6f6db61ace6579373566eb1ebbedc6945d
https://immigratetobrazil.com/pt-br/insights/guides/do-you-want-to-live-in-brazil-and-invest-intelligently/,pt-br/insights/guides/do-you-want-to-live-in-brazil-and-invest-intelligently/index.html,1f5f469dfdb30c6f402ec13f1ba6475b58906b26ac105033dc8004f962acf6b3
https://immigratetobrazil.com/pt-br/insights/guides/have-you-ever-wondered-what-happens-if-a-child-support-decision-for-a/,pt-br/insights/guides/have-you-ever-wondered-what-happens-if-a-child-support-decision-for-a/index.html,8db7a236e6dd69c50e485f25b0a61a34b89ae37bebb75e5178e61cfc70482163
https://immigratetobrazil.com/pt-br/insights/guides/have-you-paid-a-debt-at-a-discount-but-your-name-remains-subject-to-in/,pt-br/insights/guides/have-you-paid-a-debt-at-a-discount-but-your-name-remains-subject-to-in/index.html,ca290f67cc38db632ea28ff1976787489bcd0852476676946be0fa227cf8fcc2
https://immigratetobrazil.com/pt-br/insights/guides/how-can-i-keep-in-touch-with-my-child-in-brazil-if-i-dont-live-there/,pt-br/insights/guides/how-can-i-keep-in-touch-with-my-child-in-brazil-if-i-dont-live-there/index.html,aa76c67a6aad5b786264aa9b11ccdd04ff32f92ec38707497abae28f3bacc040
https://immigratetobrazil.com/pt-br/insights/guides/how-can-i-keep-in-touch-with-my-child-located-in-brazil-if-i-don-t-liv/,pt-br/insights/guides/how-can-i-keep-in-touch-with-my-child-located-in-brazil-if-i-don-t-liv/index.html,a0f30a4f0b6979093645f15ae6dba390faecae079ff396fb6b356b594d2c93b6
https://immigratetobrazil.com/pt-br/insights/guides/how-long-does-it-take-to-get-brazilian-passport/,pt-br/insights/guides/how-long-does-it-take-to-get-brazilian-passport/index.html,7e53e7f17ebd9e2701efcbbc7963ca786ce40115addd0c684277ffc9912b37a5
https://immigratetobrazil.com/pt-br/insights/guides/how-long-does-it-take-to-obtain-brazilian-citizenship/,pt-br/insights/guides/how-long-does-it-take-to-obtain-brazilian-citizenship/index.html,13e507aaffcf14b362326f1b8839c31970157ae7a455d6d77359f514cacf15c9
https://immigratetobrazil.com/pt-br/insights/guides/how-to-schedule-an-immigration-interview-for-residency-with-the-federa/,pt-br/insights/guides/how-to-schedule-an-immigration-interview-for-residency-with-the-federa/index.html,c3d2c7ee9bdf6817c1e3b4e6085b5c79d118cdccf547d566569b3c8bac1a75ea
https://immigratetobrazil.com/pt-br/insights/guides/if-a-foreigner-has-a-child-in-brazil-does-he-have-the-automatic-right/,pt-br/insights/guides/if-a-foreigner-has-a-child-in-brazil-does-he-have-the-automatic-right/index.html,eeb7af3fcd4dfb5a5e18e38516e261eef80f047533a5d4940e7531276c3d35c0
https://immigratetobrazil.com/pt-br/insights/guides/immigration-x-emigration-do-you-know-the-difference/,pt-br/insights/guides/immigration-x-emigration-do-you-know-the-difference/index.html,49e7195a759cbdc8ed463fa48bb9f650733ea4730fe771a7c2e25fb7abdf8aca
https://immigratetobrazil.com/pt-br/insights/guides/is-a-marriage-celebrated-abroad-valid-in-brazil/,pt-br/insights/guides/is-a-marriage-celebrated-abroad-valid-in-brazil/index.html,a0eb5074e1a965fb60a9fc7729ddbc00d81415ddfd3be9d583dbd1f282194668
https://immigratetobrazil.com/pt-br/insights/guides/is-it-necessary-to-speak-portuguese-to-live-in-brazil/,pt-br/insights/guides/is-it-necessary-to-speak-portuguese-to-live-in-brazil/index.html,fd51d7b186b7adc46671ddbfca1f812baaa6c37f4bef1bf01f628f35a720dd87
https://immigratetobrazil.com/pt-br/insights/guides/is-it-true-that-there-were-changes-to-obtaining-an-american-visa/,pt-br/insights/guides/is-it-true-that-there-were-changes-to-obtaining-an-american-visa/index.html,b8b3c0e56f24200b03124199d31203afbd469eea281df598de8627b58eb307c0
https://immigratetobrazil.com/pt-br/insights/guides/living-in-brazil-and-had-an-issue-with-a-product-or-service/,pt-br/insights/guides/living-in-brazil-and-had-an-issue-with-a-product-or-service/index.html,5f0f6f2efba852b3f7c5cd276fde11a969f4a82353c00c1d0f47e3154359f8b5
https://immigratetobrazil.com/pt-br/insights/guides/the-visa-has-expired-will-i-have-to-pay-a-fine/,pt-br/insights/guides/the-visa-has-expired-will-i-have-to-pay-a-fine/index.html,6dc1c4328b211466a7b5a7870d9cd95b20a1ca65efabfad1a9dfe78820d54458
https://immigratetobrazil.com/pt-br/insights/guides/this-way-in-the-event-of-an-end-to-the-relationship-they-will-have-to/,pt-br/insights/guides/this-way-in-the-event-of-an-end-to-the-relationship-they-will-have-to/index.html,d79f2876d06cedfd71580cc9ccf6ac409d8d4a14452231129c27b96cbcbdc824
https://immigratetobrazil.com/pt-br/insights/guides/tourists-can-usually-stay-in-brazil-for-up-to-90-days-depending-on-vis/,pt-br/insights/guides/tourists-can-usually-stay-in-brazil-for-up-to-90-days-depending-on-vis/index.html,59b20017d5b33e9e5b0ca086ff6ade987b2f4ec5f9214d272991195e1fb1ad5a
https://immigratetobrazil.com/pt-br/insights/guides/want-to-live-in-brazil-while-investing-in-the-countrys-growth/,pt-br/insights/guides/want-to-live-in-brazil-while-investing-in-the-countrys-growth/index.html,dbd595349e499156c591836592ee0fecae905e391253316e6ed4636a4d1dc802
https://immigratetobrazil.com/pt-br/insights/guides/want-to-turn-your-investment-into-residency-in-brazil/,pt-br/insights/guides/want-to-turn-your-investment-into-residency-in-brazil/index.html,48e1c14eb0bf5b07699338838eb8517f49e98bd0f1b5e1997da85655c6b0e3f8
https://immigratetobrazil.com/pt-br/insights/guides/what-happens-during-an-immigration-consultation/,pt-br/insights/guides/what-happens-during-an-immigration-consultation/index.html,81237414fbf38bc0f256b9a5de6346c99106de6391a7949d60ece79ed788e111
https://immigratetobrazil.com/pt-br/insights/guides/what-rights-do-immigrants-have-in-brazil/,pt-br/insights/guides/what-rights-do-immigrants-have-in-brazil/index.html,28107b76dc51fdb196e54c57bb81e40c1d245ca0809c2c4705b9c6d231691b86
https://immigratetobrazil.com/pt-br/insights/guides/what-to-do-after-arriving-in-brazil-with-a-visa-that-allows-residency/,pt-br/insights/guides/what-to-do-after-arriving-in-brazil-with-a-visa-that-allows-residency/index.html,47857a1d26a9be5f19819d3e342c84d06619b03c66117091043ff4dbd180d6b0
https://immigratetobrazil.com/pt-br/insights/guides/when-a-brazilian-citizen-faces-problems-abroad-the-first-instance-of-s/,pt-br/insights/guides/when-a-brazilian-citizen-faces-problems-abroad-the-first-instance-of-s/index.html,181dde6316314b661b54adb526bc407a0fe8e20fa913c361ff6e363c61571d15
https://immigratetobrazil.com/pt-br/insights/guides/when-a-brazilian-resides-in-another-country-and-works-there-without-ea/,pt-br/insights/guides/when-a-brazilian-resides-in-another-country-and-works-there-without-ea/index.html,2c2eb21528946380e72fac87be8f47bbc276f21bfd632963590cf4cb1bfe7b5b
https://immigratetobrazil.com/pt-br/insights/guides/when-a-foreign-person-is-engaged-to-a-brazilian-citizen-and-intends-to/,pt-br/insights/guides/when-a-foreign-person-is-engaged-to-a-brazilian-citizen-and-intends-to/index.html,d4faaff870aaf14ad25ea16a083594c3b535dd60b5bbbe15ce49a2585fcfd7e2
https://immigratetobrazil.com/pt-br/insights/guides/when-a-foreign-person-is-engaged-to-a-brazilian-citizen-and-plans-to-g/,pt-br/insights/guides/when-a-foreign-person-is-engaged-to-a-brazilian-citizen-and-plans-to-g/index.html,bbf72997aa212555cc10836417f24622a125dc97782853f0987923c63cb53b69
https://immigratetobrazil.com/pt-br/insights/guides/when-a-person-from-abroad-arrives-in-brazil-this-person-has-the-right/,pt-br/insights/guides/when-a-person-from-abroad-arrives-in-brazil-this-person-has-the-right/index.html,a05ad8bba11a0b8670914b09276aa448b578d66237fbc285eef5a4ef356c7ffa
https://immigratetobrazil.com/pt-br/insights/guides/when-a-person-stays-in-the-united-states-beyond-the-time-allowed-as-a/,pt-br/insights/guides/when-a-person-stays-in-the-united-states-beyond-the-time-allowed-as-a/index.html,33bd2d28134e81970ed047616b9dd057f55b62bf7a62ae56f6878fb585f9fe7c
https://immigratetobrazil.com/pt-br/insights/guides/when-a-temporary-brazilian-visa-is-nearing-its-expiry-it-is-necessary/,pt-br/insights/guides/when-a-temporary-brazilian-visa-is-nearing-its-expiry-it-is-necessary/index.html,18bc59cfce3046d04a26676c3c0a129de22f7ef38a014e288b32f9ca5a2ce49e
https://immigratetobrazil.com/pt-br/insights/guides/when-a-us-visa-is-denied-the-consulate-does-not-provide-specific-detai/,pt-br/insights/guides/when-a-us-visa-is-denied-the-consulate-does-not-provide-specific-detai/index.html,9e7dae56805c208bbeb4815cc7be72b59fbe3a9ac31603e36131d1dfc84912c3
https://immigratetobrazil.com/pt-br/insights/guides/when-exchanging-money-during-international-travel-it-is-essential-to-b/,pt-br/insights/guides/when-exchanging-money-during-international-travel-it-is-essential-to-b/index.html,9ce5520a3f122023bb66dfd3c573f8467af78b58915756386f81900b3a4ecdef
https://immigratetobrazil.com/pt-br/insights/guides/when-exchanging-money-on-international-trips-it-is-essential-to-be-car/,pt-br/insights/guides/when-exchanging-money-on-international-trips-it-is-essential-to-be-car/index.html,8e55f4f0f7c8c34885b6e0bc9f0dd1294e5ba1369b5af354b81c6df838bf47ff
https://immigratetobrazil.com/pt-br/insights/guides/when-one-of-the-parents-is-a-foreigner-and-a-brazilian-child-is-born-t/,pt-br/insights/guides/when-one-of-the-parents-is-a-foreigner-and-a-brazilian-child-is-born-t/index.html,530dab42e0515fe6101290f9bd370c43701971d9e71aa4f1d1b1d17fd4e2653f
https://immigratetobrazil.com/pt-br/insights/guides/when-requested-the-resident-immigrant-card-may-take-60-to-90-days-to-b/,pt-br/insights/guides/when-requested-the-resident-immigrant-card-may-take-60-to-90-days-to-b/index.html,189c17e6c0b9f80cde87827aea15e638599c6556a1f133abc05bb61fc539a641
https://immigratetobrazil.com/pt-br/insights/guides/when-the-temporary-visa-granted-is-close-to-expiry-it-is-necessary-to/,pt-br/insights/guides/when-the-temporary-visa-granted-is-close-to-expiry-it-is-necessary-to/index.html,8967d4fd9237f6d9842e2ce66d5f384bdfeb7b8185f7afe0cc31882f16f0b9f2
https://immigratetobrazil.com/pt-br/insights/naturalisation/,pt-br/insights/naturalisation/index.html,3236e4213bae3f3af1eb78a7157d8d55aa180242664507e32c350b2f3da7b369
https://immigratetobrazil.com/pt-br/insights/naturalisation/a-child-born-in-brazil-has-in-general-the-right-to-brazilian-nationali/,pt-br/insights/naturalisation/a-child-born-in-brazil-has-in-general-the-right-to-brazilian-nationali/index.html,adac07e8397d0c1084a3d8ea735e511d117fe8ff16d522c86dd1ba852a8208c0
https://immigratetobrazil.com/pt-br/insights/naturalisation/a-recent-case-in-brazil-where-a-tourist-was-fined-the-equivalent-of-ne/,pt-br/insights/naturalisation/a-recent-case-in-brazil-where-a-tourist-was-fined-the-equivalent-of-ne/index.html,acdf82677aeed80347eec84a6f315f249bd89e75ee9fcde6253964c30c7b7265
https://immigratetobrazil.com/pt-br/insights/naturalisation/a-very-important-public-body-that-foreigners-should-know-about-when-li/,pt-br/insights/naturalisation/a-very-important-public-body-that-foreigners-should-know-about-when-li/index.html,dfd43e55a951f2ca352de8f1d8489cc8a2d0487ef419c839e16e7865ce2a7a70
https://immigratetobrazil.com/pt-br/insights/naturalisation/after-an-application-for-naturalization-was-denied-through-the-adminis/,pt-br/insights/naturalisation/after-an-application-for-naturalization-was-denied-through-the-adminis/index.html,1ae95cb403c504dcdaaee0997260f810b36b7f5d0b39bc65b170f1f6f30dbb1a
https://immigratetobrazil.com/pt-br/insights/naturalisation/after-the-naturalization-request-was-denied-administratively-an-action/,pt-br/insights/naturalisation/after-the-naturalization-request-was-denied-administratively-an-action/index.html,8c31db78e01354870dd350413faccc1914bb50aa2e1ce6d3d71352a10bf03a8e
https://immigratetobrazil.com/pt-br/insights/naturalisation/aire-is-a-vital-and-mandatory-registration-for-italian-citizens-living/,pt-br/insights/naturalisation/aire-is-a-vital-and-mandatory-registration-for-italian-citizens-living/index.html,58e44c4dc9068bb480d476250327cde683fb5b36aa0100f73e423d60e2523588
https://immigratetobrazil.com/pt-br/insights/naturalisation/as-of-late-july-2024-the-ministry-of-justice-and-public-security-mjsp/,pt-br/insights/naturalisation/as-of-late-july-2024-the-ministry-of-justice-and-public-security-mjsp/index.html,776c3fcb884d70a3ace232185c6634101c275a1acc594a2f87fb0eff3108e57e
https://immigratetobrazil.com/pt-br/insights/naturalisation/at-the-beginning-of-the-search-and-with-little-information-identifying/,pt-br/insights/naturalisation/at-the-beginning-of-the-search-and-with-little-information-identifying/index.html,d368ff2ce0b0a6b16ca0897b1f3d3975abcf56e215495ea6026b68f08323fc8c
https://immigratetobrazil.com/pt-br/insights/naturalisation/brazil-grants-permanent-residence-to-foreigners-through-different-type/,pt-br/insights/naturalisation/brazil-grants-permanent-residence-to-foreigners-through-different-type/index.html,b153e05a1442db9910636c584de1dcca577941f0c8113ffdc8072c7a378769fa
https://immigratetobrazil.com/pt-br/insights/naturalisation/brazil-legal-guidance-eligibility-and-process-2/,pt-br/insights/naturalisation/brazil-legal-guidance-eligibility-and-process-2/index.html,e4d50e7f5d85c61ae645c7631c3a66930e926ef1a2d3ea932e7efcdff1d8c198
https://immigratetobrazil.com/pt-br/insights/naturalisation/brazil-legal-guidance-eligibility-and-process-3/,pt-br/insights/naturalisation/brazil-legal-guidance-eligibility-and-process-3/index.html,f7866930b273499076cd253444ffa5f2fcc122488f28cf42ea9b0871c2618dd8
https://immigratetobrazil.com/pt-br/insights/naturalisation/brazil-legal-guidance-eligibility-and-process-4/,pt-br/insights/naturalisation/brazil-legal-guidance-eligibility-and-process-4/index.html,2c9ef89474ecdc89a784d9fabfb6fdf5304b26115640962904f7decb6e482ae2
https://immigratetobrazil.com/pt-br/insights/naturalisation/brazil-legal-guidance-eligibility-and-process/,pt-br/insights/naturalisation/brazil-legal-guidance-eligibility-and-process/index.html,eb0b8ff0f157199add7a32a321e3554d5c31ca7feabeb57370201ca555a4b795
https://immigratetobrazil.com/pt-br/insights/naturalisation/brazil-offers-a-special-form-of-naturalisation-for-foreigners-who-have/,pt-br/insights/naturalisation/brazil-offers-a-special-form-of-naturalisation-for-foreigners-who-have/index.html,6092990af83e4ce2df0d5ecbb5a466ce3f9f081df9151417b1aa7e2ea435d65d
https://immigratetobrazil.com/pt-br/insights/naturalisation/brazil-offers-a-special-form-of-naturalization-for-those-who-have-prov/,pt-br/insights/naturalisation/brazil-offers-a-special-form-of-naturalization-for-those-who-have-prov/index.html,bed397cae93902398540240235adf131cf94db4493641f6215e4d35ea42f48c3
https://immigratetobrazil.com/pt-br/insights/naturalisation/brazil-offers-a-specific-visa-and-residence-permit-for-artists-and-ath/,pt-br/insights/naturalisation/brazil-offers-a-specific-visa-and-residence-permit-for-artists-and-ath/index.html,a965ed0112a8465c588a173f469b7d5766200b8c6ecd0d92c7ac1c09947d3cf4
https://immigratetobrazil.com/pt-br/insights/naturalisation/brazil-offers-the-possibility-of-permanent-residence-for-foreign-famil/,pt-br/insights/naturalisation/brazil-offers-the-possibility-of-permanent-residence-for-foreign-famil/index.html,82939b049f3196037de6d3a19ffa8de60c677de9d8c2bcd9eb69024d1ebb73a9
https://immigratetobrazil.com/pt-br/insights/naturalisation/brazil-recognises-various-types-of-travel-documents-for-the-purposes-o/,pt-br/insights/naturalisation/brazil-recognises-various-types-of-travel-documents-for-the-purposes-o/index.html,0eb3e6ced3db4275dfeaaddd1c2394a45a626d82614573d2f974cba0a2296701
https://immigratetobrazil.com/pt-br/insights/naturalisation/brazil-recognizes-several-types-of-travel-documents-for-purposes-of-en/,pt-br/insights/naturalisation/brazil-recognizes-several-types-of-travel-documents-for-purposes-of-en/index.html,a07791c5f7fb19038c3cd133366784c3e4eecdc757a9d8fafe0c0eebd5b962cc
https://immigratetobrazil.com/pt-br/insights/naturalisation/brazil-s-rise-in-global-mobility-rankings-and-the-usa-passport-drops-o/,pt-br/insights/naturalisation/brazil-s-rise-in-global-mobility-rankings-and-the-usa-passport-drops-o/index.html,3b695a971386ba5fab8fc54a11f1c1bb2805a64a0429d28c7b64fce7a46d0ba4
https://immigratetobrazil.com/pt-br/insights/naturalisation/brazilian-nationality-is-not-always-determined-automatically/,pt-br/insights/naturalisation/brazilian-nationality-is-not-always-determined-automatically/index.html,f11012db5057e140ae8b28762c90f6fa2df066d5d03e1b71a5493564618ee0ed
https://immigratetobrazil.com/pt-br/insights/naturalisation/brazilian-naturalisation-legal-requirements-and-filing-steps-in-brazil-2/,pt-br/insights/naturalisation/brazilian-naturalisation-legal-requirements-and-filing-steps-in-brazil-2/index.html,ea1b8201302c465e263b3c610743934e9d2e0d8cb00faac027c7c57dc2d66da5
https://immigratetobrazil.com/pt-br/insights/naturalisation/brazilian-naturalisation-legal-requirements-and-filing-steps-in-brazil-3/,pt-br/insights/naturalisation/brazilian-naturalisation-legal-requirements-and-filing-steps-in-brazil-3/index.html,57fc04b0e1b97168bb5c0a0a8baafde2f87edc2acbf47bb7c41634808dfa128a
https://immigratetobrazil.com/pt-br/insights/naturalisation/brazilian-naturalisation-legal-requirements-and-filing-steps-in-brazil/,pt-br/insights/naturalisation/brazilian-naturalisation-legal-requirements-and-filing-steps-in-brazil/index.html,aa1175aa42ef25a3ac3b5ef685fdb77b2a21b6fa07cbca5d685b988ab61e425d
https://immigratetobrazil.com/pt-br/insights/naturalisation/brazilians-have-reported-problems-processing-expressions-of-interest-t/,pt-br/insights/naturalisation/brazilians-have-reported-problems-processing-expressions-of-interest-t/index.html,fee516768940f867ce00d5be9b81b981b759353c8d9409e9ab1ca50d5fcbf797
https://immigratetobrazil.com/pt-br/insights/naturalisation/companies-and-individuals-in-brazil-can-hire-foreigners-through-a-form/,pt-br/insights/naturalisation/companies-and-individuals-in-brazil-can-hire-foreigners-through-a-form/index.html,25deb88c6c2c078bd4f84fc5de74e670635d5338936fdef2506a738b2242ffb7
https://immigratetobrazil.com/pt-br/insights/naturalisation/despite-the-international-names-these-delicacies-are-very-brazilian-or/,pt-br/insights/naturalisation/despite-the-international-names-these-delicacies-are-very-brazilian-or/index.html,3553d65bbd9e38d9e735eed65b231b27b8c7e70df1333740c76419d780faaeab
https://immigratetobrazil.com/pt-br/insights/naturalisation/establishing-yourself-in-brazil-with-your-family-is-entirely-possible/,pt-br/insights/naturalisation/establishing-yourself-in-brazil-with-your-family-is-entirely-possible/index.html,f3bea51671e9ff75297bb354f94e4d00a2c3210e16f288338370418590dfac8e
https://immigratetobrazil.com/pt-br/insights/naturalisation/etias-european-travel-information-and-authorization-system-will-be-a-r/,pt-br/insights/naturalisation/etias-european-travel-information-and-authorization-system-will-be-a-r/index.html,107aa4e6b20d6a536958f57144260174bf75d501969f3d37752c280d2b656525
https://immigratetobrazil.com/pt-br/insights/naturalisation/firstly-it-is-essential-to-understand-that-both-brazil-and-the-united/,pt-br/insights/naturalisation/firstly-it-is-essential-to-understand-that-both-brazil-and-the-united/index.html,3bff65f8c461bdac32b6e2f413a1f92cdc22574f918e7688319aaa6c0f541040
https://immigratetobrazil.com/pt-br/insights/naturalisation/for-those-who-have-fallen-in-love-with-brazil-and-wish-to-make-it-thei/,pt-br/insights/naturalisation/for-those-who-have-fallen-in-love-with-brazil-and-wish-to-make-it-thei/index.html,001bc3594aed0682cf16dcac4002736fc144b4738aabd091af01000375a531c7
https://immigratetobrazil.com/pt-br/insights/naturalisation/foreigners-may-apply-for-a-brazilian-passport-under-specific-circumsta/,pt-br/insights/naturalisation/foreigners-may-apply-for-a-brazilian-passport-under-specific-circumsta/index.html,17e2c2b62a45d7e1fdccf97596b28ff3a4b1bd1e347ae78131ee0141682e947a
https://immigratetobrazil.com/pt-br/insights/naturalisation/foreigners-must-prove-legal-residence-in-portugal-for-at-least-five-ye/,pt-br/insights/naturalisation/foreigners-must-prove-legal-residence-in-portugal-for-at-least-five-ye/index.html,f89f80e912773703da4d0248e40a17322ab583eb0487e261de377dd7e31ab751
https://immigratetobrazil.com/pt-br/insights/naturalisation/foreigners-who-exceed-the-permitted-time-of-stay-in-brazil-either-by-e/,pt-br/insights/naturalisation/foreigners-who-exceed-the-permitted-time-of-stay-in-brazil-either-by-e/index.html,385969b2686de2b02bc127389f9402f0db999a37505ae516ee1e21e9f57df613
https://immigratetobrazil.com/pt-br/insights/naturalisation/having-a-valid-american-visa-does-not-automatically-guarantee-entry-in/,pt-br/insights/naturalisation/having-a-valid-american-visa-does-not-automatically-guarantee-entry-in/index.html,723f5d55714c0d1a9531073dce4e52043117d45901526cd3c195481095b17d06
https://immigratetobrazil.com/pt-br/insights/naturalisation/i-am-a-regular-resident-but-i-am-outside-brazil/,pt-br/insights/naturalisation/i-am-a-regular-resident-but-i-am-outside-brazil/index.html,025454a3eeb763ea2b7ef0c6a3693a1baf26855ad2e33fbc484b763f36b78677
https://immigratetobrazil.com/pt-br/insights/naturalisation/if-you-fell-in-love-with-brazil-and-want-to-make-this-country-your-tru/,pt-br/insights/naturalisation/if-you-fell-in-love-with-brazil-and-want-to-make-this-country-your-tru/index.html,7fafec67ff2a2f891eba4b751d10d04d03de4550cf6fe32d1413d4385f5924b6
https://immigratetobrazil.com/pt-br/insights/naturalisation/if-you-have-a-luxembourgish-parent-or-grandparent-you-also-would-not-n/,pt-br/insights/naturalisation/if-you-have-a-luxembourgish-parent-or-grandparent-you-also-would-not-n/index.html,9441221ea612b6a38850f3ef2e05ac8b37086d52b0e7e6142b929d8a717cbf12
https://immigratetobrazil.com/pt-br/insights/naturalisation/if-your-baby-was-born-in-brazil-you-may-be-eligible-to-apply-for-a-bra/,pt-br/insights/naturalisation/if-your-baby-was-born-in-brazil-you-may-be-eligible-to-apply-for-a-bra/index.html,7d59064f0136b182e7807db5cd97bea76576b71e60e91b661b4d994ee6e9b700
https://immigratetobrazil.com/pt-br/insights/naturalisation/in-brazil-deportation-is-an-administrative-measure-applied-to-people-w/,pt-br/insights/naturalisation/in-brazil-deportation-is-an-administrative-measure-applied-to-people-w/index.html,46a068574298fb591fb02737aab213e551467bcab1e02c9e60f0d609ddb15183
https://immigratetobrazil.com/pt-br/insights/naturalisation/in-brazil-undergraduate-and-postgraduate-diplomas-obtained-abroad-must/,pt-br/insights/naturalisation/in-brazil-undergraduate-and-postgraduate-diplomas-obtained-abroad-must/index.html,8810c91fdeb88fe1021834872ed8213fc4d612f503079236fb489aec3b78339f
https://immigratetobrazil.com/pt-br/insights/naturalisation/in-other-words-even-if-the-birth-took-place-years-ago-registration-can/,pt-br/insights/naturalisation/in-other-words-even-if-the-birth-took-place-years-ago-registration-can/index.html,7240a9109f1052bf43bfe8d21f48582478da112e08514a1ae7d25436a9b8fba1
https://immigratetobrazil.com/pt-br/insights/naturalisation/in-principle-yes-but-it-is-not-recommended/,pt-br/insights/naturalisation/in-principle-yes-but-it-is-not-recommended/index.html,6cdc3a785f2555213e93dd1ebbadae063a2747c7aae99561e03072c1af63653a
https://immigratetobrazil.com/pt-br/insights/naturalisation/in-some-cases-there-is-the-possibility-for-the-great-grandchildren-of/,pt-br/insights/naturalisation/in-some-cases-there-is-the-possibility-for-the-great-grandchildren-of/index.html,6f4b4a138cc91df6d182a2cb945e9a83cd52ca864242d35544fd567cdbe7f8c9
https://immigratetobrazil.com/pt-br/insights/naturalisation/in-the-context-of-relations-between-brazil-and-portugal-the-request-fo/,pt-br/insights/naturalisation/in-the-context-of-relations-between-brazil-and-portugal-the-request-fo/index.html,b7fce2eec91dca317cc632a1a5a67507a4eccab19156f0d0bdff9d54ed78d427
https://immigratetobrazil.com/pt-br/insights/naturalisation/in-the-event-of-deportation-it-is-essential-that-the-immigrant-is-awar/,pt-br/insights/naturalisation/in-the-event-of-deportation-it-is-essential-that-the-immigrant-is-awar/index.html,26e81c3e7c6689cd32db546f125c9b1d1eb879138d479ee0d8d5e371724c2347
https://immigratetobrazil.com/pt-br/insights/naturalisation/international-child-custody-can-become-a-complex-issue-when-one-of-the/,pt-br/insights/naturalisation/international-child-custody-can-become-a-complex-issue-when-one-of-the/index.html,2bc7975dfed6d991819b69741c5718f2c0be8682307b6aca45025c2983653179
https://immigratetobrazil.com/pt-br/insights/naturalisation/international-child-custody-can-become-a-complex-issue-when-one-parent/,pt-br/insights/naturalisation/international-child-custody-can-become-a-complex-issue-when-one-parent/index.html,9cbecf7b2b2b0719ea418c2bc4d80bf7e420c14bc729a87b099c2719137b4fbd
https://immigratetobrazil.com/pt-br/insights/naturalisation/investing-in-brazil-with-an-investor-visa-offers-a-dynamic-blend-of-ec/,pt-br/insights/naturalisation/investing-in-brazil-with-an-investor-visa-offers-a-dynamic-blend-of-ec/index.html,b5aa27a70fe71f48628848f3463e14b8e5fdcdff3185eadbf78f1c8d5fcb65df
https://immigratetobrazil.com/pt-br/insights/naturalisation/it-is-an-important-date-to-reinforce-the-fight-against-all-forms-of-ra/,pt-br/insights/naturalisation/it-is-an-important-date-to-reinforce-the-fight-against-all-forms-of-ra/index.html,90a3ec683f8f100207343cccf0a447c3c05be4ed072275bc77856efa91023bab
https://immigratetobrazil.com/pt-br/insights/naturalisation/it-is-important-to-highlight-that-the-process-of-obtaining-luxembourg/,pt-br/insights/naturalisation/it-is-important-to-highlight-that-the-process-of-obtaining-luxembourg/index.html,85aa8a06c52a9630aea27b29083527a8460be26e3bfdfed2ea5f74054ad66640
https://immigratetobrazil.com/pt-br/insights/naturalisation/it-is-possible-for-a-brazilian-person-to-request-recognition-of-irish/,pt-br/insights/naturalisation/it-is-possible-for-a-brazilian-person-to-request-recognition-of-irish/index.html,918c8f28e3b97ac5fcf8e2d8ef653f44f6d709815e7c7589a0b78f8895267c03
https://immigratetobrazil.com/pt-br/insights/naturalisation/it-is-possible-for-someone-to-visit-brazil-as-a-tourist-and-upon-falli-2/,pt-br/insights/naturalisation/it-is-possible-for-someone-to-visit-brazil-as-a-tourist-and-upon-falli-2/index.html,91f8efbd7ae2da9d5a64372414f042ecca56c75fdce6367c54cc6b5ba2a9e6d2
https://immigratetobrazil.com/pt-br/insights/naturalisation/it-is-possible-for-someone-to-visit-brazil-as-a-tourist-and-upon-falli/,pt-br/insights/naturalisation/it-is-possible-for-someone-to-visit-brazil-as-a-tourist-and-upon-falli/index.html,a15fbdbe6e9a6a52767365d80a1a4d19bef5af2de30dbd4932f5184b033619e3
https://immigratetobrazil.com/pt-br/insights/naturalisation/it-should-be-noted-that-no-one-will-be-prevented-from-entering-the-cou/,pt-br/insights/naturalisation/it-should-be-noted-that-no-one-will-be-prevented-from-entering-the-cou/index.html,eb1f5e983e13695bb0468c589d2ceb72e872867b7bd31ebeb4d57f3081ff6628
https://immigratetobrazil.com/pt-br/insights/naturalisation/large-universities-outside-brazil-allow-admission-without-the-need-to/,pt-br/insights/naturalisation/large-universities-outside-brazil-allow-admission-without-the-need-to/index.html,bef105a666df79943a25305462eb2bba25b0cf3aa7157d5b3ab0e9caeb916a8a
https://immigratetobrazil.com/pt-br/insights/naturalisation/legal-guidance-eligibility-requirements-and-filing-steps-2/,pt-br/insights/naturalisation/legal-guidance-eligibility-requirements-and-filing-steps-2/index.html,81a1034d98eac210937c3e1c1cb25b956ad040b0e6e0e5fe88d0b618a03b44ae
https://immigratetobrazil.com/pt-br/insights/naturalisation/legal-guidance-eligibility-requirements-and-filing-steps-3/,pt-br/insights/naturalisation/legal-guidance-eligibility-requirements-and-filing-steps-3/index.html,c9769bf87c5d279fef6a1ce68a18faee230deea92a7126891571653dd6d5c8a8
https://immigratetobrazil.com/pt-br/insights/naturalisation/legal-guidance-eligibility-requirements-and-filing-steps-4/,pt-br/insights/naturalisation/legal-guidance-eligibility-requirements-and-filing-steps-4/index.html,f4b5bfd8e0e18ee018adc306f9d4b55bc97f46066a60d5bbfad1600d84c6ecfd
https://immigratetobrazil.com/pt-br/insights/naturalisation/legal-guidance-eligibility-requirements-and-filing-steps-5/,pt-br/insights/naturalisation/legal-guidance-eligibility-requirements-and-filing-steps-5/index.html,484ac6155f17a8a2bc6090335e0dc5959bedcdd7be826f3386e3f3632dc01c90
https://immigratetobrazil.com/pt-br/insights/naturalisation/legal-guidance-eligibility-requirements-and-filing-steps-6/,pt-br/insights/naturalisation/legal-guidance-eligibility-requirements-and-filing-steps-6/index.html,689b9f7828901cef0eb79d3a43ae6f2b5efa16f985b685ceb1b3032d97f51177
https://immigratetobrazil.com/pt-br/insights/naturalisation/legal-guidance-eligibility-requirements-and-filing-steps-7/,pt-br/insights/naturalisation/legal-guidance-eligibility-requirements-and-filing-steps-7/index.html,964d9f8f0a4290997480de599402fa089a3101b638861522e3c35fef51ea68d2
https://immigratetobrazil.com/pt-br/insights/naturalisation/legal-guidance-eligibility-requirements-and-filing-steps-8/,pt-br/insights/naturalisation/legal-guidance-eligibility-requirements-and-filing-steps-8/index.html,f51d7a6efab179e9431e7f518f929001961c0d476300f022081b9ab07543ca71
https://immigratetobrazil.com/pt-br/insights/naturalisation/legal-guidance-eligibility-requirements-and-filing-steps/,pt-br/insights/naturalisation/legal-guidance-eligibility-requirements-and-filing-steps/index.html,76f550847e65850ccf8f25d025ebdea83451a9feec2bfa3bd809ae6858672e4a
https://immigratetobrazil.com/pt-br/insights/naturalisation/luso-brazilian-community-day-celebrates-the-strong-ties-between-portug/,pt-br/insights/naturalisation/luso-brazilian-community-day-celebrates-the-strong-ties-between-portug/index.html,8b39743c652988cbad8cd8a0099664949abee56cc063068f9955df366efc57d2
https://immigratetobrazil.com/pt-br/insights/naturalisation/military-enlistment-is-mandatory-for-brazilians-even-abroad-even-livin/,pt-br/insights/naturalisation/military-enlistment-is-mandatory-for-brazilians-even-abroad-even-livin/index.html,d2928d8e806dba609c6799adb385c34e38a53a7b0cdc73db112a3da550ee481f
https://immigratetobrazil.com/pt-br/insights/naturalisation/my-immigrant-card-is-valid-until-2030-but-my-stable-union-is-over/,pt-br/insights/naturalisation/my-immigrant-card-is-valid-until-2030-but-my-stable-union-is-over/index.html,ea34be5264388262bd3162c4e693d01550017d16d912b98d6e82414b1237f19b
https://immigratetobrazil.com/pt-br/insights/naturalisation/naturalized-brazilian-men-aged-between-18-and-45-must-enlist-in-the-mi/,pt-br/insights/naturalisation/naturalized-brazilian-men-aged-between-18-and-45-must-enlist-in-the-mi/index.html,1d396f25872e99bfc5b0bb1d03019ec144c2ce804ca6e96c2dcb6b9ba9cd74f4
https://immigratetobrazil.com/pt-br/insights/naturalisation/november-20th-black-awareness-day-black-awareness-day-is-a-historical/,pt-br/insights/naturalisation/november-20th-black-awareness-day-black-awareness-day-is-a-historical/index.html,e0a3e74adfaf2606b6f7385a1ab28f239837bd1d6793cbac7d51fa999e19c851
https://immigratetobrazil.com/pt-br/insights/naturalisation/on-december-19-2023-the-french-senate-approved-a-controversial-immigra/,pt-br/insights/naturalisation/on-december-19-2023-the-french-senate-approved-a-controversial-immigra/index.html,4ae60107267876926ef07088efdcfc5ed78943ee19dad1a1a42e0589d051868f
https://immigratetobrazil.com/pt-br/insights/naturalisation/on-teacher-s-day-celebrated-on-october-15th-we-honor-those-who-with-de/,pt-br/insights/naturalisation/on-teacher-s-day-celebrated-on-october-15th-we-honor-those-who-with-de/index.html,45822e8efc79f9f56424308429750b1f961d5231c160fa340ecf40fa7dd088fd
https://immigratetobrazil.com/pt-br/insights/naturalisation/on-this-date-we-reinforce-our-commitment-to-valuing-and-protecting-eld/,pt-br/insights/naturalisation/on-this-date-we-reinforce-our-commitment-to-valuing-and-protecting-eld/index.html,8ed3ac0577e1fd794618b416e03e3e77de776911c41c4f374cd603265574be9c
https://immigratetobrazil.com/pt-br/insights/naturalisation/on-this-day-we-express-gratitude-to-each-person-who-trusts-our-legal-w/,pt-br/insights/naturalisation/on-this-day-we-express-gratitude-to-each-person-who-trusts-our-legal-w/index.html,8829a76262ce900196584cc70e3f11516c130bbfc3c07dd27a2c41724a7f3038
https://immigratetobrazil.com/pt-br/insights/naturalisation/once-approved-this-process-grants-you-full-brazilian-citizenship-with/,pt-br/insights/naturalisation/once-approved-this-process-grants-you-full-brazilian-citizenship-with/index.html,33c3ca9f13e63fce31172f364c441bca095adf8580337fb59fd9c912c243842f
https://immigratetobrazil.com/pt-br/insights/naturalisation/parents-of-minor-children-with-dual-nationality-can-and-should-maintai/,pt-br/insights/naturalisation/parents-of-minor-children-with-dual-nationality-can-and-should-maintai/index.html,9b0aee0bccce20a0c09f88d1c7a22e519585941391f84e3483b0dd8c283eb7bf
https://immigratetobrazil.com/pt-br/insights/naturalisation/people-living-in-brazil-can-apply-for-naturalisation-to-become-brazili/,pt-br/insights/naturalisation/people-living-in-brazil-can-apply-for-naturalisation-to-become-brazili/index.html,5d2bb9cd7332a72af1cbd28542ea998ff7901bb57e5b66c28a99c38819852527
https://immigratetobrazil.com/pt-br/insights/naturalisation/permanent-residence-permit-and-citizenship-are-two-distinct-legal-stat-2/,pt-br/insights/naturalisation/permanent-residence-permit-and-citizenship-are-two-distinct-legal-stat-2/index.html,e02574cd056951623099afbc31d299cdfe7d657741c7c85909be4ab08b304dcd
https://immigratetobrazil.com/pt-br/insights/naturalisation/permanent-residence-permit-and-citizenship-are-two-distinct-legal-stat/,pt-br/insights/naturalisation/permanent-residence-permit-and-citizenship-are-two-distinct-legal-stat/index.html,7f126077afbd6a8d57c3b5c6b333384032b956c4edc6796d2ffe6d12275e257c
https://immigratetobrazil.com/pt-br/insights/naturalisation/pix-a-brazilian-instant-payment-system-is-expanding-internationally-th/,pt-br/insights/naturalisation/pix-a-brazilian-instant-payment-system-is-expanding-internationally-th/index.html,2828f9dcbc7e574612ffc8cb32c3e3e36e50e3a5428b4381ae7877fa4acd426a
https://immigratetobrazil.com/pt-br/insights/naturalisation/portugal-recently-approved-a-set-of-changes-to-immigration-legislation/,pt-br/insights/naturalisation/portugal-recently-approved-a-set-of-changes-to-immigration-legislation/index.html,f0b49395578f74a28c9b5760b5e97be086c0724eeb81c80f9ddeb60adfdc146f
https://immigratetobrazil.com/pt-br/insights/naturalisation/pregnant-women-that-come-to-brazil-to-have-their-baby-can-apply-for-re/,pt-br/insights/naturalisation/pregnant-women-that-come-to-brazil-to-have-their-baby-can-apply-for-re/index.html,21975e34ca35c367df21a2d97808b89252513686e1cc2964dc95385e5705a3fa
https://immigratetobrazil.com/pt-br/insights/naturalisation/president-joe-biden-signed-an-executive-order-to-simplify-the-process/,pt-br/insights/naturalisation/president-joe-biden-signed-an-executive-order-to-simplify-the-process/index.html,74666ae56cfe622784f68d9db5b9a11b862a4a13a05c24e17f7b5f441e7c4596
https://immigratetobrazil.com/pt-br/insights/naturalisation/recently-the-united-states-lost-its-position-in-the-top-10-of-the-most/,pt-br/insights/naturalisation/recently-the-united-states-lost-its-position-in-the-top-10-of-the-most/index.html,8516446750eac21af711c0af81234a64368427b677014cd171059637ea71fa5d
https://immigratetobrazil.com/pt-br/insights/naturalisation/rectification-of-settlements-is-an-essential-procedure-in-citizenship/,pt-br/insights/naturalisation/rectification-of-settlements-is-an-essential-procedure-in-citizenship/index.html,d5cc93bc8223f80ed2e9636669bfb57e22c97e16e8182e72a967f5923960596a
https://immigratetobrazil.com/pt-br/insights/naturalisation/refugees-unlike-other-immigrants-are-those-who-suffer-compulsory-displ/,pt-br/insights/naturalisation/refugees-unlike-other-immigrants-are-those-who-suffer-compulsory-displ/index.html,e6d99603550ad1f1cdffdbd56c72543ee6cb8ffcefbb6d4787f3c969ce93650d
https://immigratetobrazil.com/pt-br/insights/naturalisation/registering-a-childs-birth-at-a-brazilian-consular-office-abroad-is-no/,pt-br/insights/naturalisation/registering-a-childs-birth-at-a-brazilian-consular-office-abroad-is-no/index.html,51aed443369da02812418177b81d47ecbb2c63c0d0ee079b3253724c857a06eb
https://immigratetobrazil.com/pt-br/insights/naturalisation/relocating-to-brazil-with-your-family-is-certainly-possible-as-long-as/,pt-br/insights/naturalisation/relocating-to-brazil-with-your-family-is-certainly-possible-as-long-as/index.html,00f2375604c37299f8df235e52b27be62fc3c5acbea1b109414860efd45d6e8e
https://immigratetobrazil.com/pt-br/insights/naturalisation/searching-for-certificates-is-an-essential-step-in-the-citizenship-pro/,pt-br/insights/naturalisation/searching-for-certificates-is-an-essential-step-in-the-citizenship-pro/index.html,5478267ca5d0aec290792b870bf7302baf3f574d6c28b383ae39d4846b471f0c
https://immigratetobrazil.com/pt-br/insights/naturalisation/seeking-legal-advice-from-an-immigration-lawyer-in-brazil-is-crucial-d/,pt-br/insights/naturalisation/seeking-legal-advice-from-an-immigration-lawyer-in-brazil-is-crucial-d/index.html,afc03ef52c05f43f426a1e170c3cd4cd3f57bf89cfd7d4e2038d91e952dccb20
https://immigratetobrazil.com/pt-br/insights/naturalisation/sporadic-trips-abroad-for-which-the-sum-of-periods-does-not-exceed-12/,pt-br/insights/naturalisation/sporadic-trips-abroad-for-which-the-sum-of-periods-does-not-exceed-12/index.html,88502b8b0e3a6d8a15649252dba54f39b2a7a840062cf47d39c769004d024a05
https://immigratetobrazil.com/pt-br/insights/naturalisation/sporadic-trips-abroad-the-sum-of-which-does-not-exceed-12-months-durin/,pt-br/insights/naturalisation/sporadic-trips-abroad-the-sum-of-which-does-not-exceed-12-months-durin/index.html,8c23a5ccca84b1074c7d5047a39e12a90fbf554de7727f272b804785b0897ade
https://immigratetobrazil.com/pt-br/insights/naturalisation/starting-september-2-2025-the-u-s-department-of-state-will-require-an/,pt-br/insights/naturalisation/starting-september-2-2025-the-u-s-department-of-state-will-require-an/index.html,a6b36a028a8bb52de855b48a76a2c3511da3e1d2e29056c161cfc562e1a7baee
https://immigratetobrazil.com/pt-br/insights/naturalisation/the-certificate-of-proficiency-in-portuguese-language-for-foreigners-c/,pt-br/insights/naturalisation/the-certificate-of-proficiency-in-portuguese-language-for-foreigners-c/index.html,29c07710128838fdc8894b6734f9f384851cf28f0baea8aeb4e76e1d74eb7412
https://immigratetobrazil.com/pt-br/insights/naturalisation/the-chamber-of-deputies-has-just-approved-a-proposed-amendment-to-the/,pt-br/insights/naturalisation/the-chamber-of-deputies-has-just-approved-a-proposed-amendment-to-the/index.html,b7c44c2e234c607019677913ab67aa6d66db6217b0594f69dc1f64306d624639
https://immigratetobrazil.com/pt-br/insights/naturalisation/the-date-invites-reflection-on-one-of-the-darkest-pages-in-human-histo/,pt-br/insights/naturalisation/the-date-invites-reflection-on-one-of-the-darkest-pages-in-human-histo/index.html,ee346749cab349f11050f9e737fea1c11ddc6aa316ceec2e5b09d4755d4311a1
https://immigratetobrazil.com/pt-br/insights/naturalisation/the-deadline-to-begin-the-process-of-recognizing-spanish-citizenship-f/,pt-br/insights/naturalisation/the-deadline-to-begin-the-process-of-recognizing-spanish-citizenship-f/index.html,f5025714d6979c7debb8460c1466bb0076014a4d6f3b42c31f78b40300a4f1c5
https://immigratetobrazil.com/pt-br/insights/naturalisation/the-humanitarian-and-institutional-crisis-that-is-plaguing-venezuela-h/,pt-br/insights/naturalisation/the-humanitarian-and-institutional-crisis-that-is-plaguing-venezuela-h/index.html,776a00b45272e24ed470295fea072ef89a57a778688a52da553a1db26c3b7527
https://immigratetobrazil.com/pt-br/insights/naturalisation/the-mercosur-agreement-recognized-primarily-for-its-economic-impacts-a/,pt-br/insights/naturalisation/the-mercosur-agreement-recognized-primarily-for-its-economic-impacts-a/index.html,6c489700c20948b3196c113b454fc4091ce4792b77f1f940459f0d5f7d06c998
https://immigratetobrazil.com/pt-br/insights/naturalisation/the-mobility-agreement-between-cplp-member-states-communities-of-portu/,pt-br/insights/naturalisation/the-mobility-agreement-between-cplp-member-states-communities-of-portu/index.html,0b20ab53ce3f8ee95b67979a55a763731933ba4fc23590125b5f40bbfcd62431
https://immigratetobrazil.com/pt-br/insights/naturalisation/the-new-naturalization-law-in-germany-approved-by-the-bundestag-simpli/,pt-br/insights/naturalisation/the-new-naturalization-law-in-germany-approved-by-the-bundestag-simpli/index.html,634f17a063b6cfa35d05c3f14d3197bd9b8a569cad07d772ca5e0815f04a3468
https://immigratetobrazil.com/pt-br/insights/naturalisation/the-new-visa-and-residence-permit-agreement-between-angola-brazil-cape/,pt-br/insights/naturalisation/the-new-visa-and-residence-permit-agreement-between-angola-brazil-cape/index.html,305c8083740d3af79a41b3b04d617ad0ae0611631c2ff226fa5d0a9c1cf7c812
https://immigratetobrazil.com/pt-br/insights/naturalisation/the-portuguese-language-plays-a-fundamental-role-in-brazil-s-culture-a/,pt-br/insights/naturalisation/the-portuguese-language-plays-a-fundamental-role-in-brazil-s-culture-a/index.html,4782d607ca885c936ea926b1c437eb77af5fa3d9e599d0f895ff6c5c1041042b
https://immigratetobrazil.com/pt-br/insights/naturalisation/the-recently-announced-innovation-allows-brazilian-tourists-to-pay-for/,pt-br/insights/naturalisation/the-recently-announced-innovation-allows-brazilian-tourists-to-pay-for/index.html,118ae207048ef8443486cfd5f2d3f11c6f4e35ae0326b3d72bf4e47c3d1ff3d0
https://immigratetobrazil.com/pt-br/insights/naturalisation/the-renewal-of-the-resident-card-in-brazil-may-be-prevented-in-some-sp/,pt-br/insights/naturalisation/the-renewal-of-the-resident-card-in-brazil-may-be-prevented-in-some-sp/index.html,b4fb106bcb46f29f1b54ecbfdd205a770043f2882ae8c8db35eb4738cbcf761b
https://immigratetobrazil.com/pt-br/insights/naturalisation/the-voluntary-renunciation-of-brazilian-nationality-provided-for-in-th/,pt-br/insights/naturalisation/the-voluntary-renunciation-of-brazilian-nationality-provided-for-in-th/index.html,fabb49529f92b6b80f77fe00d939848df61581c4ce74c775b10084056cd8651a
https://immigratetobrazil.com/pt-br/insights/naturalisation/this-is-an-important-opportunity-for-people-with-brazilian-ancestry-to/,pt-br/insights/naturalisation/this-is-an-important-opportunity-for-people-with-brazilian-ancestry-to/index.html,37936cf2756640a89959602320b60b218680760810ed29a3e552f210d70e56ae
https://immigratetobrazil.com/pt-br/insights/naturalisation/to-do-this-it-is-possible-to-register-your-birth-at-any-time-at-a-braz/,pt-br/insights/naturalisation/to-do-this-it-is-possible-to-register-your-birth-at-any-time-at-a-braz/index.html,0e405389021c18ab81e9b2b9da1d9aaf176a6090261ffcdc53bfe2a99d151923
https://immigratetobrazil.com/pt-br/insights/naturalisation/to-formalise-this-status-their-birth-can-be-registered-at-any-time-at/,pt-br/insights/naturalisation/to-formalise-this-status-their-birth-can-be-registered-at-any-time-at/index.html,5bd3c93b4091988b00f210e1900abc280db638d95514c191cf5f1ba5d5119ae2
https://immigratetobrazil.com/pt-br/insights/naturalisation/to-obtain-brazilian-citizenship-individuals-generally-must-meet-specif/,pt-br/insights/naturalisation/to-obtain-brazilian-citizenship-individuals-generally-must-meet-specif/index.html,578fbb2b77256bf461c4e9f8b0e504afdc519a5fe47d23b4ce9ba9ab012b1eaa
https://immigratetobrazil.com/pt-br/insights/naturalisation/today-we-recognize-the-resilience-wisdom-and-diversity-of-indigenous-p/,pt-br/insights/naturalisation/today-we-recognize-the-resilience-wisdom-and-diversity-of-indigenous-p/index.html,551605d3c7b876593739de2bed77dd32b5b63a2c00b8d9cbf1c9735a6a50aafd
https://immigratetobrazil.com/pt-br/insights/naturalisation/under-the-new-spanish-law-on-obtaining-citizenship-more-people-have-th/,pt-br/insights/naturalisation/under-the-new-spanish-law-on-obtaining-citizenship-more-people-have-th/index.html,4e618f4f52caadca0051715cac62b4bb3d0d2e2c3b4a0d6b998894cbec193722
https://immigratetobrazil.com/pt-br/insights/naturalisation/us-imposes-new-visa-restrictions-on-12-countries-since-june-9-2025-an/,pt-br/insights/naturalisation/us-imposes-new-visa-restrictions-on-12-countries-since-june-9-2025-an/index.html,5524db8a620e5e59796de207fd574b52dd39c4dfcf520d11f6cf88c06f858fcc
https://immigratetobrazil.com/pt-br/insights/naturalisation/we-celebrate-the-achievements-of-women-around-the-world-and-reaffirm-t/,pt-br/insights/naturalisation/we-celebrate-the-achievements-of-women-around-the-world-and-reaffirm-t/index.html,46fa9b8c66af563cd08ea49248837f54733312f78a4b870e2d7bed1d34569b22
https://immigratetobrazil.com/pt-br/insights/naturalisation/whether-you-re-travelling-to-brazil-for-a-short-stay-or-planning-a-lon/,pt-br/insights/naturalisation/whether-you-re-travelling-to-brazil-for-a-short-stay-or-planning-a-lon/index.html,e640b29da206d222641cf1e29aaa1d04f89f33d2a0015a5372153b88c09be9d0
https://immigratetobrazil.com/pt-br/insights/naturalisation/why-contact-with-marine-animals-is-prohibited-in-tourist-areas-the-epi/,pt-br/insights/naturalisation/why-contact-with-marine-animals-is-prohibited-in-tourist-areas-the-epi/index.html,2c48229cf9c020cbaff81bd10e6a4af1bded789430d4258658ec87a0516dee93
https://immigratetobrazil.com/pt-br/insights/naturalisation/with-the-democratic-memory-law-in-force-now-the-adult-grandchildren-of/,pt-br/insights/naturalisation/with-the-democratic-memory-law-in-force-now-the-adult-grandchildren-of/index.html,f9bbf7f4d8b31cd99522ae0b723caa24917a89ff5f7fc09891f72be80ea74b01
https://immigratetobrazil.com/pt-br/insights/naturalisation/work-in-finland-an-initiative-supported-by-the-finnish-government-netw/,pt-br/insights/naturalisation/work-in-finland-an-initiative-supported-by-the-finnish-government-netw/index.html,cfcc41025e221d02c8e45afff329ab0f5a989f3f5640b1317fc67e00ca08c251
https://immigratetobrazil.com/pt-br/insights/process/,pt-br/insights/process/index.html,4fd48865e2fd22a62684984ecad55458793b1570de2fc9744d0ccf2879c18cf9
https://immigratetobrazil.com/pt-br/insights/process/airports-are-busy-places-it-is-important-to-always-be-aware/,pt-br/insights/process/airports-are-busy-places-it-is-important-to-always-be-aware/index.html,7383774da126a0483e2b5fa60f79de5d9fa48fa36eac2463a3d136e5896518ee
https://immigratetobrazil.com/pt-br/insights/process/all-passengers-have-the-right-to-take-their-hand-luggage-and-personal/,pt-br/insights/process/all-passengers-have-the-right-to-take-their-hand-luggage-and-personal/index.html,cac1f214329319ee9de6683cf8b66ea4e02a456236ee55dd9fb290f1ad792036
https://immigratetobrazil.com/pt-br/insights/process/an-honorary-consulate-is-a-voluntary-diplomatic-representation-of-a-co/,pt-br/insights/process/an-honorary-consulate-is-a-voluntary-diplomatic-representation-of-a-co/index.html,09533bd60656d6e4e3c13b00075ca0c4499d28c9db39956cdbda76fc81a4857c
https://immigratetobrazil.com/pt-br/insights/process/appealing-a-traffic-fine-is-your-right/,pt-br/insights/process/appealing-a-traffic-fine-is-your-right/index.html,d12aa92d13d1f7c15000738f5f4643b839fc05a3b4d7c79709cb7933d6b18834
https://immigratetobrazil.com/pt-br/insights/process/bulgaria-and-romania-will-partially-join-the-european-union-s-schengen/,pt-br/insights/process/bulgaria-and-romania-will-partially-join-the-european-union-s-schengen/index.html,fc232a14f006f3f9f3c71e14a85cc040a9982ab55a85d3567216e0f2fb91b063
https://immigratetobrazil.com/pt-br/insights/process/deportation-as-defined-by-brazilian-legislation-is-an-administrative-p/,pt-br/insights/process/deportation-as-defined-by-brazilian-legislation-is-an-administrative-p/index.html,3cdd82e82e0c964f8eeaeabdc752a7a394b75e460d895ffe78a8a5e164e30fad
https://immigratetobrazil.com/pt-br/insights/process/deportation-is-a-measure-provided-for-by-law-for-the-compulsory-remova/,pt-br/insights/process/deportation-is-a-measure-provided-for-by-law-for-the-compulsory-remova/index.html,e57d4c476a366762cdda2fc6b21ce811c8cbb660aff33f30fbc92a2a6abc9d6d
https://immigratetobrazil.com/pt-br/insights/process/each-federal-police-immigration-service-point-has-a-different-procedur/,pt-br/insights/process/each-federal-police-immigration-service-point-has-a-different-procedur/index.html,e6f7617e6089119bca8d579e439d917d491d01d081f3fedd80b44dcb145fe0ee
https://immigratetobrazil.com/pt-br/insights/process/for-biological-children-and-minor-adopted-children-of-italian-citizens/,pt-br/insights/process/for-biological-children-and-minor-adopted-children-of-italian-citizens/index.html,7391a4e7d1b6973787f39ee60ed87226ac199951fae73f5421093a32b0369fae
https://immigratetobrazil.com/pt-br/insights/process/if-you-are-getting-married-to-a-brazilian-person-and-need-a-document-s/,pt-br/insights/process/if-you-are-getting-married-to-a-brazilian-person-and-need-a-document-s/index.html,99caee0dc0f3a3f550f7059d92c100e15c8d46ac19d594414a709c5d4a0cea2d
https://immigratetobrazil.com/pt-br/insights/process/it-doesn-t-matter-where-the-bill-or-billing-is-from/,pt-br/insights/process/it-doesn-t-matter-where-the-bill-or-billing-is-from/index.html,919be8bbb83f7ff53e44fc44ad878c78edef3928a721b6fc06c61a47ec8ba70a
https://immigratetobrazil.com/pt-br/insights/process/it-was-established-by-the-un-to-promote-equality-respect-for-human-rig/,pt-br/insights/process/it-was-established-by-the-un-to-promote-equality-respect-for-human-rig/index.html,8bb79612f1107ea5e1ba4a32e9dc164dc8d1af5ab8c1004d9ecb152b850ae1d4
https://immigratetobrazil.com/pt-br/insights/process/technically-yes-but-its-not-advisable/,pt-br/insights/process/technically-yes-but-its-not-advisable/index.html,2dc7956ff169f54ae57c047a4b18cba88ca444b52ad098e509882bcfa996929e
https://immigratetobrazil.com/pt-br/insights/process/the-consular-declaration-of-civil-status-is-a-document-issued-by-the-c/,pt-br/insights/process/the-consular-declaration-of-civil-status-is-a-document-issued-by-the-c/index.html,8a8916a2e53590e4823e8e17209f9a28648b6d9b6c34744d2690c6aa140bfed6
https://immigratetobrazil.com/pt-br/insights/process/the-expulsion-of-a-foreigner-is-an-extreme-measure-and-can-only-occur/,pt-br/insights/process/the-expulsion-of-a-foreigner-is-an-extreme-measure-and-can-only-occur/index.html,6e4404c3d74ebfcb030668a23760739f75d145c5866613534edd3315d502ee0c
https://immigratetobrazil.com/pt-br/insights/process/the-right-to-come-and-go-is-provided-for-in-the-federal-constitution-f/,pt-br/insights/process/the-right-to-come-and-go-is-provided-for-in-the-federal-constitution-f/index.html,38def75680aceb248cc249a7558dd571d873b327910a4a110e0cc5e3c8e35404
https://immigratetobrazil.com/pt-br/insights/process/the-text-of-the-brazil-uruguay-convention-for-the-elimination-of-doubl/,pt-br/insights/process/the-text-of-the-brazil-uruguay-convention-for-the-elimination-of-doubl/index.html,6e5559a03f1937d09e12805cc981d988ce4f4ce4531e02ab1ba047922839f65d
https://immigratetobrazil.com/pt-br/insights/process/the-transformation-of-the-italian-consulate-in-belo-horizonte-to-consu/,pt-br/insights/process/the-transformation-of-the-italian-consulate-in-belo-horizonte-to-consu/index.html,4bb51a8bbee3cabe65a2f9b4df05d221cfef8b966e4bdcdfc53bd7b7fe3bd116
https://immigratetobrazil.com/pt-br/insights/process/this-is-an-illegal-extremely-dangerous-practice-that-can-have-serious/,pt-br/insights/process/this-is-an-illegal-extremely-dangerous-practice-that-can-have-serious/index.html,febe011872a00d29dd23e663ed2a19da54a36996ee63440d1821c96904e048f2
https://immigratetobrazil.com/pt-br/insights/process/yes-brazilian-law-protects-passengers-much-more-than-other-countries/,pt-br/insights/process/yes-brazilian-law-protects-passengers-much-more-than-other-countries/index.html,8e0012ef82373116f4b04a31ad016e856471abd4a8ac42f86bc1ad8e100883f9
https://immigratetobrazil.com/pt-br/insights/process/you-should-request-for-your-brazilian-id-to-be-renewed-at-least-90-day/,pt-br/insights/process/you-should-request-for-your-brazilian-id-to-be-renewed-at-least-90-day/index.html,a29a0dd298f8ac57ba8cc03ad012840d98040df73cf2683fa608fca707b68c8d
https://immigratetobrazil.com/pt-br/insights/residency/,pt-br/insights/residency/index.html,03760f04875ff4dda313c4960cc5bc9d3c2c4c35afab3eea8fdcb0063b3cd119
https://immigratetobrazil.com/pt-br/insights/residency/a-stable-union-formed-abroad-can-be-recognized-in-brazil-through-regis/,pt-br/insights/residency/a-stable-union-formed-abroad-can-be-recognized-in-brazil-through-regis/index.html,28985952b11a4d1a47fe47c9cc929458ef2cca5d3a3c955df7a5b3599b41c0dd
https://immigratetobrazil.com/pt-br/insights/residency/brazilian-immigration-legislation-reflects-the-country-s-commitment-to/,pt-br/insights/residency/brazilian-immigration-legislation-reflects-the-country-s-commitment-to/index.html,7562cb1721b2c188b67c1e65b5e5213d27e23c3fff412346009f331455805f63
https://immigratetobrazil.com/pt-br/insights/residency/firstly-you-will-need-to-register-at-the-brazilian-consulate-or-embass/,pt-br/insights/residency/firstly-you-will-need-to-register-at-the-brazilian-consulate-or-embass/index.html,c0230494bbeac653c226ded16c680e5a72a9af66857f0ce72e6393fcba5d6538
https://immigratetobrazil.com/pt-br/insights/residency/for-those-who-still-cannot-marry-in-their-home-countries-because-of-di/,pt-br/insights/residency/for-those-who-still-cannot-marry-in-their-home-countries-because-of-di/index.html,e30f685fc655ce179f97d3b1c91e60afbd7609a6860110f1db488a5da3712efe
https://immigratetobrazil.com/pt-br/insights/residency/i-have-a-brazilian-residence-permit-and-i-want-to-move-to-another-regi/,pt-br/insights/residency/i-have-a-brazilian-residence-permit-and-i-want-to-move-to-another-regi/index.html,0360d4611a488384613d9a0e42528c303c7123e511d86b04de27f571b716c415
https://immigratetobrazil.com/pt-br/insights/residency/if-the-person-has-a-residence-permit-in-brazil-it-is-important-to-obse/,pt-br/insights/residency/if-the-person-has-a-residence-permit-in-brazil-it-is-important-to-obse/index.html,0d1f239b413c6939181dd34f554d7c28488de6d66af4997825a84084be6bc81b
https://immigratetobrazil.com/pt-br/insights/residency/if-the-person-holds-a-brazilian-residence-permit-it-s-important-to-obs/,pt-br/insights/residency/if-the-person-holds-a-brazilian-residence-permit-it-s-important-to-obs/index.html,71cdda7e5001506908f292e1bcdcaaa4535275c12960a12d587bd197226e767c
https://immigratetobrazil.com/pt-br/insights/residency/if-you-have-chosen-brazil-as-your-new-place-of-residency-and-are-inqui/,pt-br/insights/residency/if-you-have-chosen-brazil-as-your-new-place-of-residency-and-are-inqui/index.html,f5d4278bcac2f14096aabe026d0b7ddc177a8f32a92ff6160a5c05123e747ba9
https://immigratetobrazil.com/pt-br/insights/residency/if-you-need-to-stay-outside-of-portugal-for-a-longer-period-than-requi/,pt-br/insights/residency/if-you-need-to-stay-outside-of-portugal-for-a-longer-period-than-requi/index.html,aafc089617d5691bb3356c2566140c8bb054e77657d7b7f48e08cdb7334d0524
https://immigratetobrazil.com/pt-br/insights/residency/in-brazil-the-national-migration-registry-rnm-is-the-registry-of-immig/,pt-br/insights/residency/in-brazil-the-national-migration-registry-rnm-is-the-registry-of-immig/index.html,d2a443797fe29606b7c8d384b3addec5f5a4d72110bdde7f7abc207327377e10
https://immigratetobrazil.com/pt-br/insights/residency/in-brazil-the-registro-nacional-de-migrante-rnm-is-the-registration-of/,pt-br/insights/residency/in-brazil-the-registro-nacional-de-migrante-rnm-is-the-registration-of/index.html,155ac5a3a67133fd87a89420c616d4d898f8abc83f36030655569adb5008a01e
https://immigratetobrazil.com/pt-br/insights/residency/in-temporary-residence-you-can-only-be-absent-for-less-than-6-consecut/,pt-br/insights/residency/in-temporary-residence-you-can-only-be-absent-for-less-than-6-consecut/index.html,d8e1f9160aacbd48224e90a931dea6ef8f801ddd7aa25838bb145fda87220f24
https://immigratetobrazil.com/pt-br/insights/residency/in-the-context-of-a-profound-political-economic-and-institutional-cris/,pt-br/insights/residency/in-the-context-of-a-profound-political-economic-and-institutional-cris/index.html,0bc78635995ed51131defc739865557811eff68c86b9798acdd364ad740568e7
https://immigratetobrazil.com/pt-br/insights/residency/it-is-important-to-note-that-one-of-the-legal-prerequisites-for-obtain/,pt-br/insights/residency/it-is-important-to-note-that-one-of-the-legal-prerequisites-for-obtain/index.html,951d0302d539ca37bdf216b15aa77b777ccd1572a57b23406a3da7e2d1f956d0
https://immigratetobrazil.com/pt-br/insights/residency/it-s-crucial-to-note-that-one-of-the-legal-prerequisites-for-obtaining/,pt-br/insights/residency/it-s-crucial-to-note-that-one-of-the-legal-prerequisites-for-obtaining/index.html,c3634896639ce3325b67329adf7041cff96df194731c6efd246c9511e4e674da
https://immigratetobrazil.com/pt-br/insights/residency/loss-of-residence-permit-may-occur-due-to-prolonged-absence-or-failure/,pt-br/insights/residency/loss-of-residence-permit-may-occur-due-to-prolonged-absence-or-failure/index.html,b308d2e4d2f2e73727517ac587437f9d1c7884e2459b2f581e826474f763672b
https://immigratetobrazil.com/pt-br/insights/residency/not-right-away-the-law-determines-the-exact-time-a-resident-can-stay-o/,pt-br/insights/residency/not-right-away-the-law-determines-the-exact-time-a-resident-can-stay-o/index.html,8712887ad3df4837f527c12bec68650bf1b0b6eeceda99b37ec370a6af86c65a
https://immigratetobrazil.com/pt-br/insights/residency/popularly-it-is-understood-that-an-immigrant-is-a-person-who-migrates/,pt-br/insights/residency/popularly-it-is-understood-that-an-immigrant-is-a-person-who-migrates/index.html,cc8f5c63d7adfed26a47223342cff416a1775a4ba552926fe4da1f9806426e39
https://immigratetobrazil.com/pt-br/insights/residency/renewal-of-the-brazilian-residence-permit-applies-to-those-who-have-a/,pt-br/insights/residency/renewal-of-the-brazilian-residence-permit-applies-to-those-who-have-a/index.html,454aad45700014e9fd3d4b280b5127b9f5675159474bb872a39903ad981d0002
https://immigratetobrazil.com/pt-br/insights/residency/residence-permit-in-brazil-due-to-the-mercosur-agreement-this-residenc/,pt-br/insights/residency/residence-permit-in-brazil-due-to-the-mercosur-agreement-this-residenc/index.html,4e1010fae86ff1b1c3bd8379990e9beb75c6ddcf537fa92063dd8c4ce744e8a7
https://immigratetobrazil.com/pt-br/insights/residency/strict-entry-requirements-the-legislation-introduced-specific-entry-re/,pt-br/insights/residency/strict-entry-requirements-the-legislation-introduced-specific-entry-re/index.html,f6d9e92f57da277b94689e85710eec62b8516ac592c598f859dfd146faf7a584
https://immigratetobrazil.com/pt-br/insights/residency/the-agreement-between-brazil-and-uruguay-deals-with-permanent-residenc/,pt-br/insights/residency/the-agreement-between-brazil-and-uruguay-deals-with-permanent-residenc/index.html,f1c25cb3a0a5c96235116f0db0219d3dfb5c9a123cdc28c19564726025f64f9f
https://immigratetobrazil.com/pt-br/insights/residency/the-loss-of-a-residence-permit-can-occur-due-to-prolonged-absence-or-f/,pt-br/insights/residency/the-loss-of-a-residence-permit-can-occur-due-to-prolonged-absence-or-f/index.html,36c8bef02228ff3e17ecd3ec4c25dca5a03a45bf8c8c00a7a873ac90f2778c93
https://immigratetobrazil.com/pt-br/insights/residency/the-person-applying-for-a-residence-permit-to-live-in-brazil-will-also/,pt-br/insights/residency/the-person-applying-for-a-residence-permit-to-live-in-brazil-will-also/index.html,635212f25fdff95fbdda199362edacf94165cae15651ee4b5b6cadc448240672
https://immigratetobrazil.com/pt-br/insights/residency/the-person-who-will-apply-for-a-residence-permit-to-live-in-brazil-wil/,pt-br/insights/residency/the-person-who-will-apply-for-a-residence-permit-to-live-in-brazil-wil/index.html,966a6fdec33ba3e3110ca8e4ac992dd22df8ecb69859c5edb5ab93f8a2236340
https://immigratetobrazil.com/pt-br/insights/residency/the-renewal-of-brazilian-residency-permit-applies-to-those-holding-a-t/,pt-br/insights/residency/the-renewal-of-brazilian-residency-permit-applies-to-those-holding-a-t/index.html,a24a98fcbb51d53bf9a76ed9901f9e79db16e43c6afe61596421b8967c3aa6db
https://immigratetobrazil.com/pt-br/insights/residency/the-request-for-reconsideration-when-a-request-for-a-residence-permit/,pt-br/insights/residency/the-request-for-reconsideration-when-a-request-for-a-residence-permit/index.html,02f5be0f77dc53edcd38f006afcb565afde8d7ee01367b556187966f1e03d543
https://immigratetobrazil.com/pt-br/insights/residency/upon-your-return-to-brazil-the-legal-process-for-revoking-your-residen/,pt-br/insights/residency/upon-your-return-to-brazil-the-legal-process-for-revoking-your-residen/index.html,fa82cbddbf58fddd1a7cc068114699722a067a76a3e70e6af2c0771f41f23b37
https://immigratetobrazil.com/pt-br/insights/updates/,pt-br/insights/updates/index.html,9751a6f48b1aed967e0c3f449255811a87748653d886717714af8a43224258cf
https://immigratetobrazil.com/pt-br/insights/updates/2026-03-09-as-of-the-end-of-july-2024-the-ministry-of-justice-and-public-security/,pt-br/insights/updates/2026-03-09-as-of-the-end-of-july-2024-the-ministry-of-justice-and-public-security/index.html,89718736682b771d0af925be70cc50ec8c08468ac5244d2854c4519d69b150c3
https://immigratetobrazil.com/pt-br/insights/updates/2026-03-09-at-the-beginning-of-the-week-fake-prints-of-a-conversation-between-jes/,pt-br/insights/updates/2026-03-09-at-the-beginning-of-the-week-fake-prints-of-a-conversation-between-jes/index.html,d6e79f3df16d5ed5939eab11ca02cf46e3717d9114b70e7aa2e0695aa0caf47b
https://immigratetobrazil.com/pt-br/insights/updates/2026-03-09-autism-awareness-month-5-rights-of-autistic-people-people-with-autism/,pt-br/insights/updates/2026-03-09-autism-awareness-month-5-rights-of-autistic-people-people-with-autism/index.html,6cfef5f09c59fb053e45f21fc86aa07ad44273be6da654b3148e70c77cd9cf84
https://immigratetobrazil.com/pt-br/insights/updates/2026-03-09-brazil-is-adjusting-its-rules-for-the-entry-of-transit-passengers-with/,pt-br/insights/updates/2026-03-09-brazil-is-adjusting-its-rules-for-the-entry-of-transit-passengers-with/index.html,75b769098503093e219559aada354609b45ca8d70827bca75c04c3389cb16876
https://immigratetobrazil.com/pt-br/insights/updates/2026-03-09-brazilian-legislation-regarding-the-air-transport-of-animals-is-still/,pt-br/insights/updates/2026-03-09-brazilian-legislation-regarding-the-air-transport-of-animals-is-still/index.html,4f0ee7f44ef5d1c944ec99107fb735c21f94c81269be5aae45a1db55e01e8bc0
https://immigratetobrazil.com/pt-br/insights/updates/2026-03-09-changes-to-latam-and-gol-baggage-rules-have-a-direct-impact-on-the-way/,pt-br/insights/updates/2026-03-09-changes-to-latam-and-gol-baggage-rules-have-a-direct-impact-on-the-way/index.html,90143b85932c2238a3a4e7c0e4dde4cb1cca52eda0170df8acce032fcb2878aa
https://immigratetobrazil.com/pt-br/insights/updates/2026-03-09-china-announced-the-launch-of-the-k-visa-aimed-especially-at-young-pro/,pt-br/insights/updates/2026-03-09-china-announced-the-launch-of-the-k-visa-aimed-especially-at-young-pro/index.html,5173eefa86585e4ab06bccadcdc5ef6fa71d7cac328c8de7e2e794707fe85469
https://immigratetobrazil.com/pt-br/insights/updates/2026-03-09-during-the-naturalization-process-the-applicant-will-be-called-for-a-p/,pt-br/insights/updates/2026-03-09-during-the-naturalization-process-the-applicant-will-be-called-for-a-p/index.html,e086e7fce4196e787c7bb877d06d0e87a4ee5be3ffdb8fa6f6afd46c75af790b
https://immigratetobrazil.com/pt-br/insights/updates/2026-03-09-end-of-the-stamp-in-the-passport-when-traveling-to-europe-from-october/,pt-br/insights/updates/2026-03-09-end-of-the-stamp-in-the-passport-when-traveling-to-europe-from-october/index.html,06986d17d42dc2d50ceafc9dcc764bdd47326cc6cbf6989125043a56cfafbd8f
https://immigratetobrazil.com/pt-br/insights/updates/2026-03-09-etias-an-electronic-authorization-similar-to-a-visa-will-be-required-f/,pt-br/insights/updates/2026-03-09-etias-an-electronic-authorization-similar-to-a-visa-will-be-required-f/index.html,debab679e4c58cc70056d56886864961c248687ea4e2cd84afe28e6b69afa430
https://immigratetobrazil.com/pt-br/insights/updates/2026-03-09-foreigners-may-apply-for-a-brazilian-passport-under-specific-circumsta/,pt-br/insights/updates/2026-03-09-foreigners-may-apply-for-a-brazilian-passport-under-specific-circumsta/index.html,5dce17acde62a737ea4e6c19e3ffdf78148f94fdc831c32bed792cbb3a1046c5
https://immigratetobrazil.com/pt-br/insights/updates/2026-03-09-from-june-1-2025-brazilian-citizens-will-be-able-to-enter-china-withou/,pt-br/insights/updates/2026-03-09-from-june-1-2025-brazilian-citizens-will-be-able-to-enter-china-withou/index.html,1a780ac13e8f87e1e043b3d4494b950a6e8423276b8109b5341a3bb2a7e4cfe9
https://immigratetobrazil.com/pt-br/insights/updates/2026-03-09-if-a-brazilian-citizen-dies-abroad-the-brazilian-government-does-not-c/,pt-br/insights/updates/2026-03-09-if-a-brazilian-citizen-dies-abroad-the-brazilian-government-does-not-c/index.html,7851ceeff79271a9bafca17d67349501d3225c0fa7f94037c81dcbb72d60fef0
https://immigratetobrazil.com/pt-br/insights/updates/2026-03-09-immigrants-when-attended-in-brazilian-public-services-should-be-treate/,pt-br/insights/updates/2026-03-09-immigrants-when-attended-in-brazilian-public-services-should-be-treate/index.html,07e42f46abf545b98245b3bd3dfb661a6198e2faf2336cf959e02aa8da182194
https://immigratetobrazil.com/pt-br/insights/updates/2026-03-09-immigrants-when-receiving-care-in-brazilian-public-services-must-be-tr/,pt-br/insights/updates/2026-03-09-immigrants-when-receiving-care-in-brazilian-public-services-must-be-tr/index.html,2743252e15f6c19558831fb722386ba46c2e1e7980784ad8b95e5b7dff8523dd
https://immigratetobrazil.com/pt-br/insights/updates/2026-03-09-in-2011-the-date-was-officially-established-through-law-no-12-519-with/,pt-br/insights/updates/2026-03-09-in-2011-the-date-was-officially-established-through-law-no-12-519-with/index.html,3dd720c61578d05d59c7f8c8864408a85597fe421a6b3cebd97aa0c05a1fac23
https://immigratetobrazil.com/pt-br/insights/updates/2026-03-09-mexico-confirms-resumption-of-the-electronic-visa-for-brazilians-from/,pt-br/insights/updates/2026-03-09-mexico-confirms-resumption-of-the-electronic-visa-for-brazilians-from/index.html,bcd4d18f2e73bb2366681ba9a5f9cda424b71ce6cb174663e63a9d23ccc33cb2
https://immigratetobrazil.com/pt-br/insights/updates/2026-03-09-since-october-22-2023-due-to-changes-in-mexican-migration-regulations/,pt-br/insights/updates/2026-03-09-since-october-22-2023-due-to-changes-in-mexican-migration-regulations/index.html,d87c0c905f9e4973078550a08317a03012f6daebd5a7e5186f4c45cae8a382ed
https://immigratetobrazil.com/pt-br/insights/updates/2026-03-09-starting-august-20-2025-the-united-states-will-begin-a-12-month-pilot/,pt-br/insights/updates/2026-03-09-starting-august-20-2025-the-united-states-will-begin-a-12-month-pilot/index.html,3e049f35f7aceff07436eb4033106d275003c9da65ad577a6148a9d554e49dce
https://immigratetobrazil.com/pt-br/insights/updates/2026-03-09-the-brazilian-government-presented-new-guidelines-for-the-transport-of/,pt-br/insights/updates/2026-03-09-the-brazilian-government-presented-new-guidelines-for-the-transport-of/index.html,ecf11553da37baca7d75cbd7bf6e6b529a6410e24df2c6b4e024c1176fd71709
https://immigratetobrazil.com/pt-br/insights/updates/2026-03-09-the-british-government-has-announced-a-significant-change-to-visa-rule/,pt-br/insights/updates/2026-03-09-the-british-government-has-announced-a-significant-change-to-visa-rule/index.html,d1fca2a6d4cb946a6a2a3b3cd0278512bdd3da4cccbccbcc054564f525eadd3f
https://immigratetobrazil.com/pt-br/insights/updates/2026-03-09-the-discussion-about-greater-rigidity-in-import-rules-began-during-the/,pt-br/insights/updates/2026-03-09-the-discussion-about-greater-rigidity-in-import-rules-began-during-the/index.html,ddf4016233603267527eaffd456c9b20269fbf2ce705ab25259cf786fc8f45cf
https://immigratetobrazil.com/pt-br/insights/updates/2026-03-09-the-federal-police-once-again-warned-of-a-serious-budgetary-risk-accor/,pt-br/insights/updates/2026-03-09-the-federal-police-once-again-warned-of-a-serious-budgetary-risk-accor/index.html,2f1268f8b6768d3fc9802bf8f95b757b5db511bed651ab3f2a64dc7a99907f4b
https://immigratetobrazil.com/pt-br/insights/updates/2026-03-09-the-president-of-the-republic-signed-a-new-decree-that-amends-article/,pt-br/insights/updates/2026-03-09-the-president-of-the-republic-signed-a-new-decree-that-amends-article/index.html,bb91362da185afe19ab12bfed8d8ac83ae7a62f97c441b0d64fe4a0a028ad7d8
https://immigratetobrazil.com/pt-br/insights/updates/2026-03-09-the-united-kingdom-has-begun-implementing-a-new-deportation-program-fo/,pt-br/insights/updates/2026-03-09-the-united-kingdom-has-begun-implementing-a-new-deportation-program-fo/index.html,8265ca806e7fabe12a8c8b85869d3074fb65ae0e3d351c6be08f8b4e89603b8c
https://immigratetobrazil.com/pt-br/insights/updates/2026-03-09-the-united-states-government-announced-a-new-guideline-from-the-citize/,pt-br/insights/updates/2026-03-09-the-united-states-government-announced-a-new-guideline-from-the-citize/index.html,31422577d8b82b32d98e6812565a84cf53b7e5c0f46756c31a243fb687352347
https://immigratetobrazil.com/pt-br/insights/updates/2026-03-09-the-united-states-government-announced-on-june-18-2025-that-it-will-re/,pt-br/insights/updates/2026-03-09-the-united-states-government-announced-on-june-18-2025-that-it-will-re/index.html,08930f4934c32029bb9f1e43107326c8ee20f793de5cd941929b55e9dd15e987
https://immigratetobrazil.com/pt-br/insights/updates/2026-03-09-the-united-states-government-has-implemented-a-new-fee-of-us-250-calle/,pt-br/insights/updates/2026-03-09-the-united-states-government-has-implemented-a-new-fee-of-us-250-calle/index.html,92d06e1d89038b68458853f4e1d7568d7389fc851b9a9ea87663349c577c14e5
https://immigratetobrazil.com/pt-br/insights/updates/2026-03-09-there-will-no-longer-be-any-import-tax-charged-on-online-purchases-of/,pt-br/insights/updates/2026-03-09-there-will-no-longer-be-any-import-tax-charged-on-online-purchases-of/index.html,10db6e7193dc2006242ead74558d3f306ade98b494d59b8f197bd97d7cf4064a
https://immigratetobrazil.com/pt-br/insights/updates/2026-03-09-thus-the-company-stops-making-some-mandatory-payments-and-the-worker-l/,pt-br/insights/updates/2026-03-09-thus-the-company-stops-making-some-mandatory-payments-and-the-worker-l/index.html,1b1292e703c0c78e7a43448e3a83e2862f5320d4559fcd8bef03effe73132e96
https://immigratetobrazil.com/pt-br/insights/updates/2026-03-09-with-an-aging-population-and-growing-dependence-on-immigrants-to-meet/,pt-br/insights/updates/2026-03-09-with-an-aging-population-and-growing-dependence-on-immigrants-to-meet/index.html,c1ac23a083c7ba8160fcaf6a03d806d61f9ed0be4849cf062c1a6566a820b490
https://immigratetobrazil.com/pt-br/insights/updates/2026-03-09-world-refugee-day-celebrated-on-june-20-is-a-date-established-by-the-u/,pt-br/insights/updates/2026-03-09-world-refugee-day-celebrated-on-june-20-is-a-date-established-by-the-u/index.html,b14850b6eae72928198fe585aacafd5e1eb6c78e5754c16c31bf2da782e118f7
https://immigratetobrazil.com/pt-br/insights/updates/2026-03-10-as-of-the-end-of-july-2024-the-ministry-of-justice-and-public-security/,pt-br/insights/updates/2026-03-10-as-of-the-end-of-july-2024-the-ministry-of-justice-and-public-security/index.html,6701ab5e46a2891f911c05303f7a47294c072bf3862ff48773d46c13fd32e5cd
https://immigratetobrazil.com/pt-br/insights/updates/2026-03-10-at-the-beginning-of-the-week-fake-prints-of-a-conversation-between-jes/,pt-br/insights/updates/2026-03-10-at-the-beginning-of-the-week-fake-prints-of-a-conversation-between-jes/index.html,04bffa7d9e68314b09e901b8cc2a0cf580cfc6f9624b8812c519a89b0732cc37
https://immigratetobrazil.com/pt-br/insights/updates/2026-03-10-autism-awareness-month-5-rights-of-autistic-people-people-with-autism/,pt-br/insights/updates/2026-03-10-autism-awareness-month-5-rights-of-autistic-people-people-with-autism/index.html,88b6f6ab342fe7757796adfd082f0fc93724a3b0bad552b76ab22430549ec174
https://immigratetobrazil.com/pt-br/insights/updates/2026-03-10-brazil-is-adjusting-its-rules-for-the-entry-of-transit-passengers-with/,pt-br/insights/updates/2026-03-10-brazil-is-adjusting-its-rules-for-the-entry-of-transit-passengers-with/index.html,1b59eb630c70b3bcaa1c92553b6598f0c529e3e3947d2d86cb457455ae0caabd
https://immigratetobrazil.com/pt-br/insights/updates/2026-03-10-brazilian-legislation-regarding-the-air-transport-of-animals-is-still/,pt-br/insights/updates/2026-03-10-brazilian-legislation-regarding-the-air-transport-of-animals-is-still/index.html,0c9742ef20d98aaa4aaeaf3c565555b1298634a4563059d915a854c3d08d2b44
https://immigratetobrazil.com/pt-br/insights/updates/2026-03-10-changes-to-latam-and-gol-baggage-rules-have-a-direct-impact-on-the-way/,pt-br/insights/updates/2026-03-10-changes-to-latam-and-gol-baggage-rules-have-a-direct-impact-on-the-way/index.html,0d8786107d7d2dd8955c6cef8d07cb96d9e90ba3f2bc812168be91e56fcbbce8
https://immigratetobrazil.com/pt-br/insights/updates/2026-03-10-china-announced-the-launch-of-the-k-visa-aimed-especially-at-young-pro/,pt-br/insights/updates/2026-03-10-china-announced-the-launch-of-the-k-visa-aimed-especially-at-young-pro/index.html,af9bd4c7bea4f1c2b41dbb3e841cdaba314226662e505937f9f5fb96f6dac25c
https://immigratetobrazil.com/pt-br/insights/updates/2026-03-10-during-the-naturalization-process-the-applicant-will-be-called-for-a-p/,pt-br/insights/updates/2026-03-10-during-the-naturalization-process-the-applicant-will-be-called-for-a-p/index.html,685c5c7748ca3ee7a777c5dbee2845f78f27a1d7439ec7cda892d41ea358ff6c
https://immigratetobrazil.com/pt-br/insights/updates/2026-03-10-end-of-the-stamp-in-the-passport-when-traveling-to-europe-from-october/,pt-br/insights/updates/2026-03-10-end-of-the-stamp-in-the-passport-when-traveling-to-europe-from-october/index.html,30faa2fbd9532d0ae3b87bacae3f4c75148ec4e0e7e629c9cb0d429a1b9775e1
https://immigratetobrazil.com/pt-br/insights/updates/2026-03-10-etias-an-electronic-authorization-similar-to-a-visa-will-be-required-f/,pt-br/insights/updates/2026-03-10-etias-an-electronic-authorization-similar-to-a-visa-will-be-required-f/index.html,3ae54020ea43050b686d76077101ff3ba5b1429dfde90cc2430995e556e857e2
https://immigratetobrazil.com/pt-br/insights/updates/2026-03-10-foreigners-may-apply-for-a-brazilian-passport-under-specific-circumsta/,pt-br/insights/updates/2026-03-10-foreigners-may-apply-for-a-brazilian-passport-under-specific-circumsta/index.html,edbdf789b20aa6b65dea3917ef7f7b0ccba3d4b1d4e3e454437cd378ec86cd9e
https://immigratetobrazil.com/pt-br/insights/updates/2026-03-10-from-june-1-2025-brazilian-citizens-will-be-able-to-enter-china-withou/,pt-br/insights/updates/2026-03-10-from-june-1-2025-brazilian-citizens-will-be-able-to-enter-china-withou/index.html,dc052b1630c646b755bec92fe1114fb3f4430138272eb13292d12cc9ee0b5dbe
https://immigratetobrazil.com/pt-br/insights/updates/2026-03-10-if-a-brazilian-citizen-dies-abroad-the-brazilian-government-does-not-c/,pt-br/insights/updates/2026-03-10-if-a-brazilian-citizen-dies-abroad-the-brazilian-government-does-not-c/index.html,48e1905e1ea9f0c0e56d6e3afd6ad8612470a8e4837ee205033341266fe1137c
https://immigratetobrazil.com/pt-br/insights/updates/2026-03-10-immigrants-when-attended-in-brazilian-public-services-should-be-treate/,pt-br/insights/updates/2026-03-10-immigrants-when-attended-in-brazilian-public-services-should-be-treate/index.html,994327a47f00a1eee99b63d8111fd6919a6fc64f8d2b2fe9e4f85171f34e19b1
https://immigratetobrazil.com/pt-br/insights/updates/2026-03-10-immigrants-when-receiving-care-in-brazilian-public-services-must-be-tr/,pt-br/insights/updates/2026-03-10-immigrants-when-receiving-care-in-brazilian-public-services-must-be-tr/index.html,5aa6c80bdc10de688dec036a913204a51a84387e1b5a55e2077085026d3631bc
https://immigratetobrazil.com/pt-br/insights/updates/2026-03-10-in-2011-the-date-was-officially-established-through-law-no-12-519-with/,pt-br/insights/updates/2026-03-10-in-2011-the-date-was-officially-established-through-law-no-12-519-with/index.html,d2186b9841fffc8baf9c6c348d06ae5ddcc816da56c631a7f428904de2a66153
https://immigratetobrazil.com/pt-br/insights/updates/2026-03-10-mexico-confirms-resumption-of-the-electronic-visa-for-brazilians-from/,pt-br/insights/updates/2026-03-10-mexico-confirms-resumption-of-the-electronic-visa-for-brazilians-from/index.html,d3ae356afa39891c8d3a6e607c400d787adb2c2a42424e9bd7c355f61272e278
https://immigratetobrazil.com/pt-br/insights/updates/2026-03-10-since-october-22-2023-due-to-changes-in-mexican-migration-regulations/,pt-br/insights/updates/2026-03-10-since-october-22-2023-due-to-changes-in-mexican-migration-regulations/index.html,d4cb8def6180b3a506f477562bc3704c524eb684d5dd51605828f8381141cd05
https://immigratetobrazil.com/pt-br/insights/updates/2026-03-10-starting-august-20-2025-the-united-states-will-begin-a-12-month-pilot/,pt-br/insights/updates/2026-03-10-starting-august-20-2025-the-united-states-will-begin-a-12-month-pilot/index.html,16d171677b2f7f2f7d01aefeba9a8ef67f7cce12fd52453b151cef15e6b68424
https://immigratetobrazil.com/pt-br/insights/updates/2026-03-10-the-brazilian-government-presented-new-guidelines-for-the-transport-of/,pt-br/insights/updates/2026-03-10-the-brazilian-government-presented-new-guidelines-for-the-transport-of/index.html,8e033b5a01c957d9f754090714d0639575aeaf740fa4532ac7d370080c437a37
https://immigratetobrazil.com/pt-br/insights/updates/2026-03-10-the-british-government-has-announced-a-significant-change-to-visa-rule/,pt-br/insights/updates/2026-03-10-the-british-government-has-announced-a-significant-change-to-visa-rule/index.html,5cfdce718e01d88b3e3bef534bfecee5832585cfae86cbd7db66c433c09a5aff
https://immigratetobrazil.com/pt-br/insights/updates/2026-03-10-the-discussion-about-greater-rigidity-in-import-rules-began-during-the/,pt-br/insights/updates/2026-03-10-the-discussion-about-greater-rigidity-in-import-rules-began-during-the/index.html,163d08487795d88d998aa7bc788ee24e9a3982e411c2d568b62e764ca9bcf439
https://immigratetobrazil.com/pt-br/insights/updates/2026-03-10-the-federal-police-once-again-warned-of-a-serious-budgetary-risk-accor/,pt-br/insights/updates/2026-03-10-the-federal-police-once-again-warned-of-a-serious-budgetary-risk-accor/index.html,3a3c863a1bdefa384d15a3005b6e3c658e8f8dd0171d11b0d9cadfb77cf8c434
https://immigratetobrazil.com/pt-br/insights/updates/2026-03-10-the-president-of-the-republic-signed-a-new-decree-that-amends-article/,pt-br/insights/updates/2026-03-10-the-president-of-the-republic-signed-a-new-decree-that-amends-article/index.html,d0fc82bc991f18da968582e1850f1b8f9a8a16edb5ce28d6a63a2680428a4459
https://immigratetobrazil.com/pt-br/insights/updates/2026-03-10-the-united-kingdom-has-begun-implementing-a-new-deportation-program-fo/,pt-br/insights/updates/2026-03-10-the-united-kingdom-has-begun-implementing-a-new-deportation-program-fo/index.html,2fb3c812ff125f98229d9a5ccd019f7fffae504c5a6e75002bab97adb98e5097
https://immigratetobrazil.com/pt-br/insights/updates/2026-03-10-the-united-states-government-announced-a-new-guideline-from-the-citize/,pt-br/insights/updates/2026-03-10-the-united-states-government-announced-a-new-guideline-from-the-citize/index.html,81ee3dd133e3bd994d342be16410f41c245d7af2915a6f18098167f11ad0e2cd
https://immigratetobrazil.com/pt-br/insights/updates/2026-03-10-the-united-states-government-announced-on-june-18-2025-that-it-will-re/,pt-br/insights/updates/2026-03-10-the-united-states-government-announced-on-june-18-2025-that-it-will-re/index.html,cbd281e11b33a68bc54d9f1d70e516ade9e72f85695cb094a8cb4f1fd2be0830
https://immigratetobrazil.com/pt-br/insights/updates/2026-03-10-the-united-states-government-has-implemented-a-new-fee-of-us-250-calle/,pt-br/insights/updates/2026-03-10-the-united-states-government-has-implemented-a-new-fee-of-us-250-calle/index.html,89f4e6995c9e4ae41c990732d555568b2eb97a8473ab41d8d0370a69066810ab
https://immigratetobrazil.com/pt-br/insights/updates/2026-03-10-there-will-no-longer-be-any-import-tax-charged-on-online-purchases-of/,pt-br/insights/updates/2026-03-10-there-will-no-longer-be-any-import-tax-charged-on-online-purchases-of/index.html,f8ad6dc0c9782335b79d35ecd56bba824408fdc17c00b496e73c12798e832663
https://immigratetobrazil.com/pt-br/insights/updates/2026-03-10-thus-the-company-stops-making-some-mandatory-payments-and-the-worker-l/,pt-br/insights/updates/2026-03-10-thus-the-company-stops-making-some-mandatory-payments-and-the-worker-l/index.html,a2a1494d8b61c341eff7552a87503c133177d6da356567a76f72e8dc57351c0b
https://immigratetobrazil.com/pt-br/insights/updates/2026-03-10-with-an-aging-population-and-growing-dependence-on-immigrants-to-meet/,pt-br/insights/updates/2026-03-10-with-an-aging-population-and-growing-dependence-on-immigrants-to-meet/index.html,8b3d472d7ca447dc02fd5fff9705ce0614ba8d20035357f009c0a16a9fb0881f
https://immigratetobrazil.com/pt-br/insights/updates/2026-03-10-world-refugee-day-celebrated-on-june-20-is-a-date-established-by-the-u/,pt-br/insights/updates/2026-03-10-world-refugee-day-celebrated-on-june-20-is-a-date-established-by-the-u/index.html,a44b0fdd441bd974a20a30c8d098924d3e6294aa0ce4ee22fa9611f655f874ab
https://immigratetobrazil.com/pt-br/insights/visa/,pt-br/insights/visa/index.html,fd4a01392468370a1ae39e726613d2355dc79bc4d4c9df67f0599735871267cc
https://immigratetobrazil.com/pt-br/insights/visa/a-brazilian-visa-is-valid-for-a-set-period-during-which-youre-allowed/,pt-br/insights/visa/a-brazilian-visa-is-valid-for-a-set-period-during-which-youre-allowed/index.html,5743c469b1e38f7766dbf2642ef8b8933a00a78b8a639b05f099534d8158801a
https://immigratetobrazil.com/pt-br/insights/visa/a-recent-study-conducted-by-embratur-in-partnership-with-visa-and-ipso/,pt-br/insights/visa/a-recent-study-conducted-by-embratur-in-partnership-with-visa-and-ipso/index.html,90a3f8b57462ed829c105b1a1ae1677d86f628d659d51a301114c3948a910959
https://immigratetobrazil.com/pt-br/insights/visa/according-to-brazilian-regulations-all-visa-applications-for-minors-mu/,pt-br/insights/visa/according-to-brazilian-regulations-all-visa-applications-for-minors-mu/index.html,6b8dbf50df71f6243c61eb3dea8d74daabb3926fe9ae87f112127752aee9c0f1
https://immigratetobrazil.com/pt-br/insights/visa/according-to-recent-news-as-an-indigenous-immigrant-in-the-united-stat/,pt-br/insights/visa/according-to-recent-news-as-an-indigenous-immigrant-in-the-united-stat/index.html,c59ff564c32ba883b840f8df17925b5b53f4f4e9587b7c3d3f77c9df25ae3579
https://immigratetobrazil.com/pt-br/insights/visa/according-to-this-news-as-an-indigenous-immigrant-in-the-united-states/,pt-br/insights/visa/according-to-this-news-as-an-indigenous-immigrant-in-the-united-states/index.html,a4534ac938aaf2fc00d9522a9b26b042c4e354a57959fafdc136fed645b24277
https://immigratetobrazil.com/pt-br/insights/visa/acquiring-a-student-visa-to-become-an-exchange-student-in-brazil-prese/,pt-br/insights/visa/acquiring-a-student-visa-to-become-an-exchange-student-in-brazil-prese/index.html,457c00e79db9fc61ec3f4bf09f02084b15ba95631239b8abfcfa2438c03752c3
https://immigratetobrazil.com/pt-br/insights/visa/although-brazilian-migration-legislation-does-not-mention-the-right-to/,pt-br/insights/visa/although-brazilian-migration-legislation-does-not-mention-the-right-to/index.html,eeb7cd46f913072b42a577cf7433ac5e7a7dddd680a0a158db10e473de0319cb
https://immigratetobrazil.com/pt-br/insights/visa/always-consult-an-immigration-lawyer-for-instructions-based-on-your-ca/,pt-br/insights/visa/always-consult-an-immigration-lawyer-for-instructions-based-on-your-ca/index.html,a7da36dfcbb0e6f58f2b332f576ba3b1098eb2b845aec8f6183588e8c57d1b97
https://immigratetobrazil.com/pt-br/insights/visa/anyone-purchasing-their-first-residential-property-through-financing-u/,pt-br/insights/visa/anyone-purchasing-their-first-residential-property-through-financing-u/index.html,b40bb8b5cb007e1db68721024a07a9beef129d2f4345f9347bd2677543c511fc
https://immigratetobrazil.com/pt-br/insights/visa/arriving-in-brazil-as-a-tourist-and-subsequently-obtaining-a-residence/,pt-br/insights/visa/arriving-in-brazil-as-a-tourist-and-subsequently-obtaining-a-residence/index.html,e68b1d4479955db2a0f4c8447b39fd51ec8e4c83347616cac5277615240b9112
https://immigratetobrazil.com/pt-br/insights/visa/arriving-in-brazil-as-a-tourist-and-subsequently-obtaining-a-residency/,pt-br/insights/visa/arriving-in-brazil-as-a-tourist-and-subsequently-obtaining-a-residency/index.html,d15cb7b686b74992aac844f6901ee27de8f69a02dc5ea47c551aa96c0947cb3b
https://immigratetobrazil.com/pt-br/insights/visa/assai-located-in-the-state-of-parana-brazil-was-established-in-the-ear/,pt-br/insights/visa/assai-located-in-the-state-of-parana-brazil-was-established-in-the-ear/index.html,644438c3fcd912041dc977e3dcd3ca472e113c5ad9db8e16b6945cc1690a106e
https://immigratetobrazil.com/pt-br/insights/visa/before-submitting-your-visa-application-it-is-essential-to-first-prepa/,pt-br/insights/visa/before-submitting-your-visa-application-it-is-essential-to-first-prepa/index.html,53eec96ab51f93d56c8ee18abafc28d0984cc024be5dcf88a9f605ebbf320a08
https://immigratetobrazil.com/pt-br/insights/visa/before-submitting-your-visa-application-it-s-essential-to-first-beggin/,pt-br/insights/visa/before-submitting-your-visa-application-it-s-essential-to-first-beggin/index.html,ebc3d8551a535060367bb29cc7a7db9b4c6c79f6049d183315bc9f0438663eb9
https://immigratetobrazil.com/pt-br/insights/visa/before-you-travel-or-live-in-another-country-you-need-to-carry-out-leg/,pt-br/insights/visa/before-you-travel-or-live-in-another-country-you-need-to-carry-out-leg/index.html,7869eb3655e9888a60561ca4ea8e02058b468f9869f29af7d8c9ea3d7028b2ad
https://immigratetobrazil.com/pt-br/insights/visa/behind-each-visa-there-is-a-lifetime-of-expectations-memories-and-drea/,pt-br/insights/visa/behind-each-visa-there-is-a-lifetime-of-expectations-memories-and-drea/index.html,f0b8926feda4a829d255da724b9e2dfab93d1f422dd877ccdde04dfea30c44ab
https://immigratetobrazil.com/pt-br/insights/visa/brazil-does-not-offer-specific-fiance-or-spouse-visas-but-has-provisio/,pt-br/insights/visa/brazil-does-not-offer-specific-fiance-or-spouse-visas-but-has-provisio/index.html,b82ab69785601da6835b467d9f253c0542ee85f1329e8d4152754174ca120041
https://immigratetobrazil.com/pt-br/insights/visa/brazil-doesn-t-offer-specific-fiance-or-spouse-visas-it-does-have-prov/,pt-br/insights/visa/brazil-doesn-t-offer-specific-fiance-or-spouse-visas-it-does-have-prov/index.html,f50653e0dcd4ff4f152bff3a5a61f85e1546b559a04c2c967f845628327143c5
https://immigratetobrazil.com/pt-br/insights/visa/brazil-grants-a-temporary-visa-to-foreigners-who-come-to-the-country-w/,pt-br/insights/visa/brazil-grants-a-temporary-visa-to-foreigners-who-come-to-the-country-w/index.html,e0b35977adf69ef32cb9dda16b7bbad0e8dc20e4e4242ef35f2ca4ed11ea0e4f
https://immigratetobrazil.com/pt-br/insights/visa/brazil-grants-permanent-residency-to-foreign-nationals-through-various/,pt-br/insights/visa/brazil-grants-permanent-residency-to-foreign-nationals-through-various/index.html,345082084af2223a1d975704d0a0223df470efb6c90cd38ff123489148cecd5f
https://immigratetobrazil.com/pt-br/insights/visa/brazil-issues-the-cplp-temporary-visa-only-in-some-specific-cities/,pt-br/insights/visa/brazil-issues-the-cplp-temporary-visa-only-in-some-specific-cities/index.html,31d2f5dfdb9ade59f4f619700cb58b20a0412153c94b5589c59be0a7acdc39cd
https://immigratetobrazil.com/pt-br/insights/visa/brazil-legal-guidance-eligibility-and-process-2/,pt-br/insights/visa/brazil-legal-guidance-eligibility-and-process-2/index.html,63b561c012bbe557aa74c59b58e900d0aca409ad51beed1b5b0cf6983456b99a
https://immigratetobrazil.com/pt-br/insights/visa/brazil-legal-guidance-eligibility-and-process-3/,pt-br/insights/visa/brazil-legal-guidance-eligibility-and-process-3/index.html,1404b312f1182e237a1b5ba246d1db4c2f824521d41e7a66738d2ab51ac46db4
https://immigratetobrazil.com/pt-br/insights/visa/brazil-legal-guidance-eligibility-and-process/,pt-br/insights/visa/brazil-legal-guidance-eligibility-and-process/index.html,1ea7fa7346d60261ed8664b6d94d33fc74abefa729927a79cb6804fa0fdfe742
https://immigratetobrazil.com/pt-br/insights/visa/brazil-offers-a-digital-nomad-visa-for-foreign-nationals-who-wish-to-l/,pt-br/insights/visa/brazil-offers-a-digital-nomad-visa-for-foreign-nationals-who-wish-to-l/index.html,80c0a9e2fe28d8c8573890b6cda905316d9b90da64c7b76393274886102f506c
https://immigratetobrazil.com/pt-br/insights/visa/brazil-offers-a-specific-visa-and-residency-for-artists-and-athletes-c/,pt-br/insights/visa/brazil-offers-a-specific-visa-and-residency-for-artists-and-athletes-c/index.html,b9b9c52bd0f2fe6926a6c6837eaf816b44ba12b383401c006acec19f05ee08cf
https://immigratetobrazil.com/pt-br/insights/visa/brazil-offers-humanitarian-visa-to-individuals-in-situations-of-extrem/,pt-br/insights/visa/brazil-offers-humanitarian-visa-to-individuals-in-situations-of-extrem/index.html,a3b4bdf40fe3894e8a18ea17c77d2047625a981c318d6a116d8b5d1523c1e60a
https://immigratetobrazil.com/pt-br/insights/visa/brazil-offers-student-visa-for-foreign-medical-residents-who-wish-to-p/,pt-br/insights/visa/brazil-offers-student-visa-for-foreign-medical-residents-who-wish-to-p/index.html,ceff48ba0362d10b86bd8050c0deaba1022b875e7ce8e92b7a0931149f1d46c0
https://immigratetobrazil.com/pt-br/insights/visa/brazil-offers-the-possibility-of-permanent-residency-for-families-wish/,pt-br/insights/visa/brazil-offers-the-possibility-of-permanent-residency-for-families-wish/index.html,25883b02a66b6cdbbaeef30d94265addc64ed6bc3b6047750aa59bb03bb76910
https://immigratetobrazil.com/pt-br/insights/visa/brazil-s-digital-nomad-visa-is-your-ticket-to-an-incredible-experience/,pt-br/insights/visa/brazil-s-digital-nomad-visa-is-your-ticket-to-an-incredible-experience/index.html,fc7f0d4f0addcfd211550aecd3e6dea03e6061dfe95187b717c1b128a1fa9176
https://immigratetobrazil.com/pt-br/insights/visa/brazil-s-real-estate-market-is-booming-offering-incredible-potential-f/,pt-br/insights/visa/brazil-s-real-estate-market-is-booming-offering-incredible-potential-f/index.html,7323e6e9b42a64c75e12cf3a56936f7dd7e810ab59e0cdeef8992f9b4fad578d
https://immigratetobrazil.com/pt-br/insights/visa/brazilian-law-permits-students-on-a-student-visa-to-work-while-studyin/,pt-br/insights/visa/brazilian-law-permits-students-on-a-student-visa-to-work-while-studyin/index.html,857afeda7a865fbb9edf403487aacc8e63f7c419a1757d7d2f49c6d51326016f
https://immigratetobrazil.com/pt-br/insights/visa/brazilian-student-visa-for-medical-studies-the-brazilian-student-visa/,pt-br/insights/visa/brazilian-student-visa-for-medical-studies-the-brazilian-student-visa/index.html,499a3ed3fbe577cdfd3f7c51949a0262f3c30cc7c8ae9dbfde35d99e887972fd
https://immigratetobrazil.com/pt-br/insights/visa/brazilian-temporary-residency-permit-for-work-consulting-with-an-immig/,pt-br/insights/visa/brazilian-temporary-residency-permit-for-work-consulting-with-an-immig/index.html,bfdcb709bad745bf693a17b9db768730b3f6e366a1f6408dc58e79fa7bc4bfb6
https://immigratetobrazil.com/pt-br/insights/visa/consulting-with-an-immigration-lawyer-ensures-that-you-have-a-knowledg-2/,pt-br/insights/visa/consulting-with-an-immigration-lawyer-ensures-that-you-have-a-knowledg-2/index.html,90ccac6f2fb64c34b627d5040d6d03b109b423193e850215f46ada0742151dbd
https://immigratetobrazil.com/pt-br/insights/visa/consulting-with-an-immigration-lawyer-ensures-that-you-have-a-knowledg-3/,pt-br/insights/visa/consulting-with-an-immigration-lawyer-ensures-that-you-have-a-knowledg-3/index.html,d3e99ba08ca75131f20e302e0d0ecd72129dbd30472f5567ce6b951c1f091daf
https://immigratetobrazil.com/pt-br/insights/visa/consulting-with-an-immigration-lawyer-ensures-that-you-have-a-knowledg/,pt-br/insights/visa/consulting-with-an-immigration-lawyer-ensures-that-you-have-a-knowledg/index.html,21f897d9694180834abcfbf49fe7f1cb54e0088f59ccc6ec25e6ca3976d1d610
https://immigratetobrazil.com/pt-br/insights/visa/due-to-the-political-crises-in-syria-the-brazilian-embassy-in-syria-ha/,pt-br/insights/visa/due-to-the-political-crises-in-syria-the-brazilian-embassy-in-syria-ha/index.html,3ac79ac860c322382a4877cb26378c9683a48f69d035de1fd72ada0159e3edd1
https://immigratetobrazil.com/pt-br/insights/visa/entering-brazil-as-a-tourist-can-be-a-valid-starting-point-for-anyone/,pt-br/insights/visa/entering-brazil-as-a-tourist-can-be-a-valid-starting-point-for-anyone/index.html,65121c3a9e8bf19e0177d67fd1d9510821a9bb88a1b0949e97237ad4d55c3610
https://immigratetobrazil.com/pt-br/insights/visa/entering-brazil-as-a-tourist-can-serve-as-a-valid-starting-point-for-t/,pt-br/insights/visa/entering-brazil-as-a-tourist-can-serve-as-a-valid-starting-point-for-t/index.html,f04cd7cb0a052fd09f2e9e24353fba76341db5aa3af2e7eebcf66873b67e8d8c
https://immigratetobrazil.com/pt-br/insights/visa/even-though-this-visa-offers-permanent-residency-it-comes-with-conditi/,pt-br/insights/visa/even-though-this-visa-offers-permanent-residency-it-comes-with-conditi/index.html,050c86300b84eba0d16a2c09611763c2a5855fe528c459abef2074318a0f6953
https://immigratetobrazil.com/pt-br/insights/visa/every-visa-applicant-has-the-right-to-receive-a-justification/,pt-br/insights/visa/every-visa-applicant-has-the-right-to-receive-a-justification/index.html,64e162fc61861c27c91b7fa5b945da9912fa2265fede7d861901206766a4055f
https://immigratetobrazil.com/pt-br/insights/visa/expanding-a-business-into-brazil-requires-careful-planning-and-complia/,pt-br/insights/visa/expanding-a-business-into-brazil-requires-careful-planning-and-complia/index.html,f9789660c92f2b50e870a8e24c2ae1c2bc894b295640c6f8f43704c2ffc78fcb
https://immigratetobrazil.com/pt-br/insights/visa/explore-tax-friendly-destinations-and-optimize-your-tax-situation-whil/,pt-br/insights/visa/explore-tax-friendly-destinations-and-optimize-your-tax-situation-whil/index.html,06c09f5ccb9b282bcb9239f7796e53b883c79069014833a11677be73b7b7fb2b
https://immigratetobrazil.com/pt-br/insights/visa/for-brazilians-wishing-to-go-to-new-zealand-the-brazil-new-zealand-wor/,pt-br/insights/visa/for-brazilians-wishing-to-go-to-new-zealand-the-brazil-new-zealand-wor/index.html,bc4281753dc9527a5aa34da8d6428444806aab7b7b0d9fb77ae9b4b1082f29b4
https://immigratetobrazil.com/pt-br/insights/visa/for-certain-nationalities-a-visa-for-this-is-not-required/,pt-br/insights/visa/for-certain-nationalities-a-visa-for-this-is-not-required/index.html,d9cfcf3b779d93fdce11f388c4b5e594518e07f54518f2b7cf8ff0c0e3ed558f
https://immigratetobrazil.com/pt-br/insights/visa/for-those-planning-to-travel-to-the-united-states-to-watch-the-2026-wo/,pt-br/insights/visa/for-those-planning-to-travel-to-the-united-states-to-watch-the-2026-wo/index.html,e873b21113ac570473e4d917552c47ac4256a478a52bac0a586d164ca94da4c1
https://immigratetobrazil.com/pt-br/insights/visa/foreign-nationals-who-come-to-brazil-for-research-teaching-or-academic/,pt-br/insights/visa/foreign-nationals-who-come-to-brazil-for-research-teaching-or-academic/index.html,aec40d9b85d614cf4e54cb4ae19f5e213533beed633de69c3deab5d40ca5654e
https://immigratetobrazil.com/pt-br/insights/visa/hiring-foreign-workers-has-become-an-increasingly-common-practice-amon/,pt-br/insights/visa/hiring-foreign-workers-has-become-an-increasingly-common-practice-amon/index.html,5124361297733aa816380ba9be06c3d9b44ced36c7ea67578343c3080ada0bc5
https://immigratetobrazil.com/pt-br/insights/visa/i-will-be-working-remotely-in-brazil/,pt-br/insights/visa/i-will-be-working-remotely-in-brazil/index.html,4a2638ec40543e3a6f975c0e7b571fed19aaa1fc51907d51857407821d38f531
https://immigratetobrazil.com/pt-br/insights/visa/if-a-person-received-a-portuguese-residence-visa-without-making-an-app/,pt-br/insights/visa/if-a-person-received-a-portuguese-residence-visa-without-making-an-app/index.html,54ad2f919e7f89f38e2513f81db4e4cc74e7a613f343a806098885a3460d62b2
https://immigratetobrazil.com/pt-br/insights/visa/if-an-artist-charges-a-fee-for-their-performance-a-work-visa-is-requir/,pt-br/insights/visa/if-an-artist-charges-a-fee-for-their-performance-a-work-visa-is-requir/index.html,720dc886ada52bd0aedc0b56e09d82c45c41a311dedb081d48f8169e2ef96906
https://immigratetobrazil.com/pt-br/insights/visa/if-an-investor-an-individual-is-looking-for-opportunities-and-to-be-ab/,pt-br/insights/visa/if-an-investor-an-individual-is-looking-for-opportunities-and-to-be-ab/index.html,5c019ddde19094c2a5d99e4cbe8eedceba057a23b3779a9a2f39410f627feb1b
https://immigratetobrazil.com/pt-br/insights/visa/if-the-brazilian-consulate-does-not-provide-a-justification-for-the-vi/,pt-br/insights/visa/if-the-brazilian-consulate-does-not-provide-a-justification-for-the-vi/index.html,289111b2ca2a565e849fe09d2d13197bb9edee465bed9af1db1a7dff401500cd
https://immigratetobrazil.com/pt-br/insights/visa/if-the-couple-wishes-to-live-in-brazil-after-marriage-the-foreigner-wi/,pt-br/insights/visa/if-the-couple-wishes-to-live-in-brazil-after-marriage-the-foreigner-wi/index.html,34121bdb8f73a0aa4d18aaaabdd8ce43729bd2b6046bc745457fe7b34fca786c
https://immigratetobrazil.com/pt-br/insights/visa/if-you-are-an-investor-looking-to-reside-in-brazil-with-foreign-resour/,pt-br/insights/visa/if-you-are-an-investor-looking-to-reside-in-brazil-with-foreign-resour/index.html,33298c0b6379c41b0ef90c854d1a02e30ea4a37788a07d5cf22070386880e405
https://immigratetobrazil.com/pt-br/insights/visa/if-you-arrived-in-brazil-as-a-tourist-and-want-to-stay-longer-than-ini/,pt-br/insights/visa/if-you-arrived-in-brazil-as-a-tourist-and-want-to-stay-longer-than-ini/index.html,9e734cb8f522def450aa479dd248fab04fb7ddced8cf821fdea661c034441330
https://immigratetobrazil.com/pt-br/insights/visa/if-you-arrived-in-brazil-as-a-tourist-and-wish-to-stay-longer-than-ori/,pt-br/insights/visa/if-you-arrived-in-brazil-as-a-tourist-and-wish-to-stay-longer-than-ori/index.html,43887ee91ae12ae27a43ea0cd702a10df90e940787b06cc4992fb27dad727210
https://immigratetobrazil.com/pt-br/insights/visa/if-you-currently-hold-a-temporary-residence-permit-in-brazil-and-are-w/,pt-br/insights/visa/if-you-currently-hold-a-temporary-residence-permit-in-brazil-and-are-w/index.html,de96395e258f716ecb29be0e4458d6edb747cc3cab55a2e48752ce7b604ee598
https://immigratetobrazil.com/pt-br/insights/visa/if-you-hold-a-temporary-visa-or-residence-permit-it-s-imperative-to-co/,pt-br/insights/visa/if-you-hold-a-temporary-visa-or-residence-permit-it-s-imperative-to-co/index.html,0c0db738f4facffba5898ac0a41c6872419752ddc1640c9bcfa25b038a0c75f0
https://immigratetobrazil.com/pt-br/insights/visa/if-you-hold-a-temporary-visa-or-residency-permit-it-s-imperative-to-co/,pt-br/insights/visa/if-you-hold-a-temporary-visa-or-residency-permit-it-s-imperative-to-co/index.html,346b983a9bdad3d4e9638fce5581134b9c34a40865f8f2be94fbfdc8fddd3d75
https://immigratetobrazil.com/pt-br/insights/visa/if-you-re-from-one-of-the-eligible-countries-you-can-request-a-90-day-2/,pt-br/insights/visa/if-you-re-from-one-of-the-eligible-countries-you-can-request-a-90-day-2/index.html,dbeb395b856885c4c574ca0ea15fa41ed3bf56b25f92b67089163a9bcce59cb6
https://immigratetobrazil.com/pt-br/insights/visa/if-you-re-from-one-of-the-eligible-countries-you-can-request-a-90-day/,pt-br/insights/visa/if-you-re-from-one-of-the-eligible-countries-you-can-request-a-90-day/index.html,73cda20209bbc30b0ea59e0912758158a13e6d576bd98b40fe3ed6453a8d9b2a
https://immigratetobrazil.com/pt-br/insights/visa/if-your-american-visa-is-denied-the-first-recommended-action-is-to-loo/,pt-br/insights/visa/if-your-american-visa-is-denied-the-first-recommended-action-is-to-loo/index.html,59098f78a81ab75b8a22ea2c4bae6435585a3ee7c6ae80f73f083df9f9bc0029
https://immigratetobrazil.com/pt-br/insights/visa/if-youve-studied-in-brazil-and-are-thinking-about-staying-to-work-ther/,pt-br/insights/visa/if-youve-studied-in-brazil-and-are-thinking-about-staying-to-work-ther/index.html,80812ed5ef6bd3599ed5eaca22cc6576d240a537370316b50dc5b4a9eca22c08
https://immigratetobrazil.com/pt-br/insights/visa/immigrating-to-a-new-country-is-a-life-altering-decision-and-seeking-p/,pt-br/insights/visa/immigrating-to-a-new-country-is-a-life-altering-decision-and-seeking-p/index.html,b48499cf2ed79c4f218f71c89968152a154bd76f6bf0f644b6cf4e6007fc2ae8
https://immigratetobrazil.com/pt-br/insights/visa/immigration-planning-involves-strategic-and-thoughtful-consideration-o/,pt-br/insights/visa/immigration-planning-involves-strategic-and-thoughtful-consideration-o/index.html,8fd7926bd210f3e55d8e646d0969943516d973f87d1cc0b779c89f40802448af
https://immigratetobrazil.com/pt-br/insights/visa/in-a-prestigious-international-ranking-organized-by-the-1000-libraries/,pt-br/insights/visa/in-a-prestigious-international-ranking-organized-by-the-1000-libraries/index.html,4e26d71e005c3f0f6c02f296d9705de346a465d965e7e3ed495337a9b8a36401
https://immigratetobrazil.com/pt-br/insights/visa/in-brazil-deportation-is-an-administrative-measure-applied-to-individu/,pt-br/insights/visa/in-brazil-deportation-is-an-administrative-measure-applied-to-individu/index.html,209988e3addf6d624fbfa5fec842c8ed50ead5b05a987f5cc612d73330b8ffe7
https://immigratetobrazil.com/pt-br/insights/visa/in-brazil-eligible-people-holding-a-temporary-visa-have-the-opportunit/,pt-br/insights/visa/in-brazil-eligible-people-holding-a-temporary-visa-have-the-opportunit/index.html,ef6f7864bb6c311955e08abafe701f9aeb7a25fef46db9bcf7ae908b8d76c859
https://immigratetobrazil.com/pt-br/insights/visa/in-brazil-homeschooling-is-prohibited-and-the-parents-must-go-to-the-n/,pt-br/insights/visa/in-brazil-homeschooling-is-prohibited-and-the-parents-must-go-to-the-n/index.html,a68a45b93888613fc5aab7713fffd87fed9893d18bdeb57b52038b112179c5eb
https://immigratetobrazil.com/pt-br/insights/visa/in-brazil-priests-must-go-to-the-nearest-public-school-and-request-the/,pt-br/insights/visa/in-brazil-priests-must-go-to-the-nearest-public-school-and-request-the/index.html,d4bd99cc502f912f21b9ca7d2ba10d238f10776dcde3fc77654699e4bbe3d053
https://immigratetobrazil.com/pt-br/insights/visa/in-brazil-there-are-several-types-of-work-visas-available-depending-on-2/,pt-br/insights/visa/in-brazil-there-are-several-types-of-work-visas-available-depending-on-2/index.html,b89019db9efeafdc20e5332224272d95c5d7a2c3d7e11e14fc6e8e03923cc20c
https://immigratetobrazil.com/pt-br/insights/visa/in-brazil-there-are-several-types-of-work-visas-available-depending-on/,pt-br/insights/visa/in-brazil-there-are-several-types-of-work-visas-available-depending-on/index.html,34b1e7862ddde0701a86c87ee9f9356bb373ffd96c1ecb90cf4684267432b176
https://immigratetobrazil.com/pt-br/insights/visa/in-brazilian-immigration-matters-foreign-nationals-could-apply-for-a-f/,pt-br/insights/visa/in-brazilian-immigration-matters-foreign-nationals-could-apply-for-a-f/index.html,1356506fad332ca173879319717c77c3559ebfeddeaea62ee342a8065243500a
https://immigratetobrazil.com/pt-br/insights/visa/in-exceptional-cases-a-brazilian-visa-application-may-be-denied-under/,pt-br/insights/visa/in-exceptional-cases-a-brazilian-visa-application-may-be-denied-under/index.html,61e161f0fe5cdeaf947927c2d4ce10cb3d11266139ee546c39ba0a9da99f7e12
https://immigratetobrazil.com/pt-br/insights/visa/in-general-many-countries-do-not-have-a-specific-dating-visa-but-offer/,pt-br/insights/visa/in-general-many-countries-do-not-have-a-specific-dating-visa-but-offer/index.html,586a4ee88a5bea16c0761bf6939926259d80be75def54b743a67899dd9c0e843
https://immigratetobrazil.com/pt-br/insights/visa/in-situations-where-a-brazilian-needs-emergency-consular-assistance-ou/,pt-br/insights/visa/in-situations-where-a-brazilian-needs-emergency-consular-assistance-ou/index.html,5f01ce2cc5d6179478ed999dbe62e6a023ac12339705e97be201a97bf2707188
https://immigratetobrazil.com/pt-br/insights/visa/in-some-cases-of-vulnerable-situations-brazilian-migration-law-waives/,pt-br/insights/visa/in-some-cases-of-vulnerable-situations-brazilian-migration-law-waives/index.html,0426094e3f9eb0224d1f37b5849aaab31c27925b24a7710e07a6941f51d00668
https://immigratetobrazil.com/pt-br/insights/visa/individuals-seeking-to-work-in-brazil-through-a-formal-employment-rela/,pt-br/insights/visa/individuals-seeking-to-work-in-brazil-through-a-formal-employment-rela/index.html,38b6b259d9b1a5055427b9a0f7426868242254430f3b9d9eeb9918ab89a1b4c7
https://immigratetobrazil.com/pt-br/insights/visa/it-can-be-possible-to-bring-a-companion-to-brazil-on-a-health-treatmen/,pt-br/insights/visa/it-can-be-possible-to-bring-a-companion-to-brazil-on-a-health-treatmen/index.html,a57b8c65ecad0c3c65828a9c06263889f5a991816d417055287852111cb990ac
https://immigratetobrazil.com/pt-br/insights/visa/it-is-not-necessary-in-cases-of-a-stopover-or-connecting-flight-in-bra/,pt-br/insights/visa/it-is-not-necessary-in-cases-of-a-stopover-or-connecting-flight-in-bra/index.html,69354e497406cc825381862b11d76263d9530f7cd76614680439983a871a5ce6
https://immigratetobrazil.com/pt-br/insights/visa/it-is-now-possible-to-apply-for-a-digital-nomad-visa-for-italy/,pt-br/insights/visa/it-is-now-possible-to-apply-for-a-digital-nomad-visa-for-italy/index.html,63763d0337dbff8b2d82b71d4a17e41411d955f18634c1184f9c181668b0acc1
https://immigratetobrazil.com/pt-br/insights/visa/it-is-possible-for-a-foreign-person-to-purchase-property-in-brazil-but/,pt-br/insights/visa/it-is-possible-for-a-foreign-person-to-purchase-property-in-brazil-but/index.html,a75c6cd76b7530c3849d27d455044f2c40c425280e245646471340f9cc709436
https://immigratetobrazil.com/pt-br/insights/visa/it-is-possible-to-bring-a-companion-to-brazil-with-a-health-treatment/,pt-br/insights/visa/it-is-possible-to-bring-a-companion-to-brazil-with-a-health-treatment/index.html,1399a69aeff850e14c93da7f127f621778b7dc325d435c9dab9435a9a4785d5a
https://immigratetobrazil.com/pt-br/insights/visa/it-is-possible-to-go-to-brazil-as-a-tourist-and-get-married-or-recogni/,pt-br/insights/visa/it-is-possible-to-go-to-brazil-as-a-tourist-and-get-married-or-recogni/index.html,f4f3de58b007a68b73feaac484face1c1a7597fd33ce2c358d8ba9d836fd53bd
https://immigratetobrazil.com/pt-br/insights/visa/japan-has-announced-measures-to-attract-digital-nomads-aligning-with-a/,pt-br/insights/visa/japan-has-announced-measures-to-attract-digital-nomads-aligning-with-a/index.html,b5edef17d24845d2b470be7c62c02170d8372b566222aafdc228ae2057a960d0
https://immigratetobrazil.com/pt-br/insights/visa/legal-guidance-eligibility-requirements-and-filing-steps/,pt-br/insights/visa/legal-guidance-eligibility-requirements-and-filing-steps/index.html,7d1bab8c3565ff775dab3c0e2722ee4284bd8af6b172640e1097b000fec6d353
https://immigratetobrazil.com/pt-br/insights/visa/many-people-risk-staying-in-portugal-with-just-a-tourist-visa-and-then/,pt-br/insights/visa/many-people-risk-staying-in-portugal-with-just-a-tourist-visa-and-then/index.html,67ce724fd7d9553d2fe5e4a541ea62dfa80ed46dc9db384faf70b1dba225490b
https://immigratetobrazil.com/pt-br/insights/visa/may-5th-is-celebrated-as-portuguese-language-and-lusophone-culture-day/,pt-br/insights/visa/may-5th-is-celebrated-as-portuguese-language-and-lusophone-culture-day/index.html,513087b5a56335eb5d3f236502fb0785dd8e822c6ef7303278e59874979f5275
https://immigratetobrazil.com/pt-br/insights/visa/my-immigrant-id-card-is-valid-until-2030-but-my-civil-partnership-has/,pt-br/insights/visa/my-immigrant-id-card-is-valid-until-2030-but-my-civil-partnership-has/index.html,de6afeb22e59a8749d098cecb91eb0b97676245b374c2afb30ced59b72bed468
https://immigratetobrazil.com/pt-br/insights/visa/news-visa-fees-for-the-usa-will-become-more-expensive-from-may-30th-to/,pt-br/insights/visa/news-visa-fees-for-the-usa-will-become-more-expensive-from-may-30th-to/index.html,a4138b06a7dbac5bf1024a8f90c8b7c6ee334bf6628d3c41a7910e365b6a74da
https://immigratetobrazil.com/pt-br/insights/visa/no-a-work-visa-requires-prior-approval-from-the-brazilian-ministry-of/,pt-br/insights/visa/no-a-work-visa-requires-prior-approval-from-the-brazilian-ministry-of/index.html,570b3cf3e9eaac7e6a39e19f42521ad2ce9392b77cad1f7b04089ae1af72e70f
https://immigratetobrazil.com/pt-br/insights/visa/no-dependents-can-arrive-with-or-after-the-main-visa-holder-in-the-usa/,pt-br/insights/visa/no-dependents-can-arrive-with-or-after-the-main-visa-holder-in-the-usa/index.html,ef23866830f490fad751b6e2a1d6c4902640cc9842b010750ee9e976ab7e6019
https://immigratetobrazil.com/pt-br/insights/visa/not-everything-is-what-it-seems-especially-in-brazilian-cuisine/,pt-br/insights/visa/not-everything-is-what-it-seems-especially-in-brazilian-cuisine/index.html,a07ca5d2b49a288bf4bd5410e4ddc12e08bc92717682a92f6d15ecc3bc010f23
https://immigratetobrazil.com/pt-br/insights/visa/nowadays-technology-allows-us-to-work-from-anywhere-in-the-world/,pt-br/insights/visa/nowadays-technology-allows-us-to-work-from-anywhere-in-the-world/index.html,c6911f671ba01d6fa45ce4ca0eff9b7dd81da4c0d12c77e4c1bbc01557765d21
https://immigratetobrazil.com/pt-br/insights/visa/obtaining-a-permanent-residence-permit-indefinite-period-in-brazil-is/,pt-br/insights/visa/obtaining-a-permanent-residence-permit-indefinite-period-in-brazil-is/index.html,bbcb31591ee6f34e912bceb18c9d8df4bb5deaeb8449ed1a85539116361a3bd8
https://immigratetobrazil.com/pt-br/insights/visa/obtaining-a-residency-permit-as-a-retiree-or-pensioner-in-brazil-provi/,pt-br/insights/visa/obtaining-a-residency-permit-as-a-retiree-or-pensioner-in-brazil-provi/index.html,2243fab368fe66538b2abe14bf886edd8f900a0055bb678b49cdbf2f4f6a45af
https://immigratetobrazil.com/pt-br/insights/visa/obtaining-a-student-visa-to-be-an-exchange-student-in-brazil-offers-a/,pt-br/insights/visa/obtaining-a-student-visa-to-be-an-exchange-student-in-brazil-offers-a/index.html,8886e6ff350f8d480ff0e48d35c7f3ec861ff0b112964f1a81d519e763745a2b
https://immigratetobrazil.com/pt-br/insights/visa/obtaining-an-immigrant-identity-card-rnm-is-extremely-important-for-im/,pt-br/insights/visa/obtaining-an-immigrant-identity-card-rnm-is-extremely-important-for-im/index.html,a6646fde503f9ba8a275527f102ba7f75628bfa112fe202a245db408e4e5dfda
https://immigratetobrazil.com/pt-br/insights/visa/people-who-exceed-the-legal-period-of-stay-in-brazil-either-by-oversta/,pt-br/insights/visa/people-who-exceed-the-legal-period-of-stay-in-brazil-either-by-oversta/index.html,abb3f74d5205a68ebff09cd5bb0e0cb7cd5849796bf0d8e8fe54a2195e3e16e5
https://immigratetobrazil.com/pt-br/insights/visa/permanent-residency-through-the-investor-visa-individual-investment-in/,pt-br/insights/visa/permanent-residency-through-the-investor-visa-individual-investment-in/index.html,5da065c1271d47d04401b534179153d281fa4f513363e2b7fbfd1d18423ed437
https://immigratetobrazil.com/pt-br/insights/visa/premium-processing-is-a-service-offered-by-the-us-immigration-agency-t/,pt-br/insights/visa/premium-processing-is-a-service-offered-by-the-us-immigration-agency-t/index.html,8142d3fb792154e5edfd2b645e8282057bffe7d8386745053306774d9fe68ebb
https://immigratetobrazil.com/pt-br/insights/visa/professionals-can-have-the-eb2-niw-visa-as-a-gateway-to-continue-their/,pt-br/insights/visa/professionals-can-have-the-eb2-niw-visa-as-a-gateway-to-continue-their/index.html,a0ee19405b91bc95e425ca107ff708d13b308356161fa00b8d346fccd132f2a9
https://immigratetobrazil.com/pt-br/insights/visa/qualified-professionals-can-use-the-eb2-niw-visa-as-a-gateway-to-conti/,pt-br/insights/visa/qualified-professionals-can-use-the-eb2-niw-visa-as-a-gateway-to-conti/index.html,d54e6ea9db195e346a9319edab934de7215949274fb4169c99b46e3d54f89c5f
https://immigratetobrazil.com/pt-br/insights/visa/repatriation-also-known-as-national-recovery-operation-represents-the/,pt-br/insights/visa/repatriation-also-known-as-national-recovery-operation-represents-the/index.html,f69615d38e5330919452f0abd395d65b63a00edf0299049cfca004af74c2e823
https://immigratetobrazil.com/pt-br/insights/visa/retirees-and-pensioners-who-want-to-live-in-brazil-can-request-a-tempo/,pt-br/insights/visa/retirees-and-pensioners-who-want-to-live-in-brazil-can-request-a-tempo/index.html,a66e94ed2749fa97a07776032d97e45b760ba1248ac590d7271d900957d8750c
https://immigratetobrazil.com/pt-br/insights/visa/rio-de-janeiro-has-recently-been-named-the-world-s-top-destination-for/,pt-br/insights/visa/rio-de-janeiro-has-recently-been-named-the-world-s-top-destination-for/index.html,dce93fc49d9581436ea00b5d574fbd2f86a835053b4461e23203cb9a2d5af660
https://immigratetobrazil.com/pt-br/insights/visa/since-april-10-2025-tourists-from-the-united-states-canada-and-austral/,pt-br/insights/visa/since-april-10-2025-tourists-from-the-united-states-canada-and-austral/index.html,f23784c9e8fd74040847e3d30cbebb0ff728ce65529019e270040921c8a3015e
https://immigratetobrazil.com/pt-br/insights/visa/technical-completion-involves-legal-analysis-of-the-rules-and-circumst/,pt-br/insights/visa/technical-completion-involves-legal-analysis-of-the-rules-and-circumst/index.html,68d1e21822e884018b2204f76b3452162026dc9a1834da433a8f6b741b8e3aac
https://immigratetobrazil.com/pt-br/insights/visa/the-american-visa-interview-aims-to-assess-whether-you-are-a-qualified/,pt-br/insights/visa/the-american-visa-interview-aims-to-assess-whether-you-are-a-qualified/index.html,06321efeb5b4669df5eb8aca84e90c547146421faff2153ac57aeddacef1f09a
https://immigratetobrazil.com/pt-br/insights/visa/the-authorization-of-indefinite-term-residence-in-brazil-can-be-obtain/,pt-br/insights/visa/the-authorization-of-indefinite-term-residence-in-brazil-can-be-obtain/index.html,9e62aca36639ece47e655efb63d6c6673c2da02808f6c0746591d1939a28f80b
https://immigratetobrazil.com/pt-br/insights/visa/the-biggest-cause-of-losing-an-irish-student-visa-is-when-the-immigran/,pt-br/insights/visa/the-biggest-cause-of-losing-an-irish-student-visa-is-when-the-immigran/index.html,eb77676a769aa42e8d667dee6af67f236bdaa7b24f6c6317347a7324be3b36d3
https://immigratetobrazil.com/pt-br/insights/visa/the-brazilian-retirement-visa-is-an-excellent-choice-for-retirees-and/,pt-br/insights/visa/the-brazilian-retirement-visa-is-an-excellent-choice-for-retirees-and/index.html,6e2f625a497d1981d316ba66c9828859eb12510b6c827e5810a5396bb4e4e4c5
https://immigratetobrazil.com/pt-br/insights/visa/the-brazilian-visa-for-digital-nomads-allows-you-to-stay-for-up-to-one/,pt-br/insights/visa/the-brazilian-visa-for-digital-nomads-allows-you-to-stay-for-up-to-one/index.html,e09cddd31162f56c9a77d6ee65614037fd1559121331be3dd7da58a6955127f7
https://immigratetobrazil.com/pt-br/insights/visa/the-brazilian-work-visa-for-employment-is-granted-to-foreign-nationals/,pt-br/insights/visa/the-brazilian-work-visa-for-employment-is-granted-to-foreign-nationals/index.html,0f968320d1e402b24a1dbb165b0a80e2fda105a6d78573161cc9398d47cff890
https://immigratetobrazil.com/pt-br/insights/visa/the-cplp-community-of-portuguese-speaking-countries-visa-is-an-option/,pt-br/insights/visa/the-cplp-community-of-portuguese-speaking-countries-visa-is-an-option/index.html,30060506080fb51dc834e148e19751c9f566adfc749b594e35cc72d62a1b2b98
https://immigratetobrazil.com/pt-br/insights/visa/the-cplp-temporary-residence-visa-is-intended-for-citizens-of-the-coun/,pt-br/insights/visa/the-cplp-temporary-residence-visa-is-intended-for-citizens-of-the-coun/index.html,17202d21d61e06dc264a0908c9c6cb2f9e593ccca10c67360f19fde5a271a119
https://immigratetobrazil.com/pt-br/insights/visa/the-deadline-for-visa-requirements-for-citizens-of-australia-canada-an/,pt-br/insights/visa/the-deadline-for-visa-requirements-for-citizens-of-australia-canada-an/index.html,7c2a168b7054170ce75760e012e41bed028721aa1b772d1b674d40a745fc6677
https://immigratetobrazil.com/pt-br/insights/visa/the-duration-for-which-a-foreigner-can-be-absent-from-the-country-with/,pt-br/insights/visa/the-duration-for-which-a-foreigner-can-be-absent-from-the-country-with/index.html,2baecc2cd5975a063bd8ca9b15078f47a1e004b5a3f2b4bee6d85c8de5f4cdef
https://immigratetobrazil.com/pt-br/insights/visa/the-eb-2-niw-national-interest-waiver-visa-is-not-limited-exclusively/,pt-br/insights/visa/the-eb-2-niw-national-interest-waiver-visa-is-not-limited-exclusively/index.html,083c2b0a8e3c1f0750344546b7f7ad806ca69d6335364b5e83b973f6faaf90cc
https://immigratetobrazil.com/pt-br/insights/visa/the-eb2-niw-visa-is-a-great-opportunity-to-internationalize-your-caree/,pt-br/insights/visa/the-eb2-niw-visa-is-a-great-opportunity-to-internationalize-your-caree/index.html,ae5c85008d7b0b66d7da42c26d6d333bd8b07d8e365554ca208a2ad679b30d19
https://immigratetobrazil.com/pt-br/insights/visa/the-end-of-the-expression-of-interest-for-immigrants-in-portugal-marks/,pt-br/insights/visa/the-end-of-the-expression-of-interest-for-immigrants-in-portugal-marks/index.html,07f794af3ff9722eef250cc1796633292a0a043b20ba7367bcbbbc962e20d1d4
https://immigratetobrazil.com/pt-br/insights/visa/the-future-fee-for-travelers-entering-europe-known-as-etias-had-its-la/,pt-br/insights/visa/the-future-fee-for-travelers-entering-europe-known-as-etias-had-its-la/index.html,76dac0a579299320927447893dce7905cc1195aa1492e7f409ada0d6a7c83fb5
https://immigratetobrazil.com/pt-br/insights/visa/the-granting-of-a-religious-visa-can-be-issued-to-a-foreign-national-e/,pt-br/insights/visa/the-granting-of-a-religious-visa-can-be-issued-to-a-foreign-national-e/index.html,1d82ca635ae58ea45543b2d56069ea69f1c7953dff16ffdaa89b2aca29ace51a
https://immigratetobrazil.com/pt-br/insights/visa/the-holiday-work-visa-program-between-brazil-and-new-zealand-offers-ne/,pt-br/insights/visa/the-holiday-work-visa-program-between-brazil-and-new-zealand-offers-ne/index.html,72572b732962adee041e3629351936893e2142e132a487699f09be461b05e71f
https://immigratetobrazil.com/pt-br/insights/visa/the-importance-of-getting-legal-guidance-from-a-lawyer-in-travel-and-i/,pt-br/insights/visa/the-importance-of-getting-legal-guidance-from-a-lawyer-in-travel-and-i/index.html,6b69062c49a7343044361c7fd51728af654bd90296099339cc9eaad1d9e7885f
https://immigratetobrazil.com/pt-br/insights/visa/the-initial-projection-indicated-that-visa-requirements-for-citizens-o-2/,pt-br/insights/visa/the-initial-projection-indicated-that-visa-requirements-for-citizens-o-2/index.html,57740be0d5501a0b00c6931c59dc173c2bd8180b20c4abadfe7991d53af62326
https://immigratetobrazil.com/pt-br/insights/visa/the-initial-projection-indicated-that-visa-requirements-for-citizens-o/,pt-br/insights/visa/the-initial-projection-indicated-that-visa-requirements-for-citizens-o/index.html,e904888123bf4a529a5fbcc6f9b84bb2745657f2cd9b4b5d0c0f4b178b4cc489
https://immigratetobrazil.com/pt-br/insights/visa/the-international-immunisation-certificate-is-necessary-for-individual/,pt-br/insights/visa/the-international-immunisation-certificate-is-necessary-for-individual/index.html,e8e9e7a57952c4f0fc757c433391b2a297f4c0a3b8c97b73bc91d74d74c5cc3e
https://immigratetobrazil.com/pt-br/insights/visa/the-interview-for-the-american-visa-in-brazil-is-carried-out-in-portug/,pt-br/insights/visa/the-interview-for-the-american-visa-in-brazil-is-carried-out-in-portug/index.html,41c2bebc946a6b7525a7b6bf649994740b7e99a2061717d58b5cac643f081f08
https://immigratetobrazil.com/pt-br/insights/visa/the-japanese-immigration-service-has-announced-a-new-visa-the-digital/,pt-br/insights/visa/the-japanese-immigration-service-has-announced-a-new-visa-the-digital/index.html,b075eed2a156ffbe4b127dc44b699f618fafbe4fb84c6c18aa5771bb8290d14e
https://immigratetobrazil.com/pt-br/insights/visa/the-joint-family-visa-for-spouses-and-partners-in-a-recognized-stable/,pt-br/insights/visa/the-joint-family-visa-for-spouses-and-partners-in-a-recognized-stable/index.html,3359e5ae040e0d93845023240933b10f82ddc9d385562e54751b4a482ab84031
https://immigratetobrazil.com/pt-br/insights/visa/the-k-1-visa-is-intended-for-foreign-fiances-of-united-states-citizens/,pt-br/insights/visa/the-k-1-visa-is-intended-for-foreign-fiances-of-united-states-citizens/index.html,76a4667a7c284e518daf083c14e1a80b29e71e7a7264ad2381686024c328e13d
https://immigratetobrazil.com/pt-br/insights/visa/the-legislation-outlines-the-specific-functions-and-sets-forth-several/,pt-br/insights/visa/the-legislation-outlines-the-specific-functions-and-sets-forth-several/index.html,914af371d33456ec627052bc55252cb4c1310a38fe05664343de44df9e6be7f2
https://immigratetobrazil.com/pt-br/insights/visa/the-main-hypotheses-are-travel-document-that-is-not-valid-for-brazil-t/,pt-br/insights/visa/the-main-hypotheses-are-travel-document-that-is-not-valid-for-brazil-t/index.html,4e52e75c5f93173dea6710df238409d28bc06204fa62e625569e0642041d708a
https://immigratetobrazil.com/pt-br/insights/visa/the-recent-interministerial-ordinance-represents-a-significant-advance/,pt-br/insights/visa/the-recent-interministerial-ordinance-represents-a-significant-advance/index.html,e96ca54d0fb8f98f0d6958c77c32a1451b64f809d0842dbc5528c37bc8b0a31d
https://immigratetobrazil.com/pt-br/insights/visa/the-residence-permit-for-an-indefinite-period-in-brazil-can-be-obtaine/,pt-br/insights/visa/the-residence-permit-for-an-indefinite-period-in-brazil-can-be-obtaine/index.html,51b2da7ec8c4c90a7115402dc8fe5b90721c6bea2dd5aa2ef61a3f1ba02f5d67
https://immigratetobrazil.com/pt-br/insights/visa/the-retirement-visa-for-brazil-is-designed-for-individuals-who-wish-to/,pt-br/insights/visa/the-retirement-visa-for-brazil-is-designed-for-individuals-who-wish-to/index.html,5902a1cf91f1a07b2567ca622ee8d997cecbd77364d1f0594a65255282de4579
https://immigratetobrazil.com/pt-br/insights/visa/the-retirement-visa-for-brazil-is-intended-for-individuals-who-wish-to/,pt-br/insights/visa/the-retirement-visa-for-brazil-is-intended-for-individuals-who-wish-to/index.html,9d4ae5fba9dbfc7f65899faaf5c3efeb22a801de68456d34ec1eaf217e5ad1ef
https://immigratetobrazil.com/pt-br/insights/visa/the-rules-for-work-immigration-allow-individuals-to-obtain-a-visa-or-r/,pt-br/insights/visa/the-rules-for-work-immigration-allow-individuals-to-obtain-a-visa-or-r/index.html,c78711269736e9b77ccb922fdf196e8345bf035893751d660d32e8a44b463c85
https://immigratetobrazil.com/pt-br/insights/visa/the-time-a-foreigner-can-be-absent-from-the-country-without-losing-the/,pt-br/insights/visa/the-time-a-foreigner-can-be-absent-from-the-country-without-losing-the/index.html,fdef1a15b90d0f51cf966e8140c5437cb021af878194748d7ff82c5b5d72a5e8
https://immigratetobrazil.com/pt-br/insights/visa/the-undergraduate-student-agreement-program-pec-g-is-a-brazilian-gover/,pt-br/insights/visa/the-undergraduate-student-agreement-program-pec-g-is-a-brazilian-gover/index.html,638af3d0ffd4398b94f1f168dd9462cd4ab7888fbbd910a23c9bdd0f0e0e1693
https://immigratetobrazil.com/pt-br/insights/visa/the-visa-and-residence-for-the-purpose-of-working-without-employment-i/,pt-br/insights/visa/the-visa-and-residence-for-the-purpose-of-working-without-employment-i/index.html,a7981072e9d394c98bb6eebcbb57e2dbf5bef59f73e5e184fafa10fffbf72056
https://immigratetobrazil.com/pt-br/insights/visa/the-work-holiday-visa-agreement-between-brazil-and-france-allows-young/,pt-br/insights/visa/the-work-holiday-visa-agreement-between-brazil-and-france-allows-young/index.html,c57937101117092c9b145ebce444ec7699d56067ee7f6e915ea18d7d78059830
https://immigratetobrazil.com/pt-br/insights/visa/the-working-and-holiday-visa-agreement-between-brazil-and-france-allow/,pt-br/insights/visa/the-working-and-holiday-visa-agreement-between-brazil-and-france-allow/index.html,44616d97016c8b78f7085e0853ec6ded517a137de01c581031a295aa3ba8430e
https://immigratetobrazil.com/pt-br/insights/visa/this-brazilian-visa-is-intended-for-those-who-wish-to-carry-out-academ/,pt-br/insights/visa/this-brazilian-visa-is-intended-for-those-who-wish-to-carry-out-academ/index.html,ed66931659431f59cb2a094589d79fe55890be658fcbf7b56f1272a86bace71e
https://immigratetobrazil.com/pt-br/insights/visa/this-can-be-done-at-the-consulate-or-embassy-of-the-country-that-issue/,pt-br/insights/visa/this-can-be-done-at-the-consulate-or-embassy-of-the-country-that-issue/index.html,d2d2772ac691379b67b0fe1b867c1affcb6226886378193adc14502700b500d4
https://immigratetobrazil.com/pt-br/insights/visa/this-day-established-by-the-un-reinforces-the-importance-of-joining-fo/,pt-br/insights/visa/this-day-established-by-the-un-reinforces-the-importance-of-joining-fo/index.html,10a63c7c9a188bfedc448765c4d25bed43d2047bd89a42bb2aaf0d6de921e530
https://immigratetobrazil.com/pt-br/insights/visa/this-is-an-illegal-and-extremely-risky-practice-that-can-lead-to-sever/,pt-br/insights/visa/this-is-an-illegal-and-extremely-risky-practice-that-can-lead-to-sever/index.html,9598c14596aa8426e8c2fca2aeb7b31064e4a4eb0b274d6847a8c192086f8be5
https://immigratetobrazil.com/pt-br/insights/visa/to-obtain-a-brazilian-study-visa-you-must-be-enrolled-in-an-educationa/,pt-br/insights/visa/to-obtain-a-brazilian-study-visa-you-must-be-enrolled-in-an-educationa/index.html,234053ec0adc986830a478918edf86305139f45115f1c1879015bae231e7a477
https://immigratetobrazil.com/pt-br/insights/visa/to-prove-your-civil-union-status-with-a-foreign-person-a-certificate-i/,pt-br/insights/visa/to-prove-your-civil-union-status-with-a-foreign-person-a-certificate-i/index.html,fffefe32cd3956d7ebb076e993d4c6769132c7aacc1a4bff994eeea3b349d52f
https://immigratetobrazil.com/pt-br/insights/visa/travellers-in-brazil-can-access-a-variety-of-basic-healthcare-services/,pt-br/insights/visa/travellers-in-brazil-can-access-a-variety-of-basic-healthcare-services/index.html,f91cfa6cf06ed8817107349c850dd0b2281c0cebd657b56928d750a602b4365b
https://immigratetobrazil.com/pt-br/insights/visa/upon-arriving-in-brazil-with-a-visa-you-will-have-90-days-to-register/,pt-br/insights/visa/upon-arriving-in-brazil-with-a-visa-you-will-have-90-days-to-register/index.html,a6287f2ecb8ebb9fcc4d6f5ad6c2a6f6fa1bb0aef8537bff075cb282039183ed
https://immigratetobrazil.com/pt-br/insights/visa/visa-guidance-legal-requirements-and-filing-steps-in-brazil-2/,pt-br/insights/visa/visa-guidance-legal-requirements-and-filing-steps-in-brazil-2/index.html,5ba9ae57e1e7b5aac50580a3d020edf6b0fb6c24330d27ee599448bc7f572d19
https://immigratetobrazil.com/pt-br/insights/visa/visa-guidance-legal-requirements-and-filing-steps-in-brazil-3/,pt-br/insights/visa/visa-guidance-legal-requirements-and-filing-steps-in-brazil-3/index.html,97651d9937b4fac5ae4986ca41d886c2eddeccc1d7b91698705a994916e978dd
https://immigratetobrazil.com/pt-br/insights/visa/visa-guidance-legal-requirements-and-filing-steps-in-brazil/,pt-br/insights/visa/visa-guidance-legal-requirements-and-filing-steps-in-brazil/index.html,86780f7bba93dfee5b2e6e44a018de0c9522a2f35f3ec9c119a229c480124dea
https://immigratetobrazil.com/pt-br/legal/,pt-br/legal/index.html,149619a592ea564d4ba8a9d93e9cd2ad2777a01e212b15a13c101ea985b0bca3
https://immigratetobrazil.com/pt-br/legal/404/,pt-br/legal/404/index.html,83c2a3543b6e4372b22307d841a145309a9f04264092c31872e96a2339791be1
https://immigratetobrazil.com/pt-br/legal/accessibility/,pt-br/legal/accessibility/index.html,a0313725101776bfd55d13c1882d06ba8df4bf258071d5c7230bb68123351ec4
https://immigratetobrazil.com/pt-br/legal/cookies/,pt-br/legal/cookies/index.html,a4ff76215416efee9d88d183137dbd4cfd1aced44f914e183ba4db803837782a
https://immigratetobrazil.com/pt-br/legal/disclaimer/,pt-br/legal/disclaimer/index.html,fd5163ca9ab257f89b4da6eec934b44bc745398f028fd019eead8ee39cc2ada8
https://immigratetobrazil.com/pt-br/legal/emergency/,pt-br/legal/emergency/index.html,fa9472b28f12c7e89f758aae7f387459e62a32b428e7fd3d0bdb1242b01ba88c
https://immigratetobrazil.com/pt-br/legal/form/,pt-br/legal/form/index.html,7299839e8c848644498069f6e5656b5e9e916c35aff47c8dfc6a035ba117fbb0
https://immigratetobrazil.com/pt-br/legal/gdpr/,pt-br/legal/gdpr/index.html,08c0351d2ada147857c77e3e8b3ab9f000eb7399e4ef15da4674b19fb5e6bbde
https://immigratetobrazil.com/pt-br/legal/lgpd/,pt-br/legal/lgpd/index.html,74cf624e0001a16d0cba6d0f76746e73fabfb9e78f9dfdea0d2691dde44aab4f
https://immigratetobrazil.com/pt-br/legal/payment/,pt-br/legal/payment/index.html,edaba5a794d19cd573eff067b7d5ba6fa0f12574baa67714d16e5c1f4868e222
https://immigratetobrazil.com/pt-br/legal/privacy/,pt-br/legal/privacy/index.html,b15769d8a2bcb7b64fd91af812156f4fe4190266ca4dca3916129ac7817d2c79
https://immigratetobrazil.com/pt-br/legal/refund/,pt-br/legal/refund/index.html,1050f4c082c013b0b4c518c62b2f743dbefb87a09a1ab0631ec9b7d584c8342f
https://immigratetobrazil.com/pt-br/legal/search/,pt-br/legal/search/index.html,88fada4ea6cb41753f8914a9dcc3437230aba0d182a3e1ff334acca9befb1ab6
https://immigratetobrazil.com/pt-br/legal/terms/,pt-br/legal/terms/index.html,4ed0aa63dbb20b202890f09ece84be269211629db096a406d04badb360ccee9c
https://immigratetobrazil.com/pt-br/process/,pt-br/process/index.html,51e824b6308a5bfd1433141a92f2fd2587f75af915c19a6e2824f056cc70d72a
https://immigratetobrazil.com/pt-br/process/aftercare/,pt-br/process/aftercare/index.html,44d874985b536fd172b72265e766edc2b9e93c587492f1eb96c68ba423cf83ce
https://immigratetobrazil.com/pt-br/process/alone/,pt-br/process/alone/index.html,d5a635fbb11f1222dd5449652dd436b364546faa569b471799bb5d0d09d8f6d0
https://immigratetobrazil.com/pt-br/process/approval/,pt-br/process/approval/index.html,658842b423084fac77a1376857f9db74d12faf7af196bbcaf1b607216596a7f5
https://immigratetobrazil.com/pt-br/process/assessment/,pt-br/process/assessment/index.html,aa6897f9eaadb1f918484172759c90fa2d21a919d536a67f8f89aef9ec560437
https://immigratetobrazil.com/pt-br/process/compliance/,pt-br/process/compliance/index.html,1c2fbd9edfac91eddba924cebd8132df1f7136bccd139af303275ad33c6fc6c5
https://immigratetobrazil.com/pt-br/process/consultation/,pt-br/process/consultation/index.html,3ffe39bdc8b8f84ce52e36f39a9f2e7ac17513750055461434ccb5a1aa4bf961
https://immigratetobrazil.com/pt-br/process/conversion/,pt-br/process/conversion/index.html,8ae194097bad47e5ac67429b0d2b5ef4fe9ee557d10c7e7c158c76ab034b30fb
https://immigratetobrazil.com/pt-br/process/deadlines/,pt-br/process/deadlines/index.html,ae886702d1e54fd428ce70c6a3db4884bebfef1fbd4c0219a65b6540f4f9993f
https://immigratetobrazil.com/pt-br/process/failures/,pt-br/process/failures/index.html,367299b6b9d5489f9d5479a8dc1069e209695d5ac073cb263742e70c5c6d1357
https://immigratetobrazil.com/pt-br/process/fees/,pt-br/process/fees/index.html,4172762cc4a7532c21c89aba38ca3bcabd1c1aaaa6f057932b3d7367fe7b5ea1
https://immigratetobrazil.com/pt-br/process/filing/,pt-br/process/filing/index.html,0c718cc8118faf7779bd49b83ff1567038f143713dec15450b794ba80552c8b8
https://immigratetobrazil.com/pt-br/process/mistakes/,pt-br/process/mistakes/index.html,24a37063cf6ff2093b34e82001c09c7910047bb9084a6a3ef37c68b11e5d170f
https://immigratetobrazil.com/pt-br/process/naturalisation/,pt-br/process/naturalisation/index.html,d0dd3e0fc110d3dcec1f8fd9b8857950a857a92a07048771a4b49865d3184455
https://immigratetobrazil.com/pt-br/process/obligations/,pt-br/process/obligations/index.html,4eaf57a46f9221928de13cb12d2f9c7b9594ce2b224c85cefec277e4620da70b
https://immigratetobrazil.com/pt-br/process/permanent/,pt-br/process/permanent/index.html,e784de4846acfcdaac081426f0317ea8129ad1f97edcfc9cad6d70ab3a366ef2
https://immigratetobrazil.com/pt-br/process/planning/,pt-br/process/planning/index.html,f08b0e561c9499664c7d840b6a960e969f953a92144019af72d910fa7cfca9b4
https://immigratetobrazil.com/pt-br/process/refund/,pt-br/process/refund/index.html,4c9f862b3bcb94bd521923b932b2d173b44c10a6b356f0620c8893e6fe0950c4
https://immigratetobrazil.com/pt-br/process/regularization/,pt-br/process/regularization/index.html,f1da57fdf6d1bed38279f711f3de0cea8840bb08863799592b03d33898c7e975
https://immigratetobrazil.com/pt-br/process/renewal/,pt-br/process/renewal/index.html,81cdf3fb2f072e269518d15e0df58f9704e010375205b83fa776809412daddf8
https://immigratetobrazil.com/pt-br/process/responsibilities/,pt-br/process/responsibilities/index.html,860cf13ec9918a8560c54eaccc1640710fde1029d54053f2cccaff7cd01502f9
https://immigratetobrazil.com/pt-br/process/rights/,pt-br/process/rights/index.html,67efc8b8a8aa7d0dc095ee596e971cb4db46bc3e7b16fe6c6335fe4b02d1d70a
https://immigratetobrazil.com/pt-br/process/strategy/,pt-br/process/strategy/index.html,1502a7edd55c1c876fcc968fc0c968c7dbe31abc018bc9defa7525f30ca2f768
https://immigratetobrazil.com/pt-br/process/timeline/,pt-br/process/timeline/index.html,31a9ff876d65355bfd7730cbbbede2d6e5a6ff68cce6714b63e8f87c9c9749d2
https://immigratetobrazil.com/pt-br/process/transparency/,pt-br/process/transparency/index.html,195bd5dcb54efe1070de220c2b971e6ce7f69159b0d591491a3cd7fc41ca4a77
https://immigratetobrazil.com/pt-br/rights/,pt-br/rights/index.html,aebb49ba2c5a435dd343dc383ce937c1bfce60fdbdc16fe28fb7e71c2eeb39ea
https://immigratetobrazil.com/pt-br/rights/naturalisation/,pt-br/rights/naturalisation/index.html,0be335eba6f3d486e78caf67dee4a8639a42b61e1214769e3afb049c1937c67c
https://immigratetobrazil.com/pt-br/rights/obligations/,pt-br/rights/obligations/index.html,6456974c408d40579d28fa1a8594e20482e8d5e0f336084da2fcdbe3ea47ecd0
https://immigratetobrazil.com/pt-br/rights/permanent/,pt-br/rights/permanent/index.html,3fa03b621c403fa98e3ae0a3f4283558250461740c86efd80775c520a5218265
https://immigratetobrazil.com/pt-br/rights/planning/,pt-br/rights/planning/index.html,db7d5c5bdfbdcb126748a5a762105b915e3bc5bdf53437d84faf3b0ab1aaaa1a
https://immigratetobrazil.com/pt-br/rights/refund/,pt-br/rights/refund/index.html,d122076e7e2ff175650f046acb51ee0e5821e3e6fbee61267ffd4b86b5b2e465
https://immigratetobrazil.com/pt-br/rights/regularization/,pt-br/rights/regularization/index.html,6cd06a72e296501bb7bb9681d1a73d6042c7931c3c6a4f820676fb3cfce4c8b8
https://immigratetobrazil.com/pt-br/rights/renewal/,pt-br/rights/renewal/index.html,b5c2d9014964fcad9e4803f0b8d5e71d1441cf3c09dc5c063ccbbde9f8ede948
https://immigratetobrazil.com/pt-br/rights/responsibilities/,pt-br/rights/responsibilities/index.html,3e064e15b13d62066ea56be710c23a857965a015117775f06a4c8d2b9eb92962
https://immigratetobrazil.com/pt-br/rights/strategy/,pt-br/rights/strategy/index.html,51d0c87805138e060c026a18139262a0889e87349b07f7a1a1e9337097aa9cbf
https://immigratetobrazil.com/pt-br/rights/timeline/,pt-br/rights/timeline/index.html,c807b3610fce6309add2bfa79544c27a677470370c57cfbf2a9a03a3145775ac
https://immigratetobrazil.com/pt-br/rights/transparency/,pt-br/rights/transparency/index.html,dd5cd67274706f9608343f7e58907f32cf4e27b1f43b18a091ab56ff79118d56
https://immigratetobrazil.com/pt-br/services/,pt-br/services/index.html,7883913d73aae22938b0928d5b1c3f93070e4466b34b19b4bbc07641d75e6872
https://immigratetobrazil.com/pt-br/services/advisory/,pt-br/services/advisory/index.html,8a07f95b32756b898879e17b332be53cc472daf0f499fe3be07ffc317f65ffb5
https://immigratetobrazil.com/pt-br/services/advisory/compliance/,pt-br/services/advisory/compliance/index.html,a4ca1b8e2699653d8584127ffc064eb9b85350cf3dd008bbd96ea9b2a72c2192
https://immigratetobrazil.com/pt-br/services/advisory/consultation/,pt-br/services/advisory/consultation/index.html,17c0f0e81fac132ea8fae5333e358ce88a670b3001e46d2ac6e3fc0496f4a28e
https://immigratetobrazil.com/pt-br/services/advisory/corporate/,pt-br/services/advisory/corporate/index.html,869959d1d6f6517fd1f49b04bd68971150feded858b70e8125b3d2487fb4c879
https://immigratetobrazil.com/pt-br/services/advisory/representation/,pt-br/services/advisory/representation/index.html,e53b5d75a970a6aa209a73a667990970d6b818d983298e2bf7b161dbee7fc913
https://immigratetobrazil.com/pt-br/services/advisory/strategy/,pt-br/services/advisory/strategy/index.html,b38a4c7842ae0570eafeb45a5b8640365455e63544ba32ce935d73705f47c097
https://immigratetobrazil.com/pt-br/services/all/,pt-br/services/all/index.html,e37d584b6a1af31b65ecc1ac45ccdbac8694d516e1ec996a9c20c6f39fc556f8
https://immigratetobrazil.com/pt-br/services/defense/,pt-br/services/defense/index.html,864aa1fcc7508d3a0e324db400f0f5bcb3894aecd7d13be2ed82494f67fa34c5
https://immigratetobrazil.com/pt-br/services/defense/appeals/,pt-br/services/defense/appeals/index.html,3b89704dab81435ab49a6d09d6afcb51a6c85d0d0e881f59b1c6f2406db7fdb7
https://immigratetobrazil.com/pt-br/services/defense/deportation/,pt-br/services/defense/deportation/index.html,5cc3a62fb1be691126f6e5c5afc384af800b242936e71b7dcb401d4596aa7bde
https://immigratetobrazil.com/pt-br/services/defense/expulsion/,pt-br/services/defense/expulsion/index.html,a9d8f540cd40b6e6d74efb2789c950c926bc43f5bb4e522754b878de23a15a1b
https://immigratetobrazil.com/pt-br/services/defense/extradition/,pt-br/services/defense/extradition/index.html,3e2a9a99cbfe283e29350aed83c44b62324ec31ebe876fc5c431ff40ff4d056e
https://immigratetobrazil.com/pt-br/services/defense/fines/,pt-br/services/defense/fines/index.html,bc8fa3ccd5b5a12f2bf9423c10327402a32f7185e5029c5223d6cae9c7df6d74
https://immigratetobrazil.com/pt-br/services/defense/litigation/,pt-br/services/defense/litigation/index.html,8cadba93530b1019fcd75561032a8d62a15f4beb144495a671adebe95d3082f3
https://immigratetobrazil.com/pt-br/services/naturalisation/,pt-br/services/naturalisation/index.html,8fb5bf28fdc0c41348ed7f30df607c22f8f85301e8528f8f89a3e53898007631
https://immigratetobrazil.com/pt-br/services/naturalisation/extraordinary/,pt-br/services/naturalisation/extraordinary/index.html,49f8c4eba564bcb4cd1185d8a72911a0a9714a3a784be39cdc0b4f338f92da84
https://immigratetobrazil.com/pt-br/services/naturalisation/ordinary/,pt-br/services/naturalisation/ordinary/index.html,77877e33e74386ec16c3fd0fb54f7aca5f8d784c309505a4d3c16469745380a6
https://immigratetobrazil.com/pt-br/services/naturalisation/provisional/,pt-br/services/naturalisation/provisional/index.html,e574781b2d2ba80976f5e5f9dd395fbb4be10eeaabb69ac49ac3964bc1e52a75
https://immigratetobrazil.com/pt-br/services/naturalisation/reacquisition/,pt-br/services/naturalisation/reacquisition/index.html,fb52d9366217673322fea2938fa310a05e45aab5e616e2aa41ab09aa7ff222ed
https://immigratetobrazil.com/pt-br/services/naturalisation/renunciation/,pt-br/services/naturalisation/renunciation/index.html,25b14c168adfbd06224c8cc9f08f3d5c80a4a828fd07fc4f276f347b74e1ca68
https://immigratetobrazil.com/pt-br/services/naturalisation/special/,pt-br/services/naturalisation/special/index.html,c43631dbd23c10dacfaf7625cdc5f4117fe7355ab4dd604e674e77f68b027953
https://immigratetobrazil.com/pt-br/services/other/,pt-br/services/other/index.html,3daaa2aba03ea89dff536677b98fbb06b42edfd1a285cdfe5a129b793c4ed4cf
https://immigratetobrazil.com/pt-br/services/other/consular/,pt-br/services/other/consular/index.html,9e0bb7ce5e4cb69ed04e2675bb819513dcc393175861badbd114aee366dfd52c
https://immigratetobrazil.com/pt-br/services/other/records/,pt-br/services/other/records/index.html,8336a7cb66e1afdf69d922c2efc8cb5d1d6de256a8dbc716cf09eb2ae98715c2
https://immigratetobrazil.com/pt-br/services/other/regularization/,pt-br/services/other/regularization/index.html,d84e62ffd59ecb30245d879f6371392b569d64ca428a5126016d38a37663ae3a
https://immigratetobrazil.com/pt-br/services/other/translation/,pt-br/services/other/translation/index.html,246463648c6f540068156e8366e905e7d0a193aa30adb7bd1fc4a119a7c5cd65
https://immigratetobrazil.com/pt-br/services/residencies/,pt-br/services/residencies/index.html,31eeeb6fc10c30b421f15a070361d21124af91536e98f7b57a864c1b1ba0b1af
https://immigratetobrazil.com/pt-br/services/residencies/cplp/,pt-br/services/residencies/cplp/index.html,995d66bd973083eed271167e5f2cf13c22326860b53b40028baf472281a27119
https://immigratetobrazil.com/pt-br/services/residencies/educational/,pt-br/services/residencies/educational/index.html,d3bae0c50998cf62af29d31716b180bc814c4783468493e8580e18191a8614c4
https://immigratetobrazil.com/pt-br/services/residencies/exchange/,pt-br/services/residencies/exchange/index.html,798c0415f159ec8c6ea3ddeb9cd06ea5964dcc22509cb9305a2cbdab71926161
https://immigratetobrazil.com/pt-br/services/residencies/health/,pt-br/services/residencies/health/index.html,8d9b5b70d33ed6c4c4a1602603f15663417931f7f086823745150d6eeef3e5af
https://immigratetobrazil.com/pt-br/services/residencies/humanitarian/,pt-br/services/residencies/humanitarian/index.html,d16ee6c3f52b01866e7d90e3f049f1151663ce8e8b25a457e627c47abd5948c3
https://immigratetobrazil.com/pt-br/services/residencies/investor/,pt-br/services/residencies/investor/index.html,bebac822c4b91c84eccf0ddb765e2bfd728c5da1bcc5f3aa117bd7148c4f9ad8
https://immigratetobrazil.com/pt-br/services/residencies/mercosul/,pt-br/services/residencies/mercosul/index.html,cd34f612e2bb9f2c936916cd0627cc50961da469942cbcbebd9783e1e1ebd862
https://immigratetobrazil.com/pt-br/services/residencies/nomad/,pt-br/services/residencies/nomad/index.html,a40d3aea451a819e3a667b672adf83915ef24b79c9c19d8694bb49537bceca79
https://immigratetobrazil.com/pt-br/services/residencies/religious/,pt-br/services/residencies/religious/index.html,3a6dcfac2e2b19c755701ddd0a742d1d547bc8b6793e37aee01bf171c2c77547
https://immigratetobrazil.com/pt-br/services/residencies/research/,pt-br/services/residencies/research/index.html,64477a956e49da475fad67a0595856fe271475d05984b6959176a256698d2b98
https://immigratetobrazil.com/pt-br/services/residencies/retiree/,pt-br/services/residencies/retiree/index.html,352fb38044c1a7e4ebb1f0dd58ab5d60fc9dbfdc859ab27a288efb1dcf9b7fde
https://immigratetobrazil.com/pt-br/services/residencies/reunion/,pt-br/services/residencies/reunion/index.html,fea116f344d75041016ba5ad363f5f06a667e8f118ebea91b93cadb6fd04abee
https://immigratetobrazil.com/pt-br/services/residencies/skilled/,pt-br/services/residencies/skilled/index.html,223d2f449af93fa670b7eaec4f9f43ead8a03c7c6fcf3a3857aca88ae3e1190e
https://immigratetobrazil.com/pt-br/services/residencies/study/,pt-br/services/residencies/study/index.html,8926530595670d24f0152c486150f771d2f0007893f6be6462c940ccc7d76d1c
https://immigratetobrazil.com/pt-br/services/residencies/volunteer/,pt-br/services/residencies/volunteer/index.html,74541053545c131fda42043118ebc5f53dbd8af79d3d39ab177218c36d003543
https://immigratetobrazil.com/pt-br/services/residencies/work/,pt-br/services/residencies/work/index.html,b607e5bd10be1bd3122982bedb2f04252a01c6bc890bc146cb5e1b102b1554ca
https://immigratetobrazil.com/pt-br/services/residencies/youth/,pt-br/services/residencies/youth/index.html,2e81131ef7564a95f9333364a023e503ccedfcde2a92363c77ac2c002d743549
https://immigratetobrazil.com/pt-br/services/visas/,pt-br/services/visas/index.html,383b30eec074436d1ac217aaa6a74bfb6ccab5d42feb0da7880193cd343ebb8b
https://immigratetobrazil.com/pt-br/services/visas/artistic/,pt-br/services/visas/artistic/index.html,5202590724bf3f99d1fcf5e6dddaee23ad420faef74ba28c21557231f46de1aa
https://immigratetobrazil.com/pt-br/services/visas/business/,pt-br/services/visas/business/index.html,cab8bddbb1a32b07aaf2cc7b4483958738a392eaac4cfb289ee82c58e591dd89
https://immigratetobrazil.com/pt-br/services/visas/diplomatic/,pt-br/services/visas/diplomatic/index.html,e4fd602934a252f69f843e91083751004257be8591040e8605bf7d5a93f2dd78
https://immigratetobrazil.com/pt-br/services/visas/educational/,pt-br/services/visas/educational/index.html,ed10df2d993ea420840fa738b5b51d4ace03bca34ea17fc6829423b2215a0038
https://immigratetobrazil.com/pt-br/services/visas/exchange/,pt-br/services/visas/exchange/index.html,c2ff0a0ebbc0697a13427c9de010684e42695f46f272866722561dc847a736f3
https://immigratetobrazil.com/pt-br/services/visas/family/,pt-br/services/visas/family/index.html,6d115076825049b49944524e5c1ec0d82b157de04d2f1e0c85958e70d3a100d8
https://immigratetobrazil.com/pt-br/services/visas/humanitarian/,pt-br/services/visas/humanitarian/index.html,03005bfbecd08059262a18bd07069f4664995572aebe3eb254a944bfba64d350
https://immigratetobrazil.com/pt-br/services/visas/investor/,pt-br/services/visas/investor/index.html,02e0898872164a9d1cbbc64ed1788698ec5854e6d1381db40329b7a34bdaf106
https://immigratetobrazil.com/pt-br/services/visas/journalist/,pt-br/services/visas/journalist/index.html,3679293518ab145d7227dc07320fae5e8ccc76968fd7ebab7918adc8c99de941
https://immigratetobrazil.com/pt-br/services/visas/medical/,pt-br/services/visas/medical/index.html,cbe3927a68cd48c29ad09b4807f3b7620295b28b73dae2e0b1bb6ed0a1977dab
https://immigratetobrazil.com/pt-br/services/visas/nomad/,pt-br/services/visas/nomad/index.html,548dffa24486e710641c1f602cb6c006e715b66da45a466d0f6a1d5c44f3f602
https://immigratetobrazil.com/pt-br/services/visas/religious/,pt-br/services/visas/religious/index.html,34d9ae4a20f812d8378bbf9640fdc096dbc10288bcc1182c84f31f9395cc93bb
https://immigratetobrazil.com/pt-br/services/visas/research/,pt-br/services/visas/research/index.html,c4bf88792cb2d91bf4e235a24470e58e98930ba321a10aa5a1fcb70ebf4496fe
https://immigratetobrazil.com/pt-br/services/visas/retiree/,pt-br/services/visas/retiree/index.html,dc1758a805e577bd1374ee0742703901a3447b00abcc50577bb5e05688586942
https://immigratetobrazil.com/pt-br/services/visas/sports/,pt-br/services/visas/sports/index.html,07eea683383dffab1bb06027b67c1674829b5489926179bc3855d653edcf2295
https://immigratetobrazil.com/pt-br/services/visas/startup/,pt-br/services/visas/startup/index.html,a1885faaf16fbae9ba5c2fff70028be1066ed96ab9307b53680359ebac965708
https://immigratetobrazil.com/pt-br/services/visas/student/,pt-br/services/visas/student/index.html,abb31fe9ff84e143ee6ba57da94b0d46e0cd9cbd00d8d71526315789e281c2b7
https://immigratetobrazil.com/pt-br/services/visas/tourist/,pt-br/services/visas/tourist/index.html,f42ec87d01ad7ee49e0e6e619b0af536559fc6ed29f450f2e5a99557d11a10ef
https://immigratetobrazil.com/pt-br/services/visas/transit/,pt-br/services/visas/transit/index.html,d99c9824ec6764d3c05d2c0a6cf9b8b03881fc9885a2255bbca81104ed19b68e
https://immigratetobrazil.com/pt-br/services/visas/volunteer/,pt-br/services/visas/volunteer/index.html,197eedb52c3956589930038c42a26cf5ab1673e95c30c11d1d02cc8356a58bc3
https://immigratetobrazil.com/pt-br/services/visas/work/,pt-br/services/visas/work/index.html,68d40ed2602ece8085f78a42f9810ff07eea29cc37b74762be37e53c674415a3
https://immigratetobrazil.com/pt-br/start-consultation/,pt-br/start-consultation/index.html,c1267a9f82a3b1944a1ecd2e979a934cecfe637eb268f321ad70e1552acafc08
https://immigratetobrazil.com/rights/,rights/index.html,341ecb04c62f1b766b7c246fd9ba242949f02037dd8998c051ba474e9f3be506
https://immigratetobrazil.com/rights/naturalisation/,rights/naturalisation/index.html,6a0a2896c472f6b288ec3f3fde49b1e3a7e7db12773a68492df912b1549e3a3c
https://immigratetobrazil.com/rights/obligations/,rights/obligations/index.html,86e731861fad725a10e1d5a4da9192aa70e9ee06530153d374f62b1b8a2b6ae8
https://immigratetobrazil.com/rights/permanent/,rights/permanent/index.html,998130a05beac53443cf4eb388394a1c6853df545141d03a7221acbc41eddfff
https://immigratetobrazil.com/rights/planning/,rights/planning/index.html,8251ccf093b816afebf3262254de3e93c52d2966a7528c3caa9550fcc5d34b15
https://immigratetobrazil.com/rights/refund/,rights/refund/index.html,72ed2120f3cf5556772121524290dda228c746bd2be71c5ca0f5631876937c40
https://immigratetobrazil.com/rights/regularization/,rights/regularization/index.html,aaa1af3349b4ab1b94a43e07e5f3679077a02d33f63aff3ae31cca2c8e2074bc
https://immigratetobrazil.com/rights/renewal/,rights/renewal/index.html,5a3ce1f03a6de0c6073bc42966b0a9d0901582bfbdf21d89e87e276e68bd0326
https://immigratetobrazil.com/rights/responsibilities/,rights/responsibilities/index.html,c61639c205428cf5065308e09daeddf6ed7aa04298d44dc59fc7df865b15897b
https://immigratetobrazil.com/rights/strategy/,rights/strategy/index.html,722e0fd2e051396c4bf36f0009ebbb18a8760a757ad2d8f50e1218c0940f0c49
https://immigratetobrazil.com/rights/timeline/,rights/timeline/index.html,d0943565e304ab6ebac406e4039b675af348d0d143546e31c1f218f5b2bd2be5
https://immigratetobrazil.com/rights/transparency/,rights/transparency/index.html,f2344356ff3cdc11e45cdc402da0d3bc5a5f3e9e79e739cda60f7d6df863884c
https://immigratetobrazil.com/services/,services/index.html,5e92c68df5e738ce74a2691e54a8ce625c2e9070f308e0863cf29c2f519ad965
https://immigratetobrazil.com/services/advisory/,services/advisory/index.html,5e45120998cd992cb251ab8294111b96f2e9aa532fc0d80d4d9095de8e0b5645
https://immigratetobrazil.com/services/advisory/compliance/,services/advisory/compliance/index.html,924c3da071f23b5be82b7ad23fff458141d6db53bd3f4a5e93e2209d2b779fec
https://immigratetobrazil.com/services/advisory/consultation/,services/advisory/consultation/index.html,b176cbc393544bf78d86b84fb83ec266a82580a39fedc514afb933d16d8ba60d
https://immigratetobrazil.com/services/advisory/corporate/,services/advisory/corporate/index.html,6f4094effc19dfdf2420b3bc5a06f6e85d4d825bec793d4d320f36bde4eca2ed
https://immigratetobrazil.com/services/advisory/representation/,services/advisory/representation/index.html,827f8dcd718ab69e0228a00e1cc88c46c2da2c5a6c8199b2961e84b49c8f557c
https://immigratetobrazil.com/services/advisory/strategy/,services/advisory/strategy/index.html,1dd236287e5783d094b69e7ae9ed31e7d54800a853a6458a9d45e31c82b6f6a0
https://immigratetobrazil.com/services/all/,services/all/index.html,8185a01d2d48b1f0724eb8b6fe4433f1e522f8f65f832994ff971cbc73a9239c
https://immigratetobrazil.com/services/defense/,services/defense/index.html,88bdf52c381ad0e8a7c77f0b5fc7945535a6af24de4f3379b1f1f7366b09d922
https://immigratetobrazil.com/services/defense/appeals/,services/defense/appeals/index.html,7ab46c853ba06a328843dd5759a81dc16cde31f050bdc3e467c4507e5ba18dd4
https://immigratetobrazil.com/services/defense/deportation/,services/defense/deportation/index.html,272a873903ed64c45fc2cab3f2772663f1d784adbfff31ce05c5cdfa5df52e88
https://immigratetobrazil.com/services/defense/expulsion/,services/defense/expulsion/index.html,06455078ea23e1d367e7c7707e1cddd1ec5de5b5bac45ae5834b25b3d2a23eaf
https://immigratetobrazil.com/services/defense/extradition/,services/defense/extradition/index.html,6dd1040ae8a14f41879f482aefc172d9afeee73e8800a0a246af41b8042a1493
https://immigratetobrazil.com/services/defense/fines/,services/defense/fines/index.html,45910ddf53b71b206dfdd19d1a526683e24fe328464c7a0d1c2cec6a42a2886f
https://immigratetobrazil.com/services/defense/litigation/,services/defense/litigation/index.html,75ef19f0afdda1c9f4e33d4b743f81c78847720ad6ccd47665ce235c20258cfe
https://immigratetobrazil.com/services/naturalisation/,services/naturalisation/index.html,ffa5c7eb7e59792b2abd88f3c3aee6da85d860b82f0f33f33e3cd2d9a45df68d
https://immigratetobrazil.com/services/naturalisation/extraordinary/,services/naturalisation/extraordinary/index.html,cf29f40a8a978a7b286cdd8b7387ea4b3196a6fcb1f0490aecb1d2070a87bb2c
https://immigratetobrazil.com/services/naturalisation/ordinary/,services/naturalisation/ordinary/index.html,b8b139765c6105f2a4912b8d34a7b97ba85458337fcd4244d3ca094047705ef1
https://immigratetobrazil.com/services/naturalisation/provisional/,services/naturalisation/provisional/index.html,cd22fb120e34e7c713f2037f0866634c2b792a051702666b6bd09eae5c7191af
https://immigratetobrazil.com/services/naturalisation/reacquisition/,services/naturalisation/reacquisition/index.html,06b26d798b0b7f1643fd965cb8a849e116a55e88d09dbdeab2cc79723e64ba7c
https://immigratetobrazil.com/services/naturalisation/renunciation/,services/naturalisation/renunciation/index.html,72a3833ac55cffd634f06649aa8c7e6e9e7717c3fd36775fe9456f061ca30b72
https://immigratetobrazil.com/services/naturalisation/special/,services/naturalisation/special/index.html,fcdd32deb8bfd7f7867736af20f264811a1c34e6793d1e88a05e58793270cf55
https://immigratetobrazil.com/services/other/,services/other/index.html,395dd554fd3aae9393d097cbba37a3c5fefae3132ead37017b10038ba8479202
https://immigratetobrazil.com/services/other/consular/,services/other/consular/index.html,b452cefe6d8e4d9f7353015ba655a2660ac8a29d0312ac781a9df4338f4b654d
https://immigratetobrazil.com/services/other/records/,services/other/records/index.html,ec1403fec73732e6f676681227aa01ef58cedc61ccaf8af9812045a1ed1aee62
https://immigratetobrazil.com/services/other/regularization/,services/other/regularization/index.html,b48ff53cc06396f3c1f17701eddc8029a5ad6d8e039dafc5a2d3902e239433ca
https://immigratetobrazil.com/services/other/translation/,services/other/translation/index.html,a6b9c1478aa50dd18d50fb735d61347250fdde86c538b1dd148737b233f9b197
https://immigratetobrazil.com/services/residencies/,services/residencies/index.html,da7e189c34425e04221223ea12f5b1222059a08ac0d8f2d5a05e793f95207035
https://immigratetobrazil.com/services/residencies/cplp/,services/residencies/cplp/index.html,41a49b5bc289e210ff56f2de141e7c23d737bc436a7d5bc29a31ea27071c656f
https://immigratetobrazil.com/services/residencies/educational/,services/residencies/educational/index.html,af84e9b7fca8fa7d48c7a43430a4429ef239918cd4d7dec617d7ed2e7c3fd975
https://immigratetobrazil.com/services/residencies/exchange/,services/residencies/exchange/index.html,627d15b6b522225e78f2d74e8c44b6f710630d835c62247761f04f1adfa5641a
https://immigratetobrazil.com/services/residencies/health/,services/residencies/health/index.html,02630e0b5af63b0d84641251549e3ff7e1246a8697e9d451e8b09d10e658bc40
https://immigratetobrazil.com/services/residencies/humanitarian/,services/residencies/humanitarian/index.html,80e384a1189e7198a06c4a8cf2d450ba17ccceeedcc9fafc9180f17274497146
https://immigratetobrazil.com/services/residencies/investor/,services/residencies/investor/index.html,4963f872acf8b35e22098dc3bb3e102b48b02019d2ab1bbaf90276a103d81996
https://immigratetobrazil.com/services/residencies/mercosul/,services/residencies/mercosul/index.html,bed9e72a4ceb37c2ef629eccdfb05223ad416f77680e2568af56af2456275c45
https://immigratetobrazil.com/services/residencies/nomad/,services/residencies/nomad/index.html,e900033e966f792438c98d9a98548426ca5811bb2837a7d4f66376d9689ea4ee
https://immigratetobrazil.com/services/residencies/religious/,services/residencies/religious/index.html,d45d6648d283e3e3582724e24732570cef9ab27b8291729c1ecf8c2a2edeeba9
https://immigratetobrazil.com/services/residencies/research/,services/residencies/research/index.html,c524fd61cd57b8b79a680d89f65193c7cd36b1f7d77af43fc6f2d23d4306593e
https://immigratetobrazil.com/services/residencies/retiree/,services/residencies/retiree/index.html,dbae6e820de6a66dc11e67896f5afda4e0c3d20a901e683677206e8f57437992
https://immigratetobrazil.com/services/residencies/reunion/,services/residencies/reunion/index.html,39389209065540bdab55dc6cb5b88aa054743b70bcff783156f6f264d6e92cce
https://immigratetobrazil.com/services/residencies/skilled/,services/residencies/skilled/index.html,ab4b3c6a7074e0b55af32dff73558956ad0bf6b84e2e830435010819ac600db6
https://immigratetobrazil.com/services/residencies/study/,services/residencies/study/index.html,749ca553cbd7d5c179609e3abd3361e4bb3f22f7a53177b0ccd9a9dd02b71c73
https://immigratetobrazil.com/services/residencies/volunteer/,services/residencies/volunteer/index.html,e1292ce4386d3529edd05c0b2810de8575a4c8a8ff1722f1ad5df7588899bf97
https://immigratetobrazil.com/services/residencies/work/,services/residencies/work/index.html,32ca57078c40c49d3fa63270fc532aebe848247f9dfa06a2537192141f45a3d2
https://immigratetobrazil.com/services/residencies/youth/,services/residencies/youth/index.html,ee6a3f0a47f0f18e24c22aab62c8fcb7402e5dd19e29361a3e5ddb31d95fc12d
https://immigratetobrazil.com/services/visas/,services/visas/index.html,ae2f971c8626662684e69b96338307c2a65bc60984f34eeb78e31a42f632ba69
https://immigratetobrazil.com/services/visas/artistic/,services/visas/artistic/index.html,765d319f2128d5deff3a1bfea71e810184fff3143daaaea149d0400075550479
https://immigratetobrazil.com/services/visas/business/,services/visas/business/index.html,f06dbac210052a0a7bf99ae94ef4947d28d872761b51a98a6fb67c804a173b40
https://immigratetobrazil.com/services/visas/diplomatic/,services/visas/diplomatic/index.html,7ab141383622339b5da16a1fdc2efdee4c4a83482bf06b031999fec4d0bf25ae
https://immigratetobrazil.com/services/visas/educational/,services/visas/educational/index.html,cb9cac67afbba180f88fff1a7762e0392fc53704b6b36dbd44ce5e252e16c39d
https://immigratetobrazil.com/services/visas/exchange/,services/visas/exchange/index.html,498fb3b429f5d766d00d18c243b5661c27583a8ddce8f330560a1aa79d75fffe
https://immigratetobrazil.com/services/visas/family/,services/visas/family/index.html,c0446b3b4bd1ab5649e7986ec4ba273579800093eb2bbd5a55758d2787c2cab6
https://immigratetobrazil.com/services/visas/humanitarian/,services/visas/humanitarian/index.html,142f275563dc40f666ebdf372642690b8d6c07ba1e453383f445647dd5e26b3a
https://immigratetobrazil.com/services/visas/investor/,services/visas/investor/index.html,34faaabcad52c0cbafaa32ab02a016e449b1b2ffcdd5e55acce4fab009f40f3b
https://immigratetobrazil.com/services/visas/journalist/,services/visas/journalist/index.html,0353dbb6ce36f0c7b746c85be83dfaa6c3a124cd92bf62476dd3f390bfd00504
https://immigratetobrazil.com/services/visas/medical/,services/visas/medical/index.html,0b1b40bd3d52787f71cc709b68e79b8afffb6289fdfeb852660c557bc3e73439
https://immigratetobrazil.com/services/visas/nomad/,services/visas/nomad/index.html,9510f8730c2abef26cce406dab089a1b220bd68d46851a7d880cdce31aa40026
https://immigratetobrazil.com/services/visas/religious/,services/visas/religious/index.html,ff4b299831db26b009683b13b27caef72edf399edba349845df534d773b60952
https://immigratetobrazil.com/services/visas/research/,services/visas/research/index.html,774d2cc27ab1e143889860ca904397366db56c8ce21140bc414b92a96c93b02b
https://immigratetobrazil.com/services/visas/retiree/,services/visas/retiree/index.html,ecf204270ae7a905af7a87cf0ec965bcd9c7cb6c7e60e1d77de0d42f4abc2650
https://immigratetobrazil.com/services/visas/sports/,services/visas/sports/index.html,cff785b10dec7565d6ee23da1d40af8727bc39e1176879702fd832763b942a45
https://immigratetobrazil.com/services/visas/startup/,services/visas/startup/index.html,b12ab9c1b295881dfab07038f5137985b476291be368f900873502373e182df8
https://immigratetobrazil.com/services/visas/student/,services/visas/student/index.html,61e3e8199e60997530a32d4f637f9337d1e0e7255a6ce646d08a22b98d252750
https://immigratetobrazil.com/services/visas/tourist/,services/visas/tourist/index.html,6a86c90273813651b782e57e74eac591b8472087bf817dbef55dd4519e644305
https://immigratetobrazil.com/services/visas/transit/,services/visas/transit/index.html,3962a304e45b247808f54dd5d341406fe2ee056e20fdcf9d6828a8a9b4cf6baf
https://immigratetobrazil.com/services/visas/volunteer/,services/visas/volunteer/index.html,985f4ccebefa58c86fc0d6d1527115dcca5c5e47aec72ac3e94f7da4ec90d305
https://immigratetobrazil.com/services/visas/work/,services/visas/work/index.html,cf4a8cea1e85c26b6a393539fdaae363ee396b09b668b4c80d64de6a818ac81a
https://immigratetobrazil.com/sitemap.html,sitemap.html,94e1877768d536caa2e5fb72d1e563d07d8c9b7fe485ab8c0b1a74ec09f191f0
https://immigratetobrazil.com/start-consultation/,start-consultation/index.html,08d31678e7b0e3610d8c05c209cb92ae194d5ddd9ebe3beabfd6187447ebd3a6
