url,status,next_action,dossier
https://immigratetobrazil.com/countries/afghanistan/,COUNTRY EVIDENCE REQUIRED — conditional editorial draft,Complete the page-specific VERIFY and ADD instructions in pages/0081-countries--afghanistan.md,pages/0081-countries--afghanistan.md
https://immigratetobrazil.com/countries/albania/,COUNTRY EVIDENCE REQUIRED — conditional editorial draft,Complete the page-specific VERIFY and ADD instructions in pages/0082-countries--albania.md,pages/0082-countries--albania.md
https://immigratetobrazil.com/countries/algeria/,COUNTRY EVIDENCE REQUIRED — conditional editorial draft,Complete the page-specific VERIFY and ADD instructions in pages/0083-countries--algeria.md,pages/0083-countries--algeria.md
https://immigratetobrazil.com/countries/andorra/,COUNTRY EVIDENCE REQUIRED — conditional editorial draft,Complete the page-specific VERIFY and ADD instructions in pages/0084-countries--andorra.md,pages/0084-countries--andorra.md
https://immigratetobrazil.com/countries/angola/,COUNTRY EVIDENCE REQUIRED — conditional editorial draft,Complete the page-specific VERIFY and ADD instructions in pages/0085-countries--angola.md,pages/0085-countries--angola.md
https://immigratetobrazil.com/countries/antigua-and-barbuda/,COUNTRY EVIDENCE REQUIRED — conditional editorial draft,Complete the page-specific VERIFY and ADD instructions in pages/0086-countries--antigua-and-barbuda.md,pages/0086-countries--antigua-and-barbuda.md
https://immigratetobrazil.com/countries/argentina/,COUNTRY EVIDENCE REQUIRED — conditional editorial draft,Complete the page-specific VERIFY and ADD instructions in pages/0087-countries--argentina.md,pages/0087-countries--argentina.md
https://immigratetobrazil.com/countries/armenia/,COUNTRY EVIDENCE REQUIRED — conditional editorial draft,Complete the page-specific VERIFY and ADD instructions in pages/0088-countries--armenia.md,pages/0088-countries--armenia.md
https://immigratetobrazil.com/countries/australia/,COUNTRY EVIDENCE REQUIRED — conditional editorial draft,Complete the page-specific VERIFY and ADD instructions in pages/0089-countries--australia.md,pages/0089-countries--australia.md
https://immigratetobrazil.com/countries/austria/,COUNTRY EVIDENCE REQUIRED — conditional editorial draft,Complete the page-specific VERIFY and ADD instructions in pages/0090-countries--austria.md,pages/0090-countries--austria.md
https://immigratetobrazil.com/countries/azerbaijan/,COUNTRY EVIDENCE REQUIRED — conditional editorial draft,Complete the page-specific VERIFY and ADD instructions in pages/0091-countries--azerbaijan.md,pages/0091-countries--azerbaijan.md
https://immigratetobrazil.com/countries/bahamas/,COUNTRY EVIDENCE REQUIRED — conditional editorial draft,Complete the page-specific VERIFY and ADD instructions in pages/0092-countries--bahamas.md,pages/0092-countries--bahamas.md
https://immigratetobrazil.com/countries/bahrain/,COUNTRY EVIDENCE REQUIRED — conditional editorial draft,Complete the page-specific VERIFY and ADD instructions in pages/0093-countries--bahrain.md,pages/0093-countries--bahrain.md
https://immigratetobrazil.com/countries/bangladesh/,COUNTRY EVIDENCE REQUIRED — conditional editorial draft,Complete the page-specific VERIFY and ADD instructions in pages/0094-countries--bangladesh.md,pages/0094-countries--bangladesh.md
https://immigratetobrazil.com/countries/barbados/,COUNTRY EVIDENCE REQUIRED — conditional editorial draft,Complete the page-specific VERIFY and ADD instructions in pages/0095-countries--barbados.md,pages/0095-countries--barbados.md
https://immigratetobrazil.com/countries/belarus/,COUNTRY EVIDENCE REQUIRED — conditional editorial draft,Complete the page-specific VERIFY and ADD instructions in pages/0096-countries--belarus.md,pages/0096-countries--belarus.md
https://immigratetobrazil.com/countries/belgium/,COUNTRY EVIDENCE REQUIRED — conditional editorial draft,Complete the page-specific VERIFY and ADD instructions in pages/0097-countries--belgium.md,pages/0097-countries--belgium.md
https://immigratetobrazil.com/countries/belize/,COUNTRY EVIDENCE REQUIRED — conditional editorial draft,Complete the page-specific VERIFY and ADD instructions in pages/0098-countries--belize.md,pages/0098-countries--belize.md
https://immigratetobrazil.com/countries/benin/,COUNTRY EVIDENCE REQUIRED — conditional editorial draft,Complete the page-specific VERIFY and ADD instructions in pages/0099-countries--benin.md,pages/0099-countries--benin.md
https://immigratetobrazil.com/countries/bhutan/,COUNTRY EVIDENCE REQUIRED — conditional editorial draft,Complete the page-specific VERIFY and ADD instructions in pages/0100-countries--bhutan.md,pages/0100-countries--bhutan.md
https://immigratetobrazil.com/countries/bolivia/,COUNTRY EVIDENCE REQUIRED — conditional editorial draft,Complete the page-specific VERIFY and ADD instructions in pages/0101-countries--bolivia.md,pages/0101-countries--bolivia.md
https://immigratetobrazil.com/countries/bosnia-and-herzegovina/,COUNTRY EVIDENCE REQUIRED — conditional editorial draft,Complete the page-specific VERIFY and ADD instructions in pages/0102-countries--bosnia-and-herzegovina.md,pages/0102-countries--bosnia-and-herzegovina.md
https://immigratetobrazil.com/countries/botswana/,COUNTRY EVIDENCE REQUIRED — conditional editorial draft,Complete the page-specific VERIFY and ADD instructions in pages/0103-countries--botswana.md,pages/0103-countries--botswana.md
https://immigratetobrazil.com/countries/brazil/,CONSOLIDATION REVIEW REQUIRED,Complete the page-specific VERIFY and ADD instructions in pages/0104-countries--brazil.md,pages/0104-countries--brazil.md
https://immigratetobrazil.com/countries/brunei/,COUNTRY EVIDENCE REQUIRED — conditional editorial draft,Complete the page-specific VERIFY and ADD instructions in pages/0105-countries--brunei.md,pages/0105-countries--brunei.md
https://immigratetobrazil.com/countries/bulgaria/,COUNTRY EVIDENCE REQUIRED — conditional editorial draft,Complete the page-specific VERIFY and ADD instructions in pages/0106-countries--bulgaria.md,pages/0106-countries--bulgaria.md
https://immigratetobrazil.com/countries/burkina-faso/,COUNTRY EVIDENCE REQUIRED — conditional editorial draft,Complete the page-specific VERIFY and ADD instructions in pages/0107-countries--burkina-faso.md,pages/0107-countries--burkina-faso.md
https://immigratetobrazil.com/countries/burundi/,COUNTRY EVIDENCE REQUIRED — conditional editorial draft,Complete the page-specific VERIFY and ADD instructions in pages/0108-countries--burundi.md,pages/0108-countries--burundi.md
https://immigratetobrazil.com/countries/cabo-verde/,COUNTRY EVIDENCE REQUIRED — conditional editorial draft,Complete the page-specific VERIFY and ADD instructions in pages/0109-countries--cabo-verde.md,pages/0109-countries--cabo-verde.md
https://immigratetobrazil.com/countries/cambodia/,COUNTRY EVIDENCE REQUIRED — conditional editorial draft,Complete the page-specific VERIFY and ADD instructions in pages/0110-countries--cambodia.md,pages/0110-countries--cambodia.md
https://immigratetobrazil.com/countries/cameroon/,COUNTRY EVIDENCE REQUIRED — conditional editorial draft,Complete the page-specific VERIFY and ADD instructions in pages/0111-countries--cameroon.md,pages/0111-countries--cameroon.md
https://immigratetobrazil.com/countries/canada/,COUNTRY EVIDENCE REQUIRED — conditional editorial draft,Complete the page-specific VERIFY and ADD instructions in pages/0112-countries--canada.md,pages/0112-countries--canada.md
https://immigratetobrazil.com/countries/central-african-republic/,COUNTRY EVIDENCE REQUIRED — conditional editorial draft,Complete the page-specific VERIFY and ADD instructions in pages/0113-countries--central-african-republic.md,pages/0113-countries--central-african-republic.md
https://immigratetobrazil.com/countries/chad/,COUNTRY EVIDENCE REQUIRED — conditional editorial draft,Complete the page-specific VERIFY and ADD instructions in pages/0114-countries--chad.md,pages/0114-countries--chad.md
https://immigratetobrazil.com/countries/chile/,COUNTRY EVIDENCE REQUIRED — conditional editorial draft,Complete the page-specific VERIFY and ADD instructions in pages/0115-countries--chile.md,pages/0115-countries--chile.md
https://immigratetobrazil.com/countries/china/,COUNTRY EVIDENCE REQUIRED — conditional editorial draft,Complete the page-specific VERIFY and ADD instructions in pages/0116-countries--china.md,pages/0116-countries--china.md
https://immigratetobrazil.com/countries/colombia/,COUNTRY EVIDENCE REQUIRED — conditional editorial draft,Complete the page-specific VERIFY and ADD instructions in pages/0117-countries--colombia.md,pages/0117-countries--colombia.md
https://immigratetobrazil.com/countries/comoros/,COUNTRY EVIDENCE REQUIRED — conditional editorial draft,Complete the page-specific VERIFY and ADD instructions in pages/0118-countries--comoros.md,pages/0118-countries--comoros.md
https://immigratetobrazil.com/countries/congo-democratic-republic-of-the-congo/,COUNTRY EVIDENCE REQUIRED — conditional editorial draft,Complete the page-specific VERIFY and ADD instructions in pages/0119-countries--congo-democratic-republic-of-the-congo.md,pages/0119-countries--congo-democratic-republic-of-the-congo.md
https://immigratetobrazil.com/countries/congo-republic-of-the-congo/,COUNTRY EVIDENCE REQUIRED — conditional editorial draft,Complete the page-specific VERIFY and ADD instructions in pages/0120-countries--congo-republic-of-the-congo.md,pages/0120-countries--congo-republic-of-the-congo.md
https://immigratetobrazil.com/countries/costa-rica/,COUNTRY EVIDENCE REQUIRED — conditional editorial draft,Complete the page-specific VERIFY and ADD instructions in pages/0121-countries--costa-rica.md,pages/0121-countries--costa-rica.md
https://immigratetobrazil.com/countries/croatia/,COUNTRY EVIDENCE REQUIRED — conditional editorial draft,Complete the page-specific VERIFY and ADD instructions in pages/0122-countries--croatia.md,pages/0122-countries--croatia.md
https://immigratetobrazil.com/countries/cuba/,COUNTRY EVIDENCE REQUIRED — conditional editorial draft,Complete the page-specific VERIFY and ADD instructions in pages/0123-countries--cuba.md,pages/0123-countries--cuba.md
https://immigratetobrazil.com/countries/cyprus/,COUNTRY EVIDENCE REQUIRED — conditional editorial draft,Complete the page-specific VERIFY and ADD instructions in pages/0124-countries--cyprus.md,pages/0124-countries--cyprus.md
https://immigratetobrazil.com/countries/czechia/,COUNTRY EVIDENCE REQUIRED — conditional editorial draft,Complete the page-specific VERIFY and ADD instructions in pages/0125-countries--czechia.md,pages/0125-countries--czechia.md
https://immigratetobrazil.com/countries/denmark/,COUNTRY EVIDENCE REQUIRED — conditional editorial draft,Complete the page-specific VERIFY and ADD instructions in pages/0126-countries--denmark.md,pages/0126-countries--denmark.md
https://immigratetobrazil.com/countries/djibouti/,COUNTRY EVIDENCE REQUIRED — conditional editorial draft,Complete the page-specific VERIFY and ADD instructions in pages/0127-countries--djibouti.md,pages/0127-countries--djibouti.md
https://immigratetobrazil.com/countries/dominica/,COUNTRY EVIDENCE REQUIRED — conditional editorial draft,Complete the page-specific VERIFY and ADD instructions in pages/0128-countries--dominica.md,pages/0128-countries--dominica.md
https://immigratetobrazil.com/countries/dominican-republic/,COUNTRY EVIDENCE REQUIRED — conditional editorial draft,Complete the page-specific VERIFY and ADD instructions in pages/0129-countries--dominican-republic.md,pages/0129-countries--dominican-republic.md
https://immigratetobrazil.com/countries/ecuador/,COUNTRY EVIDENCE REQUIRED — conditional editorial draft,Complete the page-specific VERIFY and ADD instructions in pages/0130-countries--ecuador.md,pages/0130-countries--ecuador.md
https://immigratetobrazil.com/countries/egypt/,COUNTRY EVIDENCE REQUIRED — conditional editorial draft,Complete the page-specific VERIFY and ADD instructions in pages/0131-countries--egypt.md,pages/0131-countries--egypt.md
https://immigratetobrazil.com/countries/el-salvador/,COUNTRY EVIDENCE REQUIRED — conditional editorial draft,Complete the page-specific VERIFY and ADD instructions in pages/0132-countries--el-salvador.md,pages/0132-countries--el-salvador.md
https://immigratetobrazil.com/countries/equatorial-guinea/,COUNTRY EVIDENCE REQUIRED — conditional editorial draft,Complete the page-specific VERIFY and ADD instructions in pages/0133-countries--equatorial-guinea.md,pages/0133-countries--equatorial-guinea.md
https://immigratetobrazil.com/countries/eritrea/,COUNTRY EVIDENCE REQUIRED — conditional editorial draft,Complete the page-specific VERIFY and ADD instructions in pages/0134-countries--eritrea.md,pages/0134-countries--eritrea.md
https://immigratetobrazil.com/countries/estonia/,COUNTRY EVIDENCE REQUIRED — conditional editorial draft,Complete the page-specific VERIFY and ADD instructions in pages/0135-countries--estonia.md,pages/0135-countries--estonia.md
https://immigratetobrazil.com/countries/eswatini/,COUNTRY EVIDENCE REQUIRED — conditional editorial draft,Complete the page-specific VERIFY and ADD instructions in pages/0136-countries--eswatini.md,pages/0136-countries--eswatini.md
https://immigratetobrazil.com/countries/ethiopia/,COUNTRY EVIDENCE REQUIRED — conditional editorial draft,Complete the page-specific VERIFY and ADD instructions in pages/0137-countries--ethiopia.md,pages/0137-countries--ethiopia.md
https://immigratetobrazil.com/countries/fiji/,COUNTRY EVIDENCE REQUIRED — conditional editorial draft,Complete the page-specific VERIFY and ADD instructions in pages/0138-countries--fiji.md,pages/0138-countries--fiji.md
https://immigratetobrazil.com/countries/finland/,COUNTRY EVIDENCE REQUIRED — conditional editorial draft,Complete the page-specific VERIFY and ADD instructions in pages/0139-countries--finland.md,pages/0139-countries--finland.md
https://immigratetobrazil.com/countries/france/,COUNTRY EVIDENCE REQUIRED — conditional editorial draft,Complete the page-specific VERIFY and ADD instructions in pages/0140-countries--france.md,pages/0140-countries--france.md
https://immigratetobrazil.com/countries/gabon/,COUNTRY EVIDENCE REQUIRED — conditional editorial draft,Complete the page-specific VERIFY and ADD instructions in pages/0141-countries--gabon.md,pages/0141-countries--gabon.md
https://immigratetobrazil.com/countries/gambia/,COUNTRY EVIDENCE REQUIRED — conditional editorial draft,Complete the page-specific VERIFY and ADD instructions in pages/0142-countries--gambia.md,pages/0142-countries--gambia.md
https://immigratetobrazil.com/countries/georgia/,COUNTRY EVIDENCE REQUIRED — conditional editorial draft,Complete the page-specific VERIFY and ADD instructions in pages/0143-countries--georgia.md,pages/0143-countries--georgia.md
https://immigratetobrazil.com/countries/germany/,COUNTRY EVIDENCE REQUIRED — conditional editorial draft,Complete the page-specific VERIFY and ADD instructions in pages/0144-countries--germany.md,pages/0144-countries--germany.md
https://immigratetobrazil.com/countries/ghana/,COUNTRY EVIDENCE REQUIRED — conditional editorial draft,Complete the page-specific VERIFY and ADD instructions in pages/0145-countries--ghana.md,pages/0145-countries--ghana.md
https://immigratetobrazil.com/countries/greece/,COUNTRY EVIDENCE REQUIRED — conditional editorial draft,Complete the page-specific VERIFY and ADD instructions in pages/0146-countries--greece.md,pages/0146-countries--greece.md
https://immigratetobrazil.com/countries/grenada/,COUNTRY EVIDENCE REQUIRED — conditional editorial draft,Complete the page-specific VERIFY and ADD instructions in pages/0147-countries--grenada.md,pages/0147-countries--grenada.md
https://immigratetobrazil.com/countries/guatemala/,COUNTRY EVIDENCE REQUIRED — conditional editorial draft,Complete the page-specific VERIFY and ADD instructions in pages/0148-countries--guatemala.md,pages/0148-countries--guatemala.md
https://immigratetobrazil.com/countries/guinea-bissau/,COUNTRY EVIDENCE REQUIRED — conditional editorial draft,Complete the page-specific VERIFY and ADD instructions in pages/0149-countries--guinea-bissau.md,pages/0149-countries--guinea-bissau.md
https://immigratetobrazil.com/countries/guinea/,COUNTRY EVIDENCE REQUIRED — conditional editorial draft,Complete the page-specific VERIFY and ADD instructions in pages/0150-countries--guinea.md,pages/0150-countries--guinea.md
https://immigratetobrazil.com/countries/guyana/,COUNTRY EVIDENCE REQUIRED — conditional editorial draft,Complete the page-specific VERIFY and ADD instructions in pages/0151-countries--guyana.md,pages/0151-countries--guyana.md
https://immigratetobrazil.com/countries/haiti/,COUNTRY EVIDENCE REQUIRED — conditional editorial draft,Complete the page-specific VERIFY and ADD instructions in pages/0152-countries--haiti.md,pages/0152-countries--haiti.md
https://immigratetobrazil.com/countries/honduras/,COUNTRY EVIDENCE REQUIRED — conditional editorial draft,Complete the page-specific VERIFY and ADD instructions in pages/0153-countries--honduras.md,pages/0153-countries--honduras.md
https://immigratetobrazil.com/countries/hungary/,COUNTRY EVIDENCE REQUIRED — conditional editorial draft,Complete the page-specific VERIFY and ADD instructions in pages/0154-countries--hungary.md,pages/0154-countries--hungary.md
https://immigratetobrazil.com/countries/iceland/,COUNTRY EVIDENCE REQUIRED — conditional editorial draft,Complete the page-specific VERIFY and ADD instructions in pages/0155-countries--iceland.md,pages/0155-countries--iceland.md
https://immigratetobrazil.com/countries/india/,COUNTRY EVIDENCE REQUIRED — conditional editorial draft,Complete the page-specific VERIFY and ADD instructions in pages/0156-countries--india.md,pages/0156-countries--india.md
https://immigratetobrazil.com/countries/indonesia/,COUNTRY EVIDENCE REQUIRED — conditional editorial draft,Complete the page-specific VERIFY and ADD instructions in pages/0157-countries--indonesia.md,pages/0157-countries--indonesia.md
https://immigratetobrazil.com/countries/iran/,COUNTRY EVIDENCE REQUIRED — conditional editorial draft,Complete the page-specific VERIFY and ADD instructions in pages/0158-countries--iran.md,pages/0158-countries--iran.md
https://immigratetobrazil.com/countries/iraq/,COUNTRY EVIDENCE REQUIRED — conditional editorial draft,Complete the page-specific VERIFY and ADD instructions in pages/0159-countries--iraq.md,pages/0159-countries--iraq.md
https://immigratetobrazil.com/countries/ireland/,COUNTRY EVIDENCE REQUIRED — conditional editorial draft,Complete the page-specific VERIFY and ADD instructions in pages/0160-countries--ireland.md,pages/0160-countries--ireland.md
https://immigratetobrazil.com/countries/israel/,COUNTRY EVIDENCE REQUIRED — conditional editorial draft,Complete the page-specific VERIFY and ADD instructions in pages/0161-countries--israel.md,pages/0161-countries--israel.md
https://immigratetobrazil.com/countries/italy/,COUNTRY EVIDENCE REQUIRED — conditional editorial draft,Complete the page-specific VERIFY and ADD instructions in pages/0162-countries--italy.md,pages/0162-countries--italy.md
https://immigratetobrazil.com/countries/jamaica/,COUNTRY EVIDENCE REQUIRED — conditional editorial draft,Complete the page-specific VERIFY and ADD instructions in pages/0163-countries--jamaica.md,pages/0163-countries--jamaica.md
https://immigratetobrazil.com/countries/japan/,COUNTRY EVIDENCE REQUIRED — conditional editorial draft,Complete the page-specific VERIFY and ADD instructions in pages/0164-countries--japan.md,pages/0164-countries--japan.md
https://immigratetobrazil.com/countries/jordan/,COUNTRY EVIDENCE REQUIRED — conditional editorial draft,Complete the page-specific VERIFY and ADD instructions in pages/0165-countries--jordan.md,pages/0165-countries--jordan.md
https://immigratetobrazil.com/countries/kazakhstan/,COUNTRY EVIDENCE REQUIRED — conditional editorial draft,Complete the page-specific VERIFY and ADD instructions in pages/0166-countries--kazakhstan.md,pages/0166-countries--kazakhstan.md
https://immigratetobrazil.com/countries/kenya/,COUNTRY EVIDENCE REQUIRED — conditional editorial draft,Complete the page-specific VERIFY and ADD instructions in pages/0167-countries--kenya.md,pages/0167-countries--kenya.md
https://immigratetobrazil.com/countries/kiribati/,COUNTRY EVIDENCE REQUIRED — conditional editorial draft,Complete the page-specific VERIFY and ADD instructions in pages/0168-countries--kiribati.md,pages/0168-countries--kiribati.md
https://immigratetobrazil.com/countries/kuwait/,COUNTRY EVIDENCE REQUIRED — conditional editorial draft,Complete the page-specific VERIFY and ADD instructions in pages/0169-countries--kuwait.md,pages/0169-countries--kuwait.md
https://immigratetobrazil.com/countries/kyrgyzstan/,COUNTRY EVIDENCE REQUIRED — conditional editorial draft,Complete the page-specific VERIFY and ADD instructions in pages/0170-countries--kyrgyzstan.md,pages/0170-countries--kyrgyzstan.md
https://immigratetobrazil.com/countries/laos/,COUNTRY EVIDENCE REQUIRED — conditional editorial draft,Complete the page-specific VERIFY and ADD instructions in pages/0171-countries--laos.md,pages/0171-countries--laos.md
https://immigratetobrazil.com/countries/latvia/,COUNTRY EVIDENCE REQUIRED — conditional editorial draft,Complete the page-specific VERIFY and ADD instructions in pages/0172-countries--latvia.md,pages/0172-countries--latvia.md
https://immigratetobrazil.com/countries/lebanon/,COUNTRY EVIDENCE REQUIRED — conditional editorial draft,Complete the page-specific VERIFY and ADD instructions in pages/0173-countries--lebanon.md,pages/0173-countries--lebanon.md
https://immigratetobrazil.com/countries/lesotho/,COUNTRY EVIDENCE REQUIRED — conditional editorial draft,Complete the page-specific VERIFY and ADD instructions in pages/0174-countries--lesotho.md,pages/0174-countries--lesotho.md
https://immigratetobrazil.com/countries/liberia/,COUNTRY EVIDENCE REQUIRED — conditional editorial draft,Complete the page-specific VERIFY and ADD instructions in pages/0175-countries--liberia.md,pages/0175-countries--liberia.md
https://immigratetobrazil.com/countries/libya/,COUNTRY EVIDENCE REQUIRED — conditional editorial draft,Complete the page-specific VERIFY and ADD instructions in pages/0176-countries--libya.md,pages/0176-countries--libya.md
https://immigratetobrazil.com/countries/liechtenstein/,COUNTRY EVIDENCE REQUIRED — conditional editorial draft,Complete the page-specific VERIFY and ADD instructions in pages/0177-countries--liechtenstein.md,pages/0177-countries--liechtenstein.md
https://immigratetobrazil.com/countries/lithuania/,COUNTRY EVIDENCE REQUIRED — conditional editorial draft,Complete the page-specific VERIFY and ADD instructions in pages/0178-countries--lithuania.md,pages/0178-countries--lithuania.md
https://immigratetobrazil.com/countries/luxembourg/,COUNTRY EVIDENCE REQUIRED — conditional editorial draft,Complete the page-specific VERIFY and ADD instructions in pages/0179-countries--luxembourg.md,pages/0179-countries--luxembourg.md
https://immigratetobrazil.com/countries/madagascar/,COUNTRY EVIDENCE REQUIRED — conditional editorial draft,Complete the page-specific VERIFY and ADD instructions in pages/0180-countries--madagascar.md,pages/0180-countries--madagascar.md
https://immigratetobrazil.com/countries/malawi/,COUNTRY EVIDENCE REQUIRED — conditional editorial draft,Complete the page-specific VERIFY and ADD instructions in pages/0181-countries--malawi.md,pages/0181-countries--malawi.md
https://immigratetobrazil.com/countries/malaysia/,COUNTRY EVIDENCE REQUIRED — conditional editorial draft,Complete the page-specific VERIFY and ADD instructions in pages/0182-countries--malaysia.md,pages/0182-countries--malaysia.md
https://immigratetobrazil.com/countries/maldives/,COUNTRY EVIDENCE REQUIRED — conditional editorial draft,Complete the page-specific VERIFY and ADD instructions in pages/0183-countries--maldives.md,pages/0183-countries--maldives.md
https://immigratetobrazil.com/countries/mali/,COUNTRY EVIDENCE REQUIRED — conditional editorial draft,Complete the page-specific VERIFY and ADD instructions in pages/0184-countries--mali.md,pages/0184-countries--mali.md
https://immigratetobrazil.com/countries/malta/,COUNTRY EVIDENCE REQUIRED — conditional editorial draft,Complete the page-specific VERIFY and ADD instructions in pages/0185-countries--malta.md,pages/0185-countries--malta.md
https://immigratetobrazil.com/countries/marshall-islands/,COUNTRY EVIDENCE REQUIRED — conditional editorial draft,Complete the page-specific VERIFY and ADD instructions in pages/0186-countries--marshall-islands.md,pages/0186-countries--marshall-islands.md
https://immigratetobrazil.com/countries/mauritania/,COUNTRY EVIDENCE REQUIRED — conditional editorial draft,Complete the page-specific VERIFY and ADD instructions in pages/0187-countries--mauritania.md,pages/0187-countries--mauritania.md
https://immigratetobrazil.com/countries/mauritius/,COUNTRY EVIDENCE REQUIRED — conditional editorial draft,Complete the page-specific VERIFY and ADD instructions in pages/0188-countries--mauritius.md,pages/0188-countries--mauritius.md
https://immigratetobrazil.com/countries/mexico/,COUNTRY EVIDENCE REQUIRED — conditional editorial draft,Complete the page-specific VERIFY and ADD instructions in pages/0189-countries--mexico.md,pages/0189-countries--mexico.md
https://immigratetobrazil.com/countries/micronesia/,COUNTRY EVIDENCE REQUIRED — conditional editorial draft,Complete the page-specific VERIFY and ADD instructions in pages/0190-countries--micronesia.md,pages/0190-countries--micronesia.md
https://immigratetobrazil.com/countries/moldova/,COUNTRY EVIDENCE REQUIRED — conditional editorial draft,Complete the page-specific VERIFY and ADD instructions in pages/0191-countries--moldova.md,pages/0191-countries--moldova.md
https://immigratetobrazil.com/countries/monaco/,COUNTRY EVIDENCE REQUIRED — conditional editorial draft,Complete the page-specific VERIFY and ADD instructions in pages/0192-countries--monaco.md,pages/0192-countries--monaco.md
https://immigratetobrazil.com/countries/mongolia/,COUNTRY EVIDENCE REQUIRED — conditional editorial draft,Complete the page-specific VERIFY and ADD instructions in pages/0193-countries--mongolia.md,pages/0193-countries--mongolia.md
https://immigratetobrazil.com/countries/montenegro/,COUNTRY EVIDENCE REQUIRED — conditional editorial draft,Complete the page-specific VERIFY and ADD instructions in pages/0194-countries--montenegro.md,pages/0194-countries--montenegro.md
https://immigratetobrazil.com/countries/morocco/,COUNTRY EVIDENCE REQUIRED — conditional editorial draft,Complete the page-specific VERIFY and ADD instructions in pages/0195-countries--morocco.md,pages/0195-countries--morocco.md
https://immigratetobrazil.com/countries/mozambique/,COUNTRY EVIDENCE REQUIRED — conditional editorial draft,Complete the page-specific VERIFY and ADD instructions in pages/0196-countries--mozambique.md,pages/0196-countries--mozambique.md
https://immigratetobrazil.com/countries/myanmar/,COUNTRY EVIDENCE REQUIRED — conditional editorial draft,Complete the page-specific VERIFY and ADD instructions in pages/0197-countries--myanmar.md,pages/0197-countries--myanmar.md
https://immigratetobrazil.com/countries/namibia/,COUNTRY EVIDENCE REQUIRED — conditional editorial draft,Complete the page-specific VERIFY and ADD instructions in pages/0198-countries--namibia.md,pages/0198-countries--namibia.md
https://immigratetobrazil.com/countries/nauru/,COUNTRY EVIDENCE REQUIRED — conditional editorial draft,Complete the page-specific VERIFY and ADD instructions in pages/0199-countries--nauru.md,pages/0199-countries--nauru.md
https://immigratetobrazil.com/countries/nepal/,COUNTRY EVIDENCE REQUIRED — conditional editorial draft,Complete the page-specific VERIFY and ADD instructions in pages/0200-countries--nepal.md,pages/0200-countries--nepal.md
https://immigratetobrazil.com/countries/netherlands/,COUNTRY EVIDENCE REQUIRED — conditional editorial draft,Complete the page-specific VERIFY and ADD instructions in pages/0201-countries--netherlands.md,pages/0201-countries--netherlands.md
https://immigratetobrazil.com/countries/new-zealand/,COUNTRY EVIDENCE REQUIRED — conditional editorial draft,Complete the page-specific VERIFY and ADD instructions in pages/0202-countries--new-zealand.md,pages/0202-countries--new-zealand.md
https://immigratetobrazil.com/countries/nicaragua/,COUNTRY EVIDENCE REQUIRED — conditional editorial draft,Complete the page-specific VERIFY and ADD instructions in pages/0203-countries--nicaragua.md,pages/0203-countries--nicaragua.md
https://immigratetobrazil.com/countries/niger/,COUNTRY EVIDENCE REQUIRED — conditional editorial draft,Complete the page-specific VERIFY and ADD instructions in pages/0204-countries--niger.md,pages/0204-countries--niger.md
https://immigratetobrazil.com/countries/nigeria/,COUNTRY EVIDENCE REQUIRED — conditional editorial draft,Complete the page-specific VERIFY and ADD instructions in pages/0205-countries--nigeria.md,pages/0205-countries--nigeria.md
https://immigratetobrazil.com/countries/north-korea/,COUNTRY EVIDENCE REQUIRED — conditional editorial draft,Complete the page-specific VERIFY and ADD instructions in pages/0206-countries--north-korea.md,pages/0206-countries--north-korea.md
https://immigratetobrazil.com/countries/north-macedonia/,COUNTRY EVIDENCE REQUIRED — conditional editorial draft,Complete the page-specific VERIFY and ADD instructions in pages/0207-countries--north-macedonia.md,pages/0207-countries--north-macedonia.md
https://immigratetobrazil.com/countries/norway/,COUNTRY EVIDENCE REQUIRED — conditional editorial draft,Complete the page-specific VERIFY and ADD instructions in pages/0208-countries--norway.md,pages/0208-countries--norway.md
https://immigratetobrazil.com/countries/oman/,COUNTRY EVIDENCE REQUIRED — conditional editorial draft,Complete the page-specific VERIFY and ADD instructions in pages/0209-countries--oman.md,pages/0209-countries--oman.md
https://immigratetobrazil.com/countries/pakistan/,COUNTRY EVIDENCE REQUIRED — conditional editorial draft,Complete the page-specific VERIFY and ADD instructions in pages/0210-countries--pakistan.md,pages/0210-countries--pakistan.md
https://immigratetobrazil.com/countries/palau/,COUNTRY EVIDENCE REQUIRED — conditional editorial draft,Complete the page-specific VERIFY and ADD instructions in pages/0211-countries--palau.md,pages/0211-countries--palau.md
https://immigratetobrazil.com/countries/palestine/,COUNTRY EVIDENCE REQUIRED — conditional editorial draft,Complete the page-specific VERIFY and ADD instructions in pages/0212-countries--palestine.md,pages/0212-countries--palestine.md
https://immigratetobrazil.com/countries/panama/,COUNTRY EVIDENCE REQUIRED — conditional editorial draft,Complete the page-specific VERIFY and ADD instructions in pages/0213-countries--panama.md,pages/0213-countries--panama.md
https://immigratetobrazil.com/countries/papua-new-guinea/,COUNTRY EVIDENCE REQUIRED — conditional editorial draft,Complete the page-specific VERIFY and ADD instructions in pages/0214-countries--papua-new-guinea.md,pages/0214-countries--papua-new-guinea.md
https://immigratetobrazil.com/countries/paraguay/,COUNTRY EVIDENCE REQUIRED — conditional editorial draft,Complete the page-specific VERIFY and ADD instructions in pages/0215-countries--paraguay.md,pages/0215-countries--paraguay.md
https://immigratetobrazil.com/countries/peru/,COUNTRY EVIDENCE REQUIRED — conditional editorial draft,Complete the page-specific VERIFY and ADD instructions in pages/0216-countries--peru.md,pages/0216-countries--peru.md
https://immigratetobrazil.com/countries/philippines/,COUNTRY EVIDENCE REQUIRED — conditional editorial draft,Complete the page-specific VERIFY and ADD instructions in pages/0217-countries--philippines.md,pages/0217-countries--philippines.md
https://immigratetobrazil.com/countries/poland/,COUNTRY EVIDENCE REQUIRED — conditional editorial draft,Complete the page-specific VERIFY and ADD instructions in pages/0218-countries--poland.md,pages/0218-countries--poland.md
https://immigratetobrazil.com/countries/portugal/,COUNTRY EVIDENCE REQUIRED — conditional editorial draft,Complete the page-specific VERIFY and ADD instructions in pages/0219-countries--portugal.md,pages/0219-countries--portugal.md
https://immigratetobrazil.com/countries/qatar/,COUNTRY EVIDENCE REQUIRED — conditional editorial draft,Complete the page-specific VERIFY and ADD instructions in pages/0220-countries--qatar.md,pages/0220-countries--qatar.md
https://immigratetobrazil.com/countries/romania/,COUNTRY EVIDENCE REQUIRED — conditional editorial draft,Complete the page-specific VERIFY and ADD instructions in pages/0221-countries--romania.md,pages/0221-countries--romania.md
https://immigratetobrazil.com/countries/russia/,COUNTRY EVIDENCE REQUIRED — conditional editorial draft,Complete the page-specific VERIFY and ADD instructions in pages/0222-countries--russia.md,pages/0222-countries--russia.md
https://immigratetobrazil.com/countries/rwanda/,COUNTRY EVIDENCE REQUIRED — conditional editorial draft,Complete the page-specific VERIFY and ADD instructions in pages/0223-countries--rwanda.md,pages/0223-countries--rwanda.md
https://immigratetobrazil.com/countries/saint-kitts-and-nevis/,COUNTRY EVIDENCE REQUIRED — conditional editorial draft,Complete the page-specific VERIFY and ADD instructions in pages/0224-countries--saint-kitts-and-nevis.md,pages/0224-countries--saint-kitts-and-nevis.md
https://immigratetobrazil.com/countries/saint-lucia/,COUNTRY EVIDENCE REQUIRED — conditional editorial draft,Complete the page-specific VERIFY and ADD instructions in pages/0225-countries--saint-lucia.md,pages/0225-countries--saint-lucia.md
https://immigratetobrazil.com/countries/saint-vincent-and-the-grenadines/,COUNTRY EVIDENCE REQUIRED — conditional editorial draft,Complete the page-specific VERIFY and ADD instructions in pages/0226-countries--saint-vincent-and-the-grenadines.md,pages/0226-countries--saint-vincent-and-the-grenadines.md
https://immigratetobrazil.com/countries/samoa/,COUNTRY EVIDENCE REQUIRED — conditional editorial draft,Complete the page-specific VERIFY and ADD instructions in pages/0227-countries--samoa.md,pages/0227-countries--samoa.md
https://immigratetobrazil.com/countries/san-marino/,COUNTRY EVIDENCE REQUIRED — conditional editorial draft,Complete the page-specific VERIFY and ADD instructions in pages/0228-countries--san-marino.md,pages/0228-countries--san-marino.md
https://immigratetobrazil.com/countries/sao-tome-and-principe/,COUNTRY EVIDENCE REQUIRED — conditional editorial draft,Complete the page-specific VERIFY and ADD instructions in pages/0229-countries--sao-tome-and-principe.md,pages/0229-countries--sao-tome-and-principe.md
https://immigratetobrazil.com/countries/saudi-arabia/,COUNTRY EVIDENCE REQUIRED — conditional editorial draft,Complete the page-specific VERIFY and ADD instructions in pages/0230-countries--saudi-arabia.md,pages/0230-countries--saudi-arabia.md
https://immigratetobrazil.com/countries/senegal/,COUNTRY EVIDENCE REQUIRED — conditional editorial draft,Complete the page-specific VERIFY and ADD instructions in pages/0231-countries--senegal.md,pages/0231-countries--senegal.md
https://immigratetobrazil.com/countries/serbia/,COUNTRY EVIDENCE REQUIRED — conditional editorial draft,Complete the page-specific VERIFY and ADD instructions in pages/0232-countries--serbia.md,pages/0232-countries--serbia.md
https://immigratetobrazil.com/countries/seychelles/,COUNTRY EVIDENCE REQUIRED — conditional editorial draft,Complete the page-specific VERIFY and ADD instructions in pages/0233-countries--seychelles.md,pages/0233-countries--seychelles.md
https://immigratetobrazil.com/countries/sierra-leone/,COUNTRY EVIDENCE REQUIRED — conditional editorial draft,Complete the page-specific VERIFY and ADD instructions in pages/0234-countries--sierra-leone.md,pages/0234-countries--sierra-leone.md
https://immigratetobrazil.com/countries/singapore/,COUNTRY EVIDENCE REQUIRED — conditional editorial draft,Complete the page-specific VERIFY and ADD instructions in pages/0235-countries--singapore.md,pages/0235-countries--singapore.md
https://immigratetobrazil.com/countries/slovakia/,COUNTRY EVIDENCE REQUIRED — conditional editorial draft,Complete the page-specific VERIFY and ADD instructions in pages/0236-countries--slovakia.md,pages/0236-countries--slovakia.md
https://immigratetobrazil.com/countries/slovenia/,COUNTRY EVIDENCE REQUIRED — conditional editorial draft,Complete the page-specific VERIFY and ADD instructions in pages/0237-countries--slovenia.md,pages/0237-countries--slovenia.md
https://immigratetobrazil.com/countries/solomon-islands/,COUNTRY EVIDENCE REQUIRED — conditional editorial draft,Complete the page-specific VERIFY and ADD instructions in pages/0238-countries--solomon-islands.md,pages/0238-countries--solomon-islands.md
https://immigratetobrazil.com/countries/somalia/,COUNTRY EVIDENCE REQUIRED — conditional editorial draft,Complete the page-specific VERIFY and ADD instructions in pages/0239-countries--somalia.md,pages/0239-countries--somalia.md
https://immigratetobrazil.com/countries/south-africa/,COUNTRY EVIDENCE REQUIRED — conditional editorial draft,Complete the page-specific VERIFY and ADD instructions in pages/0240-countries--south-africa.md,pages/0240-countries--south-africa.md
https://immigratetobrazil.com/countries/south-korea/,COUNTRY EVIDENCE REQUIRED — conditional editorial draft,Complete the page-specific VERIFY and ADD instructions in pages/0241-countries--south-korea.md,pages/0241-countries--south-korea.md
https://immigratetobrazil.com/countries/south-sudan/,COUNTRY EVIDENCE REQUIRED — conditional editorial draft,Complete the page-specific VERIFY and ADD instructions in pages/0242-countries--south-sudan.md,pages/0242-countries--south-sudan.md
https://immigratetobrazil.com/countries/spain/,COUNTRY EVIDENCE REQUIRED — conditional editorial draft,Complete the page-specific VERIFY and ADD instructions in pages/0243-countries--spain.md,pages/0243-countries--spain.md
https://immigratetobrazil.com/countries/sri-lanka/,COUNTRY EVIDENCE REQUIRED — conditional editorial draft,Complete the page-specific VERIFY and ADD instructions in pages/0244-countries--sri-lanka.md,pages/0244-countries--sri-lanka.md
https://immigratetobrazil.com/countries/sudan/,COUNTRY EVIDENCE REQUIRED — conditional editorial draft,Complete the page-specific VERIFY and ADD instructions in pages/0245-countries--sudan.md,pages/0245-countries--sudan.md
https://immigratetobrazil.com/countries/suriname/,COUNTRY EVIDENCE REQUIRED — conditional editorial draft,Complete the page-specific VERIFY and ADD instructions in pages/0246-countries--suriname.md,pages/0246-countries--suriname.md
https://immigratetobrazil.com/countries/sweden/,COUNTRY EVIDENCE REQUIRED — conditional editorial draft,Complete the page-specific VERIFY and ADD instructions in pages/0247-countries--sweden.md,pages/0247-countries--sweden.md
https://immigratetobrazil.com/countries/switzerland/,COUNTRY EVIDENCE REQUIRED — conditional editorial draft,Complete the page-specific VERIFY and ADD instructions in pages/0248-countries--switzerland.md,pages/0248-countries--switzerland.md
https://immigratetobrazil.com/countries/syria/,COUNTRY EVIDENCE REQUIRED — conditional editorial draft,Complete the page-specific VERIFY and ADD instructions in pages/0249-countries--syria.md,pages/0249-countries--syria.md
https://immigratetobrazil.com/countries/tajikistan/,COUNTRY EVIDENCE REQUIRED — conditional editorial draft,Complete the page-specific VERIFY and ADD instructions in pages/0250-countries--tajikistan.md,pages/0250-countries--tajikistan.md
https://immigratetobrazil.com/countries/tanzania/,COUNTRY EVIDENCE REQUIRED — conditional editorial draft,Complete the page-specific VERIFY and ADD instructions in pages/0251-countries--tanzania.md,pages/0251-countries--tanzania.md
https://immigratetobrazil.com/countries/thailand/,COUNTRY EVIDENCE REQUIRED — conditional editorial draft,Complete the page-specific VERIFY and ADD instructions in pages/0252-countries--thailand.md,pages/0252-countries--thailand.md
https://immigratetobrazil.com/countries/timor-leste/,COUNTRY EVIDENCE REQUIRED — conditional editorial draft,Complete the page-specific VERIFY and ADD instructions in pages/0253-countries--timor-leste.md,pages/0253-countries--timor-leste.md
https://immigratetobrazil.com/countries/togo/,COUNTRY EVIDENCE REQUIRED — conditional editorial draft,Complete the page-specific VERIFY and ADD instructions in pages/0254-countries--togo.md,pages/0254-countries--togo.md
https://immigratetobrazil.com/countries/tonga/,COUNTRY EVIDENCE REQUIRED — conditional editorial draft,Complete the page-specific VERIFY and ADD instructions in pages/0255-countries--tonga.md,pages/0255-countries--tonga.md
https://immigratetobrazil.com/countries/trinidad-and-tobago/,COUNTRY EVIDENCE REQUIRED — conditional editorial draft,Complete the page-specific VERIFY and ADD instructions in pages/0256-countries--trinidad-and-tobago.md,pages/0256-countries--trinidad-and-tobago.md
https://immigratetobrazil.com/countries/tunisia/,COUNTRY EVIDENCE REQUIRED — conditional editorial draft,Complete the page-specific VERIFY and ADD instructions in pages/0257-countries--tunisia.md,pages/0257-countries--tunisia.md
https://immigratetobrazil.com/countries/turkey/,COUNTRY EVIDENCE REQUIRED — conditional editorial draft,Complete the page-specific VERIFY and ADD instructions in pages/0258-countries--turkey.md,pages/0258-countries--turkey.md
https://immigratetobrazil.com/countries/turkmenistan/,COUNTRY EVIDENCE REQUIRED — conditional editorial draft,Complete the page-specific VERIFY and ADD instructions in pages/0259-countries--turkmenistan.md,pages/0259-countries--turkmenistan.md
https://immigratetobrazil.com/countries/tuvalu/,COUNTRY EVIDENCE REQUIRED — conditional editorial draft,Complete the page-specific VERIFY and ADD instructions in pages/0260-countries--tuvalu.md,pages/0260-countries--tuvalu.md
https://immigratetobrazil.com/countries/uganda/,COUNTRY EVIDENCE REQUIRED — conditional editorial draft,Complete the page-specific VERIFY and ADD instructions in pages/0261-countries--uganda.md,pages/0261-countries--uganda.md
https://immigratetobrazil.com/countries/ukraine/,COUNTRY EVIDENCE REQUIRED — conditional editorial draft,Complete the page-specific VERIFY and ADD instructions in pages/0262-countries--ukraine.md,pages/0262-countries--ukraine.md
https://immigratetobrazil.com/countries/united-arab-emirates/,COUNTRY EVIDENCE REQUIRED — conditional editorial draft,Complete the page-specific VERIFY and ADD instructions in pages/0263-countries--united-arab-emirates.md,pages/0263-countries--united-arab-emirates.md
https://immigratetobrazil.com/countries/united-kingdom/,COUNTRY EVIDENCE REQUIRED — conditional editorial draft,Complete the page-specific VERIFY and ADD instructions in pages/0264-countries--united-kingdom.md,pages/0264-countries--united-kingdom.md
https://immigratetobrazil.com/countries/united-states/,COUNTRY EVIDENCE REQUIRED — conditional editorial draft,Complete the page-specific VERIFY and ADD instructions in pages/0265-countries--united-states.md,pages/0265-countries--united-states.md
https://immigratetobrazil.com/countries/uruguay/,COUNTRY EVIDENCE REQUIRED — conditional editorial draft,Complete the page-specific VERIFY and ADD instructions in pages/0266-countries--uruguay.md,pages/0266-countries--uruguay.md
https://immigratetobrazil.com/countries/uzbekistan/,COUNTRY EVIDENCE REQUIRED — conditional editorial draft,Complete the page-specific VERIFY and ADD instructions in pages/0267-countries--uzbekistan.md,pages/0267-countries--uzbekistan.md
https://immigratetobrazil.com/countries/vanuatu/,COUNTRY EVIDENCE REQUIRED — conditional editorial draft,Complete the page-specific VERIFY and ADD instructions in pages/0268-countries--vanuatu.md,pages/0268-countries--vanuatu.md
https://immigratetobrazil.com/countries/vatican-city/,COUNTRY EVIDENCE REQUIRED — conditional editorial draft,Complete the page-specific VERIFY and ADD instructions in pages/0269-countries--vatican-city.md,pages/0269-countries--vatican-city.md
https://immigratetobrazil.com/countries/venezuela/,COUNTRY EVIDENCE REQUIRED — conditional editorial draft,Complete the page-specific VERIFY and ADD instructions in pages/0270-countries--venezuela.md,pages/0270-countries--venezuela.md
https://immigratetobrazil.com/countries/vietnam/,COUNTRY EVIDENCE REQUIRED — conditional editorial draft,Complete the page-specific VERIFY and ADD instructions in pages/0271-countries--vietnam.md,pages/0271-countries--vietnam.md
https://immigratetobrazil.com/countries/yemen/,COUNTRY EVIDENCE REQUIRED — conditional editorial draft,Complete the page-specific VERIFY and ADD instructions in pages/0272-countries--yemen.md,pages/0272-countries--yemen.md
https://immigratetobrazil.com/countries/zambia/,COUNTRY EVIDENCE REQUIRED — conditional editorial draft,Complete the page-specific VERIFY and ADD instructions in pages/0273-countries--zambia.md,pages/0273-countries--zambia.md
https://immigratetobrazil.com/countries/zimbabwe/,COUNTRY EVIDENCE REQUIRED — conditional editorial draft,Complete the page-specific VERIFY and ADD instructions in pages/0274-countries--zimbabwe.md,pages/0274-countries--zimbabwe.md
https://immigratetobrazil.com/insights/fyi/ant-nio-prado-rs-wins-un-tourism-seal-and-becomes-a-world-reference-the-charming/,SOURCE REVIEW REQUIRED — no publication-ready rewrite,Recover the original full article and identify its distinct question before rewriting.,pages/0279-insights--fyi--ant-nio-prado-rs-wins-un-tourism-seal-and-becomes-a-world-reference-the-charming.md
https://immigratetobrazil.com/insights/fyi/ant-nio-prado-village-brazil-s-italian-heritage-gains-global-recognition-the-charming/,SOURCE REVIEW REQUIRED — no publication-ready rewrite,Recover the original full article and identify its distinct question before rewriting.,pages/0280-insights--fyi--ant-nio-prado-village-brazil-s-italian-heritage-gains-global-recognition-the-charming.md
https://immigratetobrazil.com/insights/fyi/attention-what-to-avoid-in-the-airport-restricted-area-being-in-a-restricted-area-of/,SOURCE REVIEW REQUIRED — no publication-ready rewrite,Recover the original full article and identify its distinct question before rewriting.,pages/0281-insights--fyi--attention-what-to-avoid-in-the-airport-restricted-area-being-in-a-restricted-area-of.md
https://immigratetobrazil.com/insights/fyi/beninese-citizenship-the-symbolic-return-of-thousands-of-afro-brazilians-to-their/,SOURCE REVIEW REQUIRED — no publication-ready rewrite,Recover the original full article and identify its distinct question before rewriting.,pages/0282-insights--fyi--beninese-citizenship-the-symbolic-return-of-thousands-of-afro-brazilians-to-their.md
https://immigratetobrazil.com/insights/fyi/bomb-in-suitcase-joke-leads-passenger-to-arrest-at-bras-lia-airport-in-news-recently/,SOURCE REVIEW REQUIRED — no publication-ready rewrite,Recover the original full article and identify its distinct question before rewriting.,pages/0283-insights--fyi--bomb-in-suitcase-joke-leads-passenger-to-arrest-at-bras-lia-airport-in-news-recently.md
https://immigratetobrazil.com/insights/fyi/brazil-and-india-extend-visa-validity-to-10-years-brazil-and-india-signed-a/,SOURCE REVIEW REQUIRED — no publication-ready rewrite,Recover the original full article and identify its distinct question before rewriting.,pages/0284-insights--fyi--brazil-and-india-extend-visa-validity-to-10-years-brazil-and-india-signed-a.md
https://immigratetobrazil.com/insights/fyi/brazil-broadens-visitor-visa-rules-to-allow-technical-and-technology-transfer-work/,SOURCE REVIEW REQUIRED — no publication-ready rewrite,Recover the original full article and identify its distinct question before rewriting.,pages/0285-insights--fyi--brazil-broadens-visitor-visa-rules-to-allow-technical-and-technology-transfer-work.md
https://immigratetobrazil.com/insights/fyi/brazil-legal-insight-from-instagram-post-2/,SOURCE REVIEW REQUIRED — no publication-ready rewrite,Recover the original full article and identify its distinct question before rewriting.,pages/0286-insights--fyi--brazil-legal-insight-from-instagram-post-2.md
https://immigratetobrazil.com/insights/fyi/brazil-legal-insight-from-instagram-post-3/,SOURCE REVIEW REQUIRED — no publication-ready rewrite,Recover the original full article and identify its distinct question before rewriting.,pages/0287-insights--fyi--brazil-legal-insight-from-instagram-post-3.md
https://immigratetobrazil.com/insights/fyi/brazil-legal-insight-from-instagram-post/,SOURCE REVIEW REQUIRED — no publication-ready rewrite,Recover the original full article and identify its distinct question before rewriting.,pages/0288-insights--fyi--brazil-legal-insight-from-instagram-post.md
https://immigratetobrazil.com/insights/fyi/brazil-makes-the-top-10/,SOURCE REVIEW REQUIRED — no publication-ready rewrite,Recover the original full article and identify its distinct question before rewriting.,pages/0289-insights--fyi--brazil-makes-the-top-10.md
https://immigratetobrazil.com/insights/fyi/brazil-s-carnival-holiday-carnival-in-brazil-is-a-vibrant-festival-that/,SOURCE REVIEW REQUIRED — no publication-ready rewrite,Recover the original full article and identify its distinct question before rewriting.,pages/0290-insights--fyi--brazil-s-carnival-holiday-carnival-in-brazil-is-a-vibrant-festival-that.md
https://immigratetobrazil.com/insights/fyi/brazil-s-digital-nomad-visa-is-a-trending-choice/,SOURCE REVIEW REQUIRED — no publication-ready rewrite,Recover the original full article and identify its distinct question before rewriting.,pages/0291-insights--fyi--brazil-s-digital-nomad-visa-is-a-trending-choice.md
https://immigratetobrazil.com/insights/fyi/brazil-s-paraty-city-recognised-as-one-of-the-world-s-most-beautiful-villages-paraty/,SOURCE REVIEW REQUIRED — no publication-ready rewrite,Recover the original full article and identify its distinct question before rewriting.,pages/0292-insights--fyi--brazil-s-paraty-city-recognised-as-one-of-the-world-s-most-beautiful-villages-paraty.md
https://immigratetobrazil.com/insights/fyi/brazil-s-working-holiday-visa-for-young-travellers-from-select-countries/,SOURCE REVIEW REQUIRED — no publication-ready rewrite,Recover the original full article and identify its distinct question before rewriting.,pages/0293-insights--fyi--brazil-s-working-holiday-visa-for-young-travellers-from-select-countries.md
https://immigratetobrazil.com/insights/fyi/brazilians-around-the-world-where-of-the-largest-communities-live/,SOURCE REVIEW REQUIRED — no publication-ready rewrite,Recover the original full article and identify its distinct question before rewriting.,pages/0294-insights--fyi--brazilians-around-the-world-where-of-the-largest-communities-live.md
https://immigratetobrazil.com/insights/fyi/china-extends-visa-exemption-for-brazilians-until-the-end-of-2026-china/,SOURCE REVIEW REQUIRED — no publication-ready rewrite,Recover the original full article and identify its distinct question before rewriting.,pages/0295-insights--fyi--china-extends-visa-exemption-for-brazilians-until-the-end-of-2026-china.md
https://immigratetobrazil.com/insights/fyi/did-you-know-portugal-signed-a-historic-decree-to-recognize-the-national-driving/,SOURCE REVIEW REQUIRED — no publication-ready rewrite,Recover the original full article and identify its distinct question before rewriting.,pages/0296-insights--fyi--did-you-know-portugal-signed-a-historic-decree-to-recognize-the-national-driving.md
https://immigratetobrazil.com/insights/fyi/federal-government-launches-official-page-on-definitive-tax-exit-from-brazil-the/,SOURCE REVIEW REQUIRED — no publication-ready rewrite,Recover the original full article and identify its distinct question before rewriting.,pages/0297-insights--fyi--federal-government-launches-official-page-on-definitive-tax-exit-from-brazil-the.md
https://immigratetobrazil.com/insights/fyi/guarulhos-airport-reinforces-liquid-inspection-attention-travelers/,SOURCE REVIEW REQUIRED — no publication-ready rewrite,Recover the original full article and identify its distinct question before rewriting.,pages/0298-insights--fyi--guarulhos-airport-reinforces-liquid-inspection-attention-travelers.md
https://immigratetobrazil.com/insights/fyi/happy-new-year-happy-new-year-if-you-haven-t-started-planning-your-year-yet-this-is/,SOURCE REVIEW REQUIRED — no publication-ready rewrite,Recover the original full article and identify its distinct question before rewriting.,pages/0299-insights--fyi--happy-new-year-happy-new-year-if-you-haven-t-started-planning-your-year-yet-this-is.md
https://immigratetobrazil.com/insights/fyi/immigrant-children-in-brazil-how-provisional-naturalization-works-it-is-a-form-of/,SOURCE REVIEW REQUIRED — no publication-ready rewrite,Recover the original full article and identify its distinct question before rewriting.,pages/0300-insights--fyi--immigrant-children-in-brazil-how-provisional-naturalization-works-it-is-a-form-of.md
https://immigratetobrazil.com/insights/fyi/international-buyers-can-purchase-property-in-brazil-how-does-it-work/,SOURCE REVIEW REQUIRED — no publication-ready rewrite,Recover the original full article and identify its distinct question before rewriting.,pages/0301-insights--fyi--international-buyers-can-purchase-property-in-brazil-how-does-it-work.md
https://immigratetobrazil.com/insights/fyi/italy-allows-large-dogs-in-the-airplane-cabin-for-the-first-time-in-the-world/,SOURCE REVIEW REQUIRED — no publication-ready rewrite,Recover the original full article and identify its distinct question before rewriting.,pages/0302-insights--fyi--italy-allows-large-dogs-in-the-airplane-cabin-for-the-first-time-in-the-world.md
https://immigratetobrazil.com/insights/fyi/italy-plans-almost-500-000-work-visas-for-non-europeans-by-2028-the-government/,SOURCE REVIEW REQUIRED — no publication-ready rewrite,Recover the original full article and identify its distinct question before rewriting.,pages/0303-insights--fyi--italy-plans-almost-500-000-work-visas-for-non-europeans-by-2028-the-government.md
https://immigratetobrazil.com/insights/fyi/new-criteria-on-health-could-restrict-the-granting-of-us-visas-the-government-of-the/,SOURCE REVIEW REQUIRED — no publication-ready rewrite,Recover the original full article and identify its distinct question before rewriting.,pages/0304-insights--fyi--new-criteria-on-health-could-restrict-the-granting-of-us-visas-the-government-of-the.md
https://immigratetobrazil.com/insights/fyi/new-fee-on-international-connections-in-peru-could-change-the-game-for-those-stopping/,SOURCE REVIEW REQUIRED — no publication-ready rewrite,Recover the original full article and identify its distinct question before rewriting.,pages/0305-insights--fyi--new-fee-on-international-connections-in-peru-could-change-the-game-for-those-stopping.md
https://immigratetobrazil.com/insights/fyi/pathways-to-brazilian-citizenship-for-parents-and-siblings-of-brazilian-children/,SOURCE REVIEW REQUIRED — no publication-ready rewrite,Recover the original full article and identify its distinct question before rewriting.,pages/0306-insights--fyi--pathways-to-brazilian-citizenship-for-parents-and-siblings-of-brazilian-children.md
https://immigratetobrazil.com/insights/fyi/portugal-ends-the-old-work-search-visa-and-creates-a-new-modality-visa-to-search/,SOURCE REVIEW REQUIRED — no publication-ready rewrite,Recover the original full article and identify its distinct question before rewriting.,pages/0307-insights--fyi--portugal-ends-the-old-work-search-visa-and-creates-a-new-modality-visa-to-search.md
https://immigratetobrazil.com/insights/fyi/sistema-ees-entra-em-vigor-nos-aeroportos-europa-aperta-o-cerco-a-quem-ultrapassa-o/,SOURCE REVIEW REQUIRED — no publication-ready rewrite,Recover the original full article and identify its distinct question before rewriting.,pages/0308-insights--fyi--sistema-ees-entra-em-vigor-nos-aeroportos-europa-aperta-o-cerco-a-quem-ultrapassa-o.md
https://immigratetobrazil.com/insights/fyi/things-you-should-never-of-in-the-airport-s-restricted-area-being-in-an-airport-s/,SOURCE REVIEW REQUIRED — no publication-ready rewrite,Recover the original full article and identify its distinct question before rewriting.,pages/0309-insights--fyi--things-you-should-never-of-in-the-airport-s-restricted-area-being-in-an-airport-s.md
https://immigratetobrazil.com/insights/fyi/tourism-in-brazil-hits-historic-record-with-nearly-8-million-international-arrivals-in/,SOURCE REVIEW REQUIRED — no publication-ready rewrite,Recover the original full article and identify its distinct question before rewriting.,pages/0310-insights--fyi--tourism-in-brazil-hits-historic-record-with-nearly-8-million-international-arrivals-in.md
https://immigratetobrazil.com/insights/fyi/travelling-solo-with-your-child-important-name-mismatch-considerations-a-parent/,SOURCE REVIEW REQUIRED — no publication-ready rewrite,Recover the original full article and identify its distinct question before rewriting.,pages/0311-insights--fyi--travelling-solo-with-your-child-important-name-mismatch-considerations-a-parent.md
https://immigratetobrazil.com/insights/fyi/united-kingdom-makes-changes-to-its-asylum-policy-the-united-kingdom-announced/,SOURCE REVIEW REQUIRED — no publication-ready rewrite,Recover the original full article and identify its distinct question before rewriting.,pages/0312-insights--fyi--united-kingdom-makes-changes-to-its-asylum-policy-the-united-kingdom-announced.md
https://immigratetobrazil.com/insights/fyi/usa-suspends-issuing-immigrant-visas-to-brazilians-the-united-states-announced-the/,SOURCE REVIEW REQUIRED — no publication-ready rewrite,Recover the original full article and identify its distinct question before rewriting.,pages/0313-insights--fyi--usa-suspends-issuing-immigrant-visas-to-brazilians-the-united-states-announced-the.md
https://immigratetobrazil.com/insights/fyi/valorizando-o-brazil-a-vila-brasileira-reconhecida-entre-as-mais-bonitas-of-mundo/,SOURCE REVIEW REQUIRED — no publication-ready rewrite,Recover the original full article and identify its distinct question before rewriting.,pages/0314-insights--fyi--valorizando-o-brazil-a-vila-brasileira-reconhecida-entre-as-mais-bonitas-of-mundo.md
https://immigratetobrazil.com/insights/fyi/volunteer-visa-for-work-in-non-profit-and-international-organisations-in-brazil/,SOURCE REVIEW REQUIRED — no publication-ready rewrite,Recover the original full article and identify its distinct question before rewriting.,pages/0315-insights--fyi--volunteer-visa-for-work-in-non-profit-and-international-organisations-in-brazil.md
https://immigratetobrazil.com/insights/fyi/what-are-the-steps-to-legally-move-and-live-in-brazil/,SOURCE REVIEW REQUIRED — no publication-ready rewrite,Recover the original full article and identify its distinct question before rewriting.,pages/0316-insights--fyi--what-are-the-steps-to-legally-move-and-live-in-brazil.md
https://immigratetobrazil.com/insights/fyi/when-that-traveler-from-a-cold-country-comes-to-brazil-and-feels-amazed-with-the/,SOURCE REVIEW REQUIRED — no publication-ready rewrite,Recover the original full article and identify its distinct question before rewriting.,pages/0317-insights--fyi--when-that-traveler-from-a-cold-country-comes-to-brazil-and-feels-amazed-with-the.md
https://immigratetobrazil.com/insights/fyi/why-brazil-s-student-visa-vitem-iv-absolutely-beats-the-us-f-1-you-land/,SOURCE REVIEW REQUIRED — no publication-ready rewrite,Recover the original full article and identify its distinct question before rewriting.,pages/0318-insights--fyi--why-brazil-s-student-visa-vitem-iv-absolutely-beats-the-us-f-1-you-land.md
https://immigratetobrazil.com/insights/guides/are-you-a-tourist-in-brazil-and-want-to-live-here/,SOURCE REVIEW REQUIRED — no publication-ready rewrite,Recover the original full article and identify its distinct question before rewriting.,pages/0321-insights--guides--are-you-a-tourist-in-brazil-and-want-to-live-here.md
https://immigratetobrazil.com/insights/guides/are-you-dreaming-of-getting-a-green-card-but-worried-about-the-sponsor/,SOURCE REVIEW REQUIRED — no publication-ready rewrite,Recover the original full article and identify its distinct question before rewriting.,pages/0322-insights--guides--are-you-dreaming-of-getting-a-green-card-but-worried-about-the-sponsor.md
https://immigratetobrazil.com/insights/guides/can-football-fans-sing-homophobic-chants/,SOURCE REVIEW REQUIRED — no publication-ready rewrite,Recover the original full article and identify its distinct question before rewriting.,pages/0323-insights--guides--can-football-fans-sing-homophobic-chants.md
https://immigratetobrazil.com/insights/guides/can-i-bring-my-familia-family-to-brazil-if-i-have-a-work-visa/,SOURCE REVIEW REQUIRED — no publication-ready rewrite,Recover the original full article and identify its distinct question before rewriting.,pages/0324-insights--guides--can-i-bring-my-familia-family-to-brazil-if-i-have-a-work-visa.md
https://immigratetobrazil.com/insights/guides/did-the-bank-lower-your-credit-limit-or-cancel-your-account-suddenly/,SOURCE REVIEW REQUIRED — no publication-ready rewrite,Recover the original full article and identify its distinct question before rewriting.,pages/0325-insights--guides--did-the-bank-lower-your-credit-limit-or-cancel-your-account-suddenly.md
https://immigratetobrazil.com/insights/guides/did-you-know-that-anyone-who-buys-their-first-residential-property-fin/,SOURCE REVIEW REQUIRED — no publication-ready rewrite,Recover the original full article and identify its distinct question before rewriting.,pages/0326-insights--guides--did-you-know-that-anyone-who-buys-their-first-residential-property-fin.md
https://immigratetobrazil.com/insights/guides/did-you-know-that-brazilian-naturalization-can-open-doors-to-incredibl-2/,SOURCE REVIEW REQUIRED — no publication-ready rewrite,Recover the original full article and identify its distinct question before rewriting.,pages/0327-insights--guides--did-you-know-that-brazilian-naturalization-can-open-doors-to-incredibl-2.md
https://immigratetobrazil.com/insights/guides/did-you-know-that-brazilian-naturalization-can-open-doors-to-incredibl/,SOURCE REVIEW REQUIRED — no publication-ready rewrite,Recover the original full article and identify its distinct question before rewriting.,pages/0328-insights--guides--did-you-know-that-brazilian-naturalization-can-open-doors-to-incredibl.md
https://immigratetobrazil.com/insights/guides/do-i-need-to-get-my-diploma-from-my-home-country-validated-in-brazil/,SOURCE REVIEW REQUIRED — no publication-ready rewrite,Recover the original full article and identify its distinct question before rewriting.,pages/0329-insights--guides--do-i-need-to-get-my-diploma-from-my-home-country-validated-in-brazil.md
https://immigratetobrazil.com/insights/guides/do-you-dream-of-getting-a-green-card-but-are-concerned-about-the-requi/,SOURCE REVIEW REQUIRED — no publication-ready rewrite,Recover the original full article and identify its distinct question before rewriting.,pages/0330-insights--guides--do-you-dream-of-getting-a-green-card-but-are-concerned-about-the-requi.md
https://immigratetobrazil.com/insights/guides/do-you-want-to-live-in-brazil-and-invest-intelligently/,SOURCE REVIEW REQUIRED — no publication-ready rewrite,Recover the original full article and identify its distinct question before rewriting.,pages/0331-insights--guides--do-you-want-to-live-in-brazil-and-invest-intelligently.md
https://immigratetobrazil.com/insights/guides/have-you-ever-wondered-what-happens-if-a-child-support-decision-for-a/,SOURCE REVIEW REQUIRED — no publication-ready rewrite,Recover the original full article and identify its distinct question before rewriting.,pages/0332-insights--guides--have-you-ever-wondered-what-happens-if-a-child-support-decision-for-a.md
https://immigratetobrazil.com/insights/guides/have-you-paid-a-debt-at-a-discount-but-your-name-remains-subject-to-in/,SOURCE REVIEW REQUIRED — no publication-ready rewrite,Recover the original full article and identify its distinct question before rewriting.,pages/0333-insights--guides--have-you-paid-a-debt-at-a-discount-but-your-name-remains-subject-to-in.md
https://immigratetobrazil.com/insights/guides/how-can-i-keep-in-touch-with-my-child-in-brazil-if-i-dont-live-there/,SOURCE REVIEW REQUIRED — no publication-ready rewrite,Recover the original full article and identify its distinct question before rewriting.,pages/0334-insights--guides--how-can-i-keep-in-touch-with-my-child-in-brazil-if-i-dont-live-there.md
https://immigratetobrazil.com/insights/guides/how-can-i-keep-in-touch-with-my-child-located-in-brazil-if-i-don-t-liv/,SOURCE REVIEW REQUIRED — no publication-ready rewrite,Recover the original full article and identify its distinct question before rewriting.,pages/0335-insights--guides--how-can-i-keep-in-touch-with-my-child-located-in-brazil-if-i-don-t-liv.md
https://immigratetobrazil.com/insights/guides/how-long-does-it-take-to-get-brazilian-passport/,SOURCE REVIEW REQUIRED — no publication-ready rewrite,Recover the original full article and identify its distinct question before rewriting.,pages/0336-insights--guides--how-long-does-it-take-to-get-brazilian-passport.md
https://immigratetobrazil.com/insights/guides/how-long-does-it-take-to-obtain-brazilian-citizenship/,SOURCE REVIEW REQUIRED — no publication-ready rewrite,Recover the original full article and identify its distinct question before rewriting.,pages/0337-insights--guides--how-long-does-it-take-to-obtain-brazilian-citizenship.md
https://immigratetobrazil.com/insights/guides/how-to-schedule-an-immigration-interview-for-residency-with-the-federa/,SOURCE REVIEW REQUIRED — no publication-ready rewrite,Recover the original full article and identify its distinct question before rewriting.,pages/0338-insights--guides--how-to-schedule-an-immigration-interview-for-residency-with-the-federa.md
https://immigratetobrazil.com/insights/guides/if-a-foreigner-has-a-child-in-brazil-does-he-have-the-automatic-right/,SOURCE REVIEW REQUIRED — no publication-ready rewrite,Recover the original full article and identify its distinct question before rewriting.,pages/0339-insights--guides--if-a-foreigner-has-a-child-in-brazil-does-he-have-the-automatic-right.md
https://immigratetobrazil.com/insights/guides/immigration-x-emigration-do-you-know-the-difference/,SOURCE REVIEW REQUIRED — no publication-ready rewrite,Recover the original full article and identify its distinct question before rewriting.,pages/0340-insights--guides--immigration-x-emigration-do-you-know-the-difference.md
https://immigratetobrazil.com/insights/guides/is-a-marriage-celebrated-abroad-valid-in-brazil/,SOURCE REVIEW REQUIRED — no publication-ready rewrite,Recover the original full article and identify its distinct question before rewriting.,pages/0341-insights--guides--is-a-marriage-celebrated-abroad-valid-in-brazil.md
https://immigratetobrazil.com/insights/guides/is-it-necessary-to-speak-portuguese-to-live-in-brazil/,SOURCE REVIEW REQUIRED — no publication-ready rewrite,Recover the original full article and identify its distinct question before rewriting.,pages/0342-insights--guides--is-it-necessary-to-speak-portuguese-to-live-in-brazil.md
https://immigratetobrazil.com/insights/guides/is-it-true-that-there-were-changes-to-obtaining-an-american-visa/,SOURCE REVIEW REQUIRED — no publication-ready rewrite,Recover the original full article and identify its distinct question before rewriting.,pages/0343-insights--guides--is-it-true-that-there-were-changes-to-obtaining-an-american-visa.md
https://immigratetobrazil.com/insights/guides/living-in-brazil-and-had-an-issue-with-a-product-or-service/,SOURCE REVIEW REQUIRED — no publication-ready rewrite,Recover the original full article and identify its distinct question before rewriting.,pages/0344-insights--guides--living-in-brazil-and-had-an-issue-with-a-product-or-service.md
https://immigratetobrazil.com/insights/guides/the-visa-has-expired-will-i-have-to-pay-a-fine/,SOURCE REVIEW REQUIRED — no publication-ready rewrite,Recover the original full article and identify its distinct question before rewriting.,pages/0345-insights--guides--the-visa-has-expired-will-i-have-to-pay-a-fine.md
https://immigratetobrazil.com/insights/guides/this-way-in-the-event-of-an-end-to-the-relationship-they-will-have-to/,SOURCE REVIEW REQUIRED — no publication-ready rewrite,Recover the original full article and identify its distinct question before rewriting.,pages/0346-insights--guides--this-way-in-the-event-of-an-end-to-the-relationship-they-will-have-to.md
https://immigratetobrazil.com/insights/guides/tourists-can-usually-stay-in-brazil-for-up-to-90-days-depending-on-vis/,SOURCE REVIEW REQUIRED — no publication-ready rewrite,Recover the original full article and identify its distinct question before rewriting.,pages/0347-insights--guides--tourists-can-usually-stay-in-brazil-for-up-to-90-days-depending-on-vis.md
https://immigratetobrazil.com/insights/guides/want-to-live-in-brazil-while-investing-in-the-countrys-growth/,SOURCE REVIEW REQUIRED — no publication-ready rewrite,Recover the original full article and identify its distinct question before rewriting.,pages/0348-insights--guides--want-to-live-in-brazil-while-investing-in-the-countrys-growth.md
https://immigratetobrazil.com/insights/guides/want-to-turn-your-investment-into-residency-in-brazil/,SOURCE REVIEW REQUIRED — no publication-ready rewrite,Recover the original full article and identify its distinct question before rewriting.,pages/0349-insights--guides--want-to-turn-your-investment-into-residency-in-brazil.md
https://immigratetobrazil.com/insights/guides/what-happens-during-an-immigration-consultation/,SOURCE REVIEW REQUIRED — no publication-ready rewrite,Recover the original full article and identify its distinct question before rewriting.,pages/0350-insights--guides--what-happens-during-an-immigration-consultation.md
https://immigratetobrazil.com/insights/guides/what-rights-do-immigrants-have-in-brazil/,SOURCE REVIEW REQUIRED — no publication-ready rewrite,Recover the original full article and identify its distinct question before rewriting.,pages/0351-insights--guides--what-rights-do-immigrants-have-in-brazil.md
https://immigratetobrazil.com/insights/guides/what-to-do-after-arriving-in-brazil-with-a-visa-that-allows-residency/,SOURCE REVIEW REQUIRED — no publication-ready rewrite,Recover the original full article and identify its distinct question before rewriting.,pages/0352-insights--guides--what-to-do-after-arriving-in-brazil-with-a-visa-that-allows-residency.md
https://immigratetobrazil.com/insights/guides/when-a-brazilian-citizen-faces-problems-abroad-the-first-instance-of-s/,SOURCE REVIEW REQUIRED — no publication-ready rewrite,Recover the original full article and identify its distinct question before rewriting.,pages/0353-insights--guides--when-a-brazilian-citizen-faces-problems-abroad-the-first-instance-of-s.md
https://immigratetobrazil.com/insights/guides/when-a-brazilian-resides-in-another-country-and-works-there-without-ea/,SOURCE REVIEW REQUIRED — no publication-ready rewrite,Recover the original full article and identify its distinct question before rewriting.,pages/0354-insights--guides--when-a-brazilian-resides-in-another-country-and-works-there-without-ea.md
https://immigratetobrazil.com/insights/guides/when-a-foreign-person-is-engaged-to-a-brazilian-citizen-and-intends-to/,SOURCE REVIEW REQUIRED — no publication-ready rewrite,Recover the original full article and identify its distinct question before rewriting.,pages/0355-insights--guides--when-a-foreign-person-is-engaged-to-a-brazilian-citizen-and-intends-to.md
https://immigratetobrazil.com/insights/guides/when-a-foreign-person-is-engaged-to-a-brazilian-citizen-and-plans-to-g/,SOURCE REVIEW REQUIRED — no publication-ready rewrite,Recover the original full article and identify its distinct question before rewriting.,pages/0356-insights--guides--when-a-foreign-person-is-engaged-to-a-brazilian-citizen-and-plans-to-g.md
https://immigratetobrazil.com/insights/guides/when-a-person-from-abroad-arrives-in-brazil-this-person-has-the-right/,SOURCE REVIEW REQUIRED — no publication-ready rewrite,Recover the original full article and identify its distinct question before rewriting.,pages/0357-insights--guides--when-a-person-from-abroad-arrives-in-brazil-this-person-has-the-right.md
https://immigratetobrazil.com/insights/guides/when-a-person-stays-in-the-united-states-beyond-the-time-allowed-as-a/,SOURCE REVIEW REQUIRED — no publication-ready rewrite,Recover the original full article and identify its distinct question before rewriting.,pages/0358-insights--guides--when-a-person-stays-in-the-united-states-beyond-the-time-allowed-as-a.md
https://immigratetobrazil.com/insights/guides/when-a-temporary-brazilian-visa-is-nearing-its-expiry-it-is-necessary/,SOURCE REVIEW REQUIRED — no publication-ready rewrite,Recover the original full article and identify its distinct question before rewriting.,pages/0359-insights--guides--when-a-temporary-brazilian-visa-is-nearing-its-expiry-it-is-necessary.md
https://immigratetobrazil.com/insights/guides/when-a-us-visa-is-denied-the-consulate-does-not-provide-specific-detai/,SOURCE REVIEW REQUIRED — no publication-ready rewrite,Recover the original full article and identify its distinct question before rewriting.,pages/0360-insights--guides--when-a-us-visa-is-denied-the-consulate-does-not-provide-specific-detai.md
https://immigratetobrazil.com/insights/guides/when-exchanging-money-during-international-travel-it-is-essential-to-b/,SOURCE REVIEW REQUIRED — no publication-ready rewrite,Recover the original full article and identify its distinct question before rewriting.,pages/0361-insights--guides--when-exchanging-money-during-international-travel-it-is-essential-to-b.md
https://immigratetobrazil.com/insights/guides/when-exchanging-money-on-international-trips-it-is-essential-to-be-car/,SOURCE REVIEW REQUIRED — no publication-ready rewrite,Recover the original full article and identify its distinct question before rewriting.,pages/0362-insights--guides--when-exchanging-money-on-international-trips-it-is-essential-to-be-car.md
https://immigratetobrazil.com/insights/guides/when-one-of-the-parents-is-a-foreigner-and-a-brazilian-child-is-born-t/,SOURCE REVIEW REQUIRED — no publication-ready rewrite,Recover the original full article and identify its distinct question before rewriting.,pages/0363-insights--guides--when-one-of-the-parents-is-a-foreigner-and-a-brazilian-child-is-born-t.md
https://immigratetobrazil.com/insights/guides/when-requested-the-resident-immigrant-card-may-take-60-to-90-days-to-b/,SOURCE REVIEW REQUIRED — no publication-ready rewrite,Recover the original full article and identify its distinct question before rewriting.,pages/0364-insights--guides--when-requested-the-resident-immigrant-card-may-take-60-to-90-days-to-b.md
https://immigratetobrazil.com/insights/guides/when-the-temporary-visa-granted-is-close-to-expiry-it-is-necessary-to/,SOURCE REVIEW REQUIRED — no publication-ready rewrite,Recover the original full article and identify its distinct question before rewriting.,pages/0365-insights--guides--when-the-temporary-visa-granted-is-close-to-expiry-it-is-necessary-to.md
https://immigratetobrazil.com/insights/naturalisation/a-child-born-in-brazil-has-in-general-the-right-to-brazilian-nationali/,SOURCE REVIEW REQUIRED — no publication-ready rewrite,Recover the original full article and identify its distinct question before rewriting.,pages/0367-insights--naturalisation--a-child-born-in-brazil-has-in-general-the-right-to-brazilian-nationali.md
https://immigratetobrazil.com/insights/naturalisation/a-recent-case-in-brazil-where-a-tourist-was-fined-the-equivalent-of-ne/,SOURCE REVIEW REQUIRED — no publication-ready rewrite,Recover the original full article and identify its distinct question before rewriting.,pages/0368-insights--naturalisation--a-recent-case-in-brazil-where-a-tourist-was-fined-the-equivalent-of-ne.md
https://immigratetobrazil.com/insights/naturalisation/a-very-important-public-body-that-foreigners-should-know-about-when-li/,SOURCE REVIEW REQUIRED — no publication-ready rewrite,Recover the original full article and identify its distinct question before rewriting.,pages/0369-insights--naturalisation--a-very-important-public-body-that-foreigners-should-know-about-when-li.md
https://immigratetobrazil.com/insights/naturalisation/after-an-application-for-naturalization-was-denied-through-the-adminis/,SOURCE REVIEW REQUIRED — no publication-ready rewrite,Recover the original full article and identify its distinct question before rewriting.,pages/0370-insights--naturalisation--after-an-application-for-naturalization-was-denied-through-the-adminis.md
https://immigratetobrazil.com/insights/naturalisation/after-the-naturalization-request-was-denied-administratively-an-action/,SOURCE REVIEW REQUIRED — no publication-ready rewrite,Recover the original full article and identify its distinct question before rewriting.,pages/0371-insights--naturalisation--after-the-naturalization-request-was-denied-administratively-an-action.md
https://immigratetobrazil.com/insights/naturalisation/aire-is-a-vital-and-mandatory-registration-for-italian-citizens-living/,SOURCE REVIEW REQUIRED — no publication-ready rewrite,Recover the original full article and identify its distinct question before rewriting.,pages/0372-insights--naturalisation--aire-is-a-vital-and-mandatory-registration-for-italian-citizens-living.md
https://immigratetobrazil.com/insights/naturalisation/as-of-late-july-2024-the-ministry-of-justice-and-public-security-mjsp/,SOURCE REVIEW REQUIRED — no publication-ready rewrite,Recover the original full article and identify its distinct question before rewriting.,pages/0373-insights--naturalisation--as-of-late-july-2024-the-ministry-of-justice-and-public-security-mjsp.md
https://immigratetobrazil.com/insights/naturalisation/at-the-beginning-of-the-search-and-with-little-information-identifying/,SOURCE REVIEW REQUIRED — no publication-ready rewrite,Recover the original full article and identify its distinct question before rewriting.,pages/0374-insights--naturalisation--at-the-beginning-of-the-search-and-with-little-information-identifying.md
https://immigratetobrazil.com/insights/naturalisation/brazil-grants-permanent-residence-to-foreigners-through-different-type/,SOURCE REVIEW REQUIRED — no publication-ready rewrite,Recover the original full article and identify its distinct question before rewriting.,pages/0375-insights--naturalisation--brazil-grants-permanent-residence-to-foreigners-through-different-type.md
https://immigratetobrazil.com/insights/naturalisation/brazil-legal-guidance-eligibility-and-process-2/,SOURCE REVIEW REQUIRED — no publication-ready rewrite,Recover the original full article and identify its distinct question before rewriting.,pages/0376-insights--naturalisation--brazil-legal-guidance-eligibility-and-process-2.md
https://immigratetobrazil.com/insights/naturalisation/brazil-legal-guidance-eligibility-and-process-3/,SOURCE REVIEW REQUIRED — no publication-ready rewrite,Recover the original full article and identify its distinct question before rewriting.,pages/0377-insights--naturalisation--brazil-legal-guidance-eligibility-and-process-3.md
https://immigratetobrazil.com/insights/naturalisation/brazil-legal-guidance-eligibility-and-process-4/,SOURCE REVIEW REQUIRED — no publication-ready rewrite,Recover the original full article and identify its distinct question before rewriting.,pages/0378-insights--naturalisation--brazil-legal-guidance-eligibility-and-process-4.md
https://immigratetobrazil.com/insights/naturalisation/brazil-legal-guidance-eligibility-and-process/,SOURCE REVIEW REQUIRED — no publication-ready rewrite,Recover the original full article and identify its distinct question before rewriting.,pages/0379-insights--naturalisation--brazil-legal-guidance-eligibility-and-process.md
https://immigratetobrazil.com/insights/naturalisation/brazil-offers-a-special-form-of-naturalisation-for-foreigners-who-have/,SOURCE REVIEW REQUIRED — no publication-ready rewrite,Recover the original full article and identify its distinct question before rewriting.,pages/0380-insights--naturalisation--brazil-offers-a-special-form-of-naturalisation-for-foreigners-who-have.md
https://immigratetobrazil.com/insights/naturalisation/brazil-offers-a-special-form-of-naturalization-for-those-who-have-prov/,SOURCE REVIEW REQUIRED — no publication-ready rewrite,Recover the original full article and identify its distinct question before rewriting.,pages/0381-insights--naturalisation--brazil-offers-a-special-form-of-naturalization-for-those-who-have-prov.md
https://immigratetobrazil.com/insights/naturalisation/brazil-offers-a-specific-visa-and-residence-permit-for-artists-and-ath/,SOURCE REVIEW REQUIRED — no publication-ready rewrite,Recover the original full article and identify its distinct question before rewriting.,pages/0382-insights--naturalisation--brazil-offers-a-specific-visa-and-residence-permit-for-artists-and-ath.md
https://immigratetobrazil.com/insights/naturalisation/brazil-offers-the-possibility-of-permanent-residence-for-foreign-famil/,SOURCE REVIEW REQUIRED — no publication-ready rewrite,Recover the original full article and identify its distinct question before rewriting.,pages/0383-insights--naturalisation--brazil-offers-the-possibility-of-permanent-residence-for-foreign-famil.md
https://immigratetobrazil.com/insights/naturalisation/brazil-recognises-various-types-of-travel-documents-for-the-purposes-o/,SOURCE REVIEW REQUIRED — no publication-ready rewrite,Recover the original full article and identify its distinct question before rewriting.,pages/0384-insights--naturalisation--brazil-recognises-various-types-of-travel-documents-for-the-purposes-o.md
https://immigratetobrazil.com/insights/naturalisation/brazil-recognizes-several-types-of-travel-documents-for-purposes-of-en/,SOURCE REVIEW REQUIRED — no publication-ready rewrite,Recover the original full article and identify its distinct question before rewriting.,pages/0385-insights--naturalisation--brazil-recognizes-several-types-of-travel-documents-for-purposes-of-en.md
https://immigratetobrazil.com/insights/naturalisation/brazil-s-rise-in-global-mobility-rankings-and-the-usa-passport-drops-o/,SOURCE REVIEW REQUIRED — no publication-ready rewrite,Recover the original full article and identify its distinct question before rewriting.,pages/0386-insights--naturalisation--brazil-s-rise-in-global-mobility-rankings-and-the-usa-passport-drops-o.md
https://immigratetobrazil.com/insights/naturalisation/brazilian-nationality-is-not-always-determined-automatically/,SOURCE REVIEW REQUIRED — no publication-ready rewrite,Recover the original full article and identify its distinct question before rewriting.,pages/0387-insights--naturalisation--brazilian-nationality-is-not-always-determined-automatically.md
https://immigratetobrazil.com/insights/naturalisation/brazilian-naturalisation-legal-requirements-and-filing-steps-in-brazil-2/,SOURCE REVIEW REQUIRED — no publication-ready rewrite,Recover the original full article and identify its distinct question before rewriting.,pages/0388-insights--naturalisation--brazilian-naturalisation-legal-requirements-and-filing-steps-in-brazil-2.md
https://immigratetobrazil.com/insights/naturalisation/brazilian-naturalisation-legal-requirements-and-filing-steps-in-brazil-3/,SOURCE REVIEW REQUIRED — no publication-ready rewrite,Recover the original full article and identify its distinct question before rewriting.,pages/0389-insights--naturalisation--brazilian-naturalisation-legal-requirements-and-filing-steps-in-brazil-3.md
https://immigratetobrazil.com/insights/naturalisation/brazilian-naturalisation-legal-requirements-and-filing-steps-in-brazil/,SOURCE REVIEW REQUIRED — no publication-ready rewrite,Recover the original full article and identify its distinct question before rewriting.,pages/0390-insights--naturalisation--brazilian-naturalisation-legal-requirements-and-filing-steps-in-brazil.md
https://immigratetobrazil.com/insights/naturalisation/brazilians-have-reported-problems-processing-expressions-of-interest-t/,SOURCE REVIEW REQUIRED — no publication-ready rewrite,Recover the original full article and identify its distinct question before rewriting.,pages/0391-insights--naturalisation--brazilians-have-reported-problems-processing-expressions-of-interest-t.md
https://immigratetobrazil.com/insights/naturalisation/companies-and-individuals-in-brazil-can-hire-foreigners-through-a-form/,SOURCE REVIEW REQUIRED — no publication-ready rewrite,Recover the original full article and identify its distinct question before rewriting.,pages/0392-insights--naturalisation--companies-and-individuals-in-brazil-can-hire-foreigners-through-a-form.md
https://immigratetobrazil.com/insights/naturalisation/despite-the-international-names-these-delicacies-are-very-brazilian-or/,SOURCE REVIEW REQUIRED — no publication-ready rewrite,Recover the original full article and identify its distinct question before rewriting.,pages/0393-insights--naturalisation--despite-the-international-names-these-delicacies-are-very-brazilian-or.md
https://immigratetobrazil.com/insights/naturalisation/establishing-yourself-in-brazil-with-your-family-is-entirely-possible/,SOURCE REVIEW REQUIRED — no publication-ready rewrite,Recover the original full article and identify its distinct question before rewriting.,pages/0394-insights--naturalisation--establishing-yourself-in-brazil-with-your-family-is-entirely-possible.md
https://immigratetobrazil.com/insights/naturalisation/etias-european-travel-information-and-authorization-system-will-be-a-r/,SOURCE REVIEW REQUIRED — no publication-ready rewrite,Recover the original full article and identify its distinct question before rewriting.,pages/0395-insights--naturalisation--etias-european-travel-information-and-authorization-system-will-be-a-r.md
https://immigratetobrazil.com/insights/naturalisation/firstly-it-is-essential-to-understand-that-both-brazil-and-the-united/,SOURCE REVIEW REQUIRED — no publication-ready rewrite,Recover the original full article and identify its distinct question before rewriting.,pages/0396-insights--naturalisation--firstly-it-is-essential-to-understand-that-both-brazil-and-the-united.md
https://immigratetobrazil.com/insights/naturalisation/for-those-who-have-fallen-in-love-with-brazil-and-wish-to-make-it-thei/,SOURCE REVIEW REQUIRED — no publication-ready rewrite,Recover the original full article and identify its distinct question before rewriting.,pages/0397-insights--naturalisation--for-those-who-have-fallen-in-love-with-brazil-and-wish-to-make-it-thei.md
https://immigratetobrazil.com/insights/naturalisation/foreigners-may-apply-for-a-brazilian-passport-under-specific-circumsta/,SOURCE REVIEW REQUIRED — no publication-ready rewrite,Recover the original full article and identify its distinct question before rewriting.,pages/0398-insights--naturalisation--foreigners-may-apply-for-a-brazilian-passport-under-specific-circumsta.md
https://immigratetobrazil.com/insights/naturalisation/foreigners-must-prove-legal-residence-in-portugal-for-at-least-five-ye/,SOURCE REVIEW REQUIRED — no publication-ready rewrite,Recover the original full article and identify its distinct question before rewriting.,pages/0399-insights--naturalisation--foreigners-must-prove-legal-residence-in-portugal-for-at-least-five-ye.md
https://immigratetobrazil.com/insights/naturalisation/foreigners-who-exceed-the-permitted-time-of-stay-in-brazil-either-by-e/,SOURCE REVIEW REQUIRED — no publication-ready rewrite,Recover the original full article and identify its distinct question before rewriting.,pages/0400-insights--naturalisation--foreigners-who-exceed-the-permitted-time-of-stay-in-brazil-either-by-e.md
https://immigratetobrazil.com/insights/naturalisation/having-a-valid-american-visa-does-not-automatically-guarantee-entry-in/,SOURCE REVIEW REQUIRED — no publication-ready rewrite,Recover the original full article and identify its distinct question before rewriting.,pages/0401-insights--naturalisation--having-a-valid-american-visa-does-not-automatically-guarantee-entry-in.md
https://immigratetobrazil.com/insights/naturalisation/i-am-a-regular-resident-but-i-am-outside-brazil/,SOURCE REVIEW REQUIRED — no publication-ready rewrite,Recover the original full article and identify its distinct question before rewriting.,pages/0402-insights--naturalisation--i-am-a-regular-resident-but-i-am-outside-brazil.md
https://immigratetobrazil.com/insights/naturalisation/if-you-fell-in-love-with-brazil-and-want-to-make-this-country-your-tru/,SOURCE REVIEW REQUIRED — no publication-ready rewrite,Recover the original full article and identify its distinct question before rewriting.,pages/0403-insights--naturalisation--if-you-fell-in-love-with-brazil-and-want-to-make-this-country-your-tru.md
https://immigratetobrazil.com/insights/naturalisation/if-you-have-a-luxembourgish-parent-or-grandparent-you-also-would-not-n/,SOURCE REVIEW REQUIRED — no publication-ready rewrite,Recover the original full article and identify its distinct question before rewriting.,pages/0404-insights--naturalisation--if-you-have-a-luxembourgish-parent-or-grandparent-you-also-would-not-n.md
https://immigratetobrazil.com/insights/naturalisation/if-your-baby-was-born-in-brazil-you-may-be-eligible-to-apply-for-a-bra/,SOURCE REVIEW REQUIRED — no publication-ready rewrite,Recover the original full article and identify its distinct question before rewriting.,pages/0405-insights--naturalisation--if-your-baby-was-born-in-brazil-you-may-be-eligible-to-apply-for-a-bra.md
https://immigratetobrazil.com/insights/naturalisation/in-brazil-deportation-is-an-administrative-measure-applied-to-people-w/,SOURCE REVIEW REQUIRED — no publication-ready rewrite,Recover the original full article and identify its distinct question before rewriting.,pages/0406-insights--naturalisation--in-brazil-deportation-is-an-administrative-measure-applied-to-people-w.md
https://immigratetobrazil.com/insights/naturalisation/in-brazil-undergraduate-and-postgraduate-diplomas-obtained-abroad-must/,SOURCE REVIEW REQUIRED — no publication-ready rewrite,Recover the original full article and identify its distinct question before rewriting.,pages/0407-insights--naturalisation--in-brazil-undergraduate-and-postgraduate-diplomas-obtained-abroad-must.md
https://immigratetobrazil.com/insights/naturalisation/in-other-words-even-if-the-birth-took-place-years-ago-registration-can/,SOURCE REVIEW REQUIRED — no publication-ready rewrite,Recover the original full article and identify its distinct question before rewriting.,pages/0408-insights--naturalisation--in-other-words-even-if-the-birth-took-place-years-ago-registration-can.md
https://immigratetobrazil.com/insights/naturalisation/in-principle-yes-but-it-is-not-recommended/,SOURCE REVIEW REQUIRED — no publication-ready rewrite,Recover the original full article and identify its distinct question before rewriting.,pages/0409-insights--naturalisation--in-principle-yes-but-it-is-not-recommended.md
https://immigratetobrazil.com/insights/naturalisation/in-some-cases-there-is-the-possibility-for-the-great-grandchildren-of/,SOURCE REVIEW REQUIRED — no publication-ready rewrite,Recover the original full article and identify its distinct question before rewriting.,pages/0410-insights--naturalisation--in-some-cases-there-is-the-possibility-for-the-great-grandchildren-of.md
https://immigratetobrazil.com/insights/naturalisation/in-the-context-of-relations-between-brazil-and-portugal-the-request-fo/,SOURCE REVIEW REQUIRED — no publication-ready rewrite,Recover the original full article and identify its distinct question before rewriting.,pages/0411-insights--naturalisation--in-the-context-of-relations-between-brazil-and-portugal-the-request-fo.md
https://immigratetobrazil.com/insights/naturalisation/in-the-event-of-deportation-it-is-essential-that-the-immigrant-is-awar/,SOURCE REVIEW REQUIRED — no publication-ready rewrite,Recover the original full article and identify its distinct question before rewriting.,pages/0412-insights--naturalisation--in-the-event-of-deportation-it-is-essential-that-the-immigrant-is-awar.md
https://immigratetobrazil.com/insights/naturalisation/international-child-custody-can-become-a-complex-issue-when-one-of-the/,SOURCE REVIEW REQUIRED — no publication-ready rewrite,Recover the original full article and identify its distinct question before rewriting.,pages/0413-insights--naturalisation--international-child-custody-can-become-a-complex-issue-when-one-of-the.md
https://immigratetobrazil.com/insights/naturalisation/international-child-custody-can-become-a-complex-issue-when-one-parent/,SOURCE REVIEW REQUIRED — no publication-ready rewrite,Recover the original full article and identify its distinct question before rewriting.,pages/0414-insights--naturalisation--international-child-custody-can-become-a-complex-issue-when-one-parent.md
https://immigratetobrazil.com/insights/naturalisation/investing-in-brazil-with-an-investor-visa-offers-a-dynamic-blend-of-ec/,SOURCE REVIEW REQUIRED — no publication-ready rewrite,Recover the original full article and identify its distinct question before rewriting.,pages/0415-insights--naturalisation--investing-in-brazil-with-an-investor-visa-offers-a-dynamic-blend-of-ec.md
https://immigratetobrazil.com/insights/naturalisation/it-is-an-important-date-to-reinforce-the-fight-against-all-forms-of-ra/,SOURCE REVIEW REQUIRED — no publication-ready rewrite,Recover the original full article and identify its distinct question before rewriting.,pages/0416-insights--naturalisation--it-is-an-important-date-to-reinforce-the-fight-against-all-forms-of-ra.md
https://immigratetobrazil.com/insights/naturalisation/it-is-important-to-highlight-that-the-process-of-obtaining-luxembourg/,SOURCE REVIEW REQUIRED — no publication-ready rewrite,Recover the original full article and identify its distinct question before rewriting.,pages/0417-insights--naturalisation--it-is-important-to-highlight-that-the-process-of-obtaining-luxembourg.md
https://immigratetobrazil.com/insights/naturalisation/it-is-possible-for-a-brazilian-person-to-request-recognition-of-irish/,SOURCE REVIEW REQUIRED — no publication-ready rewrite,Recover the original full article and identify its distinct question before rewriting.,pages/0418-insights--naturalisation--it-is-possible-for-a-brazilian-person-to-request-recognition-of-irish.md
https://immigratetobrazil.com/insights/naturalisation/it-is-possible-for-someone-to-visit-brazil-as-a-tourist-and-upon-falli-2/,SOURCE REVIEW REQUIRED — no publication-ready rewrite,Recover the original full article and identify its distinct question before rewriting.,pages/0419-insights--naturalisation--it-is-possible-for-someone-to-visit-brazil-as-a-tourist-and-upon-falli-2.md
https://immigratetobrazil.com/insights/naturalisation/it-is-possible-for-someone-to-visit-brazil-as-a-tourist-and-upon-falli/,SOURCE REVIEW REQUIRED — no publication-ready rewrite,Recover the original full article and identify its distinct question before rewriting.,pages/0420-insights--naturalisation--it-is-possible-for-someone-to-visit-brazil-as-a-tourist-and-upon-falli.md
https://immigratetobrazil.com/insights/naturalisation/it-should-be-noted-that-no-one-will-be-prevented-from-entering-the-cou/,SOURCE REVIEW REQUIRED — no publication-ready rewrite,Recover the original full article and identify its distinct question before rewriting.,pages/0421-insights--naturalisation--it-should-be-noted-that-no-one-will-be-prevented-from-entering-the-cou.md
https://immigratetobrazil.com/insights/naturalisation/large-universities-outside-brazil-allow-admission-without-the-need-to/,SOURCE REVIEW REQUIRED — no publication-ready rewrite,Recover the original full article and identify its distinct question before rewriting.,pages/0422-insights--naturalisation--large-universities-outside-brazil-allow-admission-without-the-need-to.md
https://immigratetobrazil.com/insights/naturalisation/legal-guidance-eligibility-requirements-and-filing-steps-2/,SOURCE REVIEW REQUIRED — no publication-ready rewrite,Recover the original full article and identify its distinct question before rewriting.,pages/0423-insights--naturalisation--legal-guidance-eligibility-requirements-and-filing-steps-2.md
https://immigratetobrazil.com/insights/naturalisation/legal-guidance-eligibility-requirements-and-filing-steps-3/,SOURCE REVIEW REQUIRED — no publication-ready rewrite,Recover the original full article and identify its distinct question before rewriting.,pages/0424-insights--naturalisation--legal-guidance-eligibility-requirements-and-filing-steps-3.md
https://immigratetobrazil.com/insights/naturalisation/legal-guidance-eligibility-requirements-and-filing-steps-4/,SOURCE REVIEW REQUIRED — no publication-ready rewrite,Recover the original full article and identify its distinct question before rewriting.,pages/0425-insights--naturalisation--legal-guidance-eligibility-requirements-and-filing-steps-4.md
https://immigratetobrazil.com/insights/naturalisation/legal-guidance-eligibility-requirements-and-filing-steps-5/,SOURCE REVIEW REQUIRED — no publication-ready rewrite,Recover the original full article and identify its distinct question before rewriting.,pages/0426-insights--naturalisation--legal-guidance-eligibility-requirements-and-filing-steps-5.md
https://immigratetobrazil.com/insights/naturalisation/legal-guidance-eligibility-requirements-and-filing-steps-6/,SOURCE REVIEW REQUIRED — no publication-ready rewrite,Recover the original full article and identify its distinct question before rewriting.,pages/0427-insights--naturalisation--legal-guidance-eligibility-requirements-and-filing-steps-6.md
https://immigratetobrazil.com/insights/naturalisation/legal-guidance-eligibility-requirements-and-filing-steps-7/,SOURCE REVIEW REQUIRED — no publication-ready rewrite,Recover the original full article and identify its distinct question before rewriting.,pages/0428-insights--naturalisation--legal-guidance-eligibility-requirements-and-filing-steps-7.md
https://immigratetobrazil.com/insights/naturalisation/legal-guidance-eligibility-requirements-and-filing-steps-8/,SOURCE REVIEW REQUIRED — no publication-ready rewrite,Recover the original full article and identify its distinct question before rewriting.,pages/0429-insights--naturalisation--legal-guidance-eligibility-requirements-and-filing-steps-8.md
https://immigratetobrazil.com/insights/naturalisation/legal-guidance-eligibility-requirements-and-filing-steps/,SOURCE REVIEW REQUIRED — no publication-ready rewrite,Recover the original full article and identify its distinct question before rewriting.,pages/0430-insights--naturalisation--legal-guidance-eligibility-requirements-and-filing-steps.md
https://immigratetobrazil.com/insights/naturalisation/luso-brazilian-community-day-celebrates-the-strong-ties-between-portug/,SOURCE REVIEW REQUIRED — no publication-ready rewrite,Recover the original full article and identify its distinct question before rewriting.,pages/0431-insights--naturalisation--luso-brazilian-community-day-celebrates-the-strong-ties-between-portug.md
https://immigratetobrazil.com/insights/naturalisation/military-enlistment-is-mandatory-for-brazilians-even-abroad-even-livin/,SOURCE REVIEW REQUIRED — no publication-ready rewrite,Recover the original full article and identify its distinct question before rewriting.,pages/0432-insights--naturalisation--military-enlistment-is-mandatory-for-brazilians-even-abroad-even-livin.md
https://immigratetobrazil.com/insights/naturalisation/my-immigrant-card-is-valid-until-2030-but-my-stable-union-is-over/,SOURCE REVIEW REQUIRED — no publication-ready rewrite,Recover the original full article and identify its distinct question before rewriting.,pages/0433-insights--naturalisation--my-immigrant-card-is-valid-until-2030-but-my-stable-union-is-over.md
https://immigratetobrazil.com/insights/naturalisation/naturalized-brazilian-men-aged-between-18-and-45-must-enlist-in-the-mi/,SOURCE REVIEW REQUIRED — no publication-ready rewrite,Recover the original full article and identify its distinct question before rewriting.,pages/0434-insights--naturalisation--naturalized-brazilian-men-aged-between-18-and-45-must-enlist-in-the-mi.md
https://immigratetobrazil.com/insights/naturalisation/november-20th-black-awareness-day-black-awareness-day-is-a-historical/,SOURCE REVIEW REQUIRED — no publication-ready rewrite,Recover the original full article and identify its distinct question before rewriting.,pages/0435-insights--naturalisation--november-20th-black-awareness-day-black-awareness-day-is-a-historical.md
https://immigratetobrazil.com/insights/naturalisation/on-december-19-2023-the-french-senate-approved-a-controversial-immigra/,SOURCE REVIEW REQUIRED — no publication-ready rewrite,Recover the original full article and identify its distinct question before rewriting.,pages/0436-insights--naturalisation--on-december-19-2023-the-french-senate-approved-a-controversial-immigra.md
https://immigratetobrazil.com/insights/naturalisation/on-teacher-s-day-celebrated-on-october-15th-we-honor-those-who-with-de/,SOURCE REVIEW REQUIRED — no publication-ready rewrite,Recover the original full article and identify its distinct question before rewriting.,pages/0437-insights--naturalisation--on-teacher-s-day-celebrated-on-october-15th-we-honor-those-who-with-de.md
https://immigratetobrazil.com/insights/naturalisation/on-this-date-we-reinforce-our-commitment-to-valuing-and-protecting-eld/,SOURCE REVIEW REQUIRED — no publication-ready rewrite,Recover the original full article and identify its distinct question before rewriting.,pages/0438-insights--naturalisation--on-this-date-we-reinforce-our-commitment-to-valuing-and-protecting-eld.md
https://immigratetobrazil.com/insights/naturalisation/on-this-day-we-express-gratitude-to-each-person-who-trusts-our-legal-w/,SOURCE REVIEW REQUIRED — no publication-ready rewrite,Recover the original full article and identify its distinct question before rewriting.,pages/0439-insights--naturalisation--on-this-day-we-express-gratitude-to-each-person-who-trusts-our-legal-w.md
https://immigratetobrazil.com/insights/naturalisation/once-approved-this-process-grants-you-full-brazilian-citizenship-with/,SOURCE REVIEW REQUIRED — no publication-ready rewrite,Recover the original full article and identify its distinct question before rewriting.,pages/0440-insights--naturalisation--once-approved-this-process-grants-you-full-brazilian-citizenship-with.md
https://immigratetobrazil.com/insights/naturalisation/parents-of-minor-children-with-dual-nationality-can-and-should-maintai/,SOURCE REVIEW REQUIRED — no publication-ready rewrite,Recover the original full article and identify its distinct question before rewriting.,pages/0441-insights--naturalisation--parents-of-minor-children-with-dual-nationality-can-and-should-maintai.md
https://immigratetobrazil.com/insights/naturalisation/people-living-in-brazil-can-apply-for-naturalisation-to-become-brazili/,SOURCE REVIEW REQUIRED — no publication-ready rewrite,Recover the original full article and identify its distinct question before rewriting.,pages/0442-insights--naturalisation--people-living-in-brazil-can-apply-for-naturalisation-to-become-brazili.md
https://immigratetobrazil.com/insights/naturalisation/permanent-residence-permit-and-citizenship-are-two-distinct-legal-stat-2/,SOURCE REVIEW REQUIRED — no publication-ready rewrite,Recover the original full article and identify its distinct question before rewriting.,pages/0443-insights--naturalisation--permanent-residence-permit-and-citizenship-are-two-distinct-legal-stat-2.md
https://immigratetobrazil.com/insights/naturalisation/permanent-residence-permit-and-citizenship-are-two-distinct-legal-stat/,SOURCE REVIEW REQUIRED — no publication-ready rewrite,Recover the original full article and identify its distinct question before rewriting.,pages/0444-insights--naturalisation--permanent-residence-permit-and-citizenship-are-two-distinct-legal-stat.md
https://immigratetobrazil.com/insights/naturalisation/pix-a-brazilian-instant-payment-system-is-expanding-internationally-th/,SOURCE REVIEW REQUIRED — no publication-ready rewrite,Recover the original full article and identify its distinct question before rewriting.,pages/0445-insights--naturalisation--pix-a-brazilian-instant-payment-system-is-expanding-internationally-th.md
https://immigratetobrazil.com/insights/naturalisation/portugal-recently-approved-a-set-of-changes-to-immigration-legislation/,SOURCE REVIEW REQUIRED — no publication-ready rewrite,Recover the original full article and identify its distinct question before rewriting.,pages/0446-insights--naturalisation--portugal-recently-approved-a-set-of-changes-to-immigration-legislation.md
https://immigratetobrazil.com/insights/naturalisation/pregnant-women-that-come-to-brazil-to-have-their-baby-can-apply-for-re/,SOURCE REVIEW REQUIRED — no publication-ready rewrite,Recover the original full article and identify its distinct question before rewriting.,pages/0447-insights--naturalisation--pregnant-women-that-come-to-brazil-to-have-their-baby-can-apply-for-re.md
https://immigratetobrazil.com/insights/naturalisation/president-joe-biden-signed-an-executive-order-to-simplify-the-process/,SOURCE REVIEW REQUIRED — no publication-ready rewrite,Recover the original full article and identify its distinct question before rewriting.,pages/0448-insights--naturalisation--president-joe-biden-signed-an-executive-order-to-simplify-the-process.md
https://immigratetobrazil.com/insights/naturalisation/recently-the-united-states-lost-its-position-in-the-top-10-of-the-most/,SOURCE REVIEW REQUIRED — no publication-ready rewrite,Recover the original full article and identify its distinct question before rewriting.,pages/0449-insights--naturalisation--recently-the-united-states-lost-its-position-in-the-top-10-of-the-most.md
https://immigratetobrazil.com/insights/naturalisation/rectification-of-settlements-is-an-essential-procedure-in-citizenship/,SOURCE REVIEW REQUIRED — no publication-ready rewrite,Recover the original full article and identify its distinct question before rewriting.,pages/0450-insights--naturalisation--rectification-of-settlements-is-an-essential-procedure-in-citizenship.md
https://immigratetobrazil.com/insights/naturalisation/refugees-unlike-other-immigrants-are-those-who-suffer-compulsory-displ/,SOURCE REVIEW REQUIRED — no publication-ready rewrite,Recover the original full article and identify its distinct question before rewriting.,pages/0451-insights--naturalisation--refugees-unlike-other-immigrants-are-those-who-suffer-compulsory-displ.md
https://immigratetobrazil.com/insights/naturalisation/registering-a-childs-birth-at-a-brazilian-consular-office-abroad-is-no/,SOURCE REVIEW REQUIRED — no publication-ready rewrite,Recover the original full article and identify its distinct question before rewriting.,pages/0452-insights--naturalisation--registering-a-childs-birth-at-a-brazilian-consular-office-abroad-is-no.md
https://immigratetobrazil.com/insights/naturalisation/relocating-to-brazil-with-your-family-is-certainly-possible-as-long-as/,SOURCE REVIEW REQUIRED — no publication-ready rewrite,Recover the original full article and identify its distinct question before rewriting.,pages/0453-insights--naturalisation--relocating-to-brazil-with-your-family-is-certainly-possible-as-long-as.md
https://immigratetobrazil.com/insights/naturalisation/searching-for-certificates-is-an-essential-step-in-the-citizenship-pro/,SOURCE REVIEW REQUIRED — no publication-ready rewrite,Recover the original full article and identify its distinct question before rewriting.,pages/0454-insights--naturalisation--searching-for-certificates-is-an-essential-step-in-the-citizenship-pro.md
https://immigratetobrazil.com/insights/naturalisation/seeking-legal-advice-from-an-immigration-lawyer-in-brazil-is-crucial-d/,SOURCE REVIEW REQUIRED — no publication-ready rewrite,Recover the original full article and identify its distinct question before rewriting.,pages/0455-insights--naturalisation--seeking-legal-advice-from-an-immigration-lawyer-in-brazil-is-crucial-d.md
https://immigratetobrazil.com/insights/naturalisation/sporadic-trips-abroad-for-which-the-sum-of-periods-does-not-exceed-12/,SOURCE REVIEW REQUIRED — no publication-ready rewrite,Recover the original full article and identify its distinct question before rewriting.,pages/0456-insights--naturalisation--sporadic-trips-abroad-for-which-the-sum-of-periods-does-not-exceed-12.md
https://immigratetobrazil.com/insights/naturalisation/sporadic-trips-abroad-the-sum-of-which-does-not-exceed-12-months-durin/,SOURCE REVIEW REQUIRED — no publication-ready rewrite,Recover the original full article and identify its distinct question before rewriting.,pages/0457-insights--naturalisation--sporadic-trips-abroad-the-sum-of-which-does-not-exceed-12-months-durin.md
https://immigratetobrazil.com/insights/naturalisation/starting-september-2-2025-the-u-s-department-of-state-will-require-an/,SOURCE REVIEW REQUIRED — no publication-ready rewrite,Recover the original full article and identify its distinct question before rewriting.,pages/0458-insights--naturalisation--starting-september-2-2025-the-u-s-department-of-state-will-require-an.md
https://immigratetobrazil.com/insights/naturalisation/the-certificate-of-proficiency-in-portuguese-language-for-foreigners-c/,SOURCE REVIEW REQUIRED — no publication-ready rewrite,Recover the original full article and identify its distinct question before rewriting.,pages/0459-insights--naturalisation--the-certificate-of-proficiency-in-portuguese-language-for-foreigners-c.md
https://immigratetobrazil.com/insights/naturalisation/the-chamber-of-deputies-has-just-approved-a-proposed-amendment-to-the/,SOURCE REVIEW REQUIRED — no publication-ready rewrite,Recover the original full article and identify its distinct question before rewriting.,pages/0460-insights--naturalisation--the-chamber-of-deputies-has-just-approved-a-proposed-amendment-to-the.md
https://immigratetobrazil.com/insights/naturalisation/the-date-invites-reflection-on-one-of-the-darkest-pages-in-human-histo/,SOURCE REVIEW REQUIRED — no publication-ready rewrite,Recover the original full article and identify its distinct question before rewriting.,pages/0461-insights--naturalisation--the-date-invites-reflection-on-one-of-the-darkest-pages-in-human-histo.md
https://immigratetobrazil.com/insights/naturalisation/the-deadline-to-begin-the-process-of-recognizing-spanish-citizenship-f/,SOURCE REVIEW REQUIRED — no publication-ready rewrite,Recover the original full article and identify its distinct question before rewriting.,pages/0462-insights--naturalisation--the-deadline-to-begin-the-process-of-recognizing-spanish-citizenship-f.md
https://immigratetobrazil.com/insights/naturalisation/the-humanitarian-and-institutional-crisis-that-is-plaguing-venezuela-h/,SOURCE REVIEW REQUIRED — no publication-ready rewrite,Recover the original full article and identify its distinct question before rewriting.,pages/0463-insights--naturalisation--the-humanitarian-and-institutional-crisis-that-is-plaguing-venezuela-h.md
https://immigratetobrazil.com/insights/naturalisation/the-mercosur-agreement-recognized-primarily-for-its-economic-impacts-a/,SOURCE REVIEW REQUIRED — no publication-ready rewrite,Recover the original full article and identify its distinct question before rewriting.,pages/0464-insights--naturalisation--the-mercosur-agreement-recognized-primarily-for-its-economic-impacts-a.md
https://immigratetobrazil.com/insights/naturalisation/the-mobility-agreement-between-cplp-member-states-communities-of-portu/,SOURCE REVIEW REQUIRED — no publication-ready rewrite,Recover the original full article and identify its distinct question before rewriting.,pages/0465-insights--naturalisation--the-mobility-agreement-between-cplp-member-states-communities-of-portu.md
https://immigratetobrazil.com/insights/naturalisation/the-new-naturalization-law-in-germany-approved-by-the-bundestag-simpli/,SOURCE REVIEW REQUIRED — no publication-ready rewrite,Recover the original full article and identify its distinct question before rewriting.,pages/0466-insights--naturalisation--the-new-naturalization-law-in-germany-approved-by-the-bundestag-simpli.md
https://immigratetobrazil.com/insights/naturalisation/the-new-visa-and-residence-permit-agreement-between-angola-brazil-cape/,SOURCE REVIEW REQUIRED — no publication-ready rewrite,Recover the original full article and identify its distinct question before rewriting.,pages/0467-insights--naturalisation--the-new-visa-and-residence-permit-agreement-between-angola-brazil-cape.md
https://immigratetobrazil.com/insights/naturalisation/the-portuguese-language-plays-a-fundamental-role-in-brazil-s-culture-a/,SOURCE REVIEW REQUIRED — no publication-ready rewrite,Recover the original full article and identify its distinct question before rewriting.,pages/0468-insights--naturalisation--the-portuguese-language-plays-a-fundamental-role-in-brazil-s-culture-a.md
https://immigratetobrazil.com/insights/naturalisation/the-recently-announced-innovation-allows-brazilian-tourists-to-pay-for/,SOURCE REVIEW REQUIRED — no publication-ready rewrite,Recover the original full article and identify its distinct question before rewriting.,pages/0469-insights--naturalisation--the-recently-announced-innovation-allows-brazilian-tourists-to-pay-for.md
https://immigratetobrazil.com/insights/naturalisation/the-renewal-of-the-resident-card-in-brazil-may-be-prevented-in-some-sp/,SOURCE REVIEW REQUIRED — no publication-ready rewrite,Recover the original full article and identify its distinct question before rewriting.,pages/0470-insights--naturalisation--the-renewal-of-the-resident-card-in-brazil-may-be-prevented-in-some-sp.md
https://immigratetobrazil.com/insights/naturalisation/the-voluntary-renunciation-of-brazilian-nationality-provided-for-in-th/,SOURCE REVIEW REQUIRED — no publication-ready rewrite,Recover the original full article and identify its distinct question before rewriting.,pages/0471-insights--naturalisation--the-voluntary-renunciation-of-brazilian-nationality-provided-for-in-th.md
https://immigratetobrazil.com/insights/naturalisation/this-is-an-important-opportunity-for-people-with-brazilian-ancestry-to/,SOURCE REVIEW REQUIRED — no publication-ready rewrite,Recover the original full article and identify its distinct question before rewriting.,pages/0472-insights--naturalisation--this-is-an-important-opportunity-for-people-with-brazilian-ancestry-to.md
https://immigratetobrazil.com/insights/naturalisation/to-do-this-it-is-possible-to-register-your-birth-at-any-time-at-a-braz/,SOURCE REVIEW REQUIRED — no publication-ready rewrite,Recover the original full article and identify its distinct question before rewriting.,pages/0473-insights--naturalisation--to-do-this-it-is-possible-to-register-your-birth-at-any-time-at-a-braz.md
https://immigratetobrazil.com/insights/naturalisation/to-formalise-this-status-their-birth-can-be-registered-at-any-time-at/,SOURCE REVIEW REQUIRED — no publication-ready rewrite,Recover the original full article and identify its distinct question before rewriting.,pages/0474-insights--naturalisation--to-formalise-this-status-their-birth-can-be-registered-at-any-time-at.md
https://immigratetobrazil.com/insights/naturalisation/to-obtain-brazilian-citizenship-individuals-generally-must-meet-specif/,SOURCE REVIEW REQUIRED — no publication-ready rewrite,Recover the original full article and identify its distinct question before rewriting.,pages/0475-insights--naturalisation--to-obtain-brazilian-citizenship-individuals-generally-must-meet-specif.md
https://immigratetobrazil.com/insights/naturalisation/today-we-recognize-the-resilience-wisdom-and-diversity-of-indigenous-p/,SOURCE REVIEW REQUIRED — no publication-ready rewrite,Recover the original full article and identify its distinct question before rewriting.,pages/0476-insights--naturalisation--today-we-recognize-the-resilience-wisdom-and-diversity-of-indigenous-p.md
https://immigratetobrazil.com/insights/naturalisation/under-the-new-spanish-law-on-obtaining-citizenship-more-people-have-th/,SOURCE REVIEW REQUIRED — no publication-ready rewrite,Recover the original full article and identify its distinct question before rewriting.,pages/0477-insights--naturalisation--under-the-new-spanish-law-on-obtaining-citizenship-more-people-have-th.md
https://immigratetobrazil.com/insights/naturalisation/us-imposes-new-visa-restrictions-on-12-countries-since-june-9-2025-an/,SOURCE REVIEW REQUIRED — no publication-ready rewrite,Recover the original full article and identify its distinct question before rewriting.,pages/0478-insights--naturalisation--us-imposes-new-visa-restrictions-on-12-countries-since-june-9-2025-an.md
https://immigratetobrazil.com/insights/naturalisation/we-celebrate-the-achievements-of-women-around-the-world-and-reaffirm-t/,SOURCE REVIEW REQUIRED — no publication-ready rewrite,Recover the original full article and identify its distinct question before rewriting.,pages/0479-insights--naturalisation--we-celebrate-the-achievements-of-women-around-the-world-and-reaffirm-t.md
https://immigratetobrazil.com/insights/naturalisation/whether-you-re-travelling-to-brazil-for-a-short-stay-or-planning-a-lon/,SOURCE REVIEW REQUIRED — no publication-ready rewrite,Recover the original full article and identify its distinct question before rewriting.,pages/0480-insights--naturalisation--whether-you-re-travelling-to-brazil-for-a-short-stay-or-planning-a-lon.md
https://immigratetobrazil.com/insights/naturalisation/why-contact-with-marine-animals-is-prohibited-in-tourist-areas-the-epi/,SOURCE REVIEW REQUIRED — no publication-ready rewrite,Recover the original full article and identify its distinct question before rewriting.,pages/0481-insights--naturalisation--why-contact-with-marine-animals-is-prohibited-in-tourist-areas-the-epi.md
https://immigratetobrazil.com/insights/naturalisation/with-the-democratic-memory-law-in-force-now-the-adult-grandchildren-of/,SOURCE REVIEW REQUIRED — no publication-ready rewrite,Recover the original full article and identify its distinct question before rewriting.,pages/0482-insights--naturalisation--with-the-democratic-memory-law-in-force-now-the-adult-grandchildren-of.md
https://immigratetobrazil.com/insights/naturalisation/work-in-finland-an-initiative-supported-by-the-finnish-government-netw/,SOURCE REVIEW REQUIRED — no publication-ready rewrite,Recover the original full article and identify its distinct question before rewriting.,pages/0483-insights--naturalisation--work-in-finland-an-initiative-supported-by-the-finnish-government-netw.md
https://immigratetobrazil.com/insights/process/airports-are-busy-places-it-is-important-to-always-be-aware/,SOURCE REVIEW REQUIRED — no publication-ready rewrite,Recover the original full article and identify its distinct question before rewriting.,pages/0485-insights--process--airports-are-busy-places-it-is-important-to-always-be-aware.md
https://immigratetobrazil.com/insights/process/all-passengers-have-the-right-to-take-their-hand-luggage-and-personal/,SOURCE REVIEW REQUIRED — no publication-ready rewrite,Recover the original full article and identify its distinct question before rewriting.,pages/0486-insights--process--all-passengers-have-the-right-to-take-their-hand-luggage-and-personal.md
https://immigratetobrazil.com/insights/process/an-honorary-consulate-is-a-voluntary-diplomatic-representation-of-a-co/,SOURCE REVIEW REQUIRED — no publication-ready rewrite,Recover the original full article and identify its distinct question before rewriting.,pages/0487-insights--process--an-honorary-consulate-is-a-voluntary-diplomatic-representation-of-a-co.md
https://immigratetobrazil.com/insights/process/appealing-a-traffic-fine-is-your-right/,SOURCE REVIEW REQUIRED — no publication-ready rewrite,Recover the original full article and identify its distinct question before rewriting.,pages/0488-insights--process--appealing-a-traffic-fine-is-your-right.md
https://immigratetobrazil.com/insights/process/bulgaria-and-romania-will-partially-join-the-european-union-s-schengen/,SOURCE REVIEW REQUIRED — no publication-ready rewrite,Recover the original full article and identify its distinct question before rewriting.,pages/0489-insights--process--bulgaria-and-romania-will-partially-join-the-european-union-s-schengen.md
https://immigratetobrazil.com/insights/process/deportation-as-defined-by-brazilian-legislation-is-an-administrative-p/,SOURCE REVIEW REQUIRED — no publication-ready rewrite,Recover the original full article and identify its distinct question before rewriting.,pages/0490-insights--process--deportation-as-defined-by-brazilian-legislation-is-an-administrative-p.md
https://immigratetobrazil.com/insights/process/deportation-is-a-measure-provided-for-by-law-for-the-compulsory-remova/,SOURCE REVIEW REQUIRED — no publication-ready rewrite,Recover the original full article and identify its distinct question before rewriting.,pages/0491-insights--process--deportation-is-a-measure-provided-for-by-law-for-the-compulsory-remova.md
https://immigratetobrazil.com/insights/process/each-federal-police-immigration-service-point-has-a-different-procedur/,SOURCE REVIEW REQUIRED — no publication-ready rewrite,Recover the original full article and identify its distinct question before rewriting.,pages/0492-insights--process--each-federal-police-immigration-service-point-has-a-different-procedur.md
https://immigratetobrazil.com/insights/process/for-biological-children-and-minor-adopted-children-of-italian-citizens/,SOURCE REVIEW REQUIRED — no publication-ready rewrite,Recover the original full article and identify its distinct question before rewriting.,pages/0493-insights--process--for-biological-children-and-minor-adopted-children-of-italian-citizens.md
https://immigratetobrazil.com/insights/process/if-you-are-getting-married-to-a-brazilian-person-and-need-a-document-s/,SOURCE REVIEW REQUIRED — no publication-ready rewrite,Recover the original full article and identify its distinct question before rewriting.,pages/0494-insights--process--if-you-are-getting-married-to-a-brazilian-person-and-need-a-document-s.md
https://immigratetobrazil.com/insights/process/it-doesn-t-matter-where-the-bill-or-billing-is-from/,SOURCE REVIEW REQUIRED — no publication-ready rewrite,Recover the original full article and identify its distinct question before rewriting.,pages/0495-insights--process--it-doesn-t-matter-where-the-bill-or-billing-is-from.md
https://immigratetobrazil.com/insights/process/it-was-established-by-the-un-to-promote-equality-respect-for-human-rig/,SOURCE REVIEW REQUIRED — no publication-ready rewrite,Recover the original full article and identify its distinct question before rewriting.,pages/0496-insights--process--it-was-established-by-the-un-to-promote-equality-respect-for-human-rig.md
https://immigratetobrazil.com/insights/process/technically-yes-but-its-not-advisable/,SOURCE REVIEW REQUIRED — no publication-ready rewrite,Recover the original full article and identify its distinct question before rewriting.,pages/0497-insights--process--technically-yes-but-its-not-advisable.md
https://immigratetobrazil.com/insights/process/the-consular-declaration-of-civil-status-is-a-document-issued-by-the-c/,SOURCE REVIEW REQUIRED — no publication-ready rewrite,Recover the original full article and identify its distinct question before rewriting.,pages/0498-insights--process--the-consular-declaration-of-civil-status-is-a-document-issued-by-the-c.md
https://immigratetobrazil.com/insights/process/the-expulsion-of-a-foreigner-is-an-extreme-measure-and-can-only-occur/,SOURCE REVIEW REQUIRED — no publication-ready rewrite,Recover the original full article and identify its distinct question before rewriting.,pages/0499-insights--process--the-expulsion-of-a-foreigner-is-an-extreme-measure-and-can-only-occur.md
https://immigratetobrazil.com/insights/process/the-right-to-come-and-go-is-provided-for-in-the-federal-constitution-f/,SOURCE REVIEW REQUIRED — no publication-ready rewrite,Recover the original full article and identify its distinct question before rewriting.,pages/0500-insights--process--the-right-to-come-and-go-is-provided-for-in-the-federal-constitution-f.md
https://immigratetobrazil.com/insights/process/the-text-of-the-brazil-uruguay-convention-for-the-elimination-of-doubl/,SOURCE REVIEW REQUIRED — no publication-ready rewrite,Recover the original full article and identify its distinct question before rewriting.,pages/0501-insights--process--the-text-of-the-brazil-uruguay-convention-for-the-elimination-of-doubl.md
https://immigratetobrazil.com/insights/process/the-transformation-of-the-italian-consulate-in-belo-horizonte-to-consu/,SOURCE REVIEW REQUIRED — no publication-ready rewrite,Recover the original full article and identify its distinct question before rewriting.,pages/0502-insights--process--the-transformation-of-the-italian-consulate-in-belo-horizonte-to-consu.md
https://immigratetobrazil.com/insights/process/this-is-an-illegal-extremely-dangerous-practice-that-can-have-serious/,SOURCE REVIEW REQUIRED — no publication-ready rewrite,Recover the original full article and identify its distinct question before rewriting.,pages/0503-insights--process--this-is-an-illegal-extremely-dangerous-practice-that-can-have-serious.md
https://immigratetobrazil.com/insights/process/yes-brazilian-law-protects-passengers-much-more-than-other-countries/,SOURCE REVIEW REQUIRED — no publication-ready rewrite,Recover the original full article and identify its distinct question before rewriting.,pages/0504-insights--process--yes-brazilian-law-protects-passengers-much-more-than-other-countries.md
https://immigratetobrazil.com/insights/process/you-should-request-for-your-brazilian-id-to-be-renewed-at-least-90-day/,SOURCE REVIEW REQUIRED — no publication-ready rewrite,Recover the original full article and identify its distinct question before rewriting.,pages/0505-insights--process--you-should-request-for-your-brazilian-id-to-be-renewed-at-least-90-day.md
https://immigratetobrazil.com/insights/residency/a-stable-union-formed-abroad-can-be-recognized-in-brazil-through-regis/,SOURCE REVIEW REQUIRED — no publication-ready rewrite,Recover the original full article and identify its distinct question before rewriting.,pages/0507-insights--residency--a-stable-union-formed-abroad-can-be-recognized-in-brazil-through-regis.md
https://immigratetobrazil.com/insights/residency/brazilian-immigration-legislation-reflects-the-country-s-commitment-to/,SOURCE REVIEW REQUIRED — no publication-ready rewrite,Recover the original full article and identify its distinct question before rewriting.,pages/0508-insights--residency--brazilian-immigration-legislation-reflects-the-country-s-commitment-to.md
https://immigratetobrazil.com/insights/residency/firstly-you-will-need-to-register-at-the-brazilian-consulate-or-embass/,SOURCE REVIEW REQUIRED — no publication-ready rewrite,Recover the original full article and identify its distinct question before rewriting.,pages/0509-insights--residency--firstly-you-will-need-to-register-at-the-brazilian-consulate-or-embass.md
https://immigratetobrazil.com/insights/residency/for-those-who-still-cannot-marry-in-their-home-countries-because-of-di/,SOURCE REVIEW REQUIRED — no publication-ready rewrite,Recover the original full article and identify its distinct question before rewriting.,pages/0510-insights--residency--for-those-who-still-cannot-marry-in-their-home-countries-because-of-di.md
https://immigratetobrazil.com/insights/residency/i-have-a-brazilian-residence-permit-and-i-want-to-move-to-another-regi/,SOURCE REVIEW REQUIRED — no publication-ready rewrite,Recover the original full article and identify its distinct question before rewriting.,pages/0511-insights--residency--i-have-a-brazilian-residence-permit-and-i-want-to-move-to-another-regi.md
https://immigratetobrazil.com/insights/residency/if-the-person-has-a-residence-permit-in-brazil-it-is-important-to-obse/,SOURCE REVIEW REQUIRED — no publication-ready rewrite,Recover the original full article and identify its distinct question before rewriting.,pages/0512-insights--residency--if-the-person-has-a-residence-permit-in-brazil-it-is-important-to-obse.md
https://immigratetobrazil.com/insights/residency/if-the-person-holds-a-brazilian-residence-permit-it-s-important-to-obs/,SOURCE REVIEW REQUIRED — no publication-ready rewrite,Recover the original full article and identify its distinct question before rewriting.,pages/0513-insights--residency--if-the-person-holds-a-brazilian-residence-permit-it-s-important-to-obs.md
https://immigratetobrazil.com/insights/residency/if-you-have-chosen-brazil-as-your-new-place-of-residency-and-are-inqui/,SOURCE REVIEW REQUIRED — no publication-ready rewrite,Recover the original full article and identify its distinct question before rewriting.,pages/0514-insights--residency--if-you-have-chosen-brazil-as-your-new-place-of-residency-and-are-inqui.md
https://immigratetobrazil.com/insights/residency/if-you-need-to-stay-outside-of-portugal-for-a-longer-period-than-requi/,SOURCE REVIEW REQUIRED — no publication-ready rewrite,Recover the original full article and identify its distinct question before rewriting.,pages/0515-insights--residency--if-you-need-to-stay-outside-of-portugal-for-a-longer-period-than-requi.md
https://immigratetobrazil.com/insights/residency/in-brazil-the-national-migration-registry-rnm-is-the-registry-of-immig/,SOURCE REVIEW REQUIRED — no publication-ready rewrite,Recover the original full article and identify its distinct question before rewriting.,pages/0516-insights--residency--in-brazil-the-national-migration-registry-rnm-is-the-registry-of-immig.md
https://immigratetobrazil.com/insights/residency/in-brazil-the-registro-nacional-de-migrante-rnm-is-the-registration-of/,SOURCE REVIEW REQUIRED — no publication-ready rewrite,Recover the original full article and identify its distinct question before rewriting.,pages/0517-insights--residency--in-brazil-the-registro-nacional-de-migrante-rnm-is-the-registration-of.md
https://immigratetobrazil.com/insights/residency/in-temporary-residence-you-can-only-be-absent-for-less-than-6-consecut/,SOURCE REVIEW REQUIRED — no publication-ready rewrite,Recover the original full article and identify its distinct question before rewriting.,pages/0518-insights--residency--in-temporary-residence-you-can-only-be-absent-for-less-than-6-consecut.md
https://immigratetobrazil.com/insights/residency/in-the-context-of-a-profound-political-economic-and-institutional-cris/,SOURCE REVIEW REQUIRED — no publication-ready rewrite,Recover the original full article and identify its distinct question before rewriting.,pages/0519-insights--residency--in-the-context-of-a-profound-political-economic-and-institutional-cris.md
https://immigratetobrazil.com/insights/residency/it-is-important-to-note-that-one-of-the-legal-prerequisites-for-obtain/,SOURCE REVIEW REQUIRED — no publication-ready rewrite,Recover the original full article and identify its distinct question before rewriting.,pages/0520-insights--residency--it-is-important-to-note-that-one-of-the-legal-prerequisites-for-obtain.md
https://immigratetobrazil.com/insights/residency/it-s-crucial-to-note-that-one-of-the-legal-prerequisites-for-obtaining/,SOURCE REVIEW REQUIRED — no publication-ready rewrite,Recover the original full article and identify its distinct question before rewriting.,pages/0521-insights--residency--it-s-crucial-to-note-that-one-of-the-legal-prerequisites-for-obtaining.md
https://immigratetobrazil.com/insights/residency/loss-of-residence-permit-may-occur-due-to-prolonged-absence-or-failure/,SOURCE REVIEW REQUIRED — no publication-ready rewrite,Recover the original full article and identify its distinct question before rewriting.,pages/0522-insights--residency--loss-of-residence-permit-may-occur-due-to-prolonged-absence-or-failure.md
https://immigratetobrazil.com/insights/residency/not-right-away-the-law-determines-the-exact-time-a-resident-can-stay-o/,SOURCE REVIEW REQUIRED — no publication-ready rewrite,Recover the original full article and identify its distinct question before rewriting.,pages/0523-insights--residency--not-right-away-the-law-determines-the-exact-time-a-resident-can-stay-o.md
https://immigratetobrazil.com/insights/residency/popularly-it-is-understood-that-an-immigrant-is-a-person-who-migrates/,SOURCE REVIEW REQUIRED — no publication-ready rewrite,Recover the original full article and identify its distinct question before rewriting.,pages/0524-insights--residency--popularly-it-is-understood-that-an-immigrant-is-a-person-who-migrates.md
https://immigratetobrazil.com/insights/residency/renewal-of-the-brazilian-residence-permit-applies-to-those-who-have-a/,SOURCE REVIEW REQUIRED — no publication-ready rewrite,Recover the original full article and identify its distinct question before rewriting.,pages/0525-insights--residency--renewal-of-the-brazilian-residence-permit-applies-to-those-who-have-a.md
https://immigratetobrazil.com/insights/residency/residence-permit-in-brazil-due-to-the-mercosur-agreement-this-residenc/,SOURCE REVIEW REQUIRED — no publication-ready rewrite,Recover the original full article and identify its distinct question before rewriting.,pages/0526-insights--residency--residence-permit-in-brazil-due-to-the-mercosur-agreement-this-residenc.md
https://immigratetobrazil.com/insights/residency/strict-entry-requirements-the-legislation-introduced-specific-entry-re/,SOURCE REVIEW REQUIRED — no publication-ready rewrite,Recover the original full article and identify its distinct question before rewriting.,pages/0527-insights--residency--strict-entry-requirements-the-legislation-introduced-specific-entry-re.md
https://immigratetobrazil.com/insights/residency/the-agreement-between-brazil-and-uruguay-deals-with-permanent-residenc/,SOURCE REVIEW REQUIRED — no publication-ready rewrite,Recover the original full article and identify its distinct question before rewriting.,pages/0528-insights--residency--the-agreement-between-brazil-and-uruguay-deals-with-permanent-residenc.md
https://immigratetobrazil.com/insights/residency/the-loss-of-a-residence-permit-can-occur-due-to-prolonged-absence-or-f/,SOURCE REVIEW REQUIRED — no publication-ready rewrite,Recover the original full article and identify its distinct question before rewriting.,pages/0529-insights--residency--the-loss-of-a-residence-permit-can-occur-due-to-prolonged-absence-or-f.md
https://immigratetobrazil.com/insights/residency/the-person-applying-for-a-residence-permit-to-live-in-brazil-will-also/,SOURCE REVIEW REQUIRED — no publication-ready rewrite,Recover the original full article and identify its distinct question before rewriting.,pages/0530-insights--residency--the-person-applying-for-a-residence-permit-to-live-in-brazil-will-also.md
https://immigratetobrazil.com/insights/residency/the-person-who-will-apply-for-a-residence-permit-to-live-in-brazil-wil/,SOURCE REVIEW REQUIRED — no publication-ready rewrite,Recover the original full article and identify its distinct question before rewriting.,pages/0531-insights--residency--the-person-who-will-apply-for-a-residence-permit-to-live-in-brazil-wil.md
https://immigratetobrazil.com/insights/residency/the-renewal-of-brazilian-residency-permit-applies-to-those-holding-a-t/,SOURCE REVIEW REQUIRED — no publication-ready rewrite,Recover the original full article and identify its distinct question before rewriting.,pages/0532-insights--residency--the-renewal-of-brazilian-residency-permit-applies-to-those-holding-a-t.md
https://immigratetobrazil.com/insights/residency/the-request-for-reconsideration-when-a-request-for-a-residence-permit/,SOURCE REVIEW REQUIRED — no publication-ready rewrite,Recover the original full article and identify its distinct question before rewriting.,pages/0533-insights--residency--the-request-for-reconsideration-when-a-request-for-a-residence-permit.md
https://immigratetobrazil.com/insights/residency/upon-your-return-to-brazil-the-legal-process-for-revoking-your-residen/,SOURCE REVIEW REQUIRED — no publication-ready rewrite,Recover the original full article and identify its distinct question before rewriting.,pages/0534-insights--residency--upon-your-return-to-brazil-the-legal-process-for-revoking-your-residen.md
https://immigratetobrazil.com/insights/updates/2026-03-09-as-of-the-end-of-july-2024-the-ministry-of-justice-and-public-security/,SOURCE REVIEW REQUIRED — no publication-ready rewrite,Recover the original full article and identify its distinct question before rewriting.,pages/0536-insights--updates--2026-03-09-as-of-the-end-of-july-2024-the-ministry-of-justice-and-public-security.md
https://immigratetobrazil.com/insights/updates/2026-03-09-at-the-beginning-of-the-week-fake-prints-of-a-conversation-between-jes/,SOURCE REVIEW REQUIRED — no publication-ready rewrite,Recover the original full article and identify its distinct question before rewriting.,pages/0537-insights--updates--2026-03-09-at-the-beginning-of-the-week-fake-prints-of-a-conversation-between-jes.md
https://immigratetobrazil.com/insights/updates/2026-03-09-autism-awareness-month-5-rights-of-autistic-people-people-with-autism/,SOURCE REVIEW REQUIRED — no publication-ready rewrite,Recover the original full article and identify its distinct question before rewriting.,pages/0538-insights--updates--2026-03-09-autism-awareness-month-5-rights-of-autistic-people-people-with-autism.md
https://immigratetobrazil.com/insights/updates/2026-03-09-brazil-is-adjusting-its-rules-for-the-entry-of-transit-passengers-with/,SOURCE REVIEW REQUIRED — no publication-ready rewrite,Recover the original full article and identify its distinct question before rewriting.,pages/0539-insights--updates--2026-03-09-brazil-is-adjusting-its-rules-for-the-entry-of-transit-passengers-with.md
https://immigratetobrazil.com/insights/updates/2026-03-09-brazilian-legislation-regarding-the-air-transport-of-animals-is-still/,SOURCE REVIEW REQUIRED — no publication-ready rewrite,Recover the original full article and identify its distinct question before rewriting.,pages/0540-insights--updates--2026-03-09-brazilian-legislation-regarding-the-air-transport-of-animals-is-still.md
https://immigratetobrazil.com/insights/updates/2026-03-09-changes-to-latam-and-gol-baggage-rules-have-a-direct-impact-on-the-way/,SOURCE REVIEW REQUIRED — no publication-ready rewrite,Recover the original full article and identify its distinct question before rewriting.,pages/0541-insights--updates--2026-03-09-changes-to-latam-and-gol-baggage-rules-have-a-direct-impact-on-the-way.md
https://immigratetobrazil.com/insights/updates/2026-03-09-china-announced-the-launch-of-the-k-visa-aimed-especially-at-young-pro/,SOURCE REVIEW REQUIRED — no publication-ready rewrite,Recover the original full article and identify its distinct question before rewriting.,pages/0542-insights--updates--2026-03-09-china-announced-the-launch-of-the-k-visa-aimed-especially-at-young-pro.md
https://immigratetobrazil.com/insights/updates/2026-03-09-during-the-naturalization-process-the-applicant-will-be-called-for-a-p/,SOURCE REVIEW REQUIRED — no publication-ready rewrite,Recover the original full article and identify its distinct question before rewriting.,pages/0543-insights--updates--2026-03-09-during-the-naturalization-process-the-applicant-will-be-called-for-a-p.md
https://immigratetobrazil.com/insights/updates/2026-03-09-end-of-the-stamp-in-the-passport-when-traveling-to-europe-from-october/,SOURCE REVIEW REQUIRED — no publication-ready rewrite,Recover the original full article and identify its distinct question before rewriting.,pages/0544-insights--updates--2026-03-09-end-of-the-stamp-in-the-passport-when-traveling-to-europe-from-october.md
https://immigratetobrazil.com/insights/updates/2026-03-09-etias-an-electronic-authorization-similar-to-a-visa-will-be-required-f/,SOURCE REVIEW REQUIRED — no publication-ready rewrite,Recover the original full article and identify its distinct question before rewriting.,pages/0545-insights--updates--2026-03-09-etias-an-electronic-authorization-similar-to-a-visa-will-be-required-f.md
https://immigratetobrazil.com/insights/updates/2026-03-09-foreigners-may-apply-for-a-brazilian-passport-under-specific-circumsta/,SOURCE REVIEW REQUIRED — no publication-ready rewrite,Recover the original full article and identify its distinct question before rewriting.,pages/0546-insights--updates--2026-03-09-foreigners-may-apply-for-a-brazilian-passport-under-specific-circumsta.md
https://immigratetobrazil.com/insights/updates/2026-03-09-from-june-1-2025-brazilian-citizens-will-be-able-to-enter-china-withou/,SOURCE REVIEW REQUIRED — no publication-ready rewrite,Recover the original full article and identify its distinct question before rewriting.,pages/0547-insights--updates--2026-03-09-from-june-1-2025-brazilian-citizens-will-be-able-to-enter-china-withou.md
https://immigratetobrazil.com/insights/updates/2026-03-09-if-a-brazilian-citizen-dies-abroad-the-brazilian-government-does-not-c/,SOURCE REVIEW REQUIRED — no publication-ready rewrite,Recover the original full article and identify its distinct question before rewriting.,pages/0548-insights--updates--2026-03-09-if-a-brazilian-citizen-dies-abroad-the-brazilian-government-does-not-c.md
https://immigratetobrazil.com/insights/updates/2026-03-09-immigrants-when-attended-in-brazilian-public-services-should-be-treate/,SOURCE REVIEW REQUIRED — no publication-ready rewrite,Recover the original full article and identify its distinct question before rewriting.,pages/0549-insights--updates--2026-03-09-immigrants-when-attended-in-brazilian-public-services-should-be-treate.md
https://immigratetobrazil.com/insights/updates/2026-03-09-immigrants-when-receiving-care-in-brazilian-public-services-must-be-tr/,SOURCE REVIEW REQUIRED — no publication-ready rewrite,Recover the original full article and identify its distinct question before rewriting.,pages/0550-insights--updates--2026-03-09-immigrants-when-receiving-care-in-brazilian-public-services-must-be-tr.md
https://immigratetobrazil.com/insights/updates/2026-03-09-in-2011-the-date-was-officially-established-through-law-no-12-519-with/,SOURCE REVIEW REQUIRED — no publication-ready rewrite,Recover the original full article and identify its distinct question before rewriting.,pages/0551-insights--updates--2026-03-09-in-2011-the-date-was-officially-established-through-law-no-12-519-with.md
https://immigratetobrazil.com/insights/updates/2026-03-09-mexico-confirms-resumption-of-the-electronic-visa-for-brazilians-from/,SOURCE REVIEW REQUIRED — no publication-ready rewrite,Recover the original full article and identify its distinct question before rewriting.,pages/0552-insights--updates--2026-03-09-mexico-confirms-resumption-of-the-electronic-visa-for-brazilians-from.md
https://immigratetobrazil.com/insights/updates/2026-03-09-since-october-22-2023-due-to-changes-in-mexican-migration-regulations/,SOURCE REVIEW REQUIRED — no publication-ready rewrite,Recover the original full article and identify its distinct question before rewriting.,pages/0553-insights--updates--2026-03-09-since-october-22-2023-due-to-changes-in-mexican-migration-regulations.md
https://immigratetobrazil.com/insights/updates/2026-03-09-starting-august-20-2025-the-united-states-will-begin-a-12-month-pilot/,SOURCE REVIEW REQUIRED — no publication-ready rewrite,Recover the original full article and identify its distinct question before rewriting.,pages/0554-insights--updates--2026-03-09-starting-august-20-2025-the-united-states-will-begin-a-12-month-pilot.md
https://immigratetobrazil.com/insights/updates/2026-03-09-the-brazilian-government-presented-new-guidelines-for-the-transport-of/,SOURCE REVIEW REQUIRED — no publication-ready rewrite,Recover the original full article and identify its distinct question before rewriting.,pages/0555-insights--updates--2026-03-09-the-brazilian-government-presented-new-guidelines-for-the-transport-of.md
https://immigratetobrazil.com/insights/updates/2026-03-09-the-british-government-has-announced-a-significant-change-to-visa-rule/,SOURCE REVIEW REQUIRED — no publication-ready rewrite,Recover the original full article and identify its distinct question before rewriting.,pages/0556-insights--updates--2026-03-09-the-british-government-has-announced-a-significant-change-to-visa-rule.md
https://immigratetobrazil.com/insights/updates/2026-03-09-the-discussion-about-greater-rigidity-in-import-rules-began-during-the/,SOURCE REVIEW REQUIRED — no publication-ready rewrite,Recover the original full article and identify its distinct question before rewriting.,pages/0557-insights--updates--2026-03-09-the-discussion-about-greater-rigidity-in-import-rules-began-during-the.md
https://immigratetobrazil.com/insights/updates/2026-03-09-the-federal-police-once-again-warned-of-a-serious-budgetary-risk-accor/,SOURCE REVIEW REQUIRED — no publication-ready rewrite,Recover the original full article and identify its distinct question before rewriting.,pages/0558-insights--updates--2026-03-09-the-federal-police-once-again-warned-of-a-serious-budgetary-risk-accor.md
https://immigratetobrazil.com/insights/updates/2026-03-09-the-president-of-the-republic-signed-a-new-decree-that-amends-article/,SOURCE REVIEW REQUIRED — no publication-ready rewrite,Recover the original full article and identify its distinct question before rewriting.,pages/0559-insights--updates--2026-03-09-the-president-of-the-republic-signed-a-new-decree-that-amends-article.md
https://immigratetobrazil.com/insights/updates/2026-03-09-the-united-kingdom-has-begun-implementing-a-new-deportation-program-fo/,SOURCE REVIEW REQUIRED — no publication-ready rewrite,Recover the original full article and identify its distinct question before rewriting.,pages/0560-insights--updates--2026-03-09-the-united-kingdom-has-begun-implementing-a-new-deportation-program-fo.md
https://immigratetobrazil.com/insights/updates/2026-03-09-the-united-states-government-announced-a-new-guideline-from-the-citize/,SOURCE REVIEW REQUIRED — no publication-ready rewrite,Recover the original full article and identify its distinct question before rewriting.,pages/0561-insights--updates--2026-03-09-the-united-states-government-announced-a-new-guideline-from-the-citize.md
https://immigratetobrazil.com/insights/updates/2026-03-09-the-united-states-government-announced-on-june-18-2025-that-it-will-re/,SOURCE REVIEW REQUIRED — no publication-ready rewrite,Recover the original full article and identify its distinct question before rewriting.,pages/0562-insights--updates--2026-03-09-the-united-states-government-announced-on-june-18-2025-that-it-will-re.md
https://immigratetobrazil.com/insights/updates/2026-03-09-the-united-states-government-has-implemented-a-new-fee-of-us-250-calle/,SOURCE REVIEW REQUIRED — no publication-ready rewrite,Recover the original full article and identify its distinct question before rewriting.,pages/0563-insights--updates--2026-03-09-the-united-states-government-has-implemented-a-new-fee-of-us-250-calle.md
https://immigratetobrazil.com/insights/updates/2026-03-09-there-will-no-longer-be-any-import-tax-charged-on-online-purchases-of/,SOURCE REVIEW REQUIRED — no publication-ready rewrite,Recover the original full article and identify its distinct question before rewriting.,pages/0564-insights--updates--2026-03-09-there-will-no-longer-be-any-import-tax-charged-on-online-purchases-of.md
https://immigratetobrazil.com/insights/updates/2026-03-09-thus-the-company-stops-making-some-mandatory-payments-and-the-worker-l/,SOURCE REVIEW REQUIRED — no publication-ready rewrite,Recover the original full article and identify its distinct question before rewriting.,pages/0565-insights--updates--2026-03-09-thus-the-company-stops-making-some-mandatory-payments-and-the-worker-l.md
https://immigratetobrazil.com/insights/updates/2026-03-09-with-an-aging-population-and-growing-dependence-on-immigrants-to-meet/,SOURCE REVIEW REQUIRED — no publication-ready rewrite,Recover the original full article and identify its distinct question before rewriting.,pages/0566-insights--updates--2026-03-09-with-an-aging-population-and-growing-dependence-on-immigrants-to-meet.md
https://immigratetobrazil.com/insights/updates/2026-03-09-world-refugee-day-celebrated-on-june-20-is-a-date-established-by-the-u/,SOURCE REVIEW REQUIRED — no publication-ready rewrite,Recover the original full article and identify its distinct question before rewriting.,pages/0567-insights--updates--2026-03-09-world-refugee-day-celebrated-on-june-20-is-a-date-established-by-the-u.md
https://immigratetobrazil.com/insights/updates/2026-03-10-as-of-the-end-of-july-2024-the-ministry-of-justice-and-public-security/,SOURCE REVIEW REQUIRED — no publication-ready rewrite,Recover the original full article and identify its distinct question before rewriting.,pages/0568-insights--updates--2026-03-10-as-of-the-end-of-july-2024-the-ministry-of-justice-and-public-security.md
https://immigratetobrazil.com/insights/updates/2026-03-10-at-the-beginning-of-the-week-fake-prints-of-a-conversation-between-jes/,SOURCE REVIEW REQUIRED — no publication-ready rewrite,Recover the original full article and identify its distinct question before rewriting.,pages/0569-insights--updates--2026-03-10-at-the-beginning-of-the-week-fake-prints-of-a-conversation-between-jes.md
https://immigratetobrazil.com/insights/updates/2026-03-10-autism-awareness-month-5-rights-of-autistic-people-people-with-autism/,SOURCE REVIEW REQUIRED — no publication-ready rewrite,Recover the original full article and identify its distinct question before rewriting.,pages/0570-insights--updates--2026-03-10-autism-awareness-month-5-rights-of-autistic-people-people-with-autism.md
https://immigratetobrazil.com/insights/updates/2026-03-10-brazil-is-adjusting-its-rules-for-the-entry-of-transit-passengers-with/,SOURCE REVIEW REQUIRED — no publication-ready rewrite,Recover the original full article and identify its distinct question before rewriting.,pages/0571-insights--updates--2026-03-10-brazil-is-adjusting-its-rules-for-the-entry-of-transit-passengers-with.md
https://immigratetobrazil.com/insights/updates/2026-03-10-brazilian-legislation-regarding-the-air-transport-of-animals-is-still/,SOURCE REVIEW REQUIRED — no publication-ready rewrite,Recover the original full article and identify its distinct question before rewriting.,pages/0572-insights--updates--2026-03-10-brazilian-legislation-regarding-the-air-transport-of-animals-is-still.md
https://immigratetobrazil.com/insights/updates/2026-03-10-changes-to-latam-and-gol-baggage-rules-have-a-direct-impact-on-the-way/,SOURCE REVIEW REQUIRED — no publication-ready rewrite,Recover the original full article and identify its distinct question before rewriting.,pages/0573-insights--updates--2026-03-10-changes-to-latam-and-gol-baggage-rules-have-a-direct-impact-on-the-way.md
https://immigratetobrazil.com/insights/updates/2026-03-10-china-announced-the-launch-of-the-k-visa-aimed-especially-at-young-pro/,SOURCE REVIEW REQUIRED — no publication-ready rewrite,Recover the original full article and identify its distinct question before rewriting.,pages/0574-insights--updates--2026-03-10-china-announced-the-launch-of-the-k-visa-aimed-especially-at-young-pro.md
https://immigratetobrazil.com/insights/updates/2026-03-10-during-the-naturalization-process-the-applicant-will-be-called-for-a-p/,SOURCE REVIEW REQUIRED — no publication-ready rewrite,Recover the original full article and identify its distinct question before rewriting.,pages/0575-insights--updates--2026-03-10-during-the-naturalization-process-the-applicant-will-be-called-for-a-p.md
https://immigratetobrazil.com/insights/updates/2026-03-10-end-of-the-stamp-in-the-passport-when-traveling-to-europe-from-october/,SOURCE REVIEW REQUIRED — no publication-ready rewrite,Recover the original full article and identify its distinct question before rewriting.,pages/0576-insights--updates--2026-03-10-end-of-the-stamp-in-the-passport-when-traveling-to-europe-from-october.md
https://immigratetobrazil.com/insights/updates/2026-03-10-etias-an-electronic-authorization-similar-to-a-visa-will-be-required-f/,SOURCE REVIEW REQUIRED — no publication-ready rewrite,Recover the original full article and identify its distinct question before rewriting.,pages/0577-insights--updates--2026-03-10-etias-an-electronic-authorization-similar-to-a-visa-will-be-required-f.md
https://immigratetobrazil.com/insights/updates/2026-03-10-foreigners-may-apply-for-a-brazilian-passport-under-specific-circumsta/,SOURCE REVIEW REQUIRED — no publication-ready rewrite,Recover the original full article and identify its distinct question before rewriting.,pages/0578-insights--updates--2026-03-10-foreigners-may-apply-for-a-brazilian-passport-under-specific-circumsta.md
https://immigratetobrazil.com/insights/updates/2026-03-10-from-june-1-2025-brazilian-citizens-will-be-able-to-enter-china-withou/,SOURCE REVIEW REQUIRED — no publication-ready rewrite,Recover the original full article and identify its distinct question before rewriting.,pages/0579-insights--updates--2026-03-10-from-june-1-2025-brazilian-citizens-will-be-able-to-enter-china-withou.md
https://immigratetobrazil.com/insights/updates/2026-03-10-if-a-brazilian-citizen-dies-abroad-the-brazilian-government-does-not-c/,SOURCE REVIEW REQUIRED — no publication-ready rewrite,Recover the original full article and identify its distinct question before rewriting.,pages/0580-insights--updates--2026-03-10-if-a-brazilian-citizen-dies-abroad-the-brazilian-government-does-not-c.md
https://immigratetobrazil.com/insights/updates/2026-03-10-immigrants-when-attended-in-brazilian-public-services-should-be-treate/,SOURCE REVIEW REQUIRED — no publication-ready rewrite,Recover the original full article and identify its distinct question before rewriting.,pages/0581-insights--updates--2026-03-10-immigrants-when-attended-in-brazilian-public-services-should-be-treate.md
https://immigratetobrazil.com/insights/updates/2026-03-10-immigrants-when-receiving-care-in-brazilian-public-services-must-be-tr/,SOURCE REVIEW REQUIRED — no publication-ready rewrite,Recover the original full article and identify its distinct question before rewriting.,pages/0582-insights--updates--2026-03-10-immigrants-when-receiving-care-in-brazilian-public-services-must-be-tr.md
https://immigratetobrazil.com/insights/updates/2026-03-10-in-2011-the-date-was-officially-established-through-law-no-12-519-with/,SOURCE REVIEW REQUIRED — no publication-ready rewrite,Recover the original full article and identify its distinct question before rewriting.,pages/0583-insights--updates--2026-03-10-in-2011-the-date-was-officially-established-through-law-no-12-519-with.md
https://immigratetobrazil.com/insights/updates/2026-03-10-mexico-confirms-resumption-of-the-electronic-visa-for-brazilians-from/,SOURCE REVIEW REQUIRED — no publication-ready rewrite,Recover the original full article and identify its distinct question before rewriting.,pages/0584-insights--updates--2026-03-10-mexico-confirms-resumption-of-the-electronic-visa-for-brazilians-from.md
https://immigratetobrazil.com/insights/updates/2026-03-10-since-october-22-2023-due-to-changes-in-mexican-migration-regulations/,SOURCE REVIEW REQUIRED — no publication-ready rewrite,Recover the original full article and identify its distinct question before rewriting.,pages/0585-insights--updates--2026-03-10-since-october-22-2023-due-to-changes-in-mexican-migration-regulations.md
https://immigratetobrazil.com/insights/updates/2026-03-10-starting-august-20-2025-the-united-states-will-begin-a-12-month-pilot/,SOURCE REVIEW REQUIRED — no publication-ready rewrite,Recover the original full article and identify its distinct question before rewriting.,pages/0586-insights--updates--2026-03-10-starting-august-20-2025-the-united-states-will-begin-a-12-month-pilot.md
https://immigratetobrazil.com/insights/updates/2026-03-10-the-brazilian-government-presented-new-guidelines-for-the-transport-of/,SOURCE REVIEW REQUIRED — no publication-ready rewrite,Recover the original full article and identify its distinct question before rewriting.,pages/0587-insights--updates--2026-03-10-the-brazilian-government-presented-new-guidelines-for-the-transport-of.md
https://immigratetobrazil.com/insights/updates/2026-03-10-the-british-government-has-announced-a-significant-change-to-visa-rule/,SOURCE REVIEW REQUIRED — no publication-ready rewrite,Recover the original full article and identify its distinct question before rewriting.,pages/0588-insights--updates--2026-03-10-the-british-government-has-announced-a-significant-change-to-visa-rule.md
https://immigratetobrazil.com/insights/updates/2026-03-10-the-discussion-about-greater-rigidity-in-import-rules-began-during-the/,SOURCE REVIEW REQUIRED — no publication-ready rewrite,Recover the original full article and identify its distinct question before rewriting.,pages/0589-insights--updates--2026-03-10-the-discussion-about-greater-rigidity-in-import-rules-began-during-the.md
https://immigratetobrazil.com/insights/updates/2026-03-10-the-federal-police-once-again-warned-of-a-serious-budgetary-risk-accor/,SOURCE REVIEW REQUIRED — no publication-ready rewrite,Recover the original full article and identify its distinct question before rewriting.,pages/0590-insights--updates--2026-03-10-the-federal-police-once-again-warned-of-a-serious-budgetary-risk-accor.md
https://immigratetobrazil.com/insights/updates/2026-03-10-the-president-of-the-republic-signed-a-new-decree-that-amends-article/,SOURCE REVIEW REQUIRED — no publication-ready rewrite,Recover the original full article and identify its distinct question before rewriting.,pages/0591-insights--updates--2026-03-10-the-president-of-the-republic-signed-a-new-decree-that-amends-article.md
https://immigratetobrazil.com/insights/updates/2026-03-10-the-united-kingdom-has-begun-implementing-a-new-deportation-program-fo/,SOURCE REVIEW REQUIRED — no publication-ready rewrite,Recover the original full article and identify its distinct question before rewriting.,pages/0592-insights--updates--2026-03-10-the-united-kingdom-has-begun-implementing-a-new-deportation-program-fo.md
https://immigratetobrazil.com/insights/updates/2026-03-10-the-united-states-government-announced-a-new-guideline-from-the-citize/,SOURCE REVIEW REQUIRED — no publication-ready rewrite,Recover the original full article and identify its distinct question before rewriting.,pages/0593-insights--updates--2026-03-10-the-united-states-government-announced-a-new-guideline-from-the-citize.md
https://immigratetobrazil.com/insights/updates/2026-03-10-the-united-states-government-announced-on-june-18-2025-that-it-will-re/,SOURCE REVIEW REQUIRED — no publication-ready rewrite,Recover the original full article and identify its distinct question before rewriting.,pages/0594-insights--updates--2026-03-10-the-united-states-government-announced-on-june-18-2025-that-it-will-re.md
https://immigratetobrazil.com/insights/updates/2026-03-10-the-united-states-government-has-implemented-a-new-fee-of-us-250-calle/,SOURCE REVIEW REQUIRED — no publication-ready rewrite,Recover the original full article and identify its distinct question before rewriting.,pages/0595-insights--updates--2026-03-10-the-united-states-government-has-implemented-a-new-fee-of-us-250-calle.md
https://immigratetobrazil.com/insights/updates/2026-03-10-there-will-no-longer-be-any-import-tax-charged-on-online-purchases-of/,SOURCE REVIEW REQUIRED — no publication-ready rewrite,Recover the original full article and identify its distinct question before rewriting.,pages/0596-insights--updates--2026-03-10-there-will-no-longer-be-any-import-tax-charged-on-online-purchases-of.md
https://immigratetobrazil.com/insights/updates/2026-03-10-thus-the-company-stops-making-some-mandatory-payments-and-the-worker-l/,SOURCE REVIEW REQUIRED — no publication-ready rewrite,Recover the original full article and identify its distinct question before rewriting.,pages/0597-insights--updates--2026-03-10-thus-the-company-stops-making-some-mandatory-payments-and-the-worker-l.md
https://immigratetobrazil.com/insights/updates/2026-03-10-with-an-aging-population-and-growing-dependence-on-immigrants-to-meet/,SOURCE REVIEW REQUIRED — no publication-ready rewrite,Recover the original full article and identify its distinct question before rewriting.,pages/0598-insights--updates--2026-03-10-with-an-aging-population-and-growing-dependence-on-immigrants-to-meet.md
https://immigratetobrazil.com/insights/updates/2026-03-10-world-refugee-day-celebrated-on-june-20-is-a-date-established-by-the-u/,SOURCE REVIEW REQUIRED — no publication-ready rewrite,Recover the original full article and identify its distinct question before rewriting.,pages/0599-insights--updates--2026-03-10-world-refugee-day-celebrated-on-june-20-is-a-date-established-by-the-u.md
https://immigratetobrazil.com/insights/visa/a-brazilian-visa-is-valid-for-a-set-period-during-which-youre-allowed/,SOURCE REVIEW REQUIRED — no publication-ready rewrite,Recover the original full article and identify its distinct question before rewriting.,pages/0601-insights--visa--a-brazilian-visa-is-valid-for-a-set-period-during-which-youre-allowed.md
https://immigratetobrazil.com/insights/visa/a-recent-study-conducted-by-embratur-in-partnership-with-visa-and-ipso/,SOURCE REVIEW REQUIRED — no publication-ready rewrite,Recover the original full article and identify its distinct question before rewriting.,pages/0602-insights--visa--a-recent-study-conducted-by-embratur-in-partnership-with-visa-and-ipso.md
https://immigratetobrazil.com/insights/visa/according-to-brazilian-regulations-all-visa-applications-for-minors-mu/,SOURCE REVIEW REQUIRED — no publication-ready rewrite,Recover the original full article and identify its distinct question before rewriting.,pages/0603-insights--visa--according-to-brazilian-regulations-all-visa-applications-for-minors-mu.md
https://immigratetobrazil.com/insights/visa/according-to-recent-news-as-an-indigenous-immigrant-in-the-united-stat/,SOURCE REVIEW REQUIRED — no publication-ready rewrite,Recover the original full article and identify its distinct question before rewriting.,pages/0604-insights--visa--according-to-recent-news-as-an-indigenous-immigrant-in-the-united-stat.md
https://immigratetobrazil.com/insights/visa/according-to-this-news-as-an-indigenous-immigrant-in-the-united-states/,SOURCE REVIEW REQUIRED — no publication-ready rewrite,Recover the original full article and identify its distinct question before rewriting.,pages/0605-insights--visa--according-to-this-news-as-an-indigenous-immigrant-in-the-united-states.md
https://immigratetobrazil.com/insights/visa/acquiring-a-student-visa-to-become-an-exchange-student-in-brazil-prese/,SOURCE REVIEW REQUIRED — no publication-ready rewrite,Recover the original full article and identify its distinct question before rewriting.,pages/0606-insights--visa--acquiring-a-student-visa-to-become-an-exchange-student-in-brazil-prese.md
https://immigratetobrazil.com/insights/visa/although-brazilian-migration-legislation-does-not-mention-the-right-to/,SOURCE REVIEW REQUIRED — no publication-ready rewrite,Recover the original full article and identify its distinct question before rewriting.,pages/0607-insights--visa--although-brazilian-migration-legislation-does-not-mention-the-right-to.md
https://immigratetobrazil.com/insights/visa/always-consult-an-immigration-lawyer-for-instructions-based-on-your-ca/,SOURCE REVIEW REQUIRED — no publication-ready rewrite,Recover the original full article and identify its distinct question before rewriting.,pages/0608-insights--visa--always-consult-an-immigration-lawyer-for-instructions-based-on-your-ca.md
https://immigratetobrazil.com/insights/visa/anyone-purchasing-their-first-residential-property-through-financing-u/,SOURCE REVIEW REQUIRED — no publication-ready rewrite,Recover the original full article and identify its distinct question before rewriting.,pages/0609-insights--visa--anyone-purchasing-their-first-residential-property-through-financing-u.md
https://immigratetobrazil.com/insights/visa/arriving-in-brazil-as-a-tourist-and-subsequently-obtaining-a-residence/,SOURCE REVIEW REQUIRED — no publication-ready rewrite,Recover the original full article and identify its distinct question before rewriting.,pages/0610-insights--visa--arriving-in-brazil-as-a-tourist-and-subsequently-obtaining-a-residence.md
https://immigratetobrazil.com/insights/visa/arriving-in-brazil-as-a-tourist-and-subsequently-obtaining-a-residency/,SOURCE REVIEW REQUIRED — no publication-ready rewrite,Recover the original full article and identify its distinct question before rewriting.,pages/0611-insights--visa--arriving-in-brazil-as-a-tourist-and-subsequently-obtaining-a-residency.md
https://immigratetobrazil.com/insights/visa/assai-located-in-the-state-of-parana-brazil-was-established-in-the-ear/,SOURCE REVIEW REQUIRED — no publication-ready rewrite,Recover the original full article and identify its distinct question before rewriting.,pages/0612-insights--visa--assai-located-in-the-state-of-parana-brazil-was-established-in-the-ear.md
https://immigratetobrazil.com/insights/visa/before-submitting-your-visa-application-it-is-essential-to-first-prepa/,SOURCE REVIEW REQUIRED — no publication-ready rewrite,Recover the original full article and identify its distinct question before rewriting.,pages/0613-insights--visa--before-submitting-your-visa-application-it-is-essential-to-first-prepa.md
https://immigratetobrazil.com/insights/visa/before-submitting-your-visa-application-it-s-essential-to-first-beggin/,SOURCE REVIEW REQUIRED — no publication-ready rewrite,Recover the original full article and identify its distinct question before rewriting.,pages/0614-insights--visa--before-submitting-your-visa-application-it-s-essential-to-first-beggin.md
https://immigratetobrazil.com/insights/visa/before-you-travel-or-live-in-another-country-you-need-to-carry-out-leg/,SOURCE REVIEW REQUIRED — no publication-ready rewrite,Recover the original full article and identify its distinct question before rewriting.,pages/0615-insights--visa--before-you-travel-or-live-in-another-country-you-need-to-carry-out-leg.md
https://immigratetobrazil.com/insights/visa/behind-each-visa-there-is-a-lifetime-of-expectations-memories-and-drea/,SOURCE REVIEW REQUIRED — no publication-ready rewrite,Recover the original full article and identify its distinct question before rewriting.,pages/0616-insights--visa--behind-each-visa-there-is-a-lifetime-of-expectations-memories-and-drea.md
https://immigratetobrazil.com/insights/visa/brazil-does-not-offer-specific-fiance-or-spouse-visas-but-has-provisio/,SOURCE REVIEW REQUIRED — no publication-ready rewrite,Recover the original full article and identify its distinct question before rewriting.,pages/0617-insights--visa--brazil-does-not-offer-specific-fiance-or-spouse-visas-but-has-provisio.md
https://immigratetobrazil.com/insights/visa/brazil-doesn-t-offer-specific-fiance-or-spouse-visas-it-does-have-prov/,SOURCE REVIEW REQUIRED — no publication-ready rewrite,Recover the original full article and identify its distinct question before rewriting.,pages/0618-insights--visa--brazil-doesn-t-offer-specific-fiance-or-spouse-visas-it-does-have-prov.md
https://immigratetobrazil.com/insights/visa/brazil-grants-a-temporary-visa-to-foreigners-who-come-to-the-country-w/,SOURCE REVIEW REQUIRED — no publication-ready rewrite,Recover the original full article and identify its distinct question before rewriting.,pages/0619-insights--visa--brazil-grants-a-temporary-visa-to-foreigners-who-come-to-the-country-w.md
https://immigratetobrazil.com/insights/visa/brazil-grants-permanent-residency-to-foreign-nationals-through-various/,SOURCE REVIEW REQUIRED — no publication-ready rewrite,Recover the original full article and identify its distinct question before rewriting.,pages/0620-insights--visa--brazil-grants-permanent-residency-to-foreign-nationals-through-various.md
https://immigratetobrazil.com/insights/visa/brazil-issues-the-cplp-temporary-visa-only-in-some-specific-cities/,SOURCE REVIEW REQUIRED — no publication-ready rewrite,Recover the original full article and identify its distinct question before rewriting.,pages/0621-insights--visa--brazil-issues-the-cplp-temporary-visa-only-in-some-specific-cities.md
https://immigratetobrazil.com/insights/visa/brazil-legal-guidance-eligibility-and-process-2/,SOURCE REVIEW REQUIRED — no publication-ready rewrite,Recover the original full article and identify its distinct question before rewriting.,pages/0622-insights--visa--brazil-legal-guidance-eligibility-and-process-2.md
https://immigratetobrazil.com/insights/visa/brazil-legal-guidance-eligibility-and-process-3/,SOURCE REVIEW REQUIRED — no publication-ready rewrite,Recover the original full article and identify its distinct question before rewriting.,pages/0623-insights--visa--brazil-legal-guidance-eligibility-and-process-3.md
https://immigratetobrazil.com/insights/visa/brazil-legal-guidance-eligibility-and-process/,SOURCE REVIEW REQUIRED — no publication-ready rewrite,Recover the original full article and identify its distinct question before rewriting.,pages/0624-insights--visa--brazil-legal-guidance-eligibility-and-process.md
https://immigratetobrazil.com/insights/visa/brazil-offers-a-digital-nomad-visa-for-foreign-nationals-who-wish-to-l/,SOURCE REVIEW REQUIRED — no publication-ready rewrite,Recover the original full article and identify its distinct question before rewriting.,pages/0625-insights--visa--brazil-offers-a-digital-nomad-visa-for-foreign-nationals-who-wish-to-l.md
https://immigratetobrazil.com/insights/visa/brazil-offers-a-specific-visa-and-residency-for-artists-and-athletes-c/,SOURCE REVIEW REQUIRED — no publication-ready rewrite,Recover the original full article and identify its distinct question before rewriting.,pages/0626-insights--visa--brazil-offers-a-specific-visa-and-residency-for-artists-and-athletes-c.md
https://immigratetobrazil.com/insights/visa/brazil-offers-humanitarian-visa-to-individuals-in-situations-of-extrem/,SOURCE REVIEW REQUIRED — no publication-ready rewrite,Recover the original full article and identify its distinct question before rewriting.,pages/0627-insights--visa--brazil-offers-humanitarian-visa-to-individuals-in-situations-of-extrem.md
https://immigratetobrazil.com/insights/visa/brazil-offers-student-visa-for-foreign-medical-residents-who-wish-to-p/,SOURCE REVIEW REQUIRED — no publication-ready rewrite,Recover the original full article and identify its distinct question before rewriting.,pages/0628-insights--visa--brazil-offers-student-visa-for-foreign-medical-residents-who-wish-to-p.md
https://immigratetobrazil.com/insights/visa/brazil-offers-the-possibility-of-permanent-residency-for-families-wish/,SOURCE REVIEW REQUIRED — no publication-ready rewrite,Recover the original full article and identify its distinct question before rewriting.,pages/0629-insights--visa--brazil-offers-the-possibility-of-permanent-residency-for-families-wish.md
https://immigratetobrazil.com/insights/visa/brazil-s-digital-nomad-visa-is-your-ticket-to-an-incredible-experience/,SOURCE REVIEW REQUIRED — no publication-ready rewrite,Recover the original full article and identify its distinct question before rewriting.,pages/0630-insights--visa--brazil-s-digital-nomad-visa-is-your-ticket-to-an-incredible-experience.md
https://immigratetobrazil.com/insights/visa/brazil-s-real-estate-market-is-booming-offering-incredible-potential-f/,SOURCE REVIEW REQUIRED — no publication-ready rewrite,Recover the original full article and identify its distinct question before rewriting.,pages/0631-insights--visa--brazil-s-real-estate-market-is-booming-offering-incredible-potential-f.md
https://immigratetobrazil.com/insights/visa/brazilian-law-permits-students-on-a-student-visa-to-work-while-studyin/,SOURCE REVIEW REQUIRED — no publication-ready rewrite,Recover the original full article and identify its distinct question before rewriting.,pages/0632-insights--visa--brazilian-law-permits-students-on-a-student-visa-to-work-while-studyin.md
https://immigratetobrazil.com/insights/visa/brazilian-student-visa-for-medical-studies-the-brazilian-student-visa/,SOURCE REVIEW REQUIRED — no publication-ready rewrite,Recover the original full article and identify its distinct question before rewriting.,pages/0633-insights--visa--brazilian-student-visa-for-medical-studies-the-brazilian-student-visa.md
https://immigratetobrazil.com/insights/visa/brazilian-temporary-residency-permit-for-work-consulting-with-an-immig/,SOURCE REVIEW REQUIRED — no publication-ready rewrite,Recover the original full article and identify its distinct question before rewriting.,pages/0634-insights--visa--brazilian-temporary-residency-permit-for-work-consulting-with-an-immig.md
https://immigratetobrazil.com/insights/visa/consulting-with-an-immigration-lawyer-ensures-that-you-have-a-knowledg-2/,SOURCE REVIEW REQUIRED — no publication-ready rewrite,Recover the original full article and identify its distinct question before rewriting.,pages/0635-insights--visa--consulting-with-an-immigration-lawyer-ensures-that-you-have-a-knowledg-2.md
https://immigratetobrazil.com/insights/visa/consulting-with-an-immigration-lawyer-ensures-that-you-have-a-knowledg-3/,SOURCE REVIEW REQUIRED — no publication-ready rewrite,Recover the original full article and identify its distinct question before rewriting.,pages/0636-insights--visa--consulting-with-an-immigration-lawyer-ensures-that-you-have-a-knowledg-3.md
https://immigratetobrazil.com/insights/visa/consulting-with-an-immigration-lawyer-ensures-that-you-have-a-knowledg/,SOURCE REVIEW REQUIRED — no publication-ready rewrite,Recover the original full article and identify its distinct question before rewriting.,pages/0637-insights--visa--consulting-with-an-immigration-lawyer-ensures-that-you-have-a-knowledg.md
https://immigratetobrazil.com/insights/visa/due-to-the-political-crises-in-syria-the-brazilian-embassy-in-syria-ha/,SOURCE REVIEW REQUIRED — no publication-ready rewrite,Recover the original full article and identify its distinct question before rewriting.,pages/0638-insights--visa--due-to-the-political-crises-in-syria-the-brazilian-embassy-in-syria-ha.md
https://immigratetobrazil.com/insights/visa/entering-brazil-as-a-tourist-can-be-a-valid-starting-point-for-anyone/,SOURCE REVIEW REQUIRED — no publication-ready rewrite,Recover the original full article and identify its distinct question before rewriting.,pages/0639-insights--visa--entering-brazil-as-a-tourist-can-be-a-valid-starting-point-for-anyone.md
https://immigratetobrazil.com/insights/visa/entering-brazil-as-a-tourist-can-serve-as-a-valid-starting-point-for-t/,SOURCE REVIEW REQUIRED — no publication-ready rewrite,Recover the original full article and identify its distinct question before rewriting.,pages/0640-insights--visa--entering-brazil-as-a-tourist-can-serve-as-a-valid-starting-point-for-t.md
https://immigratetobrazil.com/insights/visa/even-though-this-visa-offers-permanent-residency-it-comes-with-conditi/,SOURCE REVIEW REQUIRED — no publication-ready rewrite,Recover the original full article and identify its distinct question before rewriting.,pages/0641-insights--visa--even-though-this-visa-offers-permanent-residency-it-comes-with-conditi.md
https://immigratetobrazil.com/insights/visa/every-visa-applicant-has-the-right-to-receive-a-justification/,SOURCE REVIEW REQUIRED — no publication-ready rewrite,Recover the original full article and identify its distinct question before rewriting.,pages/0642-insights--visa--every-visa-applicant-has-the-right-to-receive-a-justification.md
https://immigratetobrazil.com/insights/visa/expanding-a-business-into-brazil-requires-careful-planning-and-complia/,SOURCE REVIEW REQUIRED — no publication-ready rewrite,Recover the original full article and identify its distinct question before rewriting.,pages/0643-insights--visa--expanding-a-business-into-brazil-requires-careful-planning-and-complia.md
https://immigratetobrazil.com/insights/visa/explore-tax-friendly-destinations-and-optimize-your-tax-situation-whil/,SOURCE REVIEW REQUIRED — no publication-ready rewrite,Recover the original full article and identify its distinct question before rewriting.,pages/0644-insights--visa--explore-tax-friendly-destinations-and-optimize-your-tax-situation-whil.md
https://immigratetobrazil.com/insights/visa/for-brazilians-wishing-to-go-to-new-zealand-the-brazil-new-zealand-wor/,SOURCE REVIEW REQUIRED — no publication-ready rewrite,Recover the original full article and identify its distinct question before rewriting.,pages/0645-insights--visa--for-brazilians-wishing-to-go-to-new-zealand-the-brazil-new-zealand-wor.md
https://immigratetobrazil.com/insights/visa/for-certain-nationalities-a-visa-for-this-is-not-required/,SOURCE REVIEW REQUIRED — no publication-ready rewrite,Recover the original full article and identify its distinct question before rewriting.,pages/0646-insights--visa--for-certain-nationalities-a-visa-for-this-is-not-required.md
https://immigratetobrazil.com/insights/visa/for-those-planning-to-travel-to-the-united-states-to-watch-the-2026-wo/,SOURCE REVIEW REQUIRED — no publication-ready rewrite,Recover the original full article and identify its distinct question before rewriting.,pages/0647-insights--visa--for-those-planning-to-travel-to-the-united-states-to-watch-the-2026-wo.md
https://immigratetobrazil.com/insights/visa/foreign-nationals-who-come-to-brazil-for-research-teaching-or-academic/,SOURCE REVIEW REQUIRED — no publication-ready rewrite,Recover the original full article and identify its distinct question before rewriting.,pages/0648-insights--visa--foreign-nationals-who-come-to-brazil-for-research-teaching-or-academic.md
https://immigratetobrazil.com/insights/visa/hiring-foreign-workers-has-become-an-increasingly-common-practice-amon/,SOURCE REVIEW REQUIRED — no publication-ready rewrite,Recover the original full article and identify its distinct question before rewriting.,pages/0649-insights--visa--hiring-foreign-workers-has-become-an-increasingly-common-practice-amon.md
https://immigratetobrazil.com/insights/visa/i-will-be-working-remotely-in-brazil/,SOURCE REVIEW REQUIRED — no publication-ready rewrite,Recover the original full article and identify its distinct question before rewriting.,pages/0650-insights--visa--i-will-be-working-remotely-in-brazil.md
https://immigratetobrazil.com/insights/visa/if-a-person-received-a-portuguese-residence-visa-without-making-an-app/,SOURCE REVIEW REQUIRED — no publication-ready rewrite,Recover the original full article and identify its distinct question before rewriting.,pages/0651-insights--visa--if-a-person-received-a-portuguese-residence-visa-without-making-an-app.md
https://immigratetobrazil.com/insights/visa/if-an-artist-charges-a-fee-for-their-performance-a-work-visa-is-requir/,SOURCE REVIEW REQUIRED — no publication-ready rewrite,Recover the original full article and identify its distinct question before rewriting.,pages/0652-insights--visa--if-an-artist-charges-a-fee-for-their-performance-a-work-visa-is-requir.md
https://immigratetobrazil.com/insights/visa/if-an-investor-an-individual-is-looking-for-opportunities-and-to-be-ab/,SOURCE REVIEW REQUIRED — no publication-ready rewrite,Recover the original full article and identify its distinct question before rewriting.,pages/0653-insights--visa--if-an-investor-an-individual-is-looking-for-opportunities-and-to-be-ab.md
https://immigratetobrazil.com/insights/visa/if-the-brazilian-consulate-does-not-provide-a-justification-for-the-vi/,SOURCE REVIEW REQUIRED — no publication-ready rewrite,Recover the original full article and identify its distinct question before rewriting.,pages/0654-insights--visa--if-the-brazilian-consulate-does-not-provide-a-justification-for-the-vi.md
https://immigratetobrazil.com/insights/visa/if-the-couple-wishes-to-live-in-brazil-after-marriage-the-foreigner-wi/,SOURCE REVIEW REQUIRED — no publication-ready rewrite,Recover the original full article and identify its distinct question before rewriting.,pages/0655-insights--visa--if-the-couple-wishes-to-live-in-brazil-after-marriage-the-foreigner-wi.md
https://immigratetobrazil.com/insights/visa/if-you-are-an-investor-looking-to-reside-in-brazil-with-foreign-resour/,SOURCE REVIEW REQUIRED — no publication-ready rewrite,Recover the original full article and identify its distinct question before rewriting.,pages/0656-insights--visa--if-you-are-an-investor-looking-to-reside-in-brazil-with-foreign-resour.md
https://immigratetobrazil.com/insights/visa/if-you-arrived-in-brazil-as-a-tourist-and-want-to-stay-longer-than-ini/,SOURCE REVIEW REQUIRED — no publication-ready rewrite,Recover the original full article and identify its distinct question before rewriting.,pages/0657-insights--visa--if-you-arrived-in-brazil-as-a-tourist-and-want-to-stay-longer-than-ini.md
https://immigratetobrazil.com/insights/visa/if-you-arrived-in-brazil-as-a-tourist-and-wish-to-stay-longer-than-ori/,SOURCE REVIEW REQUIRED — no publication-ready rewrite,Recover the original full article and identify its distinct question before rewriting.,pages/0658-insights--visa--if-you-arrived-in-brazil-as-a-tourist-and-wish-to-stay-longer-than-ori.md
https://immigratetobrazil.com/insights/visa/if-you-currently-hold-a-temporary-residence-permit-in-brazil-and-are-w/,SOURCE REVIEW REQUIRED — no publication-ready rewrite,Recover the original full article and identify its distinct question before rewriting.,pages/0659-insights--visa--if-you-currently-hold-a-temporary-residence-permit-in-brazil-and-are-w.md
https://immigratetobrazil.com/insights/visa/if-you-hold-a-temporary-visa-or-residence-permit-it-s-imperative-to-co/,SOURCE REVIEW REQUIRED — no publication-ready rewrite,Recover the original full article and identify its distinct question before rewriting.,pages/0660-insights--visa--if-you-hold-a-temporary-visa-or-residence-permit-it-s-imperative-to-co.md
https://immigratetobrazil.com/insights/visa/if-you-hold-a-temporary-visa-or-residency-permit-it-s-imperative-to-co/,SOURCE REVIEW REQUIRED — no publication-ready rewrite,Recover the original full article and identify its distinct question before rewriting.,pages/0661-insights--visa--if-you-hold-a-temporary-visa-or-residency-permit-it-s-imperative-to-co.md
https://immigratetobrazil.com/insights/visa/if-you-re-from-one-of-the-eligible-countries-you-can-request-a-90-day-2/,SOURCE REVIEW REQUIRED — no publication-ready rewrite,Recover the original full article and identify its distinct question before rewriting.,pages/0662-insights--visa--if-you-re-from-one-of-the-eligible-countries-you-can-request-a-90-day-2.md
https://immigratetobrazil.com/insights/visa/if-you-re-from-one-of-the-eligible-countries-you-can-request-a-90-day/,SOURCE REVIEW REQUIRED — no publication-ready rewrite,Recover the original full article and identify its distinct question before rewriting.,pages/0663-insights--visa--if-you-re-from-one-of-the-eligible-countries-you-can-request-a-90-day.md
https://immigratetobrazil.com/insights/visa/if-your-american-visa-is-denied-the-first-recommended-action-is-to-loo/,SOURCE REVIEW REQUIRED — no publication-ready rewrite,Recover the original full article and identify its distinct question before rewriting.,pages/0664-insights--visa--if-your-american-visa-is-denied-the-first-recommended-action-is-to-loo.md
https://immigratetobrazil.com/insights/visa/if-youve-studied-in-brazil-and-are-thinking-about-staying-to-work-ther/,SOURCE REVIEW REQUIRED — no publication-ready rewrite,Recover the original full article and identify its distinct question before rewriting.,pages/0665-insights--visa--if-youve-studied-in-brazil-and-are-thinking-about-staying-to-work-ther.md
https://immigratetobrazil.com/insights/visa/immigrating-to-a-new-country-is-a-life-altering-decision-and-seeking-p/,SOURCE REVIEW REQUIRED — no publication-ready rewrite,Recover the original full article and identify its distinct question before rewriting.,pages/0666-insights--visa--immigrating-to-a-new-country-is-a-life-altering-decision-and-seeking-p.md
https://immigratetobrazil.com/insights/visa/immigration-planning-involves-strategic-and-thoughtful-consideration-o/,SOURCE REVIEW REQUIRED — no publication-ready rewrite,Recover the original full article and identify its distinct question before rewriting.,pages/0667-insights--visa--immigration-planning-involves-strategic-and-thoughtful-consideration-o.md
https://immigratetobrazil.com/insights/visa/in-a-prestigious-international-ranking-organized-by-the-1000-libraries/,SOURCE REVIEW REQUIRED — no publication-ready rewrite,Recover the original full article and identify its distinct question before rewriting.,pages/0668-insights--visa--in-a-prestigious-international-ranking-organized-by-the-1000-libraries.md
https://immigratetobrazil.com/insights/visa/in-brazil-deportation-is-an-administrative-measure-applied-to-individu/,SOURCE REVIEW REQUIRED — no publication-ready rewrite,Recover the original full article and identify its distinct question before rewriting.,pages/0669-insights--visa--in-brazil-deportation-is-an-administrative-measure-applied-to-individu.md
https://immigratetobrazil.com/insights/visa/in-brazil-eligible-people-holding-a-temporary-visa-have-the-opportunit/,SOURCE REVIEW REQUIRED — no publication-ready rewrite,Recover the original full article and identify its distinct question before rewriting.,pages/0670-insights--visa--in-brazil-eligible-people-holding-a-temporary-visa-have-the-opportunit.md
https://immigratetobrazil.com/insights/visa/in-brazil-homeschooling-is-prohibited-and-the-parents-must-go-to-the-n/,SOURCE REVIEW REQUIRED — no publication-ready rewrite,Recover the original full article and identify its distinct question before rewriting.,pages/0671-insights--visa--in-brazil-homeschooling-is-prohibited-and-the-parents-must-go-to-the-n.md
https://immigratetobrazil.com/insights/visa/in-brazil-priests-must-go-to-the-nearest-public-school-and-request-the/,SOURCE REVIEW REQUIRED — no publication-ready rewrite,Recover the original full article and identify its distinct question before rewriting.,pages/0672-insights--visa--in-brazil-priests-must-go-to-the-nearest-public-school-and-request-the.md
https://immigratetobrazil.com/insights/visa/in-brazil-there-are-several-types-of-work-visas-available-depending-on-2/,SOURCE REVIEW REQUIRED — no publication-ready rewrite,Recover the original full article and identify its distinct question before rewriting.,pages/0673-insights--visa--in-brazil-there-are-several-types-of-work-visas-available-depending-on-2.md
https://immigratetobrazil.com/insights/visa/in-brazil-there-are-several-types-of-work-visas-available-depending-on/,SOURCE REVIEW REQUIRED — no publication-ready rewrite,Recover the original full article and identify its distinct question before rewriting.,pages/0674-insights--visa--in-brazil-there-are-several-types-of-work-visas-available-depending-on.md
https://immigratetobrazil.com/insights/visa/in-brazilian-immigration-matters-foreign-nationals-could-apply-for-a-f/,SOURCE REVIEW REQUIRED — no publication-ready rewrite,Recover the original full article and identify its distinct question before rewriting.,pages/0675-insights--visa--in-brazilian-immigration-matters-foreign-nationals-could-apply-for-a-f.md
https://immigratetobrazil.com/insights/visa/in-exceptional-cases-a-brazilian-visa-application-may-be-denied-under/,SOURCE REVIEW REQUIRED — no publication-ready rewrite,Recover the original full article and identify its distinct question before rewriting.,pages/0676-insights--visa--in-exceptional-cases-a-brazilian-visa-application-may-be-denied-under.md
https://immigratetobrazil.com/insights/visa/in-general-many-countries-do-not-have-a-specific-dating-visa-but-offer/,SOURCE REVIEW REQUIRED — no publication-ready rewrite,Recover the original full article and identify its distinct question before rewriting.,pages/0677-insights--visa--in-general-many-countries-do-not-have-a-specific-dating-visa-but-offer.md
https://immigratetobrazil.com/insights/visa/in-situations-where-a-brazilian-needs-emergency-consular-assistance-ou/,SOURCE REVIEW REQUIRED — no publication-ready rewrite,Recover the original full article and identify its distinct question before rewriting.,pages/0678-insights--visa--in-situations-where-a-brazilian-needs-emergency-consular-assistance-ou.md
https://immigratetobrazil.com/insights/visa/in-some-cases-of-vulnerable-situations-brazilian-migration-law-waives/,SOURCE REVIEW REQUIRED — no publication-ready rewrite,Recover the original full article and identify its distinct question before rewriting.,pages/0679-insights--visa--in-some-cases-of-vulnerable-situations-brazilian-migration-law-waives.md
https://immigratetobrazil.com/insights/visa/individuals-seeking-to-work-in-brazil-through-a-formal-employment-rela/,SOURCE REVIEW REQUIRED — no publication-ready rewrite,Recover the original full article and identify its distinct question before rewriting.,pages/0680-insights--visa--individuals-seeking-to-work-in-brazil-through-a-formal-employment-rela.md
https://immigratetobrazil.com/insights/visa/it-can-be-possible-to-bring-a-companion-to-brazil-on-a-health-treatmen/,SOURCE REVIEW REQUIRED — no publication-ready rewrite,Recover the original full article and identify its distinct question before rewriting.,pages/0681-insights--visa--it-can-be-possible-to-bring-a-companion-to-brazil-on-a-health-treatmen.md
https://immigratetobrazil.com/insights/visa/it-is-not-necessary-in-cases-of-a-stopover-or-connecting-flight-in-bra/,SOURCE REVIEW REQUIRED — no publication-ready rewrite,Recover the original full article and identify its distinct question before rewriting.,pages/0682-insights--visa--it-is-not-necessary-in-cases-of-a-stopover-or-connecting-flight-in-bra.md
https://immigratetobrazil.com/insights/visa/it-is-now-possible-to-apply-for-a-digital-nomad-visa-for-italy/,SOURCE REVIEW REQUIRED — no publication-ready rewrite,Recover the original full article and identify its distinct question before rewriting.,pages/0683-insights--visa--it-is-now-possible-to-apply-for-a-digital-nomad-visa-for-italy.md
https://immigratetobrazil.com/insights/visa/it-is-possible-for-a-foreign-person-to-purchase-property-in-brazil-but/,SOURCE REVIEW REQUIRED — no publication-ready rewrite,Recover the original full article and identify its distinct question before rewriting.,pages/0684-insights--visa--it-is-possible-for-a-foreign-person-to-purchase-property-in-brazil-but.md
https://immigratetobrazil.com/insights/visa/it-is-possible-to-bring-a-companion-to-brazil-with-a-health-treatment/,SOURCE REVIEW REQUIRED — no publication-ready rewrite,Recover the original full article and identify its distinct question before rewriting.,pages/0685-insights--visa--it-is-possible-to-bring-a-companion-to-brazil-with-a-health-treatment.md
https://immigratetobrazil.com/insights/visa/it-is-possible-to-go-to-brazil-as-a-tourist-and-get-married-or-recogni/,SOURCE REVIEW REQUIRED — no publication-ready rewrite,Recover the original full article and identify its distinct question before rewriting.,pages/0686-insights--visa--it-is-possible-to-go-to-brazil-as-a-tourist-and-get-married-or-recogni.md
https://immigratetobrazil.com/insights/visa/japan-has-announced-measures-to-attract-digital-nomads-aligning-with-a/,SOURCE REVIEW REQUIRED — no publication-ready rewrite,Recover the original full article and identify its distinct question before rewriting.,pages/0687-insights--visa--japan-has-announced-measures-to-attract-digital-nomads-aligning-with-a.md
https://immigratetobrazil.com/insights/visa/legal-guidance-eligibility-requirements-and-filing-steps/,SOURCE REVIEW REQUIRED — no publication-ready rewrite,Recover the original full article and identify its distinct question before rewriting.,pages/0688-insights--visa--legal-guidance-eligibility-requirements-and-filing-steps.md
https://immigratetobrazil.com/insights/visa/many-people-risk-staying-in-portugal-with-just-a-tourist-visa-and-then/,SOURCE REVIEW REQUIRED — no publication-ready rewrite,Recover the original full article and identify its distinct question before rewriting.,pages/0689-insights--visa--many-people-risk-staying-in-portugal-with-just-a-tourist-visa-and-then.md
https://immigratetobrazil.com/insights/visa/may-5th-is-celebrated-as-portuguese-language-and-lusophone-culture-day/,SOURCE REVIEW REQUIRED — no publication-ready rewrite,Recover the original full article and identify its distinct question before rewriting.,pages/0690-insights--visa--may-5th-is-celebrated-as-portuguese-language-and-lusophone-culture-day.md
https://immigratetobrazil.com/insights/visa/my-immigrant-id-card-is-valid-until-2030-but-my-civil-partnership-has/,SOURCE REVIEW REQUIRED — no publication-ready rewrite,Recover the original full article and identify its distinct question before rewriting.,pages/0691-insights--visa--my-immigrant-id-card-is-valid-until-2030-but-my-civil-partnership-has.md
https://immigratetobrazil.com/insights/visa/news-visa-fees-for-the-usa-will-become-more-expensive-from-may-30th-to/,SOURCE REVIEW REQUIRED — no publication-ready rewrite,Recover the original full article and identify its distinct question before rewriting.,pages/0692-insights--visa--news-visa-fees-for-the-usa-will-become-more-expensive-from-may-30th-to.md
https://immigratetobrazil.com/insights/visa/no-a-work-visa-requires-prior-approval-from-the-brazilian-ministry-of/,SOURCE REVIEW REQUIRED — no publication-ready rewrite,Recover the original full article and identify its distinct question before rewriting.,pages/0693-insights--visa--no-a-work-visa-requires-prior-approval-from-the-brazilian-ministry-of.md
https://immigratetobrazil.com/insights/visa/no-dependents-can-arrive-with-or-after-the-main-visa-holder-in-the-usa/,SOURCE REVIEW REQUIRED — no publication-ready rewrite,Recover the original full article and identify its distinct question before rewriting.,pages/0694-insights--visa--no-dependents-can-arrive-with-or-after-the-main-visa-holder-in-the-usa.md
https://immigratetobrazil.com/insights/visa/not-everything-is-what-it-seems-especially-in-brazilian-cuisine/,SOURCE REVIEW REQUIRED — no publication-ready rewrite,Recover the original full article and identify its distinct question before rewriting.,pages/0695-insights--visa--not-everything-is-what-it-seems-especially-in-brazilian-cuisine.md
https://immigratetobrazil.com/insights/visa/nowadays-technology-allows-us-to-work-from-anywhere-in-the-world/,SOURCE REVIEW REQUIRED — no publication-ready rewrite,Recover the original full article and identify its distinct question before rewriting.,pages/0696-insights--visa--nowadays-technology-allows-us-to-work-from-anywhere-in-the-world.md
https://immigratetobrazil.com/insights/visa/obtaining-a-permanent-residence-permit-indefinite-period-in-brazil-is/,SOURCE REVIEW REQUIRED — no publication-ready rewrite,Recover the original full article and identify its distinct question before rewriting.,pages/0697-insights--visa--obtaining-a-permanent-residence-permit-indefinite-period-in-brazil-is.md
https://immigratetobrazil.com/insights/visa/obtaining-a-residency-permit-as-a-retiree-or-pensioner-in-brazil-provi/,SOURCE REVIEW REQUIRED — no publication-ready rewrite,Recover the original full article and identify its distinct question before rewriting.,pages/0698-insights--visa--obtaining-a-residency-permit-as-a-retiree-or-pensioner-in-brazil-provi.md
https://immigratetobrazil.com/insights/visa/obtaining-a-student-visa-to-be-an-exchange-student-in-brazil-offers-a/,SOURCE REVIEW REQUIRED — no publication-ready rewrite,Recover the original full article and identify its distinct question before rewriting.,pages/0699-insights--visa--obtaining-a-student-visa-to-be-an-exchange-student-in-brazil-offers-a.md
https://immigratetobrazil.com/insights/visa/obtaining-an-immigrant-identity-card-rnm-is-extremely-important-for-im/,SOURCE REVIEW REQUIRED — no publication-ready rewrite,Recover the original full article and identify its distinct question before rewriting.,pages/0700-insights--visa--obtaining-an-immigrant-identity-card-rnm-is-extremely-important-for-im.md
https://immigratetobrazil.com/insights/visa/people-who-exceed-the-legal-period-of-stay-in-brazil-either-by-oversta/,SOURCE REVIEW REQUIRED — no publication-ready rewrite,Recover the original full article and identify its distinct question before rewriting.,pages/0701-insights--visa--people-who-exceed-the-legal-period-of-stay-in-brazil-either-by-oversta.md
https://immigratetobrazil.com/insights/visa/permanent-residency-through-the-investor-visa-individual-investment-in/,SOURCE REVIEW REQUIRED — no publication-ready rewrite,Recover the original full article and identify its distinct question before rewriting.,pages/0702-insights--visa--permanent-residency-through-the-investor-visa-individual-investment-in.md
https://immigratetobrazil.com/insights/visa/premium-processing-is-a-service-offered-by-the-us-immigration-agency-t/,SOURCE REVIEW REQUIRED — no publication-ready rewrite,Recover the original full article and identify its distinct question before rewriting.,pages/0703-insights--visa--premium-processing-is-a-service-offered-by-the-us-immigration-agency-t.md
https://immigratetobrazil.com/insights/visa/professionals-can-have-the-eb2-niw-visa-as-a-gateway-to-continue-their/,SOURCE REVIEW REQUIRED — no publication-ready rewrite,Recover the original full article and identify its distinct question before rewriting.,pages/0704-insights--visa--professionals-can-have-the-eb2-niw-visa-as-a-gateway-to-continue-their.md
https://immigratetobrazil.com/insights/visa/qualified-professionals-can-use-the-eb2-niw-visa-as-a-gateway-to-conti/,SOURCE REVIEW REQUIRED — no publication-ready rewrite,Recover the original full article and identify its distinct question before rewriting.,pages/0705-insights--visa--qualified-professionals-can-use-the-eb2-niw-visa-as-a-gateway-to-conti.md
https://immigratetobrazil.com/insights/visa/repatriation-also-known-as-national-recovery-operation-represents-the/,SOURCE REVIEW REQUIRED — no publication-ready rewrite,Recover the original full article and identify its distinct question before rewriting.,pages/0706-insights--visa--repatriation-also-known-as-national-recovery-operation-represents-the.md
https://immigratetobrazil.com/insights/visa/retirees-and-pensioners-who-want-to-live-in-brazil-can-request-a-tempo/,SOURCE REVIEW REQUIRED — no publication-ready rewrite,Recover the original full article and identify its distinct question before rewriting.,pages/0707-insights--visa--retirees-and-pensioners-who-want-to-live-in-brazil-can-request-a-tempo.md
https://immigratetobrazil.com/insights/visa/rio-de-janeiro-has-recently-been-named-the-world-s-top-destination-for/,SOURCE REVIEW REQUIRED — no publication-ready rewrite,Recover the original full article and identify its distinct question before rewriting.,pages/0708-insights--visa--rio-de-janeiro-has-recently-been-named-the-world-s-top-destination-for.md
https://immigratetobrazil.com/insights/visa/since-april-10-2025-tourists-from-the-united-states-canada-and-austral/,SOURCE REVIEW REQUIRED — no publication-ready rewrite,Recover the original full article and identify its distinct question before rewriting.,pages/0709-insights--visa--since-april-10-2025-tourists-from-the-united-states-canada-and-austral.md
https://immigratetobrazil.com/insights/visa/technical-completion-involves-legal-analysis-of-the-rules-and-circumst/,SOURCE REVIEW REQUIRED — no publication-ready rewrite,Recover the original full article and identify its distinct question before rewriting.,pages/0710-insights--visa--technical-completion-involves-legal-analysis-of-the-rules-and-circumst.md
https://immigratetobrazil.com/insights/visa/the-american-visa-interview-aims-to-assess-whether-you-are-a-qualified/,SOURCE REVIEW REQUIRED — no publication-ready rewrite,Recover the original full article and identify its distinct question before rewriting.,pages/0711-insights--visa--the-american-visa-interview-aims-to-assess-whether-you-are-a-qualified.md
https://immigratetobrazil.com/insights/visa/the-authorization-of-indefinite-term-residence-in-brazil-can-be-obtain/,SOURCE REVIEW REQUIRED — no publication-ready rewrite,Recover the original full article and identify its distinct question before rewriting.,pages/0712-insights--visa--the-authorization-of-indefinite-term-residence-in-brazil-can-be-obtain.md
https://immigratetobrazil.com/insights/visa/the-biggest-cause-of-losing-an-irish-student-visa-is-when-the-immigran/,SOURCE REVIEW REQUIRED — no publication-ready rewrite,Recover the original full article and identify its distinct question before rewriting.,pages/0713-insights--visa--the-biggest-cause-of-losing-an-irish-student-visa-is-when-the-immigran.md
https://immigratetobrazil.com/insights/visa/the-brazilian-retirement-visa-is-an-excellent-choice-for-retirees-and/,SOURCE REVIEW REQUIRED — no publication-ready rewrite,Recover the original full article and identify its distinct question before rewriting.,pages/0714-insights--visa--the-brazilian-retirement-visa-is-an-excellent-choice-for-retirees-and.md
https://immigratetobrazil.com/insights/visa/the-brazilian-visa-for-digital-nomads-allows-you-to-stay-for-up-to-one/,SOURCE REVIEW REQUIRED — no publication-ready rewrite,Recover the original full article and identify its distinct question before rewriting.,pages/0715-insights--visa--the-brazilian-visa-for-digital-nomads-allows-you-to-stay-for-up-to-one.md
https://immigratetobrazil.com/insights/visa/the-brazilian-work-visa-for-employment-is-granted-to-foreign-nationals/,SOURCE REVIEW REQUIRED — no publication-ready rewrite,Recover the original full article and identify its distinct question before rewriting.,pages/0716-insights--visa--the-brazilian-work-visa-for-employment-is-granted-to-foreign-nationals.md
https://immigratetobrazil.com/insights/visa/the-cplp-community-of-portuguese-speaking-countries-visa-is-an-option/,SOURCE REVIEW REQUIRED — no publication-ready rewrite,Recover the original full article and identify its distinct question before rewriting.,pages/0717-insights--visa--the-cplp-community-of-portuguese-speaking-countries-visa-is-an-option.md
https://immigratetobrazil.com/insights/visa/the-cplp-temporary-residence-visa-is-intended-for-citizens-of-the-coun/,SOURCE REVIEW REQUIRED — no publication-ready rewrite,Recover the original full article and identify its distinct question before rewriting.,pages/0718-insights--visa--the-cplp-temporary-residence-visa-is-intended-for-citizens-of-the-coun.md
https://immigratetobrazil.com/insights/visa/the-deadline-for-visa-requirements-for-citizens-of-australia-canada-an/,SOURCE REVIEW REQUIRED — no publication-ready rewrite,Recover the original full article and identify its distinct question before rewriting.,pages/0719-insights--visa--the-deadline-for-visa-requirements-for-citizens-of-australia-canada-an.md
https://immigratetobrazil.com/insights/visa/the-duration-for-which-a-foreigner-can-be-absent-from-the-country-with/,SOURCE REVIEW REQUIRED — no publication-ready rewrite,Recover the original full article and identify its distinct question before rewriting.,pages/0720-insights--visa--the-duration-for-which-a-foreigner-can-be-absent-from-the-country-with.md
https://immigratetobrazil.com/insights/visa/the-eb-2-niw-national-interest-waiver-visa-is-not-limited-exclusively/,SOURCE REVIEW REQUIRED — no publication-ready rewrite,Recover the original full article and identify its distinct question before rewriting.,pages/0721-insights--visa--the-eb-2-niw-national-interest-waiver-visa-is-not-limited-exclusively.md
https://immigratetobrazil.com/insights/visa/the-eb2-niw-visa-is-a-great-opportunity-to-internationalize-your-caree/,SOURCE REVIEW REQUIRED — no publication-ready rewrite,Recover the original full article and identify its distinct question before rewriting.,pages/0722-insights--visa--the-eb2-niw-visa-is-a-great-opportunity-to-internationalize-your-caree.md
https://immigratetobrazil.com/insights/visa/the-end-of-the-expression-of-interest-for-immigrants-in-portugal-marks/,SOURCE REVIEW REQUIRED — no publication-ready rewrite,Recover the original full article and identify its distinct question before rewriting.,pages/0723-insights--visa--the-end-of-the-expression-of-interest-for-immigrants-in-portugal-marks.md
https://immigratetobrazil.com/insights/visa/the-future-fee-for-travelers-entering-europe-known-as-etias-had-its-la/,SOURCE REVIEW REQUIRED — no publication-ready rewrite,Recover the original full article and identify its distinct question before rewriting.,pages/0724-insights--visa--the-future-fee-for-travelers-entering-europe-known-as-etias-had-its-la.md
https://immigratetobrazil.com/insights/visa/the-granting-of-a-religious-visa-can-be-issued-to-a-foreign-national-e/,SOURCE REVIEW REQUIRED — no publication-ready rewrite,Recover the original full article and identify its distinct question before rewriting.,pages/0725-insights--visa--the-granting-of-a-religious-visa-can-be-issued-to-a-foreign-national-e.md
https://immigratetobrazil.com/insights/visa/the-holiday-work-visa-program-between-brazil-and-new-zealand-offers-ne/,SOURCE REVIEW REQUIRED — no publication-ready rewrite,Recover the original full article and identify its distinct question before rewriting.,pages/0726-insights--visa--the-holiday-work-visa-program-between-brazil-and-new-zealand-offers-ne.md
https://immigratetobrazil.com/insights/visa/the-importance-of-getting-legal-guidance-from-a-lawyer-in-travel-and-i/,SOURCE REVIEW REQUIRED — no publication-ready rewrite,Recover the original full article and identify its distinct question before rewriting.,pages/0727-insights--visa--the-importance-of-getting-legal-guidance-from-a-lawyer-in-travel-and-i.md
https://immigratetobrazil.com/insights/visa/the-initial-projection-indicated-that-visa-requirements-for-citizens-o-2/,SOURCE REVIEW REQUIRED — no publication-ready rewrite,Recover the original full article and identify its distinct question before rewriting.,pages/0728-insights--visa--the-initial-projection-indicated-that-visa-requirements-for-citizens-o-2.md
https://immigratetobrazil.com/insights/visa/the-initial-projection-indicated-that-visa-requirements-for-citizens-o/,SOURCE REVIEW REQUIRED — no publication-ready rewrite,Recover the original full article and identify its distinct question before rewriting.,pages/0729-insights--visa--the-initial-projection-indicated-that-visa-requirements-for-citizens-o.md
https://immigratetobrazil.com/insights/visa/the-international-immunisation-certificate-is-necessary-for-individual/,SOURCE REVIEW REQUIRED — no publication-ready rewrite,Recover the original full article and identify its distinct question before rewriting.,pages/0730-insights--visa--the-international-immunisation-certificate-is-necessary-for-individual.md
https://immigratetobrazil.com/insights/visa/the-interview-for-the-american-visa-in-brazil-is-carried-out-in-portug/,SOURCE REVIEW REQUIRED — no publication-ready rewrite,Recover the original full article and identify its distinct question before rewriting.,pages/0731-insights--visa--the-interview-for-the-american-visa-in-brazil-is-carried-out-in-portug.md
https://immigratetobrazil.com/insights/visa/the-japanese-immigration-service-has-announced-a-new-visa-the-digital/,SOURCE REVIEW REQUIRED — no publication-ready rewrite,Recover the original full article and identify its distinct question before rewriting.,pages/0732-insights--visa--the-japanese-immigration-service-has-announced-a-new-visa-the-digital.md
https://immigratetobrazil.com/insights/visa/the-joint-family-visa-for-spouses-and-partners-in-a-recognized-stable/,SOURCE REVIEW REQUIRED — no publication-ready rewrite,Recover the original full article and identify its distinct question before rewriting.,pages/0733-insights--visa--the-joint-family-visa-for-spouses-and-partners-in-a-recognized-stable.md
https://immigratetobrazil.com/insights/visa/the-k-1-visa-is-intended-for-foreign-fiances-of-united-states-citizens/,SOURCE REVIEW REQUIRED — no publication-ready rewrite,Recover the original full article and identify its distinct question before rewriting.,pages/0734-insights--visa--the-k-1-visa-is-intended-for-foreign-fiances-of-united-states-citizens.md
https://immigratetobrazil.com/insights/visa/the-legislation-outlines-the-specific-functions-and-sets-forth-several/,SOURCE REVIEW REQUIRED — no publication-ready rewrite,Recover the original full article and identify its distinct question before rewriting.,pages/0735-insights--visa--the-legislation-outlines-the-specific-functions-and-sets-forth-several.md
https://immigratetobrazil.com/insights/visa/the-main-hypotheses-are-travel-document-that-is-not-valid-for-brazil-t/,SOURCE REVIEW REQUIRED — no publication-ready rewrite,Recover the original full article and identify its distinct question before rewriting.,pages/0736-insights--visa--the-main-hypotheses-are-travel-document-that-is-not-valid-for-brazil-t.md
https://immigratetobrazil.com/insights/visa/the-recent-interministerial-ordinance-represents-a-significant-advance/,SOURCE REVIEW REQUIRED — no publication-ready rewrite,Recover the original full article and identify its distinct question before rewriting.,pages/0737-insights--visa--the-recent-interministerial-ordinance-represents-a-significant-advance.md
https://immigratetobrazil.com/insights/visa/the-residence-permit-for-an-indefinite-period-in-brazil-can-be-obtaine/,SOURCE REVIEW REQUIRED — no publication-ready rewrite,Recover the original full article and identify its distinct question before rewriting.,pages/0738-insights--visa--the-residence-permit-for-an-indefinite-period-in-brazil-can-be-obtaine.md
https://immigratetobrazil.com/insights/visa/the-retirement-visa-for-brazil-is-designed-for-individuals-who-wish-to/,SOURCE REVIEW REQUIRED — no publication-ready rewrite,Recover the original full article and identify its distinct question before rewriting.,pages/0739-insights--visa--the-retirement-visa-for-brazil-is-designed-for-individuals-who-wish-to.md
https://immigratetobrazil.com/insights/visa/the-retirement-visa-for-brazil-is-intended-for-individuals-who-wish-to/,SOURCE REVIEW REQUIRED — no publication-ready rewrite,Recover the original full article and identify its distinct question before rewriting.,pages/0740-insights--visa--the-retirement-visa-for-brazil-is-intended-for-individuals-who-wish-to.md
https://immigratetobrazil.com/insights/visa/the-rules-for-work-immigration-allow-individuals-to-obtain-a-visa-or-r/,SOURCE REVIEW REQUIRED — no publication-ready rewrite,Recover the original full article and identify its distinct question before rewriting.,pages/0741-insights--visa--the-rules-for-work-immigration-allow-individuals-to-obtain-a-visa-or-r.md
https://immigratetobrazil.com/insights/visa/the-time-a-foreigner-can-be-absent-from-the-country-without-losing-the/,SOURCE REVIEW REQUIRED — no publication-ready rewrite,Recover the original full article and identify its distinct question before rewriting.,pages/0742-insights--visa--the-time-a-foreigner-can-be-absent-from-the-country-without-losing-the.md
https://immigratetobrazil.com/insights/visa/the-undergraduate-student-agreement-program-pec-g-is-a-brazilian-gover/,SOURCE REVIEW REQUIRED — no publication-ready rewrite,Recover the original full article and identify its distinct question before rewriting.,pages/0743-insights--visa--the-undergraduate-student-agreement-program-pec-g-is-a-brazilian-gover.md
https://immigratetobrazil.com/insights/visa/the-visa-and-residence-for-the-purpose-of-working-without-employment-i/,SOURCE REVIEW REQUIRED — no publication-ready rewrite,Recover the original full article and identify its distinct question before rewriting.,pages/0744-insights--visa--the-visa-and-residence-for-the-purpose-of-working-without-employment-i.md
https://immigratetobrazil.com/insights/visa/the-work-holiday-visa-agreement-between-brazil-and-france-allows-young/,SOURCE REVIEW REQUIRED — no publication-ready rewrite,Recover the original full article and identify its distinct question before rewriting.,pages/0745-insights--visa--the-work-holiday-visa-agreement-between-brazil-and-france-allows-young.md
https://immigratetobrazil.com/insights/visa/the-working-and-holiday-visa-agreement-between-brazil-and-france-allow/,SOURCE REVIEW REQUIRED — no publication-ready rewrite,Recover the original full article and identify its distinct question before rewriting.,pages/0746-insights--visa--the-working-and-holiday-visa-agreement-between-brazil-and-france-allow.md
https://immigratetobrazil.com/insights/visa/this-brazilian-visa-is-intended-for-those-who-wish-to-carry-out-academ/,SOURCE REVIEW REQUIRED — no publication-ready rewrite,Recover the original full article and identify its distinct question before rewriting.,pages/0747-insights--visa--this-brazilian-visa-is-intended-for-those-who-wish-to-carry-out-academ.md
https://immigratetobrazil.com/insights/visa/this-can-be-done-at-the-consulate-or-embassy-of-the-country-that-issue/,SOURCE REVIEW REQUIRED — no publication-ready rewrite,Recover the original full article and identify its distinct question before rewriting.,pages/0748-insights--visa--this-can-be-done-at-the-consulate-or-embassy-of-the-country-that-issue.md
https://immigratetobrazil.com/insights/visa/this-day-established-by-the-un-reinforces-the-importance-of-joining-fo/,SOURCE REVIEW REQUIRED — no publication-ready rewrite,Recover the original full article and identify its distinct question before rewriting.,pages/0749-insights--visa--this-day-established-by-the-un-reinforces-the-importance-of-joining-fo.md
https://immigratetobrazil.com/insights/visa/this-is-an-illegal-and-extremely-risky-practice-that-can-lead-to-sever/,SOURCE REVIEW REQUIRED — no publication-ready rewrite,Recover the original full article and identify its distinct question before rewriting.,pages/0750-insights--visa--this-is-an-illegal-and-extremely-risky-practice-that-can-lead-to-sever.md
https://immigratetobrazil.com/insights/visa/to-obtain-a-brazilian-study-visa-you-must-be-enrolled-in-an-educationa/,SOURCE REVIEW REQUIRED — no publication-ready rewrite,Recover the original full article and identify its distinct question before rewriting.,pages/0751-insights--visa--to-obtain-a-brazilian-study-visa-you-must-be-enrolled-in-an-educationa.md
https://immigratetobrazil.com/insights/visa/to-prove-your-civil-union-status-with-a-foreign-person-a-certificate-i/,SOURCE REVIEW REQUIRED — no publication-ready rewrite,Recover the original full article and identify its distinct question before rewriting.,pages/0752-insights--visa--to-prove-your-civil-union-status-with-a-foreign-person-a-certificate-i.md
https://immigratetobrazil.com/insights/visa/travellers-in-brazil-can-access-a-variety-of-basic-healthcare-services/,SOURCE REVIEW REQUIRED — no publication-ready rewrite,Recover the original full article and identify its distinct question before rewriting.,pages/0753-insights--visa--travellers-in-brazil-can-access-a-variety-of-basic-healthcare-services.md
https://immigratetobrazil.com/insights/visa/upon-arriving-in-brazil-with-a-visa-you-will-have-90-days-to-register/,SOURCE REVIEW REQUIRED — no publication-ready rewrite,Recover the original full article and identify its distinct question before rewriting.,pages/0754-insights--visa--upon-arriving-in-brazil-with-a-visa-you-will-have-90-days-to-register.md
https://immigratetobrazil.com/insights/visa/visa-guidance-legal-requirements-and-filing-steps-in-brazil-2/,SOURCE REVIEW REQUIRED — no publication-ready rewrite,Recover the original full article and identify its distinct question before rewriting.,pages/0755-insights--visa--visa-guidance-legal-requirements-and-filing-steps-in-brazil-2.md
https://immigratetobrazil.com/insights/visa/visa-guidance-legal-requirements-and-filing-steps-in-brazil-3/,SOURCE REVIEW REQUIRED — no publication-ready rewrite,Recover the original full article and identify its distinct question before rewriting.,pages/0756-insights--visa--visa-guidance-legal-requirements-and-filing-steps-in-brazil-3.md
https://immigratetobrazil.com/insights/visa/visa-guidance-legal-requirements-and-filing-steps-in-brazil/,SOURCE REVIEW REQUIRED — no publication-ready rewrite,Recover the original full article and identify its distinct question before rewriting.,pages/0757-insights--visa--visa-guidance-legal-requirements-and-filing-steps-in-brazil.md
https://immigratetobrazil.com/pt-br/countries/afghanistan/,COUNTRY EVIDENCE REQUIRED — conditional editorial draft,Complete the page-specific VERIFY and ADD instructions in pages/0845-pt-br--countries--afghanistan.md,pages/0845-pt-br--countries--afghanistan.md
https://immigratetobrazil.com/pt-br/countries/albania/,COUNTRY EVIDENCE REQUIRED — conditional editorial draft,Complete the page-specific VERIFY and ADD instructions in pages/0846-pt-br--countries--albania.md,pages/0846-pt-br--countries--albania.md
https://immigratetobrazil.com/pt-br/countries/algeria/,COUNTRY EVIDENCE REQUIRED — conditional editorial draft,Complete the page-specific VERIFY and ADD instructions in pages/0847-pt-br--countries--algeria.md,pages/0847-pt-br--countries--algeria.md
https://immigratetobrazil.com/pt-br/countries/andorra/,COUNTRY EVIDENCE REQUIRED — conditional editorial draft,Complete the page-specific VERIFY and ADD instructions in pages/0848-pt-br--countries--andorra.md,pages/0848-pt-br--countries--andorra.md
https://immigratetobrazil.com/pt-br/countries/angola/,COUNTRY EVIDENCE REQUIRED — conditional editorial draft,Complete the page-specific VERIFY and ADD instructions in pages/0849-pt-br--countries--angola.md,pages/0849-pt-br--countries--angola.md
https://immigratetobrazil.com/pt-br/countries/antigua-and-barbuda/,COUNTRY EVIDENCE REQUIRED — conditional editorial draft,Complete the page-specific VERIFY and ADD instructions in pages/0850-pt-br--countries--antigua-and-barbuda.md,pages/0850-pt-br--countries--antigua-and-barbuda.md
https://immigratetobrazil.com/pt-br/countries/argentina/,COUNTRY EVIDENCE REQUIRED — conditional editorial draft,Complete the page-specific VERIFY and ADD instructions in pages/0851-pt-br--countries--argentina.md,pages/0851-pt-br--countries--argentina.md
https://immigratetobrazil.com/pt-br/countries/armenia/,COUNTRY EVIDENCE REQUIRED — conditional editorial draft,Complete the page-specific VERIFY and ADD instructions in pages/0852-pt-br--countries--armenia.md,pages/0852-pt-br--countries--armenia.md
https://immigratetobrazil.com/pt-br/countries/australia/,COUNTRY EVIDENCE REQUIRED — conditional editorial draft,Complete the page-specific VERIFY and ADD instructions in pages/0853-pt-br--countries--australia.md,pages/0853-pt-br--countries--australia.md
https://immigratetobrazil.com/pt-br/countries/austria/,COUNTRY EVIDENCE REQUIRED — conditional editorial draft,Complete the page-specific VERIFY and ADD instructions in pages/0854-pt-br--countries--austria.md,pages/0854-pt-br--countries--austria.md
https://immigratetobrazil.com/pt-br/countries/azerbaijan/,COUNTRY EVIDENCE REQUIRED — conditional editorial draft,Complete the page-specific VERIFY and ADD instructions in pages/0855-pt-br--countries--azerbaijan.md,pages/0855-pt-br--countries--azerbaijan.md
https://immigratetobrazil.com/pt-br/countries/bahamas/,COUNTRY EVIDENCE REQUIRED — conditional editorial draft,Complete the page-specific VERIFY and ADD instructions in pages/0856-pt-br--countries--bahamas.md,pages/0856-pt-br--countries--bahamas.md
https://immigratetobrazil.com/pt-br/countries/bahrain/,COUNTRY EVIDENCE REQUIRED — conditional editorial draft,Complete the page-specific VERIFY and ADD instructions in pages/0857-pt-br--countries--bahrain.md,pages/0857-pt-br--countries--bahrain.md
https://immigratetobrazil.com/pt-br/countries/bangladesh/,COUNTRY EVIDENCE REQUIRED — conditional editorial draft,Complete the page-specific VERIFY and ADD instructions in pages/0858-pt-br--countries--bangladesh.md,pages/0858-pt-br--countries--bangladesh.md
https://immigratetobrazil.com/pt-br/countries/barbados/,COUNTRY EVIDENCE REQUIRED — conditional editorial draft,Complete the page-specific VERIFY and ADD instructions in pages/0859-pt-br--countries--barbados.md,pages/0859-pt-br--countries--barbados.md
https://immigratetobrazil.com/pt-br/countries/belarus/,COUNTRY EVIDENCE REQUIRED — conditional editorial draft,Complete the page-specific VERIFY and ADD instructions in pages/0860-pt-br--countries--belarus.md,pages/0860-pt-br--countries--belarus.md
https://immigratetobrazil.com/pt-br/countries/belgium/,COUNTRY EVIDENCE REQUIRED — conditional editorial draft,Complete the page-specific VERIFY and ADD instructions in pages/0861-pt-br--countries--belgium.md,pages/0861-pt-br--countries--belgium.md
https://immigratetobrazil.com/pt-br/countries/belize/,COUNTRY EVIDENCE REQUIRED — conditional editorial draft,Complete the page-specific VERIFY and ADD instructions in pages/0862-pt-br--countries--belize.md,pages/0862-pt-br--countries--belize.md
https://immigratetobrazil.com/pt-br/countries/benin/,COUNTRY EVIDENCE REQUIRED — conditional editorial draft,Complete the page-specific VERIFY and ADD instructions in pages/0863-pt-br--countries--benin.md,pages/0863-pt-br--countries--benin.md
https://immigratetobrazil.com/pt-br/countries/bhutan/,COUNTRY EVIDENCE REQUIRED — conditional editorial draft,Complete the page-specific VERIFY and ADD instructions in pages/0864-pt-br--countries--bhutan.md,pages/0864-pt-br--countries--bhutan.md
https://immigratetobrazil.com/pt-br/countries/bolivia/,COUNTRY EVIDENCE REQUIRED — conditional editorial draft,Complete the page-specific VERIFY and ADD instructions in pages/0865-pt-br--countries--bolivia.md,pages/0865-pt-br--countries--bolivia.md
https://immigratetobrazil.com/pt-br/countries/bosnia-and-herzegovina/,COUNTRY EVIDENCE REQUIRED — conditional editorial draft,Complete the page-specific VERIFY and ADD instructions in pages/0866-pt-br--countries--bosnia-and-herzegovina.md,pages/0866-pt-br--countries--bosnia-and-herzegovina.md
https://immigratetobrazil.com/pt-br/countries/botswana/,COUNTRY EVIDENCE REQUIRED — conditional editorial draft,Complete the page-specific VERIFY and ADD instructions in pages/0867-pt-br--countries--botswana.md,pages/0867-pt-br--countries--botswana.md
https://immigratetobrazil.com/pt-br/countries/brazil/,CONSOLIDATION REVIEW REQUIRED,Complete the page-specific VERIFY and ADD instructions in pages/0868-pt-br--countries--brazil.md,pages/0868-pt-br--countries--brazil.md
https://immigratetobrazil.com/pt-br/countries/brunei/,COUNTRY EVIDENCE REQUIRED — conditional editorial draft,Complete the page-specific VERIFY and ADD instructions in pages/0869-pt-br--countries--brunei.md,pages/0869-pt-br--countries--brunei.md
https://immigratetobrazil.com/pt-br/countries/bulgaria/,COUNTRY EVIDENCE REQUIRED — conditional editorial draft,Complete the page-specific VERIFY and ADD instructions in pages/0870-pt-br--countries--bulgaria.md,pages/0870-pt-br--countries--bulgaria.md
https://immigratetobrazil.com/pt-br/countries/burkina-faso/,COUNTRY EVIDENCE REQUIRED — conditional editorial draft,Complete the page-specific VERIFY and ADD instructions in pages/0871-pt-br--countries--burkina-faso.md,pages/0871-pt-br--countries--burkina-faso.md
https://immigratetobrazil.com/pt-br/countries/burundi/,COUNTRY EVIDENCE REQUIRED — conditional editorial draft,Complete the page-specific VERIFY and ADD instructions in pages/0872-pt-br--countries--burundi.md,pages/0872-pt-br--countries--burundi.md
https://immigratetobrazil.com/pt-br/countries/cabo-verde/,COUNTRY EVIDENCE REQUIRED — conditional editorial draft,Complete the page-specific VERIFY and ADD instructions in pages/0873-pt-br--countries--cabo-verde.md,pages/0873-pt-br--countries--cabo-verde.md
https://immigratetobrazil.com/pt-br/countries/cambodia/,COUNTRY EVIDENCE REQUIRED — conditional editorial draft,Complete the page-specific VERIFY and ADD instructions in pages/0874-pt-br--countries--cambodia.md,pages/0874-pt-br--countries--cambodia.md
https://immigratetobrazil.com/pt-br/countries/cameroon/,COUNTRY EVIDENCE REQUIRED — conditional editorial draft,Complete the page-specific VERIFY and ADD instructions in pages/0875-pt-br--countries--cameroon.md,pages/0875-pt-br--countries--cameroon.md
https://immigratetobrazil.com/pt-br/countries/canada/,COUNTRY EVIDENCE REQUIRED — conditional editorial draft,Complete the page-specific VERIFY and ADD instructions in pages/0876-pt-br--countries--canada.md,pages/0876-pt-br--countries--canada.md
https://immigratetobrazil.com/pt-br/countries/central-african-republic/,COUNTRY EVIDENCE REQUIRED — conditional editorial draft,Complete the page-specific VERIFY and ADD instructions in pages/0877-pt-br--countries--central-african-republic.md,pages/0877-pt-br--countries--central-african-republic.md
https://immigratetobrazil.com/pt-br/countries/chad/,COUNTRY EVIDENCE REQUIRED — conditional editorial draft,Complete the page-specific VERIFY and ADD instructions in pages/0878-pt-br--countries--chad.md,pages/0878-pt-br--countries--chad.md
https://immigratetobrazil.com/pt-br/countries/chile/,COUNTRY EVIDENCE REQUIRED — conditional editorial draft,Complete the page-specific VERIFY and ADD instructions in pages/0879-pt-br--countries--chile.md,pages/0879-pt-br--countries--chile.md
https://immigratetobrazil.com/pt-br/countries/china/,COUNTRY EVIDENCE REQUIRED — conditional editorial draft,Complete the page-specific VERIFY and ADD instructions in pages/0880-pt-br--countries--china.md,pages/0880-pt-br--countries--china.md
https://immigratetobrazil.com/pt-br/countries/colombia/,COUNTRY EVIDENCE REQUIRED — conditional editorial draft,Complete the page-specific VERIFY and ADD instructions in pages/0881-pt-br--countries--colombia.md,pages/0881-pt-br--countries--colombia.md
https://immigratetobrazil.com/pt-br/countries/comoros/,COUNTRY EVIDENCE REQUIRED — conditional editorial draft,Complete the page-specific VERIFY and ADD instructions in pages/0882-pt-br--countries--comoros.md,pages/0882-pt-br--countries--comoros.md
https://immigratetobrazil.com/pt-br/countries/congo-democratic-republic-of-the-congo/,COUNTRY EVIDENCE REQUIRED — conditional editorial draft,Complete the page-specific VERIFY and ADD instructions in pages/0883-pt-br--countries--congo-democratic-republic-of-the-congo.md,pages/0883-pt-br--countries--congo-democratic-republic-of-the-congo.md
https://immigratetobrazil.com/pt-br/countries/congo-republic-of-the-congo/,COUNTRY EVIDENCE REQUIRED — conditional editorial draft,Complete the page-specific VERIFY and ADD instructions in pages/0884-pt-br--countries--congo-republic-of-the-congo.md,pages/0884-pt-br--countries--congo-republic-of-the-congo.md
https://immigratetobrazil.com/pt-br/countries/costa-rica/,COUNTRY EVIDENCE REQUIRED — conditional editorial draft,Complete the page-specific VERIFY and ADD instructions in pages/0885-pt-br--countries--costa-rica.md,pages/0885-pt-br--countries--costa-rica.md
https://immigratetobrazil.com/pt-br/countries/croatia/,COUNTRY EVIDENCE REQUIRED — conditional editorial draft,Complete the page-specific VERIFY and ADD instructions in pages/0886-pt-br--countries--croatia.md,pages/0886-pt-br--countries--croatia.md
https://immigratetobrazil.com/pt-br/countries/cuba/,COUNTRY EVIDENCE REQUIRED — conditional editorial draft,Complete the page-specific VERIFY and ADD instructions in pages/0887-pt-br--countries--cuba.md,pages/0887-pt-br--countries--cuba.md
https://immigratetobrazil.com/pt-br/countries/cyprus/,COUNTRY EVIDENCE REQUIRED — conditional editorial draft,Complete the page-specific VERIFY and ADD instructions in pages/0888-pt-br--countries--cyprus.md,pages/0888-pt-br--countries--cyprus.md
https://immigratetobrazil.com/pt-br/countries/czechia/,COUNTRY EVIDENCE REQUIRED — conditional editorial draft,Complete the page-specific VERIFY and ADD instructions in pages/0889-pt-br--countries--czechia.md,pages/0889-pt-br--countries--czechia.md
https://immigratetobrazil.com/pt-br/countries/denmark/,COUNTRY EVIDENCE REQUIRED — conditional editorial draft,Complete the page-specific VERIFY and ADD instructions in pages/0890-pt-br--countries--denmark.md,pages/0890-pt-br--countries--denmark.md
https://immigratetobrazil.com/pt-br/countries/djibouti/,COUNTRY EVIDENCE REQUIRED — conditional editorial draft,Complete the page-specific VERIFY and ADD instructions in pages/0891-pt-br--countries--djibouti.md,pages/0891-pt-br--countries--djibouti.md
https://immigratetobrazil.com/pt-br/countries/dominica/,COUNTRY EVIDENCE REQUIRED — conditional editorial draft,Complete the page-specific VERIFY and ADD instructions in pages/0892-pt-br--countries--dominica.md,pages/0892-pt-br--countries--dominica.md
https://immigratetobrazil.com/pt-br/countries/dominican-republic/,COUNTRY EVIDENCE REQUIRED — conditional editorial draft,Complete the page-specific VERIFY and ADD instructions in pages/0893-pt-br--countries--dominican-republic.md,pages/0893-pt-br--countries--dominican-republic.md
https://immigratetobrazil.com/pt-br/countries/ecuador/,COUNTRY EVIDENCE REQUIRED — conditional editorial draft,Complete the page-specific VERIFY and ADD instructions in pages/0894-pt-br--countries--ecuador.md,pages/0894-pt-br--countries--ecuador.md
https://immigratetobrazil.com/pt-br/countries/egypt/,COUNTRY EVIDENCE REQUIRED — conditional editorial draft,Complete the page-specific VERIFY and ADD instructions in pages/0895-pt-br--countries--egypt.md,pages/0895-pt-br--countries--egypt.md
https://immigratetobrazil.com/pt-br/countries/el-salvador/,COUNTRY EVIDENCE REQUIRED — conditional editorial draft,Complete the page-specific VERIFY and ADD instructions in pages/0896-pt-br--countries--el-salvador.md,pages/0896-pt-br--countries--el-salvador.md
https://immigratetobrazil.com/pt-br/countries/equatorial-guinea/,COUNTRY EVIDENCE REQUIRED — conditional editorial draft,Complete the page-specific VERIFY and ADD instructions in pages/0897-pt-br--countries--equatorial-guinea.md,pages/0897-pt-br--countries--equatorial-guinea.md
https://immigratetobrazil.com/pt-br/countries/eritrea/,COUNTRY EVIDENCE REQUIRED — conditional editorial draft,Complete the page-specific VERIFY and ADD instructions in pages/0898-pt-br--countries--eritrea.md,pages/0898-pt-br--countries--eritrea.md
https://immigratetobrazil.com/pt-br/countries/estonia/,COUNTRY EVIDENCE REQUIRED — conditional editorial draft,Complete the page-specific VERIFY and ADD instructions in pages/0899-pt-br--countries--estonia.md,pages/0899-pt-br--countries--estonia.md
https://immigratetobrazil.com/pt-br/countries/eswatini/,COUNTRY EVIDENCE REQUIRED — conditional editorial draft,Complete the page-specific VERIFY and ADD instructions in pages/0900-pt-br--countries--eswatini.md,pages/0900-pt-br--countries--eswatini.md
https://immigratetobrazil.com/pt-br/countries/ethiopia/,COUNTRY EVIDENCE REQUIRED — conditional editorial draft,Complete the page-specific VERIFY and ADD instructions in pages/0901-pt-br--countries--ethiopia.md,pages/0901-pt-br--countries--ethiopia.md
https://immigratetobrazil.com/pt-br/countries/fiji/,COUNTRY EVIDENCE REQUIRED — conditional editorial draft,Complete the page-specific VERIFY and ADD instructions in pages/0902-pt-br--countries--fiji.md,pages/0902-pt-br--countries--fiji.md
https://immigratetobrazil.com/pt-br/countries/finland/,COUNTRY EVIDENCE REQUIRED — conditional editorial draft,Complete the page-specific VERIFY and ADD instructions in pages/0903-pt-br--countries--finland.md,pages/0903-pt-br--countries--finland.md
https://immigratetobrazil.com/pt-br/countries/france/,COUNTRY EVIDENCE REQUIRED — conditional editorial draft,Complete the page-specific VERIFY and ADD instructions in pages/0904-pt-br--countries--france.md,pages/0904-pt-br--countries--france.md
https://immigratetobrazil.com/pt-br/countries/gabon/,COUNTRY EVIDENCE REQUIRED — conditional editorial draft,Complete the page-specific VERIFY and ADD instructions in pages/0905-pt-br--countries--gabon.md,pages/0905-pt-br--countries--gabon.md
https://immigratetobrazil.com/pt-br/countries/gambia/,COUNTRY EVIDENCE REQUIRED — conditional editorial draft,Complete the page-specific VERIFY and ADD instructions in pages/0906-pt-br--countries--gambia.md,pages/0906-pt-br--countries--gambia.md
https://immigratetobrazil.com/pt-br/countries/georgia/,COUNTRY EVIDENCE REQUIRED — conditional editorial draft,Complete the page-specific VERIFY and ADD instructions in pages/0907-pt-br--countries--georgia.md,pages/0907-pt-br--countries--georgia.md
https://immigratetobrazil.com/pt-br/countries/germany/,COUNTRY EVIDENCE REQUIRED — conditional editorial draft,Complete the page-specific VERIFY and ADD instructions in pages/0908-pt-br--countries--germany.md,pages/0908-pt-br--countries--germany.md
https://immigratetobrazil.com/pt-br/countries/ghana/,COUNTRY EVIDENCE REQUIRED — conditional editorial draft,Complete the page-specific VERIFY and ADD instructions in pages/0909-pt-br--countries--ghana.md,pages/0909-pt-br--countries--ghana.md
https://immigratetobrazil.com/pt-br/countries/greece/,COUNTRY EVIDENCE REQUIRED — conditional editorial draft,Complete the page-specific VERIFY and ADD instructions in pages/0910-pt-br--countries--greece.md,pages/0910-pt-br--countries--greece.md
https://immigratetobrazil.com/pt-br/countries/grenada/,COUNTRY EVIDENCE REQUIRED — conditional editorial draft,Complete the page-specific VERIFY and ADD instructions in pages/0911-pt-br--countries--grenada.md,pages/0911-pt-br--countries--grenada.md
https://immigratetobrazil.com/pt-br/countries/guatemala/,COUNTRY EVIDENCE REQUIRED — conditional editorial draft,Complete the page-specific VERIFY and ADD instructions in pages/0912-pt-br--countries--guatemala.md,pages/0912-pt-br--countries--guatemala.md
https://immigratetobrazil.com/pt-br/countries/guinea-bissau/,COUNTRY EVIDENCE REQUIRED — conditional editorial draft,Complete the page-specific VERIFY and ADD instructions in pages/0913-pt-br--countries--guinea-bissau.md,pages/0913-pt-br--countries--guinea-bissau.md
https://immigratetobrazil.com/pt-br/countries/guinea/,COUNTRY EVIDENCE REQUIRED — conditional editorial draft,Complete the page-specific VERIFY and ADD instructions in pages/0914-pt-br--countries--guinea.md,pages/0914-pt-br--countries--guinea.md
https://immigratetobrazil.com/pt-br/countries/guyana/,COUNTRY EVIDENCE REQUIRED — conditional editorial draft,Complete the page-specific VERIFY and ADD instructions in pages/0915-pt-br--countries--guyana.md,pages/0915-pt-br--countries--guyana.md
https://immigratetobrazil.com/pt-br/countries/haiti/,COUNTRY EVIDENCE REQUIRED — conditional editorial draft,Complete the page-specific VERIFY and ADD instructions in pages/0916-pt-br--countries--haiti.md,pages/0916-pt-br--countries--haiti.md
https://immigratetobrazil.com/pt-br/countries/honduras/,COUNTRY EVIDENCE REQUIRED — conditional editorial draft,Complete the page-specific VERIFY and ADD instructions in pages/0917-pt-br--countries--honduras.md,pages/0917-pt-br--countries--honduras.md
https://immigratetobrazil.com/pt-br/countries/hungary/,COUNTRY EVIDENCE REQUIRED — conditional editorial draft,Complete the page-specific VERIFY and ADD instructions in pages/0918-pt-br--countries--hungary.md,pages/0918-pt-br--countries--hungary.md
https://immigratetobrazil.com/pt-br/countries/iceland/,COUNTRY EVIDENCE REQUIRED — conditional editorial draft,Complete the page-specific VERIFY and ADD instructions in pages/0919-pt-br--countries--iceland.md,pages/0919-pt-br--countries--iceland.md
https://immigratetobrazil.com/pt-br/countries/india/,COUNTRY EVIDENCE REQUIRED — conditional editorial draft,Complete the page-specific VERIFY and ADD instructions in pages/0920-pt-br--countries--india.md,pages/0920-pt-br--countries--india.md
https://immigratetobrazil.com/pt-br/countries/indonesia/,COUNTRY EVIDENCE REQUIRED — conditional editorial draft,Complete the page-specific VERIFY and ADD instructions in pages/0921-pt-br--countries--indonesia.md,pages/0921-pt-br--countries--indonesia.md
https://immigratetobrazil.com/pt-br/countries/iran/,COUNTRY EVIDENCE REQUIRED — conditional editorial draft,Complete the page-specific VERIFY and ADD instructions in pages/0922-pt-br--countries--iran.md,pages/0922-pt-br--countries--iran.md
https://immigratetobrazil.com/pt-br/countries/iraq/,COUNTRY EVIDENCE REQUIRED — conditional editorial draft,Complete the page-specific VERIFY and ADD instructions in pages/0923-pt-br--countries--iraq.md,pages/0923-pt-br--countries--iraq.md
https://immigratetobrazil.com/pt-br/countries/ireland/,COUNTRY EVIDENCE REQUIRED — conditional editorial draft,Complete the page-specific VERIFY and ADD instructions in pages/0924-pt-br--countries--ireland.md,pages/0924-pt-br--countries--ireland.md
https://immigratetobrazil.com/pt-br/countries/israel/,COUNTRY EVIDENCE REQUIRED — conditional editorial draft,Complete the page-specific VERIFY and ADD instructions in pages/0925-pt-br--countries--israel.md,pages/0925-pt-br--countries--israel.md
https://immigratetobrazil.com/pt-br/countries/italy/,COUNTRY EVIDENCE REQUIRED — conditional editorial draft,Complete the page-specific VERIFY and ADD instructions in pages/0926-pt-br--countries--italy.md,pages/0926-pt-br--countries--italy.md
https://immigratetobrazil.com/pt-br/countries/jamaica/,COUNTRY EVIDENCE REQUIRED — conditional editorial draft,Complete the page-specific VERIFY and ADD instructions in pages/0927-pt-br--countries--jamaica.md,pages/0927-pt-br--countries--jamaica.md
https://immigratetobrazil.com/pt-br/countries/japan/,COUNTRY EVIDENCE REQUIRED — conditional editorial draft,Complete the page-specific VERIFY and ADD instructions in pages/0928-pt-br--countries--japan.md,pages/0928-pt-br--countries--japan.md
https://immigratetobrazil.com/pt-br/countries/jordan/,COUNTRY EVIDENCE REQUIRED — conditional editorial draft,Complete the page-specific VERIFY and ADD instructions in pages/0929-pt-br--countries--jordan.md,pages/0929-pt-br--countries--jordan.md
https://immigratetobrazil.com/pt-br/countries/kazakhstan/,COUNTRY EVIDENCE REQUIRED — conditional editorial draft,Complete the page-specific VERIFY and ADD instructions in pages/0930-pt-br--countries--kazakhstan.md,pages/0930-pt-br--countries--kazakhstan.md
https://immigratetobrazil.com/pt-br/countries/kenya/,COUNTRY EVIDENCE REQUIRED — conditional editorial draft,Complete the page-specific VERIFY and ADD instructions in pages/0931-pt-br--countries--kenya.md,pages/0931-pt-br--countries--kenya.md
https://immigratetobrazil.com/pt-br/countries/kiribati/,COUNTRY EVIDENCE REQUIRED — conditional editorial draft,Complete the page-specific VERIFY and ADD instructions in pages/0932-pt-br--countries--kiribati.md,pages/0932-pt-br--countries--kiribati.md
https://immigratetobrazil.com/pt-br/countries/kuwait/,COUNTRY EVIDENCE REQUIRED — conditional editorial draft,Complete the page-specific VERIFY and ADD instructions in pages/0933-pt-br--countries--kuwait.md,pages/0933-pt-br--countries--kuwait.md
https://immigratetobrazil.com/pt-br/countries/kyrgyzstan/,COUNTRY EVIDENCE REQUIRED — conditional editorial draft,Complete the page-specific VERIFY and ADD instructions in pages/0934-pt-br--countries--kyrgyzstan.md,pages/0934-pt-br--countries--kyrgyzstan.md
https://immigratetobrazil.com/pt-br/countries/laos/,COUNTRY EVIDENCE REQUIRED — conditional editorial draft,Complete the page-specific VERIFY and ADD instructions in pages/0935-pt-br--countries--laos.md,pages/0935-pt-br--countries--laos.md
https://immigratetobrazil.com/pt-br/countries/latvia/,COUNTRY EVIDENCE REQUIRED — conditional editorial draft,Complete the page-specific VERIFY and ADD instructions in pages/0936-pt-br--countries--latvia.md,pages/0936-pt-br--countries--latvia.md
https://immigratetobrazil.com/pt-br/countries/lebanon/,COUNTRY EVIDENCE REQUIRED — conditional editorial draft,Complete the page-specific VERIFY and ADD instructions in pages/0937-pt-br--countries--lebanon.md,pages/0937-pt-br--countries--lebanon.md
https://immigratetobrazil.com/pt-br/countries/lesotho/,COUNTRY EVIDENCE REQUIRED — conditional editorial draft,Complete the page-specific VERIFY and ADD instructions in pages/0938-pt-br--countries--lesotho.md,pages/0938-pt-br--countries--lesotho.md
https://immigratetobrazil.com/pt-br/countries/liberia/,COUNTRY EVIDENCE REQUIRED — conditional editorial draft,Complete the page-specific VERIFY and ADD instructions in pages/0939-pt-br--countries--liberia.md,pages/0939-pt-br--countries--liberia.md
https://immigratetobrazil.com/pt-br/countries/libya/,COUNTRY EVIDENCE REQUIRED — conditional editorial draft,Complete the page-specific VERIFY and ADD instructions in pages/0940-pt-br--countries--libya.md,pages/0940-pt-br--countries--libya.md
https://immigratetobrazil.com/pt-br/countries/liechtenstein/,COUNTRY EVIDENCE REQUIRED — conditional editorial draft,Complete the page-specific VERIFY and ADD instructions in pages/0941-pt-br--countries--liechtenstein.md,pages/0941-pt-br--countries--liechtenstein.md
https://immigratetobrazil.com/pt-br/countries/lithuania/,COUNTRY EVIDENCE REQUIRED — conditional editorial draft,Complete the page-specific VERIFY and ADD instructions in pages/0942-pt-br--countries--lithuania.md,pages/0942-pt-br--countries--lithuania.md
https://immigratetobrazil.com/pt-br/countries/luxembourg/,COUNTRY EVIDENCE REQUIRED — conditional editorial draft,Complete the page-specific VERIFY and ADD instructions in pages/0943-pt-br--countries--luxembourg.md,pages/0943-pt-br--countries--luxembourg.md
https://immigratetobrazil.com/pt-br/countries/madagascar/,COUNTRY EVIDENCE REQUIRED — conditional editorial draft,Complete the page-specific VERIFY and ADD instructions in pages/0944-pt-br--countries--madagascar.md,pages/0944-pt-br--countries--madagascar.md
https://immigratetobrazil.com/pt-br/countries/malawi/,COUNTRY EVIDENCE REQUIRED — conditional editorial draft,Complete the page-specific VERIFY and ADD instructions in pages/0945-pt-br--countries--malawi.md,pages/0945-pt-br--countries--malawi.md
https://immigratetobrazil.com/pt-br/countries/malaysia/,COUNTRY EVIDENCE REQUIRED — conditional editorial draft,Complete the page-specific VERIFY and ADD instructions in pages/0946-pt-br--countries--malaysia.md,pages/0946-pt-br--countries--malaysia.md
https://immigratetobrazil.com/pt-br/countries/maldives/,COUNTRY EVIDENCE REQUIRED — conditional editorial draft,Complete the page-specific VERIFY and ADD instructions in pages/0947-pt-br--countries--maldives.md,pages/0947-pt-br--countries--maldives.md
https://immigratetobrazil.com/pt-br/countries/mali/,COUNTRY EVIDENCE REQUIRED — conditional editorial draft,Complete the page-specific VERIFY and ADD instructions in pages/0948-pt-br--countries--mali.md,pages/0948-pt-br--countries--mali.md
https://immigratetobrazil.com/pt-br/countries/malta/,COUNTRY EVIDENCE REQUIRED — conditional editorial draft,Complete the page-specific VERIFY and ADD instructions in pages/0949-pt-br--countries--malta.md,pages/0949-pt-br--countries--malta.md
https://immigratetobrazil.com/pt-br/countries/marshall-islands/,COUNTRY EVIDENCE REQUIRED — conditional editorial draft,Complete the page-specific VERIFY and ADD instructions in pages/0950-pt-br--countries--marshall-islands.md,pages/0950-pt-br--countries--marshall-islands.md
https://immigratetobrazil.com/pt-br/countries/mauritania/,COUNTRY EVIDENCE REQUIRED — conditional editorial draft,Complete the page-specific VERIFY and ADD instructions in pages/0951-pt-br--countries--mauritania.md,pages/0951-pt-br--countries--mauritania.md
https://immigratetobrazil.com/pt-br/countries/mauritius/,COUNTRY EVIDENCE REQUIRED — conditional editorial draft,Complete the page-specific VERIFY and ADD instructions in pages/0952-pt-br--countries--mauritius.md,pages/0952-pt-br--countries--mauritius.md
https://immigratetobrazil.com/pt-br/countries/mexico/,COUNTRY EVIDENCE REQUIRED — conditional editorial draft,Complete the page-specific VERIFY and ADD instructions in pages/0953-pt-br--countries--mexico.md,pages/0953-pt-br--countries--mexico.md
https://immigratetobrazil.com/pt-br/countries/micronesia/,COUNTRY EVIDENCE REQUIRED — conditional editorial draft,Complete the page-specific VERIFY and ADD instructions in pages/0954-pt-br--countries--micronesia.md,pages/0954-pt-br--countries--micronesia.md
https://immigratetobrazil.com/pt-br/countries/moldova/,COUNTRY EVIDENCE REQUIRED — conditional editorial draft,Complete the page-specific VERIFY and ADD instructions in pages/0955-pt-br--countries--moldova.md,pages/0955-pt-br--countries--moldova.md
https://immigratetobrazil.com/pt-br/countries/monaco/,COUNTRY EVIDENCE REQUIRED — conditional editorial draft,Complete the page-specific VERIFY and ADD instructions in pages/0956-pt-br--countries--monaco.md,pages/0956-pt-br--countries--monaco.md
https://immigratetobrazil.com/pt-br/countries/mongolia/,COUNTRY EVIDENCE REQUIRED — conditional editorial draft,Complete the page-specific VERIFY and ADD instructions in pages/0957-pt-br--countries--mongolia.md,pages/0957-pt-br--countries--mongolia.md
https://immigratetobrazil.com/pt-br/countries/montenegro/,COUNTRY EVIDENCE REQUIRED — conditional editorial draft,Complete the page-specific VERIFY and ADD instructions in pages/0958-pt-br--countries--montenegro.md,pages/0958-pt-br--countries--montenegro.md
https://immigratetobrazil.com/pt-br/countries/morocco/,COUNTRY EVIDENCE REQUIRED — conditional editorial draft,Complete the page-specific VERIFY and ADD instructions in pages/0959-pt-br--countries--morocco.md,pages/0959-pt-br--countries--morocco.md
https://immigratetobrazil.com/pt-br/countries/mozambique/,COUNTRY EVIDENCE REQUIRED — conditional editorial draft,Complete the page-specific VERIFY and ADD instructions in pages/0960-pt-br--countries--mozambique.md,pages/0960-pt-br--countries--mozambique.md
https://immigratetobrazil.com/pt-br/countries/myanmar/,COUNTRY EVIDENCE REQUIRED — conditional editorial draft,Complete the page-specific VERIFY and ADD instructions in pages/0961-pt-br--countries--myanmar.md,pages/0961-pt-br--countries--myanmar.md
https://immigratetobrazil.com/pt-br/countries/namibia/,COUNTRY EVIDENCE REQUIRED — conditional editorial draft,Complete the page-specific VERIFY and ADD instructions in pages/0962-pt-br--countries--namibia.md,pages/0962-pt-br--countries--namibia.md
https://immigratetobrazil.com/pt-br/countries/nauru/,COUNTRY EVIDENCE REQUIRED — conditional editorial draft,Complete the page-specific VERIFY and ADD instructions in pages/0963-pt-br--countries--nauru.md,pages/0963-pt-br--countries--nauru.md
https://immigratetobrazil.com/pt-br/countries/nepal/,COUNTRY EVIDENCE REQUIRED — conditional editorial draft,Complete the page-specific VERIFY and ADD instructions in pages/0964-pt-br--countries--nepal.md,pages/0964-pt-br--countries--nepal.md
https://immigratetobrazil.com/pt-br/countries/netherlands/,COUNTRY EVIDENCE REQUIRED — conditional editorial draft,Complete the page-specific VERIFY and ADD instructions in pages/0965-pt-br--countries--netherlands.md,pages/0965-pt-br--countries--netherlands.md
https://immigratetobrazil.com/pt-br/countries/new-zealand/,COUNTRY EVIDENCE REQUIRED — conditional editorial draft,Complete the page-specific VERIFY and ADD instructions in pages/0966-pt-br--countries--new-zealand.md,pages/0966-pt-br--countries--new-zealand.md
https://immigratetobrazil.com/pt-br/countries/nicaragua/,COUNTRY EVIDENCE REQUIRED — conditional editorial draft,Complete the page-specific VERIFY and ADD instructions in pages/0967-pt-br--countries--nicaragua.md,pages/0967-pt-br--countries--nicaragua.md
https://immigratetobrazil.com/pt-br/countries/niger/,COUNTRY EVIDENCE REQUIRED — conditional editorial draft,Complete the page-specific VERIFY and ADD instructions in pages/0968-pt-br--countries--niger.md,pages/0968-pt-br--countries--niger.md
https://immigratetobrazil.com/pt-br/countries/nigeria/,COUNTRY EVIDENCE REQUIRED — conditional editorial draft,Complete the page-specific VERIFY and ADD instructions in pages/0969-pt-br--countries--nigeria.md,pages/0969-pt-br--countries--nigeria.md
https://immigratetobrazil.com/pt-br/countries/north-korea/,COUNTRY EVIDENCE REQUIRED — conditional editorial draft,Complete the page-specific VERIFY and ADD instructions in pages/0970-pt-br--countries--north-korea.md,pages/0970-pt-br--countries--north-korea.md
https://immigratetobrazil.com/pt-br/countries/north-macedonia/,COUNTRY EVIDENCE REQUIRED — conditional editorial draft,Complete the page-specific VERIFY and ADD instructions in pages/0971-pt-br--countries--north-macedonia.md,pages/0971-pt-br--countries--north-macedonia.md
https://immigratetobrazil.com/pt-br/countries/norway/,COUNTRY EVIDENCE REQUIRED — conditional editorial draft,Complete the page-specific VERIFY and ADD instructions in pages/0972-pt-br--countries--norway.md,pages/0972-pt-br--countries--norway.md
https://immigratetobrazil.com/pt-br/countries/oman/,COUNTRY EVIDENCE REQUIRED — conditional editorial draft,Complete the page-specific VERIFY and ADD instructions in pages/0973-pt-br--countries--oman.md,pages/0973-pt-br--countries--oman.md
https://immigratetobrazil.com/pt-br/countries/pakistan/,COUNTRY EVIDENCE REQUIRED — conditional editorial draft,Complete the page-specific VERIFY and ADD instructions in pages/0974-pt-br--countries--pakistan.md,pages/0974-pt-br--countries--pakistan.md
https://immigratetobrazil.com/pt-br/countries/palau/,COUNTRY EVIDENCE REQUIRED — conditional editorial draft,Complete the page-specific VERIFY and ADD instructions in pages/0975-pt-br--countries--palau.md,pages/0975-pt-br--countries--palau.md
https://immigratetobrazil.com/pt-br/countries/palestine/,COUNTRY EVIDENCE REQUIRED — conditional editorial draft,Complete the page-specific VERIFY and ADD instructions in pages/0976-pt-br--countries--palestine.md,pages/0976-pt-br--countries--palestine.md
https://immigratetobrazil.com/pt-br/countries/panama/,COUNTRY EVIDENCE REQUIRED — conditional editorial draft,Complete the page-specific VERIFY and ADD instructions in pages/0977-pt-br--countries--panama.md,pages/0977-pt-br--countries--panama.md
https://immigratetobrazil.com/pt-br/countries/papua-new-guinea/,COUNTRY EVIDENCE REQUIRED — conditional editorial draft,Complete the page-specific VERIFY and ADD instructions in pages/0978-pt-br--countries--papua-new-guinea.md,pages/0978-pt-br--countries--papua-new-guinea.md
https://immigratetobrazil.com/pt-br/countries/paraguay/,COUNTRY EVIDENCE REQUIRED — conditional editorial draft,Complete the page-specific VERIFY and ADD instructions in pages/0979-pt-br--countries--paraguay.md,pages/0979-pt-br--countries--paraguay.md
https://immigratetobrazil.com/pt-br/countries/peru/,COUNTRY EVIDENCE REQUIRED — conditional editorial draft,Complete the page-specific VERIFY and ADD instructions in pages/0980-pt-br--countries--peru.md,pages/0980-pt-br--countries--peru.md
https://immigratetobrazil.com/pt-br/countries/philippines/,COUNTRY EVIDENCE REQUIRED — conditional editorial draft,Complete the page-specific VERIFY and ADD instructions in pages/0981-pt-br--countries--philippines.md,pages/0981-pt-br--countries--philippines.md
https://immigratetobrazil.com/pt-br/countries/poland/,COUNTRY EVIDENCE REQUIRED — conditional editorial draft,Complete the page-specific VERIFY and ADD instructions in pages/0982-pt-br--countries--poland.md,pages/0982-pt-br--countries--poland.md
https://immigratetobrazil.com/pt-br/countries/portugal/,COUNTRY EVIDENCE REQUIRED — conditional editorial draft,Complete the page-specific VERIFY and ADD instructions in pages/0983-pt-br--countries--portugal.md,pages/0983-pt-br--countries--portugal.md
https://immigratetobrazil.com/pt-br/countries/qatar/,COUNTRY EVIDENCE REQUIRED — conditional editorial draft,Complete the page-specific VERIFY and ADD instructions in pages/0984-pt-br--countries--qatar.md,pages/0984-pt-br--countries--qatar.md
https://immigratetobrazil.com/pt-br/countries/romania/,COUNTRY EVIDENCE REQUIRED — conditional editorial draft,Complete the page-specific VERIFY and ADD instructions in pages/0985-pt-br--countries--romania.md,pages/0985-pt-br--countries--romania.md
https://immigratetobrazil.com/pt-br/countries/russia/,COUNTRY EVIDENCE REQUIRED — conditional editorial draft,Complete the page-specific VERIFY and ADD instructions in pages/0986-pt-br--countries--russia.md,pages/0986-pt-br--countries--russia.md
https://immigratetobrazil.com/pt-br/countries/rwanda/,COUNTRY EVIDENCE REQUIRED — conditional editorial draft,Complete the page-specific VERIFY and ADD instructions in pages/0987-pt-br--countries--rwanda.md,pages/0987-pt-br--countries--rwanda.md
https://immigratetobrazil.com/pt-br/countries/saint-kitts-and-nevis/,COUNTRY EVIDENCE REQUIRED — conditional editorial draft,Complete the page-specific VERIFY and ADD instructions in pages/0988-pt-br--countries--saint-kitts-and-nevis.md,pages/0988-pt-br--countries--saint-kitts-and-nevis.md
https://immigratetobrazil.com/pt-br/countries/saint-lucia/,COUNTRY EVIDENCE REQUIRED — conditional editorial draft,Complete the page-specific VERIFY and ADD instructions in pages/0989-pt-br--countries--saint-lucia.md,pages/0989-pt-br--countries--saint-lucia.md
https://immigratetobrazil.com/pt-br/countries/saint-vincent-and-the-grenadines/,COUNTRY EVIDENCE REQUIRED — conditional editorial draft,Complete the page-specific VERIFY and ADD instructions in pages/0990-pt-br--countries--saint-vincent-and-the-grenadines.md,pages/0990-pt-br--countries--saint-vincent-and-the-grenadines.md
https://immigratetobrazil.com/pt-br/countries/samoa/,COUNTRY EVIDENCE REQUIRED — conditional editorial draft,Complete the page-specific VERIFY and ADD instructions in pages/0991-pt-br--countries--samoa.md,pages/0991-pt-br--countries--samoa.md
https://immigratetobrazil.com/pt-br/countries/san-marino/,COUNTRY EVIDENCE REQUIRED — conditional editorial draft,Complete the page-specific VERIFY and ADD instructions in pages/0992-pt-br--countries--san-marino.md,pages/0992-pt-br--countries--san-marino.md
https://immigratetobrazil.com/pt-br/countries/sao-tome-and-principe/,COUNTRY EVIDENCE REQUIRED — conditional editorial draft,Complete the page-specific VERIFY and ADD instructions in pages/0993-pt-br--countries--sao-tome-and-principe.md,pages/0993-pt-br--countries--sao-tome-and-principe.md
https://immigratetobrazil.com/pt-br/countries/saudi-arabia/,COUNTRY EVIDENCE REQUIRED — conditional editorial draft,Complete the page-specific VERIFY and ADD instructions in pages/0994-pt-br--countries--saudi-arabia.md,pages/0994-pt-br--countries--saudi-arabia.md
https://immigratetobrazil.com/pt-br/countries/senegal/,COUNTRY EVIDENCE REQUIRED — conditional editorial draft,Complete the page-specific VERIFY and ADD instructions in pages/0995-pt-br--countries--senegal.md,pages/0995-pt-br--countries--senegal.md
https://immigratetobrazil.com/pt-br/countries/serbia/,COUNTRY EVIDENCE REQUIRED — conditional editorial draft,Complete the page-specific VERIFY and ADD instructions in pages/0996-pt-br--countries--serbia.md,pages/0996-pt-br--countries--serbia.md
https://immigratetobrazil.com/pt-br/countries/seychelles/,COUNTRY EVIDENCE REQUIRED — conditional editorial draft,Complete the page-specific VERIFY and ADD instructions in pages/0997-pt-br--countries--seychelles.md,pages/0997-pt-br--countries--seychelles.md
https://immigratetobrazil.com/pt-br/countries/sierra-leone/,COUNTRY EVIDENCE REQUIRED — conditional editorial draft,Complete the page-specific VERIFY and ADD instructions in pages/0998-pt-br--countries--sierra-leone.md,pages/0998-pt-br--countries--sierra-leone.md
https://immigratetobrazil.com/pt-br/countries/singapore/,COUNTRY EVIDENCE REQUIRED — conditional editorial draft,Complete the page-specific VERIFY and ADD instructions in pages/0999-pt-br--countries--singapore.md,pages/0999-pt-br--countries--singapore.md
https://immigratetobrazil.com/pt-br/countries/slovakia/,COUNTRY EVIDENCE REQUIRED — conditional editorial draft,Complete the page-specific VERIFY and ADD instructions in pages/1000-pt-br--countries--slovakia.md,pages/1000-pt-br--countries--slovakia.md
https://immigratetobrazil.com/pt-br/countries/slovenia/,COUNTRY EVIDENCE REQUIRED — conditional editorial draft,Complete the page-specific VERIFY and ADD instructions in pages/1001-pt-br--countries--slovenia.md,pages/1001-pt-br--countries--slovenia.md
https://immigratetobrazil.com/pt-br/countries/solomon-islands/,COUNTRY EVIDENCE REQUIRED — conditional editorial draft,Complete the page-specific VERIFY and ADD instructions in pages/1002-pt-br--countries--solomon-islands.md,pages/1002-pt-br--countries--solomon-islands.md
https://immigratetobrazil.com/pt-br/countries/somalia/,COUNTRY EVIDENCE REQUIRED — conditional editorial draft,Complete the page-specific VERIFY and ADD instructions in pages/1003-pt-br--countries--somalia.md,pages/1003-pt-br--countries--somalia.md
https://immigratetobrazil.com/pt-br/countries/south-africa/,COUNTRY EVIDENCE REQUIRED — conditional editorial draft,Complete the page-specific VERIFY and ADD instructions in pages/1004-pt-br--countries--south-africa.md,pages/1004-pt-br--countries--south-africa.md
https://immigratetobrazil.com/pt-br/countries/south-korea/,COUNTRY EVIDENCE REQUIRED — conditional editorial draft,Complete the page-specific VERIFY and ADD instructions in pages/1005-pt-br--countries--south-korea.md,pages/1005-pt-br--countries--south-korea.md
https://immigratetobrazil.com/pt-br/countries/south-sudan/,COUNTRY EVIDENCE REQUIRED — conditional editorial draft,Complete the page-specific VERIFY and ADD instructions in pages/1006-pt-br--countries--south-sudan.md,pages/1006-pt-br--countries--south-sudan.md
https://immigratetobrazil.com/pt-br/countries/spain/,COUNTRY EVIDENCE REQUIRED — conditional editorial draft,Complete the page-specific VERIFY and ADD instructions in pages/1007-pt-br--countries--spain.md,pages/1007-pt-br--countries--spain.md
https://immigratetobrazil.com/pt-br/countries/sri-lanka/,COUNTRY EVIDENCE REQUIRED — conditional editorial draft,Complete the page-specific VERIFY and ADD instructions in pages/1008-pt-br--countries--sri-lanka.md,pages/1008-pt-br--countries--sri-lanka.md
https://immigratetobrazil.com/pt-br/countries/sudan/,COUNTRY EVIDENCE REQUIRED — conditional editorial draft,Complete the page-specific VERIFY and ADD instructions in pages/1009-pt-br--countries--sudan.md,pages/1009-pt-br--countries--sudan.md
https://immigratetobrazil.com/pt-br/countries/suriname/,COUNTRY EVIDENCE REQUIRED — conditional editorial draft,Complete the page-specific VERIFY and ADD instructions in pages/1010-pt-br--countries--suriname.md,pages/1010-pt-br--countries--suriname.md
https://immigratetobrazil.com/pt-br/countries/sweden/,COUNTRY EVIDENCE REQUIRED — conditional editorial draft,Complete the page-specific VERIFY and ADD instructions in pages/1011-pt-br--countries--sweden.md,pages/1011-pt-br--countries--sweden.md
https://immigratetobrazil.com/pt-br/countries/switzerland/,COUNTRY EVIDENCE REQUIRED — conditional editorial draft,Complete the page-specific VERIFY and ADD instructions in pages/1012-pt-br--countries--switzerland.md,pages/1012-pt-br--countries--switzerland.md
https://immigratetobrazil.com/pt-br/countries/syria/,COUNTRY EVIDENCE REQUIRED — conditional editorial draft,Complete the page-specific VERIFY and ADD instructions in pages/1013-pt-br--countries--syria.md,pages/1013-pt-br--countries--syria.md
https://immigratetobrazil.com/pt-br/countries/tajikistan/,COUNTRY EVIDENCE REQUIRED — conditional editorial draft,Complete the page-specific VERIFY and ADD instructions in pages/1014-pt-br--countries--tajikistan.md,pages/1014-pt-br--countries--tajikistan.md
https://immigratetobrazil.com/pt-br/countries/tanzania/,COUNTRY EVIDENCE REQUIRED — conditional editorial draft,Complete the page-specific VERIFY and ADD instructions in pages/1015-pt-br--countries--tanzania.md,pages/1015-pt-br--countries--tanzania.md
https://immigratetobrazil.com/pt-br/countries/thailand/,COUNTRY EVIDENCE REQUIRED — conditional editorial draft,Complete the page-specific VERIFY and ADD instructions in pages/1016-pt-br--countries--thailand.md,pages/1016-pt-br--countries--thailand.md
https://immigratetobrazil.com/pt-br/countries/timor-leste/,COUNTRY EVIDENCE REQUIRED — conditional editorial draft,Complete the page-specific VERIFY and ADD instructions in pages/1017-pt-br--countries--timor-leste.md,pages/1017-pt-br--countries--timor-leste.md
https://immigratetobrazil.com/pt-br/countries/togo/,COUNTRY EVIDENCE REQUIRED — conditional editorial draft,Complete the page-specific VERIFY and ADD instructions in pages/1018-pt-br--countries--togo.md,pages/1018-pt-br--countries--togo.md
https://immigratetobrazil.com/pt-br/countries/tonga/,COUNTRY EVIDENCE REQUIRED — conditional editorial draft,Complete the page-specific VERIFY and ADD instructions in pages/1019-pt-br--countries--tonga.md,pages/1019-pt-br--countries--tonga.md
https://immigratetobrazil.com/pt-br/countries/trinidad-and-tobago/,COUNTRY EVIDENCE REQUIRED — conditional editorial draft,Complete the page-specific VERIFY and ADD instructions in pages/1020-pt-br--countries--trinidad-and-tobago.md,pages/1020-pt-br--countries--trinidad-and-tobago.md
https://immigratetobrazil.com/pt-br/countries/tunisia/,COUNTRY EVIDENCE REQUIRED — conditional editorial draft,Complete the page-specific VERIFY and ADD instructions in pages/1021-pt-br--countries--tunisia.md,pages/1021-pt-br--countries--tunisia.md
https://immigratetobrazil.com/pt-br/countries/turkey/,COUNTRY EVIDENCE REQUIRED — conditional editorial draft,Complete the page-specific VERIFY and ADD instructions in pages/1022-pt-br--countries--turkey.md,pages/1022-pt-br--countries--turkey.md
https://immigratetobrazil.com/pt-br/countries/turkmenistan/,COUNTRY EVIDENCE REQUIRED — conditional editorial draft,Complete the page-specific VERIFY and ADD instructions in pages/1023-pt-br--countries--turkmenistan.md,pages/1023-pt-br--countries--turkmenistan.md
https://immigratetobrazil.com/pt-br/countries/tuvalu/,COUNTRY EVIDENCE REQUIRED — conditional editorial draft,Complete the page-specific VERIFY and ADD instructions in pages/1024-pt-br--countries--tuvalu.md,pages/1024-pt-br--countries--tuvalu.md
https://immigratetobrazil.com/pt-br/countries/uganda/,COUNTRY EVIDENCE REQUIRED — conditional editorial draft,Complete the page-specific VERIFY and ADD instructions in pages/1025-pt-br--countries--uganda.md,pages/1025-pt-br--countries--uganda.md
https://immigratetobrazil.com/pt-br/countries/ukraine/,COUNTRY EVIDENCE REQUIRED — conditional editorial draft,Complete the page-specific VERIFY and ADD instructions in pages/1026-pt-br--countries--ukraine.md,pages/1026-pt-br--countries--ukraine.md
https://immigratetobrazil.com/pt-br/countries/united-arab-emirates/,COUNTRY EVIDENCE REQUIRED — conditional editorial draft,Complete the page-specific VERIFY and ADD instructions in pages/1027-pt-br--countries--united-arab-emirates.md,pages/1027-pt-br--countries--united-arab-emirates.md
https://immigratetobrazil.com/pt-br/countries/united-kingdom/,COUNTRY EVIDENCE REQUIRED — conditional editorial draft,Complete the page-specific VERIFY and ADD instructions in pages/1028-pt-br--countries--united-kingdom.md,pages/1028-pt-br--countries--united-kingdom.md
https://immigratetobrazil.com/pt-br/countries/united-states/,COUNTRY EVIDENCE REQUIRED — conditional editorial draft,Complete the page-specific VERIFY and ADD instructions in pages/1029-pt-br--countries--united-states.md,pages/1029-pt-br--countries--united-states.md
https://immigratetobrazil.com/pt-br/countries/uruguay/,COUNTRY EVIDENCE REQUIRED — conditional editorial draft,Complete the page-specific VERIFY and ADD instructions in pages/1030-pt-br--countries--uruguay.md,pages/1030-pt-br--countries--uruguay.md
https://immigratetobrazil.com/pt-br/countries/uzbekistan/,COUNTRY EVIDENCE REQUIRED — conditional editorial draft,Complete the page-specific VERIFY and ADD instructions in pages/1031-pt-br--countries--uzbekistan.md,pages/1031-pt-br--countries--uzbekistan.md
https://immigratetobrazil.com/pt-br/countries/vanuatu/,COUNTRY EVIDENCE REQUIRED — conditional editorial draft,Complete the page-specific VERIFY and ADD instructions in pages/1032-pt-br--countries--vanuatu.md,pages/1032-pt-br--countries--vanuatu.md
https://immigratetobrazil.com/pt-br/countries/vatican-city/,COUNTRY EVIDENCE REQUIRED — conditional editorial draft,Complete the page-specific VERIFY and ADD instructions in pages/1033-pt-br--countries--vatican-city.md,pages/1033-pt-br--countries--vatican-city.md
https://immigratetobrazil.com/pt-br/countries/venezuela/,COUNTRY EVIDENCE REQUIRED — conditional editorial draft,Complete the page-specific VERIFY and ADD instructions in pages/1034-pt-br--countries--venezuela.md,pages/1034-pt-br--countries--venezuela.md
https://immigratetobrazil.com/pt-br/countries/vietnam/,COUNTRY EVIDENCE REQUIRED — conditional editorial draft,Complete the page-specific VERIFY and ADD instructions in pages/1035-pt-br--countries--vietnam.md,pages/1035-pt-br--countries--vietnam.md
https://immigratetobrazil.com/pt-br/countries/yemen/,COUNTRY EVIDENCE REQUIRED — conditional editorial draft,Complete the page-specific VERIFY and ADD instructions in pages/1036-pt-br--countries--yemen.md,pages/1036-pt-br--countries--yemen.md
https://immigratetobrazil.com/pt-br/countries/zambia/,COUNTRY EVIDENCE REQUIRED — conditional editorial draft,Complete the page-specific VERIFY and ADD instructions in pages/1037-pt-br--countries--zambia.md,pages/1037-pt-br--countries--zambia.md
https://immigratetobrazil.com/pt-br/countries/zimbabwe/,COUNTRY EVIDENCE REQUIRED — conditional editorial draft,Complete the page-specific VERIFY and ADD instructions in pages/1038-pt-br--countries--zimbabwe.md,pages/1038-pt-br--countries--zimbabwe.md
https://immigratetobrazil.com/pt-br/insights/fyi/ant-nio-prado-rs-wins-un-tourism-seal-and-becomes-a-world-reference-the-charming/,SOURCE REVIEW REQUIRED — no publication-ready rewrite,Recover the original full article and identify its distinct question before rewriting.,pages/1042-pt-br--insights--fyi--ant-nio-prado-rs-wins-un-tourism-seal-and-becomes-a-world-reference-the-charming.md
https://immigratetobrazil.com/pt-br/insights/fyi/ant-nio-prado-village-brazil-s-italian-heritage-gains-global-recognition-the-charming/,SOURCE REVIEW REQUIRED — no publication-ready rewrite,Recover the original full article and identify its distinct question before rewriting.,pages/1043-pt-br--insights--fyi--ant-nio-prado-village-brazil-s-italian-heritage-gains-global-recognition-the-charming.md
https://immigratetobrazil.com/pt-br/insights/fyi/attention-what-to-avoid-in-the-airport-restricted-area-being-in-a-restricted-area-of/,SOURCE REVIEW REQUIRED — no publication-ready rewrite,Recover the original full article and identify its distinct question before rewriting.,pages/1044-pt-br--insights--fyi--attention-what-to-avoid-in-the-airport-restricted-area-being-in-a-restricted-area-of.md
https://immigratetobrazil.com/pt-br/insights/fyi/beninese-citizenship-the-symbolic-return-of-thousands-of-afro-brazilians-to-their/,SOURCE REVIEW REQUIRED — no publication-ready rewrite,Recover the original full article and identify its distinct question before rewriting.,pages/1045-pt-br--insights--fyi--beninese-citizenship-the-symbolic-return-of-thousands-of-afro-brazilians-to-their.md
https://immigratetobrazil.com/pt-br/insights/fyi/bomb-in-suitcase-joke-leads-passenger-to-arrest-at-bras-lia-airport-in-news-recently/,SOURCE REVIEW REQUIRED — no publication-ready rewrite,Recover the original full article and identify its distinct question before rewriting.,pages/1046-pt-br--insights--fyi--bomb-in-suitcase-joke-leads-passenger-to-arrest-at-bras-lia-airport-in-news-recently.md
https://immigratetobrazil.com/pt-br/insights/fyi/brazil-and-india-extend-visa-validity-to-10-years-brazil-and-india-signed-a/,SOURCE REVIEW REQUIRED — no publication-ready rewrite,Recover the original full article and identify its distinct question before rewriting.,pages/1047-pt-br--insights--fyi--brazil-and-india-extend-visa-validity-to-10-years-brazil-and-india-signed-a.md
https://immigratetobrazil.com/pt-br/insights/fyi/brazil-broadens-visitor-visa-rules-to-allow-technical-and-technology-transfer-work/,SOURCE REVIEW REQUIRED — no publication-ready rewrite,Recover the original full article and identify its distinct question before rewriting.,pages/1048-pt-br--insights--fyi--brazil-broadens-visitor-visa-rules-to-allow-technical-and-technology-transfer-work.md
https://immigratetobrazil.com/pt-br/insights/fyi/brazil-legal-insight-from-instagram-post-2/,SOURCE REVIEW REQUIRED — no publication-ready rewrite,Recover the original full article and identify its distinct question before rewriting.,pages/1049-pt-br--insights--fyi--brazil-legal-insight-from-instagram-post-2.md
https://immigratetobrazil.com/pt-br/insights/fyi/brazil-legal-insight-from-instagram-post-3/,SOURCE REVIEW REQUIRED — no publication-ready rewrite,Recover the original full article and identify its distinct question before rewriting.,pages/1050-pt-br--insights--fyi--brazil-legal-insight-from-instagram-post-3.md
https://immigratetobrazil.com/pt-br/insights/fyi/brazil-legal-insight-from-instagram-post/,SOURCE REVIEW REQUIRED — no publication-ready rewrite,Recover the original full article and identify its distinct question before rewriting.,pages/1051-pt-br--insights--fyi--brazil-legal-insight-from-instagram-post.md
https://immigratetobrazil.com/pt-br/insights/fyi/brazil-makes-the-top-10/,SOURCE REVIEW REQUIRED — no publication-ready rewrite,Recover the original full article and identify its distinct question before rewriting.,pages/1052-pt-br--insights--fyi--brazil-makes-the-top-10.md
https://immigratetobrazil.com/pt-br/insights/fyi/brazil-s-carnival-holiday-carnival-in-brazil-is-a-vibrant-festival-that/,SOURCE REVIEW REQUIRED — no publication-ready rewrite,Recover the original full article and identify its distinct question before rewriting.,pages/1053-pt-br--insights--fyi--brazil-s-carnival-holiday-carnival-in-brazil-is-a-vibrant-festival-that.md
https://immigratetobrazil.com/pt-br/insights/fyi/brazil-s-digital-nomad-visa-is-a-trending-choice/,SOURCE REVIEW REQUIRED — no publication-ready rewrite,Recover the original full article and identify its distinct question before rewriting.,pages/1054-pt-br--insights--fyi--brazil-s-digital-nomad-visa-is-a-trending-choice.md
https://immigratetobrazil.com/pt-br/insights/fyi/brazil-s-paraty-city-recognised-as-one-of-the-world-s-most-beautiful-villages-paraty/,SOURCE REVIEW REQUIRED — no publication-ready rewrite,Recover the original full article and identify its distinct question before rewriting.,pages/1055-pt-br--insights--fyi--brazil-s-paraty-city-recognised-as-one-of-the-world-s-most-beautiful-villages-paraty.md
https://immigratetobrazil.com/pt-br/insights/fyi/brazil-s-working-holiday-visa-for-young-travellers-from-select-countries/,SOURCE REVIEW REQUIRED — no publication-ready rewrite,Recover the original full article and identify its distinct question before rewriting.,pages/1056-pt-br--insights--fyi--brazil-s-working-holiday-visa-for-young-travellers-from-select-countries.md
https://immigratetobrazil.com/pt-br/insights/fyi/brazilians-around-the-world-where-of-the-largest-communities-live/,SOURCE REVIEW REQUIRED — no publication-ready rewrite,Recover the original full article and identify its distinct question before rewriting.,pages/1057-pt-br--insights--fyi--brazilians-around-the-world-where-of-the-largest-communities-live.md
https://immigratetobrazil.com/pt-br/insights/fyi/china-extends-visa-exemption-for-brazilians-until-the-end-of-2026-china/,SOURCE REVIEW REQUIRED — no publication-ready rewrite,Recover the original full article and identify its distinct question before rewriting.,pages/1058-pt-br--insights--fyi--china-extends-visa-exemption-for-brazilians-until-the-end-of-2026-china.md
https://immigratetobrazil.com/pt-br/insights/fyi/did-you-know-portugal-signed-a-historic-decree-to-recognize-the-national-driving/,SOURCE REVIEW REQUIRED — no publication-ready rewrite,Recover the original full article and identify its distinct question before rewriting.,pages/1059-pt-br--insights--fyi--did-you-know-portugal-signed-a-historic-decree-to-recognize-the-national-driving.md
https://immigratetobrazil.com/pt-br/insights/fyi/federal-government-launches-official-page-on-definitive-tax-exit-from-brazil-the/,SOURCE REVIEW REQUIRED — no publication-ready rewrite,Recover the original full article and identify its distinct question before rewriting.,pages/1060-pt-br--insights--fyi--federal-government-launches-official-page-on-definitive-tax-exit-from-brazil-the.md
https://immigratetobrazil.com/pt-br/insights/fyi/guarulhos-airport-reinforces-liquid-inspection-attention-travelers/,SOURCE REVIEW REQUIRED — no publication-ready rewrite,Recover the original full article and identify its distinct question before rewriting.,pages/1061-pt-br--insights--fyi--guarulhos-airport-reinforces-liquid-inspection-attention-travelers.md
https://immigratetobrazil.com/pt-br/insights/fyi/happy-new-year-happy-new-year-if-you-haven-t-started-planning-your-year-yet-this-is/,SOURCE REVIEW REQUIRED — no publication-ready rewrite,Recover the original full article and identify its distinct question before rewriting.,pages/1062-pt-br--insights--fyi--happy-new-year-happy-new-year-if-you-haven-t-started-planning-your-year-yet-this-is.md
https://immigratetobrazil.com/pt-br/insights/fyi/immigrant-children-in-brazil-how-provisional-naturalization-works-it-is-a-form-of/,SOURCE REVIEW REQUIRED — no publication-ready rewrite,Recover the original full article and identify its distinct question before rewriting.,pages/1063-pt-br--insights--fyi--immigrant-children-in-brazil-how-provisional-naturalization-works-it-is-a-form-of.md
https://immigratetobrazil.com/pt-br/insights/fyi/international-buyers-can-purchase-property-in-brazil-how-does-it-work/,SOURCE REVIEW REQUIRED — no publication-ready rewrite,Recover the original full article and identify its distinct question before rewriting.,pages/1064-pt-br--insights--fyi--international-buyers-can-purchase-property-in-brazil-how-does-it-work.md
https://immigratetobrazil.com/pt-br/insights/fyi/italy-allows-large-dogs-in-the-airplane-cabin-for-the-first-time-in-the-world/,SOURCE REVIEW REQUIRED — no publication-ready rewrite,Recover the original full article and identify its distinct question before rewriting.,pages/1065-pt-br--insights--fyi--italy-allows-large-dogs-in-the-airplane-cabin-for-the-first-time-in-the-world.md
https://immigratetobrazil.com/pt-br/insights/fyi/italy-plans-almost-500-000-work-visas-for-non-europeans-by-2028-the-government/,SOURCE REVIEW REQUIRED — no publication-ready rewrite,Recover the original full article and identify its distinct question before rewriting.,pages/1066-pt-br--insights--fyi--italy-plans-almost-500-000-work-visas-for-non-europeans-by-2028-the-government.md
https://immigratetobrazil.com/pt-br/insights/fyi/new-criteria-on-health-could-restrict-the-granting-of-us-visas-the-government-of-the/,SOURCE REVIEW REQUIRED — no publication-ready rewrite,Recover the original full article and identify its distinct question before rewriting.,pages/1067-pt-br--insights--fyi--new-criteria-on-health-could-restrict-the-granting-of-us-visas-the-government-of-the.md
https://immigratetobrazil.com/pt-br/insights/fyi/new-fee-on-international-connections-in-peru-could-change-the-game-for-those-stopping/,SOURCE REVIEW REQUIRED — no publication-ready rewrite,Recover the original full article and identify its distinct question before rewriting.,pages/1068-pt-br--insights--fyi--new-fee-on-international-connections-in-peru-could-change-the-game-for-those-stopping.md
https://immigratetobrazil.com/pt-br/insights/fyi/pathways-to-brazilian-citizenship-for-parents-and-siblings-of-brazilian-children/,SOURCE REVIEW REQUIRED — no publication-ready rewrite,Recover the original full article and identify its distinct question before rewriting.,pages/1069-pt-br--insights--fyi--pathways-to-brazilian-citizenship-for-parents-and-siblings-of-brazilian-children.md
https://immigratetobrazil.com/pt-br/insights/fyi/portugal-ends-the-old-work-search-visa-and-creates-a-new-modality-visa-to-search/,SOURCE REVIEW REQUIRED — no publication-ready rewrite,Recover the original full article and identify its distinct question before rewriting.,pages/1070-pt-br--insights--fyi--portugal-ends-the-old-work-search-visa-and-creates-a-new-modality-visa-to-search.md
https://immigratetobrazil.com/pt-br/insights/fyi/sistema-ees-entra-em-vigor-nos-aeroportos-europa-aperta-o-cerco-a-quem-ultrapassa-o/,SOURCE REVIEW REQUIRED — no publication-ready rewrite,Recover the original full article and identify its distinct question before rewriting.,pages/1071-pt-br--insights--fyi--sistema-ees-entra-em-vigor-nos-aeroportos-europa-aperta-o-cerco-a-quem-ultrapassa-o.md
https://immigratetobrazil.com/pt-br/insights/fyi/things-you-should-never-of-in-the-airport-s-restricted-area-being-in-an-airport-s/,SOURCE REVIEW REQUIRED — no publication-ready rewrite,Recover the original full article and identify its distinct question before rewriting.,pages/1072-pt-br--insights--fyi--things-you-should-never-of-in-the-airport-s-restricted-area-being-in-an-airport-s.md
https://immigratetobrazil.com/pt-br/insights/fyi/tourism-in-brazil-hits-historic-record-with-nearly-8-million-international-arrivals-in/,SOURCE REVIEW REQUIRED — no publication-ready rewrite,Recover the original full article and identify its distinct question before rewriting.,pages/1073-pt-br--insights--fyi--tourism-in-brazil-hits-historic-record-with-nearly-8-million-international-arrivals-in.md
https://immigratetobrazil.com/pt-br/insights/fyi/travelling-solo-with-your-child-important-name-mismatch-considerations-a-parent/,SOURCE REVIEW REQUIRED — no publication-ready rewrite,Recover the original full article and identify its distinct question before rewriting.,pages/1074-pt-br--insights--fyi--travelling-solo-with-your-child-important-name-mismatch-considerations-a-parent.md
https://immigratetobrazil.com/pt-br/insights/fyi/united-kingdom-makes-changes-to-its-asylum-policy-the-united-kingdom-announced/,SOURCE REVIEW REQUIRED — no publication-ready rewrite,Recover the original full article and identify its distinct question before rewriting.,pages/1075-pt-br--insights--fyi--united-kingdom-makes-changes-to-its-asylum-policy-the-united-kingdom-announced.md
https://immigratetobrazil.com/pt-br/insights/fyi/usa-suspends-issuing-immigrant-visas-to-brazilians-the-united-states-announced-the/,SOURCE REVIEW REQUIRED — no publication-ready rewrite,Recover the original full article and identify its distinct question before rewriting.,pages/1076-pt-br--insights--fyi--usa-suspends-issuing-immigrant-visas-to-brazilians-the-united-states-announced-the.md
https://immigratetobrazil.com/pt-br/insights/fyi/valorizando-o-brazil-a-vila-brasileira-reconhecida-entre-as-mais-bonitas-of-mundo/,SOURCE REVIEW REQUIRED — no publication-ready rewrite,Recover the original full article and identify its distinct question before rewriting.,pages/1077-pt-br--insights--fyi--valorizando-o-brazil-a-vila-brasileira-reconhecida-entre-as-mais-bonitas-of-mundo.md
https://immigratetobrazil.com/pt-br/insights/fyi/volunteer-visa-for-work-in-non-profit-and-international-organisations-in-brazil/,SOURCE REVIEW REQUIRED — no publication-ready rewrite,Recover the original full article and identify its distinct question before rewriting.,pages/1078-pt-br--insights--fyi--volunteer-visa-for-work-in-non-profit-and-international-organisations-in-brazil.md
https://immigratetobrazil.com/pt-br/insights/fyi/what-are-the-steps-to-legally-move-and-live-in-brazil/,SOURCE REVIEW REQUIRED — no publication-ready rewrite,Recover the original full article and identify its distinct question before rewriting.,pages/1079-pt-br--insights--fyi--what-are-the-steps-to-legally-move-and-live-in-brazil.md
https://immigratetobrazil.com/pt-br/insights/fyi/when-that-traveler-from-a-cold-country-comes-to-brazil-and-feels-amazed-with-the/,SOURCE REVIEW REQUIRED — no publication-ready rewrite,Recover the original full article and identify its distinct question before rewriting.,pages/1080-pt-br--insights--fyi--when-that-traveler-from-a-cold-country-comes-to-brazil-and-feels-amazed-with-the.md
https://immigratetobrazil.com/pt-br/insights/fyi/why-brazil-s-student-visa-vitem-iv-absolutely-beats-the-us-f-1-you-land/,SOURCE REVIEW REQUIRED — no publication-ready rewrite,Recover the original full article and identify its distinct question before rewriting.,pages/1081-pt-br--insights--fyi--why-brazil-s-student-visa-vitem-iv-absolutely-beats-the-us-f-1-you-land.md
https://immigratetobrazil.com/pt-br/insights/guides/are-you-a-tourist-in-brazil-and-want-to-live-here/,SOURCE REVIEW REQUIRED — no publication-ready rewrite,Recover the original full article and identify its distinct question before rewriting.,pages/1084-pt-br--insights--guides--are-you-a-tourist-in-brazil-and-want-to-live-here.md
https://immigratetobrazil.com/pt-br/insights/guides/are-you-dreaming-of-getting-a-green-card-but-worried-about-the-sponsor/,SOURCE REVIEW REQUIRED — no publication-ready rewrite,Recover the original full article and identify its distinct question before rewriting.,pages/1085-pt-br--insights--guides--are-you-dreaming-of-getting-a-green-card-but-worried-about-the-sponsor.md
https://immigratetobrazil.com/pt-br/insights/guides/can-football-fans-sing-homophobic-chants/,SOURCE REVIEW REQUIRED — no publication-ready rewrite,Recover the original full article and identify its distinct question before rewriting.,pages/1086-pt-br--insights--guides--can-football-fans-sing-homophobic-chants.md
https://immigratetobrazil.com/pt-br/insights/guides/can-i-bring-my-familia-family-to-brazil-if-i-have-a-work-visa/,SOURCE REVIEW REQUIRED — no publication-ready rewrite,Recover the original full article and identify its distinct question before rewriting.,pages/1087-pt-br--insights--guides--can-i-bring-my-familia-family-to-brazil-if-i-have-a-work-visa.md
https://immigratetobrazil.com/pt-br/insights/guides/did-the-bank-lower-your-credit-limit-or-cancel-your-account-suddenly/,SOURCE REVIEW REQUIRED — no publication-ready rewrite,Recover the original full article and identify its distinct question before rewriting.,pages/1088-pt-br--insights--guides--did-the-bank-lower-your-credit-limit-or-cancel-your-account-suddenly.md
https://immigratetobrazil.com/pt-br/insights/guides/did-you-know-that-anyone-who-buys-their-first-residential-property-fin/,SOURCE REVIEW REQUIRED — no publication-ready rewrite,Recover the original full article and identify its distinct question before rewriting.,pages/1089-pt-br--insights--guides--did-you-know-that-anyone-who-buys-their-first-residential-property-fin.md
https://immigratetobrazil.com/pt-br/insights/guides/did-you-know-that-brazilian-naturalization-can-open-doors-to-incredibl-2/,SOURCE REVIEW REQUIRED — no publication-ready rewrite,Recover the original full article and identify its distinct question before rewriting.,pages/1090-pt-br--insights--guides--did-you-know-that-brazilian-naturalization-can-open-doors-to-incredibl-2.md
https://immigratetobrazil.com/pt-br/insights/guides/did-you-know-that-brazilian-naturalization-can-open-doors-to-incredibl/,SOURCE REVIEW REQUIRED — no publication-ready rewrite,Recover the original full article and identify its distinct question before rewriting.,pages/1091-pt-br--insights--guides--did-you-know-that-brazilian-naturalization-can-open-doors-to-incredibl.md
https://immigratetobrazil.com/pt-br/insights/guides/do-i-need-to-get-my-diploma-from-my-home-country-validated-in-brazil/,SOURCE REVIEW REQUIRED — no publication-ready rewrite,Recover the original full article and identify its distinct question before rewriting.,pages/1092-pt-br--insights--guides--do-i-need-to-get-my-diploma-from-my-home-country-validated-in-brazil.md
https://immigratetobrazil.com/pt-br/insights/guides/do-you-dream-of-getting-a-green-card-but-are-concerned-about-the-requi/,SOURCE REVIEW REQUIRED — no publication-ready rewrite,Recover the original full article and identify its distinct question before rewriting.,pages/1093-pt-br--insights--guides--do-you-dream-of-getting-a-green-card-but-are-concerned-about-the-requi.md
https://immigratetobrazil.com/pt-br/insights/guides/do-you-want-to-live-in-brazil-and-invest-intelligently/,SOURCE REVIEW REQUIRED — no publication-ready rewrite,Recover the original full article and identify its distinct question before rewriting.,pages/1094-pt-br--insights--guides--do-you-want-to-live-in-brazil-and-invest-intelligently.md
https://immigratetobrazil.com/pt-br/insights/guides/have-you-ever-wondered-what-happens-if-a-child-support-decision-for-a/,SOURCE REVIEW REQUIRED — no publication-ready rewrite,Recover the original full article and identify its distinct question before rewriting.,pages/1095-pt-br--insights--guides--have-you-ever-wondered-what-happens-if-a-child-support-decision-for-a.md
https://immigratetobrazil.com/pt-br/insights/guides/have-you-paid-a-debt-at-a-discount-but-your-name-remains-subject-to-in/,SOURCE REVIEW REQUIRED — no publication-ready rewrite,Recover the original full article and identify its distinct question before rewriting.,pages/1096-pt-br--insights--guides--have-you-paid-a-debt-at-a-discount-but-your-name-remains-subject-to-in.md
https://immigratetobrazil.com/pt-br/insights/guides/how-can-i-keep-in-touch-with-my-child-in-brazil-if-i-dont-live-there/,SOURCE REVIEW REQUIRED — no publication-ready rewrite,Recover the original full article and identify its distinct question before rewriting.,pages/1097-pt-br--insights--guides--how-can-i-keep-in-touch-with-my-child-in-brazil-if-i-dont-live-there.md
https://immigratetobrazil.com/pt-br/insights/guides/how-can-i-keep-in-touch-with-my-child-located-in-brazil-if-i-don-t-liv/,SOURCE REVIEW REQUIRED — no publication-ready rewrite,Recover the original full article and identify its distinct question before rewriting.,pages/1098-pt-br--insights--guides--how-can-i-keep-in-touch-with-my-child-located-in-brazil-if-i-don-t-liv.md
https://immigratetobrazil.com/pt-br/insights/guides/how-long-does-it-take-to-get-brazilian-passport/,SOURCE REVIEW REQUIRED — no publication-ready rewrite,Recover the original full article and identify its distinct question before rewriting.,pages/1099-pt-br--insights--guides--how-long-does-it-take-to-get-brazilian-passport.md
https://immigratetobrazil.com/pt-br/insights/guides/how-long-does-it-take-to-obtain-brazilian-citizenship/,SOURCE REVIEW REQUIRED — no publication-ready rewrite,Recover the original full article and identify its distinct question before rewriting.,pages/1100-pt-br--insights--guides--how-long-does-it-take-to-obtain-brazilian-citizenship.md
https://immigratetobrazil.com/pt-br/insights/guides/how-to-schedule-an-immigration-interview-for-residency-with-the-federa/,SOURCE REVIEW REQUIRED — no publication-ready rewrite,Recover the original full article and identify its distinct question before rewriting.,pages/1101-pt-br--insights--guides--how-to-schedule-an-immigration-interview-for-residency-with-the-federa.md
https://immigratetobrazil.com/pt-br/insights/guides/if-a-foreigner-has-a-child-in-brazil-does-he-have-the-automatic-right/,SOURCE REVIEW REQUIRED — no publication-ready rewrite,Recover the original full article and identify its distinct question before rewriting.,pages/1102-pt-br--insights--guides--if-a-foreigner-has-a-child-in-brazil-does-he-have-the-automatic-right.md
https://immigratetobrazil.com/pt-br/insights/guides/immigration-x-emigration-do-you-know-the-difference/,SOURCE REVIEW REQUIRED — no publication-ready rewrite,Recover the original full article and identify its distinct question before rewriting.,pages/1103-pt-br--insights--guides--immigration-x-emigration-do-you-know-the-difference.md
https://immigratetobrazil.com/pt-br/insights/guides/is-a-marriage-celebrated-abroad-valid-in-brazil/,SOURCE REVIEW REQUIRED — no publication-ready rewrite,Recover the original full article and identify its distinct question before rewriting.,pages/1104-pt-br--insights--guides--is-a-marriage-celebrated-abroad-valid-in-brazil.md
https://immigratetobrazil.com/pt-br/insights/guides/is-it-necessary-to-speak-portuguese-to-live-in-brazil/,SOURCE REVIEW REQUIRED — no publication-ready rewrite,Recover the original full article and identify its distinct question before rewriting.,pages/1105-pt-br--insights--guides--is-it-necessary-to-speak-portuguese-to-live-in-brazil.md
https://immigratetobrazil.com/pt-br/insights/guides/is-it-true-that-there-were-changes-to-obtaining-an-american-visa/,SOURCE REVIEW REQUIRED — no publication-ready rewrite,Recover the original full article and identify its distinct question before rewriting.,pages/1106-pt-br--insights--guides--is-it-true-that-there-were-changes-to-obtaining-an-american-visa.md
https://immigratetobrazil.com/pt-br/insights/guides/living-in-brazil-and-had-an-issue-with-a-product-or-service/,SOURCE REVIEW REQUIRED — no publication-ready rewrite,Recover the original full article and identify its distinct question before rewriting.,pages/1107-pt-br--insights--guides--living-in-brazil-and-had-an-issue-with-a-product-or-service.md
https://immigratetobrazil.com/pt-br/insights/guides/the-visa-has-expired-will-i-have-to-pay-a-fine/,SOURCE REVIEW REQUIRED — no publication-ready rewrite,Recover the original full article and identify its distinct question before rewriting.,pages/1108-pt-br--insights--guides--the-visa-has-expired-will-i-have-to-pay-a-fine.md
https://immigratetobrazil.com/pt-br/insights/guides/this-way-in-the-event-of-an-end-to-the-relationship-they-will-have-to/,SOURCE REVIEW REQUIRED — no publication-ready rewrite,Recover the original full article and identify its distinct question before rewriting.,pages/1109-pt-br--insights--guides--this-way-in-the-event-of-an-end-to-the-relationship-they-will-have-to.md
https://immigratetobrazil.com/pt-br/insights/guides/tourists-can-usually-stay-in-brazil-for-up-to-90-days-depending-on-vis/,SOURCE REVIEW REQUIRED — no publication-ready rewrite,Recover the original full article and identify its distinct question before rewriting.,pages/1110-pt-br--insights--guides--tourists-can-usually-stay-in-brazil-for-up-to-90-days-depending-on-vis.md
https://immigratetobrazil.com/pt-br/insights/guides/want-to-live-in-brazil-while-investing-in-the-countrys-growth/,SOURCE REVIEW REQUIRED — no publication-ready rewrite,Recover the original full article and identify its distinct question before rewriting.,pages/1111-pt-br--insights--guides--want-to-live-in-brazil-while-investing-in-the-countrys-growth.md
https://immigratetobrazil.com/pt-br/insights/guides/want-to-turn-your-investment-into-residency-in-brazil/,SOURCE REVIEW REQUIRED — no publication-ready rewrite,Recover the original full article and identify its distinct question before rewriting.,pages/1112-pt-br--insights--guides--want-to-turn-your-investment-into-residency-in-brazil.md
https://immigratetobrazil.com/pt-br/insights/guides/what-happens-during-an-immigration-consultation/,SOURCE REVIEW REQUIRED — no publication-ready rewrite,Recover the original full article and identify its distinct question before rewriting.,pages/1113-pt-br--insights--guides--what-happens-during-an-immigration-consultation.md
https://immigratetobrazil.com/pt-br/insights/guides/what-rights-do-immigrants-have-in-brazil/,SOURCE REVIEW REQUIRED — no publication-ready rewrite,Recover the original full article and identify its distinct question before rewriting.,pages/1114-pt-br--insights--guides--what-rights-do-immigrants-have-in-brazil.md
https://immigratetobrazil.com/pt-br/insights/guides/what-to-do-after-arriving-in-brazil-with-a-visa-that-allows-residency/,SOURCE REVIEW REQUIRED — no publication-ready rewrite,Recover the original full article and identify its distinct question before rewriting.,pages/1115-pt-br--insights--guides--what-to-do-after-arriving-in-brazil-with-a-visa-that-allows-residency.md
https://immigratetobrazil.com/pt-br/insights/guides/when-a-brazilian-citizen-faces-problems-abroad-the-first-instance-of-s/,SOURCE REVIEW REQUIRED — no publication-ready rewrite,Recover the original full article and identify its distinct question before rewriting.,pages/1116-pt-br--insights--guides--when-a-brazilian-citizen-faces-problems-abroad-the-first-instance-of-s.md
https://immigratetobrazil.com/pt-br/insights/guides/when-a-brazilian-resides-in-another-country-and-works-there-without-ea/,SOURCE REVIEW REQUIRED — no publication-ready rewrite,Recover the original full article and identify its distinct question before rewriting.,pages/1117-pt-br--insights--guides--when-a-brazilian-resides-in-another-country-and-works-there-without-ea.md
https://immigratetobrazil.com/pt-br/insights/guides/when-a-foreign-person-is-engaged-to-a-brazilian-citizen-and-intends-to/,SOURCE REVIEW REQUIRED — no publication-ready rewrite,Recover the original full article and identify its distinct question before rewriting.,pages/1118-pt-br--insights--guides--when-a-foreign-person-is-engaged-to-a-brazilian-citizen-and-intends-to.md
https://immigratetobrazil.com/pt-br/insights/guides/when-a-foreign-person-is-engaged-to-a-brazilian-citizen-and-plans-to-g/,SOURCE REVIEW REQUIRED — no publication-ready rewrite,Recover the original full article and identify its distinct question before rewriting.,pages/1119-pt-br--insights--guides--when-a-foreign-person-is-engaged-to-a-brazilian-citizen-and-plans-to-g.md
https://immigratetobrazil.com/pt-br/insights/guides/when-a-person-from-abroad-arrives-in-brazil-this-person-has-the-right/,SOURCE REVIEW REQUIRED — no publication-ready rewrite,Recover the original full article and identify its distinct question before rewriting.,pages/1120-pt-br--insights--guides--when-a-person-from-abroad-arrives-in-brazil-this-person-has-the-right.md
https://immigratetobrazil.com/pt-br/insights/guides/when-a-person-stays-in-the-united-states-beyond-the-time-allowed-as-a/,SOURCE REVIEW REQUIRED — no publication-ready rewrite,Recover the original full article and identify its distinct question before rewriting.,pages/1121-pt-br--insights--guides--when-a-person-stays-in-the-united-states-beyond-the-time-allowed-as-a.md
https://immigratetobrazil.com/pt-br/insights/guides/when-a-temporary-brazilian-visa-is-nearing-its-expiry-it-is-necessary/,SOURCE REVIEW REQUIRED — no publication-ready rewrite,Recover the original full article and identify its distinct question before rewriting.,pages/1122-pt-br--insights--guides--when-a-temporary-brazilian-visa-is-nearing-its-expiry-it-is-necessary.md
https://immigratetobrazil.com/pt-br/insights/guides/when-a-us-visa-is-denied-the-consulate-does-not-provide-specific-detai/,SOURCE REVIEW REQUIRED — no publication-ready rewrite,Recover the original full article and identify its distinct question before rewriting.,pages/1123-pt-br--insights--guides--when-a-us-visa-is-denied-the-consulate-does-not-provide-specific-detai.md
https://immigratetobrazil.com/pt-br/insights/guides/when-exchanging-money-during-international-travel-it-is-essential-to-b/,SOURCE REVIEW REQUIRED — no publication-ready rewrite,Recover the original full article and identify its distinct question before rewriting.,pages/1124-pt-br--insights--guides--when-exchanging-money-during-international-travel-it-is-essential-to-b.md
https://immigratetobrazil.com/pt-br/insights/guides/when-exchanging-money-on-international-trips-it-is-essential-to-be-car/,SOURCE REVIEW REQUIRED — no publication-ready rewrite,Recover the original full article and identify its distinct question before rewriting.,pages/1125-pt-br--insights--guides--when-exchanging-money-on-international-trips-it-is-essential-to-be-car.md
https://immigratetobrazil.com/pt-br/insights/guides/when-one-of-the-parents-is-a-foreigner-and-a-brazilian-child-is-born-t/,SOURCE REVIEW REQUIRED — no publication-ready rewrite,Recover the original full article and identify its distinct question before rewriting.,pages/1126-pt-br--insights--guides--when-one-of-the-parents-is-a-foreigner-and-a-brazilian-child-is-born-t.md
https://immigratetobrazil.com/pt-br/insights/guides/when-requested-the-resident-immigrant-card-may-take-60-to-90-days-to-b/,SOURCE REVIEW REQUIRED — no publication-ready rewrite,Recover the original full article and identify its distinct question before rewriting.,pages/1127-pt-br--insights--guides--when-requested-the-resident-immigrant-card-may-take-60-to-90-days-to-b.md
https://immigratetobrazil.com/pt-br/insights/guides/when-the-temporary-visa-granted-is-close-to-expiry-it-is-necessary-to/,SOURCE REVIEW REQUIRED — no publication-ready rewrite,Recover the original full article and identify its distinct question before rewriting.,pages/1128-pt-br--insights--guides--when-the-temporary-visa-granted-is-close-to-expiry-it-is-necessary-to.md
https://immigratetobrazil.com/pt-br/insights/naturalisation/a-child-born-in-brazil-has-in-general-the-right-to-brazilian-nationali/,SOURCE REVIEW REQUIRED — no publication-ready rewrite,Recover the original full article and identify its distinct question before rewriting.,pages/1130-pt-br--insights--naturalisation--a-child-born-in-brazil-has-in-general-the-right-to-brazilian-nationali.md
https://immigratetobrazil.com/pt-br/insights/naturalisation/a-recent-case-in-brazil-where-a-tourist-was-fined-the-equivalent-of-ne/,SOURCE REVIEW REQUIRED — no publication-ready rewrite,Recover the original full article and identify its distinct question before rewriting.,pages/1131-pt-br--insights--naturalisation--a-recent-case-in-brazil-where-a-tourist-was-fined-the-equivalent-of-ne.md
https://immigratetobrazil.com/pt-br/insights/naturalisation/a-very-important-public-body-that-foreigners-should-know-about-when-li/,SOURCE REVIEW REQUIRED — no publication-ready rewrite,Recover the original full article and identify its distinct question before rewriting.,pages/1132-pt-br--insights--naturalisation--a-very-important-public-body-that-foreigners-should-know-about-when-li.md
https://immigratetobrazil.com/pt-br/insights/naturalisation/after-an-application-for-naturalization-was-denied-through-the-adminis/,SOURCE REVIEW REQUIRED — no publication-ready rewrite,Recover the original full article and identify its distinct question before rewriting.,pages/1133-pt-br--insights--naturalisation--after-an-application-for-naturalization-was-denied-through-the-adminis.md
https://immigratetobrazil.com/pt-br/insights/naturalisation/after-the-naturalization-request-was-denied-administratively-an-action/,SOURCE REVIEW REQUIRED — no publication-ready rewrite,Recover the original full article and identify its distinct question before rewriting.,pages/1134-pt-br--insights--naturalisation--after-the-naturalization-request-was-denied-administratively-an-action.md
https://immigratetobrazil.com/pt-br/insights/naturalisation/aire-is-a-vital-and-mandatory-registration-for-italian-citizens-living/,SOURCE REVIEW REQUIRED — no publication-ready rewrite,Recover the original full article and identify its distinct question before rewriting.,pages/1135-pt-br--insights--naturalisation--aire-is-a-vital-and-mandatory-registration-for-italian-citizens-living.md
https://immigratetobrazil.com/pt-br/insights/naturalisation/as-of-late-july-2024-the-ministry-of-justice-and-public-security-mjsp/,SOURCE REVIEW REQUIRED — no publication-ready rewrite,Recover the original full article and identify its distinct question before rewriting.,pages/1136-pt-br--insights--naturalisation--as-of-late-july-2024-the-ministry-of-justice-and-public-security-mjsp.md
https://immigratetobrazil.com/pt-br/insights/naturalisation/at-the-beginning-of-the-search-and-with-little-information-identifying/,SOURCE REVIEW REQUIRED — no publication-ready rewrite,Recover the original full article and identify its distinct question before rewriting.,pages/1137-pt-br--insights--naturalisation--at-the-beginning-of-the-search-and-with-little-information-identifying.md
https://immigratetobrazil.com/pt-br/insights/naturalisation/brazil-grants-permanent-residence-to-foreigners-through-different-type/,SOURCE REVIEW REQUIRED — no publication-ready rewrite,Recover the original full article and identify its distinct question before rewriting.,pages/1138-pt-br--insights--naturalisation--brazil-grants-permanent-residence-to-foreigners-through-different-type.md
https://immigratetobrazil.com/pt-br/insights/naturalisation/brazil-legal-guidance-eligibility-and-process-2/,SOURCE REVIEW REQUIRED — no publication-ready rewrite,Recover the original full article and identify its distinct question before rewriting.,pages/1139-pt-br--insights--naturalisation--brazil-legal-guidance-eligibility-and-process-2.md
https://immigratetobrazil.com/pt-br/insights/naturalisation/brazil-legal-guidance-eligibility-and-process-3/,SOURCE REVIEW REQUIRED — no publication-ready rewrite,Recover the original full article and identify its distinct question before rewriting.,pages/1140-pt-br--insights--naturalisation--brazil-legal-guidance-eligibility-and-process-3.md
https://immigratetobrazil.com/pt-br/insights/naturalisation/brazil-legal-guidance-eligibility-and-process-4/,SOURCE REVIEW REQUIRED — no publication-ready rewrite,Recover the original full article and identify its distinct question before rewriting.,pages/1141-pt-br--insights--naturalisation--brazil-legal-guidance-eligibility-and-process-4.md
https://immigratetobrazil.com/pt-br/insights/naturalisation/brazil-legal-guidance-eligibility-and-process/,SOURCE REVIEW REQUIRED — no publication-ready rewrite,Recover the original full article and identify its distinct question before rewriting.,pages/1142-pt-br--insights--naturalisation--brazil-legal-guidance-eligibility-and-process.md
https://immigratetobrazil.com/pt-br/insights/naturalisation/brazil-offers-a-special-form-of-naturalisation-for-foreigners-who-have/,SOURCE REVIEW REQUIRED — no publication-ready rewrite,Recover the original full article and identify its distinct question before rewriting.,pages/1143-pt-br--insights--naturalisation--brazil-offers-a-special-form-of-naturalisation-for-foreigners-who-have.md
https://immigratetobrazil.com/pt-br/insights/naturalisation/brazil-offers-a-special-form-of-naturalization-for-those-who-have-prov/,SOURCE REVIEW REQUIRED — no publication-ready rewrite,Recover the original full article and identify its distinct question before rewriting.,pages/1144-pt-br--insights--naturalisation--brazil-offers-a-special-form-of-naturalization-for-those-who-have-prov.md
https://immigratetobrazil.com/pt-br/insights/naturalisation/brazil-offers-a-specific-visa-and-residence-permit-for-artists-and-ath/,SOURCE REVIEW REQUIRED — no publication-ready rewrite,Recover the original full article and identify its distinct question before rewriting.,pages/1145-pt-br--insights--naturalisation--brazil-offers-a-specific-visa-and-residence-permit-for-artists-and-ath.md
https://immigratetobrazil.com/pt-br/insights/naturalisation/brazil-offers-the-possibility-of-permanent-residence-for-foreign-famil/,SOURCE REVIEW REQUIRED — no publication-ready rewrite,Recover the original full article and identify its distinct question before rewriting.,pages/1146-pt-br--insights--naturalisation--brazil-offers-the-possibility-of-permanent-residence-for-foreign-famil.md
https://immigratetobrazil.com/pt-br/insights/naturalisation/brazil-recognises-various-types-of-travel-documents-for-the-purposes-o/,SOURCE REVIEW REQUIRED — no publication-ready rewrite,Recover the original full article and identify its distinct question before rewriting.,pages/1147-pt-br--insights--naturalisation--brazil-recognises-various-types-of-travel-documents-for-the-purposes-o.md
https://immigratetobrazil.com/pt-br/insights/naturalisation/brazil-recognizes-several-types-of-travel-documents-for-purposes-of-en/,SOURCE REVIEW REQUIRED — no publication-ready rewrite,Recover the original full article and identify its distinct question before rewriting.,pages/1148-pt-br--insights--naturalisation--brazil-recognizes-several-types-of-travel-documents-for-purposes-of-en.md
https://immigratetobrazil.com/pt-br/insights/naturalisation/brazil-s-rise-in-global-mobility-rankings-and-the-usa-passport-drops-o/,SOURCE REVIEW REQUIRED — no publication-ready rewrite,Recover the original full article and identify its distinct question before rewriting.,pages/1149-pt-br--insights--naturalisation--brazil-s-rise-in-global-mobility-rankings-and-the-usa-passport-drops-o.md
https://immigratetobrazil.com/pt-br/insights/naturalisation/brazilian-nationality-is-not-always-determined-automatically/,SOURCE REVIEW REQUIRED — no publication-ready rewrite,Recover the original full article and identify its distinct question before rewriting.,pages/1150-pt-br--insights--naturalisation--brazilian-nationality-is-not-always-determined-automatically.md
https://immigratetobrazil.com/pt-br/insights/naturalisation/brazilian-naturalisation-legal-requirements-and-filing-steps-in-brazil-2/,SOURCE REVIEW REQUIRED — no publication-ready rewrite,Recover the original full article and identify its distinct question before rewriting.,pages/1151-pt-br--insights--naturalisation--brazilian-naturalisation-legal-requirements-and-filing-steps-in-brazil-2.md
https://immigratetobrazil.com/pt-br/insights/naturalisation/brazilian-naturalisation-legal-requirements-and-filing-steps-in-brazil-3/,SOURCE REVIEW REQUIRED — no publication-ready rewrite,Recover the original full article and identify its distinct question before rewriting.,pages/1152-pt-br--insights--naturalisation--brazilian-naturalisation-legal-requirements-and-filing-steps-in-brazil-3.md
https://immigratetobrazil.com/pt-br/insights/naturalisation/brazilian-naturalisation-legal-requirements-and-filing-steps-in-brazil/,SOURCE REVIEW REQUIRED — no publication-ready rewrite,Recover the original full article and identify its distinct question before rewriting.,pages/1153-pt-br--insights--naturalisation--brazilian-naturalisation-legal-requirements-and-filing-steps-in-brazil.md
https://immigratetobrazil.com/pt-br/insights/naturalisation/brazilians-have-reported-problems-processing-expressions-of-interest-t/,SOURCE REVIEW REQUIRED — no publication-ready rewrite,Recover the original full article and identify its distinct question before rewriting.,pages/1154-pt-br--insights--naturalisation--brazilians-have-reported-problems-processing-expressions-of-interest-t.md
https://immigratetobrazil.com/pt-br/insights/naturalisation/companies-and-individuals-in-brazil-can-hire-foreigners-through-a-form/,SOURCE REVIEW REQUIRED — no publication-ready rewrite,Recover the original full article and identify its distinct question before rewriting.,pages/1155-pt-br--insights--naturalisation--companies-and-individuals-in-brazil-can-hire-foreigners-through-a-form.md
https://immigratetobrazil.com/pt-br/insights/naturalisation/despite-the-international-names-these-delicacies-are-very-brazilian-or/,SOURCE REVIEW REQUIRED — no publication-ready rewrite,Recover the original full article and identify its distinct question before rewriting.,pages/1156-pt-br--insights--naturalisation--despite-the-international-names-these-delicacies-are-very-brazilian-or.md
https://immigratetobrazil.com/pt-br/insights/naturalisation/establishing-yourself-in-brazil-with-your-family-is-entirely-possible/,SOURCE REVIEW REQUIRED — no publication-ready rewrite,Recover the original full article and identify its distinct question before rewriting.,pages/1157-pt-br--insights--naturalisation--establishing-yourself-in-brazil-with-your-family-is-entirely-possible.md
https://immigratetobrazil.com/pt-br/insights/naturalisation/etias-european-travel-information-and-authorization-system-will-be-a-r/,SOURCE REVIEW REQUIRED — no publication-ready rewrite,Recover the original full article and identify its distinct question before rewriting.,pages/1158-pt-br--insights--naturalisation--etias-european-travel-information-and-authorization-system-will-be-a-r.md
https://immigratetobrazil.com/pt-br/insights/naturalisation/firstly-it-is-essential-to-understand-that-both-brazil-and-the-united/,SOURCE REVIEW REQUIRED — no publication-ready rewrite,Recover the original full article and identify its distinct question before rewriting.,pages/1159-pt-br--insights--naturalisation--firstly-it-is-essential-to-understand-that-both-brazil-and-the-united.md
https://immigratetobrazil.com/pt-br/insights/naturalisation/for-those-who-have-fallen-in-love-with-brazil-and-wish-to-make-it-thei/,SOURCE REVIEW REQUIRED — no publication-ready rewrite,Recover the original full article and identify its distinct question before rewriting.,pages/1160-pt-br--insights--naturalisation--for-those-who-have-fallen-in-love-with-brazil-and-wish-to-make-it-thei.md
https://immigratetobrazil.com/pt-br/insights/naturalisation/foreigners-may-apply-for-a-brazilian-passport-under-specific-circumsta/,SOURCE REVIEW REQUIRED — no publication-ready rewrite,Recover the original full article and identify its distinct question before rewriting.,pages/1161-pt-br--insights--naturalisation--foreigners-may-apply-for-a-brazilian-passport-under-specific-circumsta.md
https://immigratetobrazil.com/pt-br/insights/naturalisation/foreigners-must-prove-legal-residence-in-portugal-for-at-least-five-ye/,SOURCE REVIEW REQUIRED — no publication-ready rewrite,Recover the original full article and identify its distinct question before rewriting.,pages/1162-pt-br--insights--naturalisation--foreigners-must-prove-legal-residence-in-portugal-for-at-least-five-ye.md
https://immigratetobrazil.com/pt-br/insights/naturalisation/foreigners-who-exceed-the-permitted-time-of-stay-in-brazil-either-by-e/,SOURCE REVIEW REQUIRED — no publication-ready rewrite,Recover the original full article and identify its distinct question before rewriting.,pages/1163-pt-br--insights--naturalisation--foreigners-who-exceed-the-permitted-time-of-stay-in-brazil-either-by-e.md
https://immigratetobrazil.com/pt-br/insights/naturalisation/having-a-valid-american-visa-does-not-automatically-guarantee-entry-in/,SOURCE REVIEW REQUIRED — no publication-ready rewrite,Recover the original full article and identify its distinct question before rewriting.,pages/1164-pt-br--insights--naturalisation--having-a-valid-american-visa-does-not-automatically-guarantee-entry-in.md
https://immigratetobrazil.com/pt-br/insights/naturalisation/i-am-a-regular-resident-but-i-am-outside-brazil/,SOURCE REVIEW REQUIRED — no publication-ready rewrite,Recover the original full article and identify its distinct question before rewriting.,pages/1165-pt-br--insights--naturalisation--i-am-a-regular-resident-but-i-am-outside-brazil.md
https://immigratetobrazil.com/pt-br/insights/naturalisation/if-you-fell-in-love-with-brazil-and-want-to-make-this-country-your-tru/,SOURCE REVIEW REQUIRED — no publication-ready rewrite,Recover the original full article and identify its distinct question before rewriting.,pages/1166-pt-br--insights--naturalisation--if-you-fell-in-love-with-brazil-and-want-to-make-this-country-your-tru.md
https://immigratetobrazil.com/pt-br/insights/naturalisation/if-you-have-a-luxembourgish-parent-or-grandparent-you-also-would-not-n/,SOURCE REVIEW REQUIRED — no publication-ready rewrite,Recover the original full article and identify its distinct question before rewriting.,pages/1167-pt-br--insights--naturalisation--if-you-have-a-luxembourgish-parent-or-grandparent-you-also-would-not-n.md
https://immigratetobrazil.com/pt-br/insights/naturalisation/if-your-baby-was-born-in-brazil-you-may-be-eligible-to-apply-for-a-bra/,SOURCE REVIEW REQUIRED — no publication-ready rewrite,Recover the original full article and identify its distinct question before rewriting.,pages/1168-pt-br--insights--naturalisation--if-your-baby-was-born-in-brazil-you-may-be-eligible-to-apply-for-a-bra.md
https://immigratetobrazil.com/pt-br/insights/naturalisation/in-brazil-deportation-is-an-administrative-measure-applied-to-people-w/,SOURCE REVIEW REQUIRED — no publication-ready rewrite,Recover the original full article and identify its distinct question before rewriting.,pages/1169-pt-br--insights--naturalisation--in-brazil-deportation-is-an-administrative-measure-applied-to-people-w.md
https://immigratetobrazil.com/pt-br/insights/naturalisation/in-brazil-undergraduate-and-postgraduate-diplomas-obtained-abroad-must/,SOURCE REVIEW REQUIRED — no publication-ready rewrite,Recover the original full article and identify its distinct question before rewriting.,pages/1170-pt-br--insights--naturalisation--in-brazil-undergraduate-and-postgraduate-diplomas-obtained-abroad-must.md
https://immigratetobrazil.com/pt-br/insights/naturalisation/in-other-words-even-if-the-birth-took-place-years-ago-registration-can/,SOURCE REVIEW REQUIRED — no publication-ready rewrite,Recover the original full article and identify its distinct question before rewriting.,pages/1171-pt-br--insights--naturalisation--in-other-words-even-if-the-birth-took-place-years-ago-registration-can.md
https://immigratetobrazil.com/pt-br/insights/naturalisation/in-principle-yes-but-it-is-not-recommended/,SOURCE REVIEW REQUIRED — no publication-ready rewrite,Recover the original full article and identify its distinct question before rewriting.,pages/1172-pt-br--insights--naturalisation--in-principle-yes-but-it-is-not-recommended.md
https://immigratetobrazil.com/pt-br/insights/naturalisation/in-some-cases-there-is-the-possibility-for-the-great-grandchildren-of/,SOURCE REVIEW REQUIRED — no publication-ready rewrite,Recover the original full article and identify its distinct question before rewriting.,pages/1173-pt-br--insights--naturalisation--in-some-cases-there-is-the-possibility-for-the-great-grandchildren-of.md
https://immigratetobrazil.com/pt-br/insights/naturalisation/in-the-context-of-relations-between-brazil-and-portugal-the-request-fo/,SOURCE REVIEW REQUIRED — no publication-ready rewrite,Recover the original full article and identify its distinct question before rewriting.,pages/1174-pt-br--insights--naturalisation--in-the-context-of-relations-between-brazil-and-portugal-the-request-fo.md
https://immigratetobrazil.com/pt-br/insights/naturalisation/in-the-event-of-deportation-it-is-essential-that-the-immigrant-is-awar/,SOURCE REVIEW REQUIRED — no publication-ready rewrite,Recover the original full article and identify its distinct question before rewriting.,pages/1175-pt-br--insights--naturalisation--in-the-event-of-deportation-it-is-essential-that-the-immigrant-is-awar.md
https://immigratetobrazil.com/pt-br/insights/naturalisation/international-child-custody-can-become-a-complex-issue-when-one-of-the/,SOURCE REVIEW REQUIRED — no publication-ready rewrite,Recover the original full article and identify its distinct question before rewriting.,pages/1176-pt-br--insights--naturalisation--international-child-custody-can-become-a-complex-issue-when-one-of-the.md
https://immigratetobrazil.com/pt-br/insights/naturalisation/international-child-custody-can-become-a-complex-issue-when-one-parent/,SOURCE REVIEW REQUIRED — no publication-ready rewrite,Recover the original full article and identify its distinct question before rewriting.,pages/1177-pt-br--insights--naturalisation--international-child-custody-can-become-a-complex-issue-when-one-parent.md
https://immigratetobrazil.com/pt-br/insights/naturalisation/investing-in-brazil-with-an-investor-visa-offers-a-dynamic-blend-of-ec/,SOURCE REVIEW REQUIRED — no publication-ready rewrite,Recover the original full article and identify its distinct question before rewriting.,pages/1178-pt-br--insights--naturalisation--investing-in-brazil-with-an-investor-visa-offers-a-dynamic-blend-of-ec.md
https://immigratetobrazil.com/pt-br/insights/naturalisation/it-is-an-important-date-to-reinforce-the-fight-against-all-forms-of-ra/,SOURCE REVIEW REQUIRED — no publication-ready rewrite,Recover the original full article and identify its distinct question before rewriting.,pages/1179-pt-br--insights--naturalisation--it-is-an-important-date-to-reinforce-the-fight-against-all-forms-of-ra.md
https://immigratetobrazil.com/pt-br/insights/naturalisation/it-is-important-to-highlight-that-the-process-of-obtaining-luxembourg/,SOURCE REVIEW REQUIRED — no publication-ready rewrite,Recover the original full article and identify its distinct question before rewriting.,pages/1180-pt-br--insights--naturalisation--it-is-important-to-highlight-that-the-process-of-obtaining-luxembourg.md
https://immigratetobrazil.com/pt-br/insights/naturalisation/it-is-possible-for-a-brazilian-person-to-request-recognition-of-irish/,SOURCE REVIEW REQUIRED — no publication-ready rewrite,Recover the original full article and identify its distinct question before rewriting.,pages/1181-pt-br--insights--naturalisation--it-is-possible-for-a-brazilian-person-to-request-recognition-of-irish.md
https://immigratetobrazil.com/pt-br/insights/naturalisation/it-is-possible-for-someone-to-visit-brazil-as-a-tourist-and-upon-falli-2/,SOURCE REVIEW REQUIRED — no publication-ready rewrite,Recover the original full article and identify its distinct question before rewriting.,pages/1182-pt-br--insights--naturalisation--it-is-possible-for-someone-to-visit-brazil-as-a-tourist-and-upon-falli-2.md
https://immigratetobrazil.com/pt-br/insights/naturalisation/it-is-possible-for-someone-to-visit-brazil-as-a-tourist-and-upon-falli/,SOURCE REVIEW REQUIRED — no publication-ready rewrite,Recover the original full article and identify its distinct question before rewriting.,pages/1183-pt-br--insights--naturalisation--it-is-possible-for-someone-to-visit-brazil-as-a-tourist-and-upon-falli.md
https://immigratetobrazil.com/pt-br/insights/naturalisation/it-should-be-noted-that-no-one-will-be-prevented-from-entering-the-cou/,SOURCE REVIEW REQUIRED — no publication-ready rewrite,Recover the original full article and identify its distinct question before rewriting.,pages/1184-pt-br--insights--naturalisation--it-should-be-noted-that-no-one-will-be-prevented-from-entering-the-cou.md
https://immigratetobrazil.com/pt-br/insights/naturalisation/large-universities-outside-brazil-allow-admission-without-the-need-to/,SOURCE REVIEW REQUIRED — no publication-ready rewrite,Recover the original full article and identify its distinct question before rewriting.,pages/1185-pt-br--insights--naturalisation--large-universities-outside-brazil-allow-admission-without-the-need-to.md
https://immigratetobrazil.com/pt-br/insights/naturalisation/legal-guidance-eligibility-requirements-and-filing-steps-2/,SOURCE REVIEW REQUIRED — no publication-ready rewrite,Recover the original full article and identify its distinct question before rewriting.,pages/1186-pt-br--insights--naturalisation--legal-guidance-eligibility-requirements-and-filing-steps-2.md
https://immigratetobrazil.com/pt-br/insights/naturalisation/legal-guidance-eligibility-requirements-and-filing-steps-3/,SOURCE REVIEW REQUIRED — no publication-ready rewrite,Recover the original full article and identify its distinct question before rewriting.,pages/1187-pt-br--insights--naturalisation--legal-guidance-eligibility-requirements-and-filing-steps-3.md
https://immigratetobrazil.com/pt-br/insights/naturalisation/legal-guidance-eligibility-requirements-and-filing-steps-4/,SOURCE REVIEW REQUIRED — no publication-ready rewrite,Recover the original full article and identify its distinct question before rewriting.,pages/1188-pt-br--insights--naturalisation--legal-guidance-eligibility-requirements-and-filing-steps-4.md
https://immigratetobrazil.com/pt-br/insights/naturalisation/legal-guidance-eligibility-requirements-and-filing-steps-5/,SOURCE REVIEW REQUIRED — no publication-ready rewrite,Recover the original full article and identify its distinct question before rewriting.,pages/1189-pt-br--insights--naturalisation--legal-guidance-eligibility-requirements-and-filing-steps-5.md
https://immigratetobrazil.com/pt-br/insights/naturalisation/legal-guidance-eligibility-requirements-and-filing-steps-6/,SOURCE REVIEW REQUIRED — no publication-ready rewrite,Recover the original full article and identify its distinct question before rewriting.,pages/1190-pt-br--insights--naturalisation--legal-guidance-eligibility-requirements-and-filing-steps-6.md
https://immigratetobrazil.com/pt-br/insights/naturalisation/legal-guidance-eligibility-requirements-and-filing-steps-7/,SOURCE REVIEW REQUIRED — no publication-ready rewrite,Recover the original full article and identify its distinct question before rewriting.,pages/1191-pt-br--insights--naturalisation--legal-guidance-eligibility-requirements-and-filing-steps-7.md
https://immigratetobrazil.com/pt-br/insights/naturalisation/legal-guidance-eligibility-requirements-and-filing-steps-8/,SOURCE REVIEW REQUIRED — no publication-ready rewrite,Recover the original full article and identify its distinct question before rewriting.,pages/1192-pt-br--insights--naturalisation--legal-guidance-eligibility-requirements-and-filing-steps-8.md
https://immigratetobrazil.com/pt-br/insights/naturalisation/legal-guidance-eligibility-requirements-and-filing-steps/,SOURCE REVIEW REQUIRED — no publication-ready rewrite,Recover the original full article and identify its distinct question before rewriting.,pages/1193-pt-br--insights--naturalisation--legal-guidance-eligibility-requirements-and-filing-steps.md
https://immigratetobrazil.com/pt-br/insights/naturalisation/luso-brazilian-community-day-celebrates-the-strong-ties-between-portug/,SOURCE REVIEW REQUIRED — no publication-ready rewrite,Recover the original full article and identify its distinct question before rewriting.,pages/1194-pt-br--insights--naturalisation--luso-brazilian-community-day-celebrates-the-strong-ties-between-portug.md
https://immigratetobrazil.com/pt-br/insights/naturalisation/military-enlistment-is-mandatory-for-brazilians-even-abroad-even-livin/,SOURCE REVIEW REQUIRED — no publication-ready rewrite,Recover the original full article and identify its distinct question before rewriting.,pages/1195-pt-br--insights--naturalisation--military-enlistment-is-mandatory-for-brazilians-even-abroad-even-livin.md
https://immigratetobrazil.com/pt-br/insights/naturalisation/my-immigrant-card-is-valid-until-2030-but-my-stable-union-is-over/,SOURCE REVIEW REQUIRED — no publication-ready rewrite,Recover the original full article and identify its distinct question before rewriting.,pages/1196-pt-br--insights--naturalisation--my-immigrant-card-is-valid-until-2030-but-my-stable-union-is-over.md
https://immigratetobrazil.com/pt-br/insights/naturalisation/naturalized-brazilian-men-aged-between-18-and-45-must-enlist-in-the-mi/,SOURCE REVIEW REQUIRED — no publication-ready rewrite,Recover the original full article and identify its distinct question before rewriting.,pages/1197-pt-br--insights--naturalisation--naturalized-brazilian-men-aged-between-18-and-45-must-enlist-in-the-mi.md
https://immigratetobrazil.com/pt-br/insights/naturalisation/november-20th-black-awareness-day-black-awareness-day-is-a-historical/,SOURCE REVIEW REQUIRED — no publication-ready rewrite,Recover the original full article and identify its distinct question before rewriting.,pages/1198-pt-br--insights--naturalisation--november-20th-black-awareness-day-black-awareness-day-is-a-historical.md
https://immigratetobrazil.com/pt-br/insights/naturalisation/on-december-19-2023-the-french-senate-approved-a-controversial-immigra/,SOURCE REVIEW REQUIRED — no publication-ready rewrite,Recover the original full article and identify its distinct question before rewriting.,pages/1199-pt-br--insights--naturalisation--on-december-19-2023-the-french-senate-approved-a-controversial-immigra.md
https://immigratetobrazil.com/pt-br/insights/naturalisation/on-teacher-s-day-celebrated-on-october-15th-we-honor-those-who-with-de/,SOURCE REVIEW REQUIRED — no publication-ready rewrite,Recover the original full article and identify its distinct question before rewriting.,pages/1200-pt-br--insights--naturalisation--on-teacher-s-day-celebrated-on-october-15th-we-honor-those-who-with-de.md
https://immigratetobrazil.com/pt-br/insights/naturalisation/on-this-date-we-reinforce-our-commitment-to-valuing-and-protecting-eld/,SOURCE REVIEW REQUIRED — no publication-ready rewrite,Recover the original full article and identify its distinct question before rewriting.,pages/1201-pt-br--insights--naturalisation--on-this-date-we-reinforce-our-commitment-to-valuing-and-protecting-eld.md
https://immigratetobrazil.com/pt-br/insights/naturalisation/on-this-day-we-express-gratitude-to-each-person-who-trusts-our-legal-w/,SOURCE REVIEW REQUIRED — no publication-ready rewrite,Recover the original full article and identify its distinct question before rewriting.,pages/1202-pt-br--insights--naturalisation--on-this-day-we-express-gratitude-to-each-person-who-trusts-our-legal-w.md
https://immigratetobrazil.com/pt-br/insights/naturalisation/once-approved-this-process-grants-you-full-brazilian-citizenship-with/,SOURCE REVIEW REQUIRED — no publication-ready rewrite,Recover the original full article and identify its distinct question before rewriting.,pages/1203-pt-br--insights--naturalisation--once-approved-this-process-grants-you-full-brazilian-citizenship-with.md
https://immigratetobrazil.com/pt-br/insights/naturalisation/parents-of-minor-children-with-dual-nationality-can-and-should-maintai/,SOURCE REVIEW REQUIRED — no publication-ready rewrite,Recover the original full article and identify its distinct question before rewriting.,pages/1204-pt-br--insights--naturalisation--parents-of-minor-children-with-dual-nationality-can-and-should-maintai.md
https://immigratetobrazil.com/pt-br/insights/naturalisation/people-living-in-brazil-can-apply-for-naturalisation-to-become-brazili/,SOURCE REVIEW REQUIRED — no publication-ready rewrite,Recover the original full article and identify its distinct question before rewriting.,pages/1205-pt-br--insights--naturalisation--people-living-in-brazil-can-apply-for-naturalisation-to-become-brazili.md
https://immigratetobrazil.com/pt-br/insights/naturalisation/permanent-residence-permit-and-citizenship-are-two-distinct-legal-stat-2/,SOURCE REVIEW REQUIRED — no publication-ready rewrite,Recover the original full article and identify its distinct question before rewriting.,pages/1206-pt-br--insights--naturalisation--permanent-residence-permit-and-citizenship-are-two-distinct-legal-stat-2.md
https://immigratetobrazil.com/pt-br/insights/naturalisation/permanent-residence-permit-and-citizenship-are-two-distinct-legal-stat/,SOURCE REVIEW REQUIRED — no publication-ready rewrite,Recover the original full article and identify its distinct question before rewriting.,pages/1207-pt-br--insights--naturalisation--permanent-residence-permit-and-citizenship-are-two-distinct-legal-stat.md
https://immigratetobrazil.com/pt-br/insights/naturalisation/pix-a-brazilian-instant-payment-system-is-expanding-internationally-th/,SOURCE REVIEW REQUIRED — no publication-ready rewrite,Recover the original full article and identify its distinct question before rewriting.,pages/1208-pt-br--insights--naturalisation--pix-a-brazilian-instant-payment-system-is-expanding-internationally-th.md
https://immigratetobrazil.com/pt-br/insights/naturalisation/portugal-recently-approved-a-set-of-changes-to-immigration-legislation/,SOURCE REVIEW REQUIRED — no publication-ready rewrite,Recover the original full article and identify its distinct question before rewriting.,pages/1209-pt-br--insights--naturalisation--portugal-recently-approved-a-set-of-changes-to-immigration-legislation.md
https://immigratetobrazil.com/pt-br/insights/naturalisation/pregnant-women-that-come-to-brazil-to-have-their-baby-can-apply-for-re/,SOURCE REVIEW REQUIRED — no publication-ready rewrite,Recover the original full article and identify its distinct question before rewriting.,pages/1210-pt-br--insights--naturalisation--pregnant-women-that-come-to-brazil-to-have-their-baby-can-apply-for-re.md
https://immigratetobrazil.com/pt-br/insights/naturalisation/president-joe-biden-signed-an-executive-order-to-simplify-the-process/,SOURCE REVIEW REQUIRED — no publication-ready rewrite,Recover the original full article and identify its distinct question before rewriting.,pages/1211-pt-br--insights--naturalisation--president-joe-biden-signed-an-executive-order-to-simplify-the-process.md
https://immigratetobrazil.com/pt-br/insights/naturalisation/recently-the-united-states-lost-its-position-in-the-top-10-of-the-most/,SOURCE REVIEW REQUIRED — no publication-ready rewrite,Recover the original full article and identify its distinct question before rewriting.,pages/1212-pt-br--insights--naturalisation--recently-the-united-states-lost-its-position-in-the-top-10-of-the-most.md
https://immigratetobrazil.com/pt-br/insights/naturalisation/rectification-of-settlements-is-an-essential-procedure-in-citizenship/,SOURCE REVIEW REQUIRED — no publication-ready rewrite,Recover the original full article and identify its distinct question before rewriting.,pages/1213-pt-br--insights--naturalisation--rectification-of-settlements-is-an-essential-procedure-in-citizenship.md
https://immigratetobrazil.com/pt-br/insights/naturalisation/refugees-unlike-other-immigrants-are-those-who-suffer-compulsory-displ/,SOURCE REVIEW REQUIRED — no publication-ready rewrite,Recover the original full article and identify its distinct question before rewriting.,pages/1214-pt-br--insights--naturalisation--refugees-unlike-other-immigrants-are-those-who-suffer-compulsory-displ.md
https://immigratetobrazil.com/pt-br/insights/naturalisation/registering-a-childs-birth-at-a-brazilian-consular-office-abroad-is-no/,SOURCE REVIEW REQUIRED — no publication-ready rewrite,Recover the original full article and identify its distinct question before rewriting.,pages/1215-pt-br--insights--naturalisation--registering-a-childs-birth-at-a-brazilian-consular-office-abroad-is-no.md
https://immigratetobrazil.com/pt-br/insights/naturalisation/relocating-to-brazil-with-your-family-is-certainly-possible-as-long-as/,SOURCE REVIEW REQUIRED — no publication-ready rewrite,Recover the original full article and identify its distinct question before rewriting.,pages/1216-pt-br--insights--naturalisation--relocating-to-brazil-with-your-family-is-certainly-possible-as-long-as.md
https://immigratetobrazil.com/pt-br/insights/naturalisation/searching-for-certificates-is-an-essential-step-in-the-citizenship-pro/,SOURCE REVIEW REQUIRED — no publication-ready rewrite,Recover the original full article and identify its distinct question before rewriting.,pages/1217-pt-br--insights--naturalisation--searching-for-certificates-is-an-essential-step-in-the-citizenship-pro.md
https://immigratetobrazil.com/pt-br/insights/naturalisation/seeking-legal-advice-from-an-immigration-lawyer-in-brazil-is-crucial-d/,SOURCE REVIEW REQUIRED — no publication-ready rewrite,Recover the original full article and identify its distinct question before rewriting.,pages/1218-pt-br--insights--naturalisation--seeking-legal-advice-from-an-immigration-lawyer-in-brazil-is-crucial-d.md
https://immigratetobrazil.com/pt-br/insights/naturalisation/sporadic-trips-abroad-for-which-the-sum-of-periods-does-not-exceed-12/,SOURCE REVIEW REQUIRED — no publication-ready rewrite,Recover the original full article and identify its distinct question before rewriting.,pages/1219-pt-br--insights--naturalisation--sporadic-trips-abroad-for-which-the-sum-of-periods-does-not-exceed-12.md
https://immigratetobrazil.com/pt-br/insights/naturalisation/sporadic-trips-abroad-the-sum-of-which-does-not-exceed-12-months-durin/,SOURCE REVIEW REQUIRED — no publication-ready rewrite,Recover the original full article and identify its distinct question before rewriting.,pages/1220-pt-br--insights--naturalisation--sporadic-trips-abroad-the-sum-of-which-does-not-exceed-12-months-durin.md
https://immigratetobrazil.com/pt-br/insights/naturalisation/starting-september-2-2025-the-u-s-department-of-state-will-require-an/,SOURCE REVIEW REQUIRED — no publication-ready rewrite,Recover the original full article and identify its distinct question before rewriting.,pages/1221-pt-br--insights--naturalisation--starting-september-2-2025-the-u-s-department-of-state-will-require-an.md
https://immigratetobrazil.com/pt-br/insights/naturalisation/the-certificate-of-proficiency-in-portuguese-language-for-foreigners-c/,SOURCE REVIEW REQUIRED — no publication-ready rewrite,Recover the original full article and identify its distinct question before rewriting.,pages/1222-pt-br--insights--naturalisation--the-certificate-of-proficiency-in-portuguese-language-for-foreigners-c.md
https://immigratetobrazil.com/pt-br/insights/naturalisation/the-chamber-of-deputies-has-just-approved-a-proposed-amendment-to-the/,SOURCE REVIEW REQUIRED — no publication-ready rewrite,Recover the original full article and identify its distinct question before rewriting.,pages/1223-pt-br--insights--naturalisation--the-chamber-of-deputies-has-just-approved-a-proposed-amendment-to-the.md
https://immigratetobrazil.com/pt-br/insights/naturalisation/the-date-invites-reflection-on-one-of-the-darkest-pages-in-human-histo/,SOURCE REVIEW REQUIRED — no publication-ready rewrite,Recover the original full article and identify its distinct question before rewriting.,pages/1224-pt-br--insights--naturalisation--the-date-invites-reflection-on-one-of-the-darkest-pages-in-human-histo.md
https://immigratetobrazil.com/pt-br/insights/naturalisation/the-deadline-to-begin-the-process-of-recognizing-spanish-citizenship-f/,SOURCE REVIEW REQUIRED — no publication-ready rewrite,Recover the original full article and identify its distinct question before rewriting.,pages/1225-pt-br--insights--naturalisation--the-deadline-to-begin-the-process-of-recognizing-spanish-citizenship-f.md
https://immigratetobrazil.com/pt-br/insights/naturalisation/the-humanitarian-and-institutional-crisis-that-is-plaguing-venezuela-h/,SOURCE REVIEW REQUIRED — no publication-ready rewrite,Recover the original full article and identify its distinct question before rewriting.,pages/1226-pt-br--insights--naturalisation--the-humanitarian-and-institutional-crisis-that-is-plaguing-venezuela-h.md
https://immigratetobrazil.com/pt-br/insights/naturalisation/the-mercosur-agreement-recognized-primarily-for-its-economic-impacts-a/,SOURCE REVIEW REQUIRED — no publication-ready rewrite,Recover the original full article and identify its distinct question before rewriting.,pages/1227-pt-br--insights--naturalisation--the-mercosur-agreement-recognized-primarily-for-its-economic-impacts-a.md
https://immigratetobrazil.com/pt-br/insights/naturalisation/the-mobility-agreement-between-cplp-member-states-communities-of-portu/,SOURCE REVIEW REQUIRED — no publication-ready rewrite,Recover the original full article and identify its distinct question before rewriting.,pages/1228-pt-br--insights--naturalisation--the-mobility-agreement-between-cplp-member-states-communities-of-portu.md
https://immigratetobrazil.com/pt-br/insights/naturalisation/the-new-naturalization-law-in-germany-approved-by-the-bundestag-simpli/,SOURCE REVIEW REQUIRED — no publication-ready rewrite,Recover the original full article and identify its distinct question before rewriting.,pages/1229-pt-br--insights--naturalisation--the-new-naturalization-law-in-germany-approved-by-the-bundestag-simpli.md
https://immigratetobrazil.com/pt-br/insights/naturalisation/the-new-visa-and-residence-permit-agreement-between-angola-brazil-cape/,SOURCE REVIEW REQUIRED — no publication-ready rewrite,Recover the original full article and identify its distinct question before rewriting.,pages/1230-pt-br--insights--naturalisation--the-new-visa-and-residence-permit-agreement-between-angola-brazil-cape.md
https://immigratetobrazil.com/pt-br/insights/naturalisation/the-portuguese-language-plays-a-fundamental-role-in-brazil-s-culture-a/,SOURCE REVIEW REQUIRED — no publication-ready rewrite,Recover the original full article and identify its distinct question before rewriting.,pages/1231-pt-br--insights--naturalisation--the-portuguese-language-plays-a-fundamental-role-in-brazil-s-culture-a.md
https://immigratetobrazil.com/pt-br/insights/naturalisation/the-recently-announced-innovation-allows-brazilian-tourists-to-pay-for/,SOURCE REVIEW REQUIRED — no publication-ready rewrite,Recover the original full article and identify its distinct question before rewriting.,pages/1232-pt-br--insights--naturalisation--the-recently-announced-innovation-allows-brazilian-tourists-to-pay-for.md
https://immigratetobrazil.com/pt-br/insights/naturalisation/the-renewal-of-the-resident-card-in-brazil-may-be-prevented-in-some-sp/,SOURCE REVIEW REQUIRED — no publication-ready rewrite,Recover the original full article and identify its distinct question before rewriting.,pages/1233-pt-br--insights--naturalisation--the-renewal-of-the-resident-card-in-brazil-may-be-prevented-in-some-sp.md
https://immigratetobrazil.com/pt-br/insights/naturalisation/the-voluntary-renunciation-of-brazilian-nationality-provided-for-in-th/,SOURCE REVIEW REQUIRED — no publication-ready rewrite,Recover the original full article and identify its distinct question before rewriting.,pages/1234-pt-br--insights--naturalisation--the-voluntary-renunciation-of-brazilian-nationality-provided-for-in-th.md
https://immigratetobrazil.com/pt-br/insights/naturalisation/this-is-an-important-opportunity-for-people-with-brazilian-ancestry-to/,SOURCE REVIEW REQUIRED — no publication-ready rewrite,Recover the original full article and identify its distinct question before rewriting.,pages/1235-pt-br--insights--naturalisation--this-is-an-important-opportunity-for-people-with-brazilian-ancestry-to.md
https://immigratetobrazil.com/pt-br/insights/naturalisation/to-do-this-it-is-possible-to-register-your-birth-at-any-time-at-a-braz/,SOURCE REVIEW REQUIRED — no publication-ready rewrite,Recover the original full article and identify its distinct question before rewriting.,pages/1236-pt-br--insights--naturalisation--to-do-this-it-is-possible-to-register-your-birth-at-any-time-at-a-braz.md
https://immigratetobrazil.com/pt-br/insights/naturalisation/to-formalise-this-status-their-birth-can-be-registered-at-any-time-at/,SOURCE REVIEW REQUIRED — no publication-ready rewrite,Recover the original full article and identify its distinct question before rewriting.,pages/1237-pt-br--insights--naturalisation--to-formalise-this-status-their-birth-can-be-registered-at-any-time-at.md
https://immigratetobrazil.com/pt-br/insights/naturalisation/to-obtain-brazilian-citizenship-individuals-generally-must-meet-specif/,SOURCE REVIEW REQUIRED — no publication-ready rewrite,Recover the original full article and identify its distinct question before rewriting.,pages/1238-pt-br--insights--naturalisation--to-obtain-brazilian-citizenship-individuals-generally-must-meet-specif.md
https://immigratetobrazil.com/pt-br/insights/naturalisation/today-we-recognize-the-resilience-wisdom-and-diversity-of-indigenous-p/,SOURCE REVIEW REQUIRED — no publication-ready rewrite,Recover the original full article and identify its distinct question before rewriting.,pages/1239-pt-br--insights--naturalisation--today-we-recognize-the-resilience-wisdom-and-diversity-of-indigenous-p.md
https://immigratetobrazil.com/pt-br/insights/naturalisation/under-the-new-spanish-law-on-obtaining-citizenship-more-people-have-th/,SOURCE REVIEW REQUIRED — no publication-ready rewrite,Recover the original full article and identify its distinct question before rewriting.,pages/1240-pt-br--insights--naturalisation--under-the-new-spanish-law-on-obtaining-citizenship-more-people-have-th.md
https://immigratetobrazil.com/pt-br/insights/naturalisation/us-imposes-new-visa-restrictions-on-12-countries-since-june-9-2025-an/,SOURCE REVIEW REQUIRED — no publication-ready rewrite,Recover the original full article and identify its distinct question before rewriting.,pages/1241-pt-br--insights--naturalisation--us-imposes-new-visa-restrictions-on-12-countries-since-june-9-2025-an.md
https://immigratetobrazil.com/pt-br/insights/naturalisation/we-celebrate-the-achievements-of-women-around-the-world-and-reaffirm-t/,SOURCE REVIEW REQUIRED — no publication-ready rewrite,Recover the original full article and identify its distinct question before rewriting.,pages/1242-pt-br--insights--naturalisation--we-celebrate-the-achievements-of-women-around-the-world-and-reaffirm-t.md
https://immigratetobrazil.com/pt-br/insights/naturalisation/whether-you-re-travelling-to-brazil-for-a-short-stay-or-planning-a-lon/,SOURCE REVIEW REQUIRED — no publication-ready rewrite,Recover the original full article and identify its distinct question before rewriting.,pages/1243-pt-br--insights--naturalisation--whether-you-re-travelling-to-brazil-for-a-short-stay-or-planning-a-lon.md
https://immigratetobrazil.com/pt-br/insights/naturalisation/why-contact-with-marine-animals-is-prohibited-in-tourist-areas-the-epi/,SOURCE REVIEW REQUIRED — no publication-ready rewrite,Recover the original full article and identify its distinct question before rewriting.,pages/1244-pt-br--insights--naturalisation--why-contact-with-marine-animals-is-prohibited-in-tourist-areas-the-epi.md
https://immigratetobrazil.com/pt-br/insights/naturalisation/with-the-democratic-memory-law-in-force-now-the-adult-grandchildren-of/,SOURCE REVIEW REQUIRED — no publication-ready rewrite,Recover the original full article and identify its distinct question before rewriting.,pages/1245-pt-br--insights--naturalisation--with-the-democratic-memory-law-in-force-now-the-adult-grandchildren-of.md
https://immigratetobrazil.com/pt-br/insights/naturalisation/work-in-finland-an-initiative-supported-by-the-finnish-government-netw/,SOURCE REVIEW REQUIRED — no publication-ready rewrite,Recover the original full article and identify its distinct question before rewriting.,pages/1246-pt-br--insights--naturalisation--work-in-finland-an-initiative-supported-by-the-finnish-government-netw.md
https://immigratetobrazil.com/pt-br/insights/process/airports-are-busy-places-it-is-important-to-always-be-aware/,SOURCE REVIEW REQUIRED — no publication-ready rewrite,Recover the original full article and identify its distinct question before rewriting.,pages/1248-pt-br--insights--process--airports-are-busy-places-it-is-important-to-always-be-aware.md
https://immigratetobrazil.com/pt-br/insights/process/all-passengers-have-the-right-to-take-their-hand-luggage-and-personal/,SOURCE REVIEW REQUIRED — no publication-ready rewrite,Recover the original full article and identify its distinct question before rewriting.,pages/1249-pt-br--insights--process--all-passengers-have-the-right-to-take-their-hand-luggage-and-personal.md
https://immigratetobrazil.com/pt-br/insights/process/an-honorary-consulate-is-a-voluntary-diplomatic-representation-of-a-co/,SOURCE REVIEW REQUIRED — no publication-ready rewrite,Recover the original full article and identify its distinct question before rewriting.,pages/1250-pt-br--insights--process--an-honorary-consulate-is-a-voluntary-diplomatic-representation-of-a-co.md
https://immigratetobrazil.com/pt-br/insights/process/appealing-a-traffic-fine-is-your-right/,SOURCE REVIEW REQUIRED — no publication-ready rewrite,Recover the original full article and identify its distinct question before rewriting.,pages/1251-pt-br--insights--process--appealing-a-traffic-fine-is-your-right.md
https://immigratetobrazil.com/pt-br/insights/process/bulgaria-and-romania-will-partially-join-the-european-union-s-schengen/,SOURCE REVIEW REQUIRED — no publication-ready rewrite,Recover the original full article and identify its distinct question before rewriting.,pages/1252-pt-br--insights--process--bulgaria-and-romania-will-partially-join-the-european-union-s-schengen.md
https://immigratetobrazil.com/pt-br/insights/process/deportation-as-defined-by-brazilian-legislation-is-an-administrative-p/,SOURCE REVIEW REQUIRED — no publication-ready rewrite,Recover the original full article and identify its distinct question before rewriting.,pages/1253-pt-br--insights--process--deportation-as-defined-by-brazilian-legislation-is-an-administrative-p.md
https://immigratetobrazil.com/pt-br/insights/process/deportation-is-a-measure-provided-for-by-law-for-the-compulsory-remova/,SOURCE REVIEW REQUIRED — no publication-ready rewrite,Recover the original full article and identify its distinct question before rewriting.,pages/1254-pt-br--insights--process--deportation-is-a-measure-provided-for-by-law-for-the-compulsory-remova.md
https://immigratetobrazil.com/pt-br/insights/process/each-federal-police-immigration-service-point-has-a-different-procedur/,SOURCE REVIEW REQUIRED — no publication-ready rewrite,Recover the original full article and identify its distinct question before rewriting.,pages/1255-pt-br--insights--process--each-federal-police-immigration-service-point-has-a-different-procedur.md
https://immigratetobrazil.com/pt-br/insights/process/for-biological-children-and-minor-adopted-children-of-italian-citizens/,SOURCE REVIEW REQUIRED — no publication-ready rewrite,Recover the original full article and identify its distinct question before rewriting.,pages/1256-pt-br--insights--process--for-biological-children-and-minor-adopted-children-of-italian-citizens.md
https://immigratetobrazil.com/pt-br/insights/process/if-you-are-getting-married-to-a-brazilian-person-and-need-a-document-s/,SOURCE REVIEW REQUIRED — no publication-ready rewrite,Recover the original full article and identify its distinct question before rewriting.,pages/1257-pt-br--insights--process--if-you-are-getting-married-to-a-brazilian-person-and-need-a-document-s.md
https://immigratetobrazil.com/pt-br/insights/process/it-doesn-t-matter-where-the-bill-or-billing-is-from/,SOURCE REVIEW REQUIRED — no publication-ready rewrite,Recover the original full article and identify its distinct question before rewriting.,pages/1258-pt-br--insights--process--it-doesn-t-matter-where-the-bill-or-billing-is-from.md
https://immigratetobrazil.com/pt-br/insights/process/it-was-established-by-the-un-to-promote-equality-respect-for-human-rig/,SOURCE REVIEW REQUIRED — no publication-ready rewrite,Recover the original full article and identify its distinct question before rewriting.,pages/1259-pt-br--insights--process--it-was-established-by-the-un-to-promote-equality-respect-for-human-rig.md
https://immigratetobrazil.com/pt-br/insights/process/technically-yes-but-its-not-advisable/,SOURCE REVIEW REQUIRED — no publication-ready rewrite,Recover the original full article and identify its distinct question before rewriting.,pages/1260-pt-br--insights--process--technically-yes-but-its-not-advisable.md
https://immigratetobrazil.com/pt-br/insights/process/the-consular-declaration-of-civil-status-is-a-document-issued-by-the-c/,SOURCE REVIEW REQUIRED — no publication-ready rewrite,Recover the original full article and identify its distinct question before rewriting.,pages/1261-pt-br--insights--process--the-consular-declaration-of-civil-status-is-a-document-issued-by-the-c.md
https://immigratetobrazil.com/pt-br/insights/process/the-expulsion-of-a-foreigner-is-an-extreme-measure-and-can-only-occur/,SOURCE REVIEW REQUIRED — no publication-ready rewrite,Recover the original full article and identify its distinct question before rewriting.,pages/1262-pt-br--insights--process--the-expulsion-of-a-foreigner-is-an-extreme-measure-and-can-only-occur.md
https://immigratetobrazil.com/pt-br/insights/process/the-right-to-come-and-go-is-provided-for-in-the-federal-constitution-f/,SOURCE REVIEW REQUIRED — no publication-ready rewrite,Recover the original full article and identify its distinct question before rewriting.,pages/1263-pt-br--insights--process--the-right-to-come-and-go-is-provided-for-in-the-federal-constitution-f.md
https://immigratetobrazil.com/pt-br/insights/process/the-text-of-the-brazil-uruguay-convention-for-the-elimination-of-doubl/,SOURCE REVIEW REQUIRED — no publication-ready rewrite,Recover the original full article and identify its distinct question before rewriting.,pages/1264-pt-br--insights--process--the-text-of-the-brazil-uruguay-convention-for-the-elimination-of-doubl.md
https://immigratetobrazil.com/pt-br/insights/process/the-transformation-of-the-italian-consulate-in-belo-horizonte-to-consu/,SOURCE REVIEW REQUIRED — no publication-ready rewrite,Recover the original full article and identify its distinct question before rewriting.,pages/1265-pt-br--insights--process--the-transformation-of-the-italian-consulate-in-belo-horizonte-to-consu.md
https://immigratetobrazil.com/pt-br/insights/process/this-is-an-illegal-extremely-dangerous-practice-that-can-have-serious/,SOURCE REVIEW REQUIRED — no publication-ready rewrite,Recover the original full article and identify its distinct question before rewriting.,pages/1266-pt-br--insights--process--this-is-an-illegal-extremely-dangerous-practice-that-can-have-serious.md
https://immigratetobrazil.com/pt-br/insights/process/yes-brazilian-law-protects-passengers-much-more-than-other-countries/,SOURCE REVIEW REQUIRED — no publication-ready rewrite,Recover the original full article and identify its distinct question before rewriting.,pages/1267-pt-br--insights--process--yes-brazilian-law-protects-passengers-much-more-than-other-countries.md
https://immigratetobrazil.com/pt-br/insights/process/you-should-request-for-your-brazilian-id-to-be-renewed-at-least-90-day/,SOURCE REVIEW REQUIRED — no publication-ready rewrite,Recover the original full article and identify its distinct question before rewriting.,pages/1268-pt-br--insights--process--you-should-request-for-your-brazilian-id-to-be-renewed-at-least-90-day.md
https://immigratetobrazil.com/pt-br/insights/residency/a-stable-union-formed-abroad-can-be-recognized-in-brazil-through-regis/,SOURCE REVIEW REQUIRED — no publication-ready rewrite,Recover the original full article and identify its distinct question before rewriting.,pages/1270-pt-br--insights--residency--a-stable-union-formed-abroad-can-be-recognized-in-brazil-through-regis.md
https://immigratetobrazil.com/pt-br/insights/residency/brazilian-immigration-legislation-reflects-the-country-s-commitment-to/,SOURCE REVIEW REQUIRED — no publication-ready rewrite,Recover the original full article and identify its distinct question before rewriting.,pages/1271-pt-br--insights--residency--brazilian-immigration-legislation-reflects-the-country-s-commitment-to.md
https://immigratetobrazil.com/pt-br/insights/residency/firstly-you-will-need-to-register-at-the-brazilian-consulate-or-embass/,SOURCE REVIEW REQUIRED — no publication-ready rewrite,Recover the original full article and identify its distinct question before rewriting.,pages/1272-pt-br--insights--residency--firstly-you-will-need-to-register-at-the-brazilian-consulate-or-embass.md
https://immigratetobrazil.com/pt-br/insights/residency/for-those-who-still-cannot-marry-in-their-home-countries-because-of-di/,SOURCE REVIEW REQUIRED — no publication-ready rewrite,Recover the original full article and identify its distinct question before rewriting.,pages/1273-pt-br--insights--residency--for-those-who-still-cannot-marry-in-their-home-countries-because-of-di.md
https://immigratetobrazil.com/pt-br/insights/residency/i-have-a-brazilian-residence-permit-and-i-want-to-move-to-another-regi/,SOURCE REVIEW REQUIRED — no publication-ready rewrite,Recover the original full article and identify its distinct question before rewriting.,pages/1274-pt-br--insights--residency--i-have-a-brazilian-residence-permit-and-i-want-to-move-to-another-regi.md
https://immigratetobrazil.com/pt-br/insights/residency/if-the-person-has-a-residence-permit-in-brazil-it-is-important-to-obse/,SOURCE REVIEW REQUIRED — no publication-ready rewrite,Recover the original full article and identify its distinct question before rewriting.,pages/1275-pt-br--insights--residency--if-the-person-has-a-residence-permit-in-brazil-it-is-important-to-obse.md
https://immigratetobrazil.com/pt-br/insights/residency/if-the-person-holds-a-brazilian-residence-permit-it-s-important-to-obs/,SOURCE REVIEW REQUIRED — no publication-ready rewrite,Recover the original full article and identify its distinct question before rewriting.,pages/1276-pt-br--insights--residency--if-the-person-holds-a-brazilian-residence-permit-it-s-important-to-obs.md
https://immigratetobrazil.com/pt-br/insights/residency/if-you-have-chosen-brazil-as-your-new-place-of-residency-and-are-inqui/,SOURCE REVIEW REQUIRED — no publication-ready rewrite,Recover the original full article and identify its distinct question before rewriting.,pages/1277-pt-br--insights--residency--if-you-have-chosen-brazil-as-your-new-place-of-residency-and-are-inqui.md
https://immigratetobrazil.com/pt-br/insights/residency/if-you-need-to-stay-outside-of-portugal-for-a-longer-period-than-requi/,SOURCE REVIEW REQUIRED — no publication-ready rewrite,Recover the original full article and identify its distinct question before rewriting.,pages/1278-pt-br--insights--residency--if-you-need-to-stay-outside-of-portugal-for-a-longer-period-than-requi.md
https://immigratetobrazil.com/pt-br/insights/residency/in-brazil-the-national-migration-registry-rnm-is-the-registry-of-immig/,SOURCE REVIEW REQUIRED — no publication-ready rewrite,Recover the original full article and identify its distinct question before rewriting.,pages/1279-pt-br--insights--residency--in-brazil-the-national-migration-registry-rnm-is-the-registry-of-immig.md
https://immigratetobrazil.com/pt-br/insights/residency/in-brazil-the-registro-nacional-de-migrante-rnm-is-the-registration-of/,SOURCE REVIEW REQUIRED — no publication-ready rewrite,Recover the original full article and identify its distinct question before rewriting.,pages/1280-pt-br--insights--residency--in-brazil-the-registro-nacional-de-migrante-rnm-is-the-registration-of.md
https://immigratetobrazil.com/pt-br/insights/residency/in-temporary-residence-you-can-only-be-absent-for-less-than-6-consecut/,SOURCE REVIEW REQUIRED — no publication-ready rewrite,Recover the original full article and identify its distinct question before rewriting.,pages/1281-pt-br--insights--residency--in-temporary-residence-you-can-only-be-absent-for-less-than-6-consecut.md
https://immigratetobrazil.com/pt-br/insights/residency/in-the-context-of-a-profound-political-economic-and-institutional-cris/,SOURCE REVIEW REQUIRED — no publication-ready rewrite,Recover the original full article and identify its distinct question before rewriting.,pages/1282-pt-br--insights--residency--in-the-context-of-a-profound-political-economic-and-institutional-cris.md
https://immigratetobrazil.com/pt-br/insights/residency/it-is-important-to-note-that-one-of-the-legal-prerequisites-for-obtain/,SOURCE REVIEW REQUIRED — no publication-ready rewrite,Recover the original full article and identify its distinct question before rewriting.,pages/1283-pt-br--insights--residency--it-is-important-to-note-that-one-of-the-legal-prerequisites-for-obtain.md
https://immigratetobrazil.com/pt-br/insights/residency/it-s-crucial-to-note-that-one-of-the-legal-prerequisites-for-obtaining/,SOURCE REVIEW REQUIRED — no publication-ready rewrite,Recover the original full article and identify its distinct question before rewriting.,pages/1284-pt-br--insights--residency--it-s-crucial-to-note-that-one-of-the-legal-prerequisites-for-obtaining.md
https://immigratetobrazil.com/pt-br/insights/residency/loss-of-residence-permit-may-occur-due-to-prolonged-absence-or-failure/,SOURCE REVIEW REQUIRED — no publication-ready rewrite,Recover the original full article and identify its distinct question before rewriting.,pages/1285-pt-br--insights--residency--loss-of-residence-permit-may-occur-due-to-prolonged-absence-or-failure.md
https://immigratetobrazil.com/pt-br/insights/residency/not-right-away-the-law-determines-the-exact-time-a-resident-can-stay-o/,SOURCE REVIEW REQUIRED — no publication-ready rewrite,Recover the original full article and identify its distinct question before rewriting.,pages/1286-pt-br--insights--residency--not-right-away-the-law-determines-the-exact-time-a-resident-can-stay-o.md
https://immigratetobrazil.com/pt-br/insights/residency/popularly-it-is-understood-that-an-immigrant-is-a-person-who-migrates/,SOURCE REVIEW REQUIRED — no publication-ready rewrite,Recover the original full article and identify its distinct question before rewriting.,pages/1287-pt-br--insights--residency--popularly-it-is-understood-that-an-immigrant-is-a-person-who-migrates.md
https://immigratetobrazil.com/pt-br/insights/residency/renewal-of-the-brazilian-residence-permit-applies-to-those-who-have-a/,SOURCE REVIEW REQUIRED — no publication-ready rewrite,Recover the original full article and identify its distinct question before rewriting.,pages/1288-pt-br--insights--residency--renewal-of-the-brazilian-residence-permit-applies-to-those-who-have-a.md
https://immigratetobrazil.com/pt-br/insights/residency/residence-permit-in-brazil-due-to-the-mercosur-agreement-this-residenc/,SOURCE REVIEW REQUIRED — no publication-ready rewrite,Recover the original full article and identify its distinct question before rewriting.,pages/1289-pt-br--insights--residency--residence-permit-in-brazil-due-to-the-mercosur-agreement-this-residenc.md
https://immigratetobrazil.com/pt-br/insights/residency/strict-entry-requirements-the-legislation-introduced-specific-entry-re/,SOURCE REVIEW REQUIRED — no publication-ready rewrite,Recover the original full article and identify its distinct question before rewriting.,pages/1290-pt-br--insights--residency--strict-entry-requirements-the-legislation-introduced-specific-entry-re.md
https://immigratetobrazil.com/pt-br/insights/residency/the-agreement-between-brazil-and-uruguay-deals-with-permanent-residenc/,SOURCE REVIEW REQUIRED — no publication-ready rewrite,Recover the original full article and identify its distinct question before rewriting.,pages/1291-pt-br--insights--residency--the-agreement-between-brazil-and-uruguay-deals-with-permanent-residenc.md
https://immigratetobrazil.com/pt-br/insights/residency/the-loss-of-a-residence-permit-can-occur-due-to-prolonged-absence-or-f/,SOURCE REVIEW REQUIRED — no publication-ready rewrite,Recover the original full article and identify its distinct question before rewriting.,pages/1292-pt-br--insights--residency--the-loss-of-a-residence-permit-can-occur-due-to-prolonged-absence-or-f.md
https://immigratetobrazil.com/pt-br/insights/residency/the-person-applying-for-a-residence-permit-to-live-in-brazil-will-also/,SOURCE REVIEW REQUIRED — no publication-ready rewrite,Recover the original full article and identify its distinct question before rewriting.,pages/1293-pt-br--insights--residency--the-person-applying-for-a-residence-permit-to-live-in-brazil-will-also.md
https://immigratetobrazil.com/pt-br/insights/residency/the-person-who-will-apply-for-a-residence-permit-to-live-in-brazil-wil/,SOURCE REVIEW REQUIRED — no publication-ready rewrite,Recover the original full article and identify its distinct question before rewriting.,pages/1294-pt-br--insights--residency--the-person-who-will-apply-for-a-residence-permit-to-live-in-brazil-wil.md
https://immigratetobrazil.com/pt-br/insights/residency/the-renewal-of-brazilian-residency-permit-applies-to-those-holding-a-t/,SOURCE REVIEW REQUIRED — no publication-ready rewrite,Recover the original full article and identify its distinct question before rewriting.,pages/1295-pt-br--insights--residency--the-renewal-of-brazilian-residency-permit-applies-to-those-holding-a-t.md
https://immigratetobrazil.com/pt-br/insights/residency/the-request-for-reconsideration-when-a-request-for-a-residence-permit/,SOURCE REVIEW REQUIRED — no publication-ready rewrite,Recover the original full article and identify its distinct question before rewriting.,pages/1296-pt-br--insights--residency--the-request-for-reconsideration-when-a-request-for-a-residence-permit.md
https://immigratetobrazil.com/pt-br/insights/residency/upon-your-return-to-brazil-the-legal-process-for-revoking-your-residen/,SOURCE REVIEW REQUIRED — no publication-ready rewrite,Recover the original full article and identify its distinct question before rewriting.,pages/1297-pt-br--insights--residency--upon-your-return-to-brazil-the-legal-process-for-revoking-your-residen.md
https://immigratetobrazil.com/pt-br/insights/updates/2026-03-09-as-of-the-end-of-july-2024-the-ministry-of-justice-and-public-security/,SOURCE REVIEW REQUIRED — no publication-ready rewrite,Recover the original full article and identify its distinct question before rewriting.,pages/1299-pt-br--insights--updates--2026-03-09-as-of-the-end-of-july-2024-the-ministry-of-justice-and-public-security.md
https://immigratetobrazil.com/pt-br/insights/updates/2026-03-09-at-the-beginning-of-the-week-fake-prints-of-a-conversation-between-jes/,SOURCE REVIEW REQUIRED — no publication-ready rewrite,Recover the original full article and identify its distinct question before rewriting.,pages/1300-pt-br--insights--updates--2026-03-09-at-the-beginning-of-the-week-fake-prints-of-a-conversation-between-jes.md
https://immigratetobrazil.com/pt-br/insights/updates/2026-03-09-autism-awareness-month-5-rights-of-autistic-people-people-with-autism/,SOURCE REVIEW REQUIRED — no publication-ready rewrite,Recover the original full article and identify its distinct question before rewriting.,pages/1301-pt-br--insights--updates--2026-03-09-autism-awareness-month-5-rights-of-autistic-people-people-with-autism.md
https://immigratetobrazil.com/pt-br/insights/updates/2026-03-09-brazil-is-adjusting-its-rules-for-the-entry-of-transit-passengers-with/,SOURCE REVIEW REQUIRED — no publication-ready rewrite,Recover the original full article and identify its distinct question before rewriting.,pages/1302-pt-br--insights--updates--2026-03-09-brazil-is-adjusting-its-rules-for-the-entry-of-transit-passengers-with.md
https://immigratetobrazil.com/pt-br/insights/updates/2026-03-09-brazilian-legislation-regarding-the-air-transport-of-animals-is-still/,SOURCE REVIEW REQUIRED — no publication-ready rewrite,Recover the original full article and identify its distinct question before rewriting.,pages/1303-pt-br--insights--updates--2026-03-09-brazilian-legislation-regarding-the-air-transport-of-animals-is-still.md
https://immigratetobrazil.com/pt-br/insights/updates/2026-03-09-changes-to-latam-and-gol-baggage-rules-have-a-direct-impact-on-the-way/,SOURCE REVIEW REQUIRED — no publication-ready rewrite,Recover the original full article and identify its distinct question before rewriting.,pages/1304-pt-br--insights--updates--2026-03-09-changes-to-latam-and-gol-baggage-rules-have-a-direct-impact-on-the-way.md
https://immigratetobrazil.com/pt-br/insights/updates/2026-03-09-china-announced-the-launch-of-the-k-visa-aimed-especially-at-young-pro/,SOURCE REVIEW REQUIRED — no publication-ready rewrite,Recover the original full article and identify its distinct question before rewriting.,pages/1305-pt-br--insights--updates--2026-03-09-china-announced-the-launch-of-the-k-visa-aimed-especially-at-young-pro.md
https://immigratetobrazil.com/pt-br/insights/updates/2026-03-09-during-the-naturalization-process-the-applicant-will-be-called-for-a-p/,SOURCE REVIEW REQUIRED — no publication-ready rewrite,Recover the original full article and identify its distinct question before rewriting.,pages/1306-pt-br--insights--updates--2026-03-09-during-the-naturalization-process-the-applicant-will-be-called-for-a-p.md
https://immigratetobrazil.com/pt-br/insights/updates/2026-03-09-end-of-the-stamp-in-the-passport-when-traveling-to-europe-from-october/,SOURCE REVIEW REQUIRED — no publication-ready rewrite,Recover the original full article and identify its distinct question before rewriting.,pages/1307-pt-br--insights--updates--2026-03-09-end-of-the-stamp-in-the-passport-when-traveling-to-europe-from-october.md
https://immigratetobrazil.com/pt-br/insights/updates/2026-03-09-etias-an-electronic-authorization-similar-to-a-visa-will-be-required-f/,SOURCE REVIEW REQUIRED — no publication-ready rewrite,Recover the original full article and identify its distinct question before rewriting.,pages/1308-pt-br--insights--updates--2026-03-09-etias-an-electronic-authorization-similar-to-a-visa-will-be-required-f.md
https://immigratetobrazil.com/pt-br/insights/updates/2026-03-09-foreigners-may-apply-for-a-brazilian-passport-under-specific-circumsta/,SOURCE REVIEW REQUIRED — no publication-ready rewrite,Recover the original full article and identify its distinct question before rewriting.,pages/1309-pt-br--insights--updates--2026-03-09-foreigners-may-apply-for-a-brazilian-passport-under-specific-circumsta.md
https://immigratetobrazil.com/pt-br/insights/updates/2026-03-09-from-june-1-2025-brazilian-citizens-will-be-able-to-enter-china-withou/,SOURCE REVIEW REQUIRED — no publication-ready rewrite,Recover the original full article and identify its distinct question before rewriting.,pages/1310-pt-br--insights--updates--2026-03-09-from-june-1-2025-brazilian-citizens-will-be-able-to-enter-china-withou.md
https://immigratetobrazil.com/pt-br/insights/updates/2026-03-09-if-a-brazilian-citizen-dies-abroad-the-brazilian-government-does-not-c/,SOURCE REVIEW REQUIRED — no publication-ready rewrite,Recover the original full article and identify its distinct question before rewriting.,pages/1311-pt-br--insights--updates--2026-03-09-if-a-brazilian-citizen-dies-abroad-the-brazilian-government-does-not-c.md
https://immigratetobrazil.com/pt-br/insights/updates/2026-03-09-immigrants-when-attended-in-brazilian-public-services-should-be-treate/,SOURCE REVIEW REQUIRED — no publication-ready rewrite,Recover the original full article and identify its distinct question before rewriting.,pages/1312-pt-br--insights--updates--2026-03-09-immigrants-when-attended-in-brazilian-public-services-should-be-treate.md
https://immigratetobrazil.com/pt-br/insights/updates/2026-03-09-immigrants-when-receiving-care-in-brazilian-public-services-must-be-tr/,SOURCE REVIEW REQUIRED — no publication-ready rewrite,Recover the original full article and identify its distinct question before rewriting.,pages/1313-pt-br--insights--updates--2026-03-09-immigrants-when-receiving-care-in-brazilian-public-services-must-be-tr.md
https://immigratetobrazil.com/pt-br/insights/updates/2026-03-09-in-2011-the-date-was-officially-established-through-law-no-12-519-with/,SOURCE REVIEW REQUIRED — no publication-ready rewrite,Recover the original full article and identify its distinct question before rewriting.,pages/1314-pt-br--insights--updates--2026-03-09-in-2011-the-date-was-officially-established-through-law-no-12-519-with.md
https://immigratetobrazil.com/pt-br/insights/updates/2026-03-09-mexico-confirms-resumption-of-the-electronic-visa-for-brazilians-from/,SOURCE REVIEW REQUIRED — no publication-ready rewrite,Recover the original full article and identify its distinct question before rewriting.,pages/1315-pt-br--insights--updates--2026-03-09-mexico-confirms-resumption-of-the-electronic-visa-for-brazilians-from.md
https://immigratetobrazil.com/pt-br/insights/updates/2026-03-09-since-october-22-2023-due-to-changes-in-mexican-migration-regulations/,SOURCE REVIEW REQUIRED — no publication-ready rewrite,Recover the original full article and identify its distinct question before rewriting.,pages/1316-pt-br--insights--updates--2026-03-09-since-october-22-2023-due-to-changes-in-mexican-migration-regulations.md
https://immigratetobrazil.com/pt-br/insights/updates/2026-03-09-starting-august-20-2025-the-united-states-will-begin-a-12-month-pilot/,SOURCE REVIEW REQUIRED — no publication-ready rewrite,Recover the original full article and identify its distinct question before rewriting.,pages/1317-pt-br--insights--updates--2026-03-09-starting-august-20-2025-the-united-states-will-begin-a-12-month-pilot.md
https://immigratetobrazil.com/pt-br/insights/updates/2026-03-09-the-brazilian-government-presented-new-guidelines-for-the-transport-of/,SOURCE REVIEW REQUIRED — no publication-ready rewrite,Recover the original full article and identify its distinct question before rewriting.,pages/1318-pt-br--insights--updates--2026-03-09-the-brazilian-government-presented-new-guidelines-for-the-transport-of.md
https://immigratetobrazil.com/pt-br/insights/updates/2026-03-09-the-british-government-has-announced-a-significant-change-to-visa-rule/,SOURCE REVIEW REQUIRED — no publication-ready rewrite,Recover the original full article and identify its distinct question before rewriting.,pages/1319-pt-br--insights--updates--2026-03-09-the-british-government-has-announced-a-significant-change-to-visa-rule.md
https://immigratetobrazil.com/pt-br/insights/updates/2026-03-09-the-discussion-about-greater-rigidity-in-import-rules-began-during-the/,SOURCE REVIEW REQUIRED — no publication-ready rewrite,Recover the original full article and identify its distinct question before rewriting.,pages/1320-pt-br--insights--updates--2026-03-09-the-discussion-about-greater-rigidity-in-import-rules-began-during-the.md
https://immigratetobrazil.com/pt-br/insights/updates/2026-03-09-the-federal-police-once-again-warned-of-a-serious-budgetary-risk-accor/,SOURCE REVIEW REQUIRED — no publication-ready rewrite,Recover the original full article and identify its distinct question before rewriting.,pages/1321-pt-br--insights--updates--2026-03-09-the-federal-police-once-again-warned-of-a-serious-budgetary-risk-accor.md
https://immigratetobrazil.com/pt-br/insights/updates/2026-03-09-the-president-of-the-republic-signed-a-new-decree-that-amends-article/,SOURCE REVIEW REQUIRED — no publication-ready rewrite,Recover the original full article and identify its distinct question before rewriting.,pages/1322-pt-br--insights--updates--2026-03-09-the-president-of-the-republic-signed-a-new-decree-that-amends-article.md
https://immigratetobrazil.com/pt-br/insights/updates/2026-03-09-the-united-kingdom-has-begun-implementing-a-new-deportation-program-fo/,SOURCE REVIEW REQUIRED — no publication-ready rewrite,Recover the original full article and identify its distinct question before rewriting.,pages/1323-pt-br--insights--updates--2026-03-09-the-united-kingdom-has-begun-implementing-a-new-deportation-program-fo.md
https://immigratetobrazil.com/pt-br/insights/updates/2026-03-09-the-united-states-government-announced-a-new-guideline-from-the-citize/,SOURCE REVIEW REQUIRED — no publication-ready rewrite,Recover the original full article and identify its distinct question before rewriting.,pages/1324-pt-br--insights--updates--2026-03-09-the-united-states-government-announced-a-new-guideline-from-the-citize.md
https://immigratetobrazil.com/pt-br/insights/updates/2026-03-09-the-united-states-government-announced-on-june-18-2025-that-it-will-re/,SOURCE REVIEW REQUIRED — no publication-ready rewrite,Recover the original full article and identify its distinct question before rewriting.,pages/1325-pt-br--insights--updates--2026-03-09-the-united-states-government-announced-on-june-18-2025-that-it-will-re.md
https://immigratetobrazil.com/pt-br/insights/updates/2026-03-09-the-united-states-government-has-implemented-a-new-fee-of-us-250-calle/,SOURCE REVIEW REQUIRED — no publication-ready rewrite,Recover the original full article and identify its distinct question before rewriting.,pages/1326-pt-br--insights--updates--2026-03-09-the-united-states-government-has-implemented-a-new-fee-of-us-250-calle.md
https://immigratetobrazil.com/pt-br/insights/updates/2026-03-09-there-will-no-longer-be-any-import-tax-charged-on-online-purchases-of/,SOURCE REVIEW REQUIRED — no publication-ready rewrite,Recover the original full article and identify its distinct question before rewriting.,pages/1327-pt-br--insights--updates--2026-03-09-there-will-no-longer-be-any-import-tax-charged-on-online-purchases-of.md
https://immigratetobrazil.com/pt-br/insights/updates/2026-03-09-thus-the-company-stops-making-some-mandatory-payments-and-the-worker-l/,SOURCE REVIEW REQUIRED — no publication-ready rewrite,Recover the original full article and identify its distinct question before rewriting.,pages/1328-pt-br--insights--updates--2026-03-09-thus-the-company-stops-making-some-mandatory-payments-and-the-worker-l.md
https://immigratetobrazil.com/pt-br/insights/updates/2026-03-09-with-an-aging-population-and-growing-dependence-on-immigrants-to-meet/,SOURCE REVIEW REQUIRED — no publication-ready rewrite,Recover the original full article and identify its distinct question before rewriting.,pages/1329-pt-br--insights--updates--2026-03-09-with-an-aging-population-and-growing-dependence-on-immigrants-to-meet.md
https://immigratetobrazil.com/pt-br/insights/updates/2026-03-09-world-refugee-day-celebrated-on-june-20-is-a-date-established-by-the-u/,SOURCE REVIEW REQUIRED — no publication-ready rewrite,Recover the original full article and identify its distinct question before rewriting.,pages/1330-pt-br--insights--updates--2026-03-09-world-refugee-day-celebrated-on-june-20-is-a-date-established-by-the-u.md
https://immigratetobrazil.com/pt-br/insights/updates/2026-03-10-as-of-the-end-of-july-2024-the-ministry-of-justice-and-public-security/,SOURCE REVIEW REQUIRED — no publication-ready rewrite,Recover the original full article and identify its distinct question before rewriting.,pages/1331-pt-br--insights--updates--2026-03-10-as-of-the-end-of-july-2024-the-ministry-of-justice-and-public-security.md
https://immigratetobrazil.com/pt-br/insights/updates/2026-03-10-at-the-beginning-of-the-week-fake-prints-of-a-conversation-between-jes/,SOURCE REVIEW REQUIRED — no publication-ready rewrite,Recover the original full article and identify its distinct question before rewriting.,pages/1332-pt-br--insights--updates--2026-03-10-at-the-beginning-of-the-week-fake-prints-of-a-conversation-between-jes.md
https://immigratetobrazil.com/pt-br/insights/updates/2026-03-10-autism-awareness-month-5-rights-of-autistic-people-people-with-autism/,SOURCE REVIEW REQUIRED — no publication-ready rewrite,Recover the original full article and identify its distinct question before rewriting.,pages/1333-pt-br--insights--updates--2026-03-10-autism-awareness-month-5-rights-of-autistic-people-people-with-autism.md
https://immigratetobrazil.com/pt-br/insights/updates/2026-03-10-brazil-is-adjusting-its-rules-for-the-entry-of-transit-passengers-with/,SOURCE REVIEW REQUIRED — no publication-ready rewrite,Recover the original full article and identify its distinct question before rewriting.,pages/1334-pt-br--insights--updates--2026-03-10-brazil-is-adjusting-its-rules-for-the-entry-of-transit-passengers-with.md
https://immigratetobrazil.com/pt-br/insights/updates/2026-03-10-brazilian-legislation-regarding-the-air-transport-of-animals-is-still/,SOURCE REVIEW REQUIRED — no publication-ready rewrite,Recover the original full article and identify its distinct question before rewriting.,pages/1335-pt-br--insights--updates--2026-03-10-brazilian-legislation-regarding-the-air-transport-of-animals-is-still.md
https://immigratetobrazil.com/pt-br/insights/updates/2026-03-10-changes-to-latam-and-gol-baggage-rules-have-a-direct-impact-on-the-way/,SOURCE REVIEW REQUIRED — no publication-ready rewrite,Recover the original full article and identify its distinct question before rewriting.,pages/1336-pt-br--insights--updates--2026-03-10-changes-to-latam-and-gol-baggage-rules-have-a-direct-impact-on-the-way.md
https://immigratetobrazil.com/pt-br/insights/updates/2026-03-10-china-announced-the-launch-of-the-k-visa-aimed-especially-at-young-pro/,SOURCE REVIEW REQUIRED — no publication-ready rewrite,Recover the original full article and identify its distinct question before rewriting.,pages/1337-pt-br--insights--updates--2026-03-10-china-announced-the-launch-of-the-k-visa-aimed-especially-at-young-pro.md
https://immigratetobrazil.com/pt-br/insights/updates/2026-03-10-during-the-naturalization-process-the-applicant-will-be-called-for-a-p/,SOURCE REVIEW REQUIRED — no publication-ready rewrite,Recover the original full article and identify its distinct question before rewriting.,pages/1338-pt-br--insights--updates--2026-03-10-during-the-naturalization-process-the-applicant-will-be-called-for-a-p.md
https://immigratetobrazil.com/pt-br/insights/updates/2026-03-10-end-of-the-stamp-in-the-passport-when-traveling-to-europe-from-october/,SOURCE REVIEW REQUIRED — no publication-ready rewrite,Recover the original full article and identify its distinct question before rewriting.,pages/1339-pt-br--insights--updates--2026-03-10-end-of-the-stamp-in-the-passport-when-traveling-to-europe-from-october.md
https://immigratetobrazil.com/pt-br/insights/updates/2026-03-10-etias-an-electronic-authorization-similar-to-a-visa-will-be-required-f/,SOURCE REVIEW REQUIRED — no publication-ready rewrite,Recover the original full article and identify its distinct question before rewriting.,pages/1340-pt-br--insights--updates--2026-03-10-etias-an-electronic-authorization-similar-to-a-visa-will-be-required-f.md
https://immigratetobrazil.com/pt-br/insights/updates/2026-03-10-foreigners-may-apply-for-a-brazilian-passport-under-specific-circumsta/,SOURCE REVIEW REQUIRED — no publication-ready rewrite,Recover the original full article and identify its distinct question before rewriting.,pages/1341-pt-br--insights--updates--2026-03-10-foreigners-may-apply-for-a-brazilian-passport-under-specific-circumsta.md
https://immigratetobrazil.com/pt-br/insights/updates/2026-03-10-from-june-1-2025-brazilian-citizens-will-be-able-to-enter-china-withou/,SOURCE REVIEW REQUIRED — no publication-ready rewrite,Recover the original full article and identify its distinct question before rewriting.,pages/1342-pt-br--insights--updates--2026-03-10-from-june-1-2025-brazilian-citizens-will-be-able-to-enter-china-withou.md
https://immigratetobrazil.com/pt-br/insights/updates/2026-03-10-if-a-brazilian-citizen-dies-abroad-the-brazilian-government-does-not-c/,SOURCE REVIEW REQUIRED — no publication-ready rewrite,Recover the original full article and identify its distinct question before rewriting.,pages/1343-pt-br--insights--updates--2026-03-10-if-a-brazilian-citizen-dies-abroad-the-brazilian-government-does-not-c.md
https://immigratetobrazil.com/pt-br/insights/updates/2026-03-10-immigrants-when-attended-in-brazilian-public-services-should-be-treate/,SOURCE REVIEW REQUIRED — no publication-ready rewrite,Recover the original full article and identify its distinct question before rewriting.,pages/1344-pt-br--insights--updates--2026-03-10-immigrants-when-attended-in-brazilian-public-services-should-be-treate.md
https://immigratetobrazil.com/pt-br/insights/updates/2026-03-10-immigrants-when-receiving-care-in-brazilian-public-services-must-be-tr/,SOURCE REVIEW REQUIRED — no publication-ready rewrite,Recover the original full article and identify its distinct question before rewriting.,pages/1345-pt-br--insights--updates--2026-03-10-immigrants-when-receiving-care-in-brazilian-public-services-must-be-tr.md
https://immigratetobrazil.com/pt-br/insights/updates/2026-03-10-in-2011-the-date-was-officially-established-through-law-no-12-519-with/,SOURCE REVIEW REQUIRED — no publication-ready rewrite,Recover the original full article and identify its distinct question before rewriting.,pages/1346-pt-br--insights--updates--2026-03-10-in-2011-the-date-was-officially-established-through-law-no-12-519-with.md
https://immigratetobrazil.com/pt-br/insights/updates/2026-03-10-mexico-confirms-resumption-of-the-electronic-visa-for-brazilians-from/,SOURCE REVIEW REQUIRED — no publication-ready rewrite,Recover the original full article and identify its distinct question before rewriting.,pages/1347-pt-br--insights--updates--2026-03-10-mexico-confirms-resumption-of-the-electronic-visa-for-brazilians-from.md
https://immigratetobrazil.com/pt-br/insights/updates/2026-03-10-since-october-22-2023-due-to-changes-in-mexican-migration-regulations/,SOURCE REVIEW REQUIRED — no publication-ready rewrite,Recover the original full article and identify its distinct question before rewriting.,pages/1348-pt-br--insights--updates--2026-03-10-since-october-22-2023-due-to-changes-in-mexican-migration-regulations.md
https://immigratetobrazil.com/pt-br/insights/updates/2026-03-10-starting-august-20-2025-the-united-states-will-begin-a-12-month-pilot/,SOURCE REVIEW REQUIRED — no publication-ready rewrite,Recover the original full article and identify its distinct question before rewriting.,pages/1349-pt-br--insights--updates--2026-03-10-starting-august-20-2025-the-united-states-will-begin-a-12-month-pilot.md
https://immigratetobrazil.com/pt-br/insights/updates/2026-03-10-the-brazilian-government-presented-new-guidelines-for-the-transport-of/,SOURCE REVIEW REQUIRED — no publication-ready rewrite,Recover the original full article and identify its distinct question before rewriting.,pages/1350-pt-br--insights--updates--2026-03-10-the-brazilian-government-presented-new-guidelines-for-the-transport-of.md
https://immigratetobrazil.com/pt-br/insights/updates/2026-03-10-the-british-government-has-announced-a-significant-change-to-visa-rule/,SOURCE REVIEW REQUIRED — no publication-ready rewrite,Recover the original full article and identify its distinct question before rewriting.,pages/1351-pt-br--insights--updates--2026-03-10-the-british-government-has-announced-a-significant-change-to-visa-rule.md
https://immigratetobrazil.com/pt-br/insights/updates/2026-03-10-the-discussion-about-greater-rigidity-in-import-rules-began-during-the/,SOURCE REVIEW REQUIRED — no publication-ready rewrite,Recover the original full article and identify its distinct question before rewriting.,pages/1352-pt-br--insights--updates--2026-03-10-the-discussion-about-greater-rigidity-in-import-rules-began-during-the.md
https://immigratetobrazil.com/pt-br/insights/updates/2026-03-10-the-federal-police-once-again-warned-of-a-serious-budgetary-risk-accor/,SOURCE REVIEW REQUIRED — no publication-ready rewrite,Recover the original full article and identify its distinct question before rewriting.,pages/1353-pt-br--insights--updates--2026-03-10-the-federal-police-once-again-warned-of-a-serious-budgetary-risk-accor.md
https://immigratetobrazil.com/pt-br/insights/updates/2026-03-10-the-president-of-the-republic-signed-a-new-decree-that-amends-article/,SOURCE REVIEW REQUIRED — no publication-ready rewrite,Recover the original full article and identify its distinct question before rewriting.,pages/1354-pt-br--insights--updates--2026-03-10-the-president-of-the-republic-signed-a-new-decree-that-amends-article.md
https://immigratetobrazil.com/pt-br/insights/updates/2026-03-10-the-united-kingdom-has-begun-implementing-a-new-deportation-program-fo/,SOURCE REVIEW REQUIRED — no publication-ready rewrite,Recover the original full article and identify its distinct question before rewriting.,pages/1355-pt-br--insights--updates--2026-03-10-the-united-kingdom-has-begun-implementing-a-new-deportation-program-fo.md
https://immigratetobrazil.com/pt-br/insights/updates/2026-03-10-the-united-states-government-announced-a-new-guideline-from-the-citize/,SOURCE REVIEW REQUIRED — no publication-ready rewrite,Recover the original full article and identify its distinct question before rewriting.,pages/1356-pt-br--insights--updates--2026-03-10-the-united-states-government-announced-a-new-guideline-from-the-citize.md
https://immigratetobrazil.com/pt-br/insights/updates/2026-03-10-the-united-states-government-announced-on-june-18-2025-that-it-will-re/,SOURCE REVIEW REQUIRED — no publication-ready rewrite,Recover the original full article and identify its distinct question before rewriting.,pages/1357-pt-br--insights--updates--2026-03-10-the-united-states-government-announced-on-june-18-2025-that-it-will-re.md
https://immigratetobrazil.com/pt-br/insights/updates/2026-03-10-the-united-states-government-has-implemented-a-new-fee-of-us-250-calle/,SOURCE REVIEW REQUIRED — no publication-ready rewrite,Recover the original full article and identify its distinct question before rewriting.,pages/1358-pt-br--insights--updates--2026-03-10-the-united-states-government-has-implemented-a-new-fee-of-us-250-calle.md
https://immigratetobrazil.com/pt-br/insights/updates/2026-03-10-there-will-no-longer-be-any-import-tax-charged-on-online-purchases-of/,SOURCE REVIEW REQUIRED — no publication-ready rewrite,Recover the original full article and identify its distinct question before rewriting.,pages/1359-pt-br--insights--updates--2026-03-10-there-will-no-longer-be-any-import-tax-charged-on-online-purchases-of.md
https://immigratetobrazil.com/pt-br/insights/updates/2026-03-10-thus-the-company-stops-making-some-mandatory-payments-and-the-worker-l/,SOURCE REVIEW REQUIRED — no publication-ready rewrite,Recover the original full article and identify its distinct question before rewriting.,pages/1360-pt-br--insights--updates--2026-03-10-thus-the-company-stops-making-some-mandatory-payments-and-the-worker-l.md
https://immigratetobrazil.com/pt-br/insights/updates/2026-03-10-with-an-aging-population-and-growing-dependence-on-immigrants-to-meet/,SOURCE REVIEW REQUIRED — no publication-ready rewrite,Recover the original full article and identify its distinct question before rewriting.,pages/1361-pt-br--insights--updates--2026-03-10-with-an-aging-population-and-growing-dependence-on-immigrants-to-meet.md
https://immigratetobrazil.com/pt-br/insights/updates/2026-03-10-world-refugee-day-celebrated-on-june-20-is-a-date-established-by-the-u/,SOURCE REVIEW REQUIRED — no publication-ready rewrite,Recover the original full article and identify its distinct question before rewriting.,pages/1362-pt-br--insights--updates--2026-03-10-world-refugee-day-celebrated-on-june-20-is-a-date-established-by-the-u.md
https://immigratetobrazil.com/pt-br/insights/visa/a-brazilian-visa-is-valid-for-a-set-period-during-which-youre-allowed/,SOURCE REVIEW REQUIRED — no publication-ready rewrite,Recover the original full article and identify its distinct question before rewriting.,pages/1364-pt-br--insights--visa--a-brazilian-visa-is-valid-for-a-set-period-during-which-youre-allowed.md
https://immigratetobrazil.com/pt-br/insights/visa/a-recent-study-conducted-by-embratur-in-partnership-with-visa-and-ipso/,SOURCE REVIEW REQUIRED — no publication-ready rewrite,Recover the original full article and identify its distinct question before rewriting.,pages/1365-pt-br--insights--visa--a-recent-study-conducted-by-embratur-in-partnership-with-visa-and-ipso.md
https://immigratetobrazil.com/pt-br/insights/visa/according-to-brazilian-regulations-all-visa-applications-for-minors-mu/,SOURCE REVIEW REQUIRED — no publication-ready rewrite,Recover the original full article and identify its distinct question before rewriting.,pages/1366-pt-br--insights--visa--according-to-brazilian-regulations-all-visa-applications-for-minors-mu.md
https://immigratetobrazil.com/pt-br/insights/visa/according-to-recent-news-as-an-indigenous-immigrant-in-the-united-stat/,SOURCE REVIEW REQUIRED — no publication-ready rewrite,Recover the original full article and identify its distinct question before rewriting.,pages/1367-pt-br--insights--visa--according-to-recent-news-as-an-indigenous-immigrant-in-the-united-stat.md
https://immigratetobrazil.com/pt-br/insights/visa/according-to-this-news-as-an-indigenous-immigrant-in-the-united-states/,SOURCE REVIEW REQUIRED — no publication-ready rewrite,Recover the original full article and identify its distinct question before rewriting.,pages/1368-pt-br--insights--visa--according-to-this-news-as-an-indigenous-immigrant-in-the-united-states.md
https://immigratetobrazil.com/pt-br/insights/visa/acquiring-a-student-visa-to-become-an-exchange-student-in-brazil-prese/,SOURCE REVIEW REQUIRED — no publication-ready rewrite,Recover the original full article and identify its distinct question before rewriting.,pages/1369-pt-br--insights--visa--acquiring-a-student-visa-to-become-an-exchange-student-in-brazil-prese.md
https://immigratetobrazil.com/pt-br/insights/visa/although-brazilian-migration-legislation-does-not-mention-the-right-to/,SOURCE REVIEW REQUIRED — no publication-ready rewrite,Recover the original full article and identify its distinct question before rewriting.,pages/1370-pt-br--insights--visa--although-brazilian-migration-legislation-does-not-mention-the-right-to.md
https://immigratetobrazil.com/pt-br/insights/visa/always-consult-an-immigration-lawyer-for-instructions-based-on-your-ca/,SOURCE REVIEW REQUIRED — no publication-ready rewrite,Recover the original full article and identify its distinct question before rewriting.,pages/1371-pt-br--insights--visa--always-consult-an-immigration-lawyer-for-instructions-based-on-your-ca.md
https://immigratetobrazil.com/pt-br/insights/visa/anyone-purchasing-their-first-residential-property-through-financing-u/,SOURCE REVIEW REQUIRED — no publication-ready rewrite,Recover the original full article and identify its distinct question before rewriting.,pages/1372-pt-br--insights--visa--anyone-purchasing-their-first-residential-property-through-financing-u.md
https://immigratetobrazil.com/pt-br/insights/visa/arriving-in-brazil-as-a-tourist-and-subsequently-obtaining-a-residence/,SOURCE REVIEW REQUIRED — no publication-ready rewrite,Recover the original full article and identify its distinct question before rewriting.,pages/1373-pt-br--insights--visa--arriving-in-brazil-as-a-tourist-and-subsequently-obtaining-a-residence.md
https://immigratetobrazil.com/pt-br/insights/visa/arriving-in-brazil-as-a-tourist-and-subsequently-obtaining-a-residency/,SOURCE REVIEW REQUIRED — no publication-ready rewrite,Recover the original full article and identify its distinct question before rewriting.,pages/1374-pt-br--insights--visa--arriving-in-brazil-as-a-tourist-and-subsequently-obtaining-a-residency.md
https://immigratetobrazil.com/pt-br/insights/visa/assai-located-in-the-state-of-parana-brazil-was-established-in-the-ear/,SOURCE REVIEW REQUIRED — no publication-ready rewrite,Recover the original full article and identify its distinct question before rewriting.,pages/1375-pt-br--insights--visa--assai-located-in-the-state-of-parana-brazil-was-established-in-the-ear.md
https://immigratetobrazil.com/pt-br/insights/visa/before-submitting-your-visa-application-it-is-essential-to-first-prepa/,SOURCE REVIEW REQUIRED — no publication-ready rewrite,Recover the original full article and identify its distinct question before rewriting.,pages/1376-pt-br--insights--visa--before-submitting-your-visa-application-it-is-essential-to-first-prepa.md
https://immigratetobrazil.com/pt-br/insights/visa/before-submitting-your-visa-application-it-s-essential-to-first-beggin/,SOURCE REVIEW REQUIRED — no publication-ready rewrite,Recover the original full article and identify its distinct question before rewriting.,pages/1377-pt-br--insights--visa--before-submitting-your-visa-application-it-s-essential-to-first-beggin.md
https://immigratetobrazil.com/pt-br/insights/visa/before-you-travel-or-live-in-another-country-you-need-to-carry-out-leg/,SOURCE REVIEW REQUIRED — no publication-ready rewrite,Recover the original full article and identify its distinct question before rewriting.,pages/1378-pt-br--insights--visa--before-you-travel-or-live-in-another-country-you-need-to-carry-out-leg.md
https://immigratetobrazil.com/pt-br/insights/visa/behind-each-visa-there-is-a-lifetime-of-expectations-memories-and-drea/,SOURCE REVIEW REQUIRED — no publication-ready rewrite,Recover the original full article and identify its distinct question before rewriting.,pages/1379-pt-br--insights--visa--behind-each-visa-there-is-a-lifetime-of-expectations-memories-and-drea.md
https://immigratetobrazil.com/pt-br/insights/visa/brazil-does-not-offer-specific-fiance-or-spouse-visas-but-has-provisio/,SOURCE REVIEW REQUIRED — no publication-ready rewrite,Recover the original full article and identify its distinct question before rewriting.,pages/1380-pt-br--insights--visa--brazil-does-not-offer-specific-fiance-or-spouse-visas-but-has-provisio.md
https://immigratetobrazil.com/pt-br/insights/visa/brazil-doesn-t-offer-specific-fiance-or-spouse-visas-it-does-have-prov/,SOURCE REVIEW REQUIRED — no publication-ready rewrite,Recover the original full article and identify its distinct question before rewriting.,pages/1381-pt-br--insights--visa--brazil-doesn-t-offer-specific-fiance-or-spouse-visas-it-does-have-prov.md
https://immigratetobrazil.com/pt-br/insights/visa/brazil-grants-a-temporary-visa-to-foreigners-who-come-to-the-country-w/,SOURCE REVIEW REQUIRED — no publication-ready rewrite,Recover the original full article and identify its distinct question before rewriting.,pages/1382-pt-br--insights--visa--brazil-grants-a-temporary-visa-to-foreigners-who-come-to-the-country-w.md
https://immigratetobrazil.com/pt-br/insights/visa/brazil-grants-permanent-residency-to-foreign-nationals-through-various/,SOURCE REVIEW REQUIRED — no publication-ready rewrite,Recover the original full article and identify its distinct question before rewriting.,pages/1383-pt-br--insights--visa--brazil-grants-permanent-residency-to-foreign-nationals-through-various.md
https://immigratetobrazil.com/pt-br/insights/visa/brazil-issues-the-cplp-temporary-visa-only-in-some-specific-cities/,SOURCE REVIEW REQUIRED — no publication-ready rewrite,Recover the original full article and identify its distinct question before rewriting.,pages/1384-pt-br--insights--visa--brazil-issues-the-cplp-temporary-visa-only-in-some-specific-cities.md
https://immigratetobrazil.com/pt-br/insights/visa/brazil-legal-guidance-eligibility-and-process-2/,SOURCE REVIEW REQUIRED — no publication-ready rewrite,Recover the original full article and identify its distinct question before rewriting.,pages/1385-pt-br--insights--visa--brazil-legal-guidance-eligibility-and-process-2.md
https://immigratetobrazil.com/pt-br/insights/visa/brazil-legal-guidance-eligibility-and-process-3/,SOURCE REVIEW REQUIRED — no publication-ready rewrite,Recover the original full article and identify its distinct question before rewriting.,pages/1386-pt-br--insights--visa--brazil-legal-guidance-eligibility-and-process-3.md
https://immigratetobrazil.com/pt-br/insights/visa/brazil-legal-guidance-eligibility-and-process/,SOURCE REVIEW REQUIRED — no publication-ready rewrite,Recover the original full article and identify its distinct question before rewriting.,pages/1387-pt-br--insights--visa--brazil-legal-guidance-eligibility-and-process.md
https://immigratetobrazil.com/pt-br/insights/visa/brazil-offers-a-digital-nomad-visa-for-foreign-nationals-who-wish-to-l/,SOURCE REVIEW REQUIRED — no publication-ready rewrite,Recover the original full article and identify its distinct question before rewriting.,pages/1388-pt-br--insights--visa--brazil-offers-a-digital-nomad-visa-for-foreign-nationals-who-wish-to-l.md
https://immigratetobrazil.com/pt-br/insights/visa/brazil-offers-a-specific-visa-and-residency-for-artists-and-athletes-c/,SOURCE REVIEW REQUIRED — no publication-ready rewrite,Recover the original full article and identify its distinct question before rewriting.,pages/1389-pt-br--insights--visa--brazil-offers-a-specific-visa-and-residency-for-artists-and-athletes-c.md
https://immigratetobrazil.com/pt-br/insights/visa/brazil-offers-humanitarian-visa-to-individuals-in-situations-of-extrem/,SOURCE REVIEW REQUIRED — no publication-ready rewrite,Recover the original full article and identify its distinct question before rewriting.,pages/1390-pt-br--insights--visa--brazil-offers-humanitarian-visa-to-individuals-in-situations-of-extrem.md
https://immigratetobrazil.com/pt-br/insights/visa/brazil-offers-student-visa-for-foreign-medical-residents-who-wish-to-p/,SOURCE REVIEW REQUIRED — no publication-ready rewrite,Recover the original full article and identify its distinct question before rewriting.,pages/1391-pt-br--insights--visa--brazil-offers-student-visa-for-foreign-medical-residents-who-wish-to-p.md
https://immigratetobrazil.com/pt-br/insights/visa/brazil-offers-the-possibility-of-permanent-residency-for-families-wish/,SOURCE REVIEW REQUIRED — no publication-ready rewrite,Recover the original full article and identify its distinct question before rewriting.,pages/1392-pt-br--insights--visa--brazil-offers-the-possibility-of-permanent-residency-for-families-wish.md
https://immigratetobrazil.com/pt-br/insights/visa/brazil-s-digital-nomad-visa-is-your-ticket-to-an-incredible-experience/,SOURCE REVIEW REQUIRED — no publication-ready rewrite,Recover the original full article and identify its distinct question before rewriting.,pages/1393-pt-br--insights--visa--brazil-s-digital-nomad-visa-is-your-ticket-to-an-incredible-experience.md
https://immigratetobrazil.com/pt-br/insights/visa/brazil-s-real-estate-market-is-booming-offering-incredible-potential-f/,SOURCE REVIEW REQUIRED — no publication-ready rewrite,Recover the original full article and identify its distinct question before rewriting.,pages/1394-pt-br--insights--visa--brazil-s-real-estate-market-is-booming-offering-incredible-potential-f.md
https://immigratetobrazil.com/pt-br/insights/visa/brazilian-law-permits-students-on-a-student-visa-to-work-while-studyin/,SOURCE REVIEW REQUIRED — no publication-ready rewrite,Recover the original full article and identify its distinct question before rewriting.,pages/1395-pt-br--insights--visa--brazilian-law-permits-students-on-a-student-visa-to-work-while-studyin.md
https://immigratetobrazil.com/pt-br/insights/visa/brazilian-student-visa-for-medical-studies-the-brazilian-student-visa/,SOURCE REVIEW REQUIRED — no publication-ready rewrite,Recover the original full article and identify its distinct question before rewriting.,pages/1396-pt-br--insights--visa--brazilian-student-visa-for-medical-studies-the-brazilian-student-visa.md
https://immigratetobrazil.com/pt-br/insights/visa/brazilian-temporary-residency-permit-for-work-consulting-with-an-immig/,SOURCE REVIEW REQUIRED — no publication-ready rewrite,Recover the original full article and identify its distinct question before rewriting.,pages/1397-pt-br--insights--visa--brazilian-temporary-residency-permit-for-work-consulting-with-an-immig.md
https://immigratetobrazil.com/pt-br/insights/visa/consulting-with-an-immigration-lawyer-ensures-that-you-have-a-knowledg-2/,SOURCE REVIEW REQUIRED — no publication-ready rewrite,Recover the original full article and identify its distinct question before rewriting.,pages/1398-pt-br--insights--visa--consulting-with-an-immigration-lawyer-ensures-that-you-have-a-knowledg-2.md
https://immigratetobrazil.com/pt-br/insights/visa/consulting-with-an-immigration-lawyer-ensures-that-you-have-a-knowledg-3/,SOURCE REVIEW REQUIRED — no publication-ready rewrite,Recover the original full article and identify its distinct question before rewriting.,pages/1399-pt-br--insights--visa--consulting-with-an-immigration-lawyer-ensures-that-you-have-a-knowledg-3.md
https://immigratetobrazil.com/pt-br/insights/visa/consulting-with-an-immigration-lawyer-ensures-that-you-have-a-knowledg/,SOURCE REVIEW REQUIRED — no publication-ready rewrite,Recover the original full article and identify its distinct question before rewriting.,pages/1400-pt-br--insights--visa--consulting-with-an-immigration-lawyer-ensures-that-you-have-a-knowledg.md
https://immigratetobrazil.com/pt-br/insights/visa/due-to-the-political-crises-in-syria-the-brazilian-embassy-in-syria-ha/,SOURCE REVIEW REQUIRED — no publication-ready rewrite,Recover the original full article and identify its distinct question before rewriting.,pages/1401-pt-br--insights--visa--due-to-the-political-crises-in-syria-the-brazilian-embassy-in-syria-ha.md
https://immigratetobrazil.com/pt-br/insights/visa/entering-brazil-as-a-tourist-can-be-a-valid-starting-point-for-anyone/,SOURCE REVIEW REQUIRED — no publication-ready rewrite,Recover the original full article and identify its distinct question before rewriting.,pages/1402-pt-br--insights--visa--entering-brazil-as-a-tourist-can-be-a-valid-starting-point-for-anyone.md
https://immigratetobrazil.com/pt-br/insights/visa/entering-brazil-as-a-tourist-can-serve-as-a-valid-starting-point-for-t/,SOURCE REVIEW REQUIRED — no publication-ready rewrite,Recover the original full article and identify its distinct question before rewriting.,pages/1403-pt-br--insights--visa--entering-brazil-as-a-tourist-can-serve-as-a-valid-starting-point-for-t.md
https://immigratetobrazil.com/pt-br/insights/visa/even-though-this-visa-offers-permanent-residency-it-comes-with-conditi/,SOURCE REVIEW REQUIRED — no publication-ready rewrite,Recover the original full article and identify its distinct question before rewriting.,pages/1404-pt-br--insights--visa--even-though-this-visa-offers-permanent-residency-it-comes-with-conditi.md
https://immigratetobrazil.com/pt-br/insights/visa/every-visa-applicant-has-the-right-to-receive-a-justification/,SOURCE REVIEW REQUIRED — no publication-ready rewrite,Recover the original full article and identify its distinct question before rewriting.,pages/1405-pt-br--insights--visa--every-visa-applicant-has-the-right-to-receive-a-justification.md
https://immigratetobrazil.com/pt-br/insights/visa/expanding-a-business-into-brazil-requires-careful-planning-and-complia/,SOURCE REVIEW REQUIRED — no publication-ready rewrite,Recover the original full article and identify its distinct question before rewriting.,pages/1406-pt-br--insights--visa--expanding-a-business-into-brazil-requires-careful-planning-and-complia.md
https://immigratetobrazil.com/pt-br/insights/visa/explore-tax-friendly-destinations-and-optimize-your-tax-situation-whil/,SOURCE REVIEW REQUIRED — no publication-ready rewrite,Recover the original full article and identify its distinct question before rewriting.,pages/1407-pt-br--insights--visa--explore-tax-friendly-destinations-and-optimize-your-tax-situation-whil.md
https://immigratetobrazil.com/pt-br/insights/visa/for-brazilians-wishing-to-go-to-new-zealand-the-brazil-new-zealand-wor/,SOURCE REVIEW REQUIRED — no publication-ready rewrite,Recover the original full article and identify its distinct question before rewriting.,pages/1408-pt-br--insights--visa--for-brazilians-wishing-to-go-to-new-zealand-the-brazil-new-zealand-wor.md
https://immigratetobrazil.com/pt-br/insights/visa/for-certain-nationalities-a-visa-for-this-is-not-required/,SOURCE REVIEW REQUIRED — no publication-ready rewrite,Recover the original full article and identify its distinct question before rewriting.,pages/1409-pt-br--insights--visa--for-certain-nationalities-a-visa-for-this-is-not-required.md
https://immigratetobrazil.com/pt-br/insights/visa/for-those-planning-to-travel-to-the-united-states-to-watch-the-2026-wo/,SOURCE REVIEW REQUIRED — no publication-ready rewrite,Recover the original full article and identify its distinct question before rewriting.,pages/1410-pt-br--insights--visa--for-those-planning-to-travel-to-the-united-states-to-watch-the-2026-wo.md
https://immigratetobrazil.com/pt-br/insights/visa/foreign-nationals-who-come-to-brazil-for-research-teaching-or-academic/,SOURCE REVIEW REQUIRED — no publication-ready rewrite,Recover the original full article and identify its distinct question before rewriting.,pages/1411-pt-br--insights--visa--foreign-nationals-who-come-to-brazil-for-research-teaching-or-academic.md
https://immigratetobrazil.com/pt-br/insights/visa/hiring-foreign-workers-has-become-an-increasingly-common-practice-amon/,SOURCE REVIEW REQUIRED — no publication-ready rewrite,Recover the original full article and identify its distinct question before rewriting.,pages/1412-pt-br--insights--visa--hiring-foreign-workers-has-become-an-increasingly-common-practice-amon.md
https://immigratetobrazil.com/pt-br/insights/visa/i-will-be-working-remotely-in-brazil/,SOURCE REVIEW REQUIRED — no publication-ready rewrite,Recover the original full article and identify its distinct question before rewriting.,pages/1413-pt-br--insights--visa--i-will-be-working-remotely-in-brazil.md
https://immigratetobrazil.com/pt-br/insights/visa/if-a-person-received-a-portuguese-residence-visa-without-making-an-app/,SOURCE REVIEW REQUIRED — no publication-ready rewrite,Recover the original full article and identify its distinct question before rewriting.,pages/1414-pt-br--insights--visa--if-a-person-received-a-portuguese-residence-visa-without-making-an-app.md
https://immigratetobrazil.com/pt-br/insights/visa/if-an-artist-charges-a-fee-for-their-performance-a-work-visa-is-requir/,SOURCE REVIEW REQUIRED — no publication-ready rewrite,Recover the original full article and identify its distinct question before rewriting.,pages/1415-pt-br--insights--visa--if-an-artist-charges-a-fee-for-their-performance-a-work-visa-is-requir.md
https://immigratetobrazil.com/pt-br/insights/visa/if-an-investor-an-individual-is-looking-for-opportunities-and-to-be-ab/,SOURCE REVIEW REQUIRED — no publication-ready rewrite,Recover the original full article and identify its distinct question before rewriting.,pages/1416-pt-br--insights--visa--if-an-investor-an-individual-is-looking-for-opportunities-and-to-be-ab.md
https://immigratetobrazil.com/pt-br/insights/visa/if-the-brazilian-consulate-does-not-provide-a-justification-for-the-vi/,SOURCE REVIEW REQUIRED — no publication-ready rewrite,Recover the original full article and identify its distinct question before rewriting.,pages/1417-pt-br--insights--visa--if-the-brazilian-consulate-does-not-provide-a-justification-for-the-vi.md
https://immigratetobrazil.com/pt-br/insights/visa/if-the-couple-wishes-to-live-in-brazil-after-marriage-the-foreigner-wi/,SOURCE REVIEW REQUIRED — no publication-ready rewrite,Recover the original full article and identify its distinct question before rewriting.,pages/1418-pt-br--insights--visa--if-the-couple-wishes-to-live-in-brazil-after-marriage-the-foreigner-wi.md
https://immigratetobrazil.com/pt-br/insights/visa/if-you-are-an-investor-looking-to-reside-in-brazil-with-foreign-resour/,SOURCE REVIEW REQUIRED — no publication-ready rewrite,Recover the original full article and identify its distinct question before rewriting.,pages/1419-pt-br--insights--visa--if-you-are-an-investor-looking-to-reside-in-brazil-with-foreign-resour.md
https://immigratetobrazil.com/pt-br/insights/visa/if-you-arrived-in-brazil-as-a-tourist-and-want-to-stay-longer-than-ini/,SOURCE REVIEW REQUIRED — no publication-ready rewrite,Recover the original full article and identify its distinct question before rewriting.,pages/1420-pt-br--insights--visa--if-you-arrived-in-brazil-as-a-tourist-and-want-to-stay-longer-than-ini.md
https://immigratetobrazil.com/pt-br/insights/visa/if-you-arrived-in-brazil-as-a-tourist-and-wish-to-stay-longer-than-ori/,SOURCE REVIEW REQUIRED — no publication-ready rewrite,Recover the original full article and identify its distinct question before rewriting.,pages/1421-pt-br--insights--visa--if-you-arrived-in-brazil-as-a-tourist-and-wish-to-stay-longer-than-ori.md
https://immigratetobrazil.com/pt-br/insights/visa/if-you-currently-hold-a-temporary-residence-permit-in-brazil-and-are-w/,SOURCE REVIEW REQUIRED — no publication-ready rewrite,Recover the original full article and identify its distinct question before rewriting.,pages/1422-pt-br--insights--visa--if-you-currently-hold-a-temporary-residence-permit-in-brazil-and-are-w.md
https://immigratetobrazil.com/pt-br/insights/visa/if-you-hold-a-temporary-visa-or-residence-permit-it-s-imperative-to-co/,SOURCE REVIEW REQUIRED — no publication-ready rewrite,Recover the original full article and identify its distinct question before rewriting.,pages/1423-pt-br--insights--visa--if-you-hold-a-temporary-visa-or-residence-permit-it-s-imperative-to-co.md
https://immigratetobrazil.com/pt-br/insights/visa/if-you-hold-a-temporary-visa-or-residency-permit-it-s-imperative-to-co/,SOURCE REVIEW REQUIRED — no publication-ready rewrite,Recover the original full article and identify its distinct question before rewriting.,pages/1424-pt-br--insights--visa--if-you-hold-a-temporary-visa-or-residency-permit-it-s-imperative-to-co.md
https://immigratetobrazil.com/pt-br/insights/visa/if-you-re-from-one-of-the-eligible-countries-you-can-request-a-90-day-2/,SOURCE REVIEW REQUIRED — no publication-ready rewrite,Recover the original full article and identify its distinct question before rewriting.,pages/1425-pt-br--insights--visa--if-you-re-from-one-of-the-eligible-countries-you-can-request-a-90-day-2.md
https://immigratetobrazil.com/pt-br/insights/visa/if-you-re-from-one-of-the-eligible-countries-you-can-request-a-90-day/,SOURCE REVIEW REQUIRED — no publication-ready rewrite,Recover the original full article and identify its distinct question before rewriting.,pages/1426-pt-br--insights--visa--if-you-re-from-one-of-the-eligible-countries-you-can-request-a-90-day.md
https://immigratetobrazil.com/pt-br/insights/visa/if-your-american-visa-is-denied-the-first-recommended-action-is-to-loo/,SOURCE REVIEW REQUIRED — no publication-ready rewrite,Recover the original full article and identify its distinct question before rewriting.,pages/1427-pt-br--insights--visa--if-your-american-visa-is-denied-the-first-recommended-action-is-to-loo.md
https://immigratetobrazil.com/pt-br/insights/visa/if-youve-studied-in-brazil-and-are-thinking-about-staying-to-work-ther/,SOURCE REVIEW REQUIRED — no publication-ready rewrite,Recover the original full article and identify its distinct question before rewriting.,pages/1428-pt-br--insights--visa--if-youve-studied-in-brazil-and-are-thinking-about-staying-to-work-ther.md
https://immigratetobrazil.com/pt-br/insights/visa/immigrating-to-a-new-country-is-a-life-altering-decision-and-seeking-p/,SOURCE REVIEW REQUIRED — no publication-ready rewrite,Recover the original full article and identify its distinct question before rewriting.,pages/1429-pt-br--insights--visa--immigrating-to-a-new-country-is-a-life-altering-decision-and-seeking-p.md
https://immigratetobrazil.com/pt-br/insights/visa/immigration-planning-involves-strategic-and-thoughtful-consideration-o/,SOURCE REVIEW REQUIRED — no publication-ready rewrite,Recover the original full article and identify its distinct question before rewriting.,pages/1430-pt-br--insights--visa--immigration-planning-involves-strategic-and-thoughtful-consideration-o.md
https://immigratetobrazil.com/pt-br/insights/visa/in-a-prestigious-international-ranking-organized-by-the-1000-libraries/,SOURCE REVIEW REQUIRED — no publication-ready rewrite,Recover the original full article and identify its distinct question before rewriting.,pages/1431-pt-br--insights--visa--in-a-prestigious-international-ranking-organized-by-the-1000-libraries.md
https://immigratetobrazil.com/pt-br/insights/visa/in-brazil-deportation-is-an-administrative-measure-applied-to-individu/,SOURCE REVIEW REQUIRED — no publication-ready rewrite,Recover the original full article and identify its distinct question before rewriting.,pages/1432-pt-br--insights--visa--in-brazil-deportation-is-an-administrative-measure-applied-to-individu.md
https://immigratetobrazil.com/pt-br/insights/visa/in-brazil-eligible-people-holding-a-temporary-visa-have-the-opportunit/,SOURCE REVIEW REQUIRED — no publication-ready rewrite,Recover the original full article and identify its distinct question before rewriting.,pages/1433-pt-br--insights--visa--in-brazil-eligible-people-holding-a-temporary-visa-have-the-opportunit.md
https://immigratetobrazil.com/pt-br/insights/visa/in-brazil-homeschooling-is-prohibited-and-the-parents-must-go-to-the-n/,SOURCE REVIEW REQUIRED — no publication-ready rewrite,Recover the original full article and identify its distinct question before rewriting.,pages/1434-pt-br--insights--visa--in-brazil-homeschooling-is-prohibited-and-the-parents-must-go-to-the-n.md
https://immigratetobrazil.com/pt-br/insights/visa/in-brazil-priests-must-go-to-the-nearest-public-school-and-request-the/,SOURCE REVIEW REQUIRED — no publication-ready rewrite,Recover the original full article and identify its distinct question before rewriting.,pages/1435-pt-br--insights--visa--in-brazil-priests-must-go-to-the-nearest-public-school-and-request-the.md
https://immigratetobrazil.com/pt-br/insights/visa/in-brazil-there-are-several-types-of-work-visas-available-depending-on-2/,SOURCE REVIEW REQUIRED — no publication-ready rewrite,Recover the original full article and identify its distinct question before rewriting.,pages/1436-pt-br--insights--visa--in-brazil-there-are-several-types-of-work-visas-available-depending-on-2.md
https://immigratetobrazil.com/pt-br/insights/visa/in-brazil-there-are-several-types-of-work-visas-available-depending-on/,SOURCE REVIEW REQUIRED — no publication-ready rewrite,Recover the original full article and identify its distinct question before rewriting.,pages/1437-pt-br--insights--visa--in-brazil-there-are-several-types-of-work-visas-available-depending-on.md
https://immigratetobrazil.com/pt-br/insights/visa/in-brazilian-immigration-matters-foreign-nationals-could-apply-for-a-f/,SOURCE REVIEW REQUIRED — no publication-ready rewrite,Recover the original full article and identify its distinct question before rewriting.,pages/1438-pt-br--insights--visa--in-brazilian-immigration-matters-foreign-nationals-could-apply-for-a-f.md
https://immigratetobrazil.com/pt-br/insights/visa/in-exceptional-cases-a-brazilian-visa-application-may-be-denied-under/,SOURCE REVIEW REQUIRED — no publication-ready rewrite,Recover the original full article and identify its distinct question before rewriting.,pages/1439-pt-br--insights--visa--in-exceptional-cases-a-brazilian-visa-application-may-be-denied-under.md
https://immigratetobrazil.com/pt-br/insights/visa/in-general-many-countries-do-not-have-a-specific-dating-visa-but-offer/,SOURCE REVIEW REQUIRED — no publication-ready rewrite,Recover the original full article and identify its distinct question before rewriting.,pages/1440-pt-br--insights--visa--in-general-many-countries-do-not-have-a-specific-dating-visa-but-offer.md
https://immigratetobrazil.com/pt-br/insights/visa/in-situations-where-a-brazilian-needs-emergency-consular-assistance-ou/,SOURCE REVIEW REQUIRED — no publication-ready rewrite,Recover the original full article and identify its distinct question before rewriting.,pages/1441-pt-br--insights--visa--in-situations-where-a-brazilian-needs-emergency-consular-assistance-ou.md
https://immigratetobrazil.com/pt-br/insights/visa/in-some-cases-of-vulnerable-situations-brazilian-migration-law-waives/,SOURCE REVIEW REQUIRED — no publication-ready rewrite,Recover the original full article and identify its distinct question before rewriting.,pages/1442-pt-br--insights--visa--in-some-cases-of-vulnerable-situations-brazilian-migration-law-waives.md
https://immigratetobrazil.com/pt-br/insights/visa/individuals-seeking-to-work-in-brazil-through-a-formal-employment-rela/,SOURCE REVIEW REQUIRED — no publication-ready rewrite,Recover the original full article and identify its distinct question before rewriting.,pages/1443-pt-br--insights--visa--individuals-seeking-to-work-in-brazil-through-a-formal-employment-rela.md
https://immigratetobrazil.com/pt-br/insights/visa/it-can-be-possible-to-bring-a-companion-to-brazil-on-a-health-treatmen/,SOURCE REVIEW REQUIRED — no publication-ready rewrite,Recover the original full article and identify its distinct question before rewriting.,pages/1444-pt-br--insights--visa--it-can-be-possible-to-bring-a-companion-to-brazil-on-a-health-treatmen.md
https://immigratetobrazil.com/pt-br/insights/visa/it-is-not-necessary-in-cases-of-a-stopover-or-connecting-flight-in-bra/,SOURCE REVIEW REQUIRED — no publication-ready rewrite,Recover the original full article and identify its distinct question before rewriting.,pages/1445-pt-br--insights--visa--it-is-not-necessary-in-cases-of-a-stopover-or-connecting-flight-in-bra.md
https://immigratetobrazil.com/pt-br/insights/visa/it-is-now-possible-to-apply-for-a-digital-nomad-visa-for-italy/,SOURCE REVIEW REQUIRED — no publication-ready rewrite,Recover the original full article and identify its distinct question before rewriting.,pages/1446-pt-br--insights--visa--it-is-now-possible-to-apply-for-a-digital-nomad-visa-for-italy.md
https://immigratetobrazil.com/pt-br/insights/visa/it-is-possible-for-a-foreign-person-to-purchase-property-in-brazil-but/,SOURCE REVIEW REQUIRED — no publication-ready rewrite,Recover the original full article and identify its distinct question before rewriting.,pages/1447-pt-br--insights--visa--it-is-possible-for-a-foreign-person-to-purchase-property-in-brazil-but.md
https://immigratetobrazil.com/pt-br/insights/visa/it-is-possible-to-bring-a-companion-to-brazil-with-a-health-treatment/,SOURCE REVIEW REQUIRED — no publication-ready rewrite,Recover the original full article and identify its distinct question before rewriting.,pages/1448-pt-br--insights--visa--it-is-possible-to-bring-a-companion-to-brazil-with-a-health-treatment.md
https://immigratetobrazil.com/pt-br/insights/visa/it-is-possible-to-go-to-brazil-as-a-tourist-and-get-married-or-recogni/,SOURCE REVIEW REQUIRED — no publication-ready rewrite,Recover the original full article and identify its distinct question before rewriting.,pages/1449-pt-br--insights--visa--it-is-possible-to-go-to-brazil-as-a-tourist-and-get-married-or-recogni.md
https://immigratetobrazil.com/pt-br/insights/visa/japan-has-announced-measures-to-attract-digital-nomads-aligning-with-a/,SOURCE REVIEW REQUIRED — no publication-ready rewrite,Recover the original full article and identify its distinct question before rewriting.,pages/1450-pt-br--insights--visa--japan-has-announced-measures-to-attract-digital-nomads-aligning-with-a.md
https://immigratetobrazil.com/pt-br/insights/visa/legal-guidance-eligibility-requirements-and-filing-steps/,SOURCE REVIEW REQUIRED — no publication-ready rewrite,Recover the original full article and identify its distinct question before rewriting.,pages/1451-pt-br--insights--visa--legal-guidance-eligibility-requirements-and-filing-steps.md
https://immigratetobrazil.com/pt-br/insights/visa/many-people-risk-staying-in-portugal-with-just-a-tourist-visa-and-then/,SOURCE REVIEW REQUIRED — no publication-ready rewrite,Recover the original full article and identify its distinct question before rewriting.,pages/1452-pt-br--insights--visa--many-people-risk-staying-in-portugal-with-just-a-tourist-visa-and-then.md
https://immigratetobrazil.com/pt-br/insights/visa/may-5th-is-celebrated-as-portuguese-language-and-lusophone-culture-day/,SOURCE REVIEW REQUIRED — no publication-ready rewrite,Recover the original full article and identify its distinct question before rewriting.,pages/1453-pt-br--insights--visa--may-5th-is-celebrated-as-portuguese-language-and-lusophone-culture-day.md
https://immigratetobrazil.com/pt-br/insights/visa/my-immigrant-id-card-is-valid-until-2030-but-my-civil-partnership-has/,SOURCE REVIEW REQUIRED — no publication-ready rewrite,Recover the original full article and identify its distinct question before rewriting.,pages/1454-pt-br--insights--visa--my-immigrant-id-card-is-valid-until-2030-but-my-civil-partnership-has.md
https://immigratetobrazil.com/pt-br/insights/visa/news-visa-fees-for-the-usa-will-become-more-expensive-from-may-30th-to/,SOURCE REVIEW REQUIRED — no publication-ready rewrite,Recover the original full article and identify its distinct question before rewriting.,pages/1455-pt-br--insights--visa--news-visa-fees-for-the-usa-will-become-more-expensive-from-may-30th-to.md
https://immigratetobrazil.com/pt-br/insights/visa/no-a-work-visa-requires-prior-approval-from-the-brazilian-ministry-of/,SOURCE REVIEW REQUIRED — no publication-ready rewrite,Recover the original full article and identify its distinct question before rewriting.,pages/1456-pt-br--insights--visa--no-a-work-visa-requires-prior-approval-from-the-brazilian-ministry-of.md
https://immigratetobrazil.com/pt-br/insights/visa/no-dependents-can-arrive-with-or-after-the-main-visa-holder-in-the-usa/,SOURCE REVIEW REQUIRED — no publication-ready rewrite,Recover the original full article and identify its distinct question before rewriting.,pages/1457-pt-br--insights--visa--no-dependents-can-arrive-with-or-after-the-main-visa-holder-in-the-usa.md
https://immigratetobrazil.com/pt-br/insights/visa/not-everything-is-what-it-seems-especially-in-brazilian-cuisine/,SOURCE REVIEW REQUIRED — no publication-ready rewrite,Recover the original full article and identify its distinct question before rewriting.,pages/1458-pt-br--insights--visa--not-everything-is-what-it-seems-especially-in-brazilian-cuisine.md
https://immigratetobrazil.com/pt-br/insights/visa/nowadays-technology-allows-us-to-work-from-anywhere-in-the-world/,SOURCE REVIEW REQUIRED — no publication-ready rewrite,Recover the original full article and identify its distinct question before rewriting.,pages/1459-pt-br--insights--visa--nowadays-technology-allows-us-to-work-from-anywhere-in-the-world.md
https://immigratetobrazil.com/pt-br/insights/visa/obtaining-a-permanent-residence-permit-indefinite-period-in-brazil-is/,SOURCE REVIEW REQUIRED — no publication-ready rewrite,Recover the original full article and identify its distinct question before rewriting.,pages/1460-pt-br--insights--visa--obtaining-a-permanent-residence-permit-indefinite-period-in-brazil-is.md
https://immigratetobrazil.com/pt-br/insights/visa/obtaining-a-residency-permit-as-a-retiree-or-pensioner-in-brazil-provi/,SOURCE REVIEW REQUIRED — no publication-ready rewrite,Recover the original full article and identify its distinct question before rewriting.,pages/1461-pt-br--insights--visa--obtaining-a-residency-permit-as-a-retiree-or-pensioner-in-brazil-provi.md
https://immigratetobrazil.com/pt-br/insights/visa/obtaining-a-student-visa-to-be-an-exchange-student-in-brazil-offers-a/,SOURCE REVIEW REQUIRED — no publication-ready rewrite,Recover the original full article and identify its distinct question before rewriting.,pages/1462-pt-br--insights--visa--obtaining-a-student-visa-to-be-an-exchange-student-in-brazil-offers-a.md
https://immigratetobrazil.com/pt-br/insights/visa/obtaining-an-immigrant-identity-card-rnm-is-extremely-important-for-im/,SOURCE REVIEW REQUIRED — no publication-ready rewrite,Recover the original full article and identify its distinct question before rewriting.,pages/1463-pt-br--insights--visa--obtaining-an-immigrant-identity-card-rnm-is-extremely-important-for-im.md
https://immigratetobrazil.com/pt-br/insights/visa/people-who-exceed-the-legal-period-of-stay-in-brazil-either-by-oversta/,SOURCE REVIEW REQUIRED — no publication-ready rewrite,Recover the original full article and identify its distinct question before rewriting.,pages/1464-pt-br--insights--visa--people-who-exceed-the-legal-period-of-stay-in-brazil-either-by-oversta.md
https://immigratetobrazil.com/pt-br/insights/visa/permanent-residency-through-the-investor-visa-individual-investment-in/,SOURCE REVIEW REQUIRED — no publication-ready rewrite,Recover the original full article and identify its distinct question before rewriting.,pages/1465-pt-br--insights--visa--permanent-residency-through-the-investor-visa-individual-investment-in.md
https://immigratetobrazil.com/pt-br/insights/visa/premium-processing-is-a-service-offered-by-the-us-immigration-agency-t/,SOURCE REVIEW REQUIRED — no publication-ready rewrite,Recover the original full article and identify its distinct question before rewriting.,pages/1466-pt-br--insights--visa--premium-processing-is-a-service-offered-by-the-us-immigration-agency-t.md
https://immigratetobrazil.com/pt-br/insights/visa/professionals-can-have-the-eb2-niw-visa-as-a-gateway-to-continue-their/,SOURCE REVIEW REQUIRED — no publication-ready rewrite,Recover the original full article and identify its distinct question before rewriting.,pages/1467-pt-br--insights--visa--professionals-can-have-the-eb2-niw-visa-as-a-gateway-to-continue-their.md
https://immigratetobrazil.com/pt-br/insights/visa/qualified-professionals-can-use-the-eb2-niw-visa-as-a-gateway-to-conti/,SOURCE REVIEW REQUIRED — no publication-ready rewrite,Recover the original full article and identify its distinct question before rewriting.,pages/1468-pt-br--insights--visa--qualified-professionals-can-use-the-eb2-niw-visa-as-a-gateway-to-conti.md
https://immigratetobrazil.com/pt-br/insights/visa/repatriation-also-known-as-national-recovery-operation-represents-the/,SOURCE REVIEW REQUIRED — no publication-ready rewrite,Recover the original full article and identify its distinct question before rewriting.,pages/1469-pt-br--insights--visa--repatriation-also-known-as-national-recovery-operation-represents-the.md
https://immigratetobrazil.com/pt-br/insights/visa/retirees-and-pensioners-who-want-to-live-in-brazil-can-request-a-tempo/,SOURCE REVIEW REQUIRED — no publication-ready rewrite,Recover the original full article and identify its distinct question before rewriting.,pages/1470-pt-br--insights--visa--retirees-and-pensioners-who-want-to-live-in-brazil-can-request-a-tempo.md
https://immigratetobrazil.com/pt-br/insights/visa/rio-de-janeiro-has-recently-been-named-the-world-s-top-destination-for/,SOURCE REVIEW REQUIRED — no publication-ready rewrite,Recover the original full article and identify its distinct question before rewriting.,pages/1471-pt-br--insights--visa--rio-de-janeiro-has-recently-been-named-the-world-s-top-destination-for.md
https://immigratetobrazil.com/pt-br/insights/visa/since-april-10-2025-tourists-from-the-united-states-canada-and-austral/,SOURCE REVIEW REQUIRED — no publication-ready rewrite,Recover the original full article and identify its distinct question before rewriting.,pages/1472-pt-br--insights--visa--since-april-10-2025-tourists-from-the-united-states-canada-and-austral.md
https://immigratetobrazil.com/pt-br/insights/visa/technical-completion-involves-legal-analysis-of-the-rules-and-circumst/,SOURCE REVIEW REQUIRED — no publication-ready rewrite,Recover the original full article and identify its distinct question before rewriting.,pages/1473-pt-br--insights--visa--technical-completion-involves-legal-analysis-of-the-rules-and-circumst.md
https://immigratetobrazil.com/pt-br/insights/visa/the-american-visa-interview-aims-to-assess-whether-you-are-a-qualified/,SOURCE REVIEW REQUIRED — no publication-ready rewrite,Recover the original full article and identify its distinct question before rewriting.,pages/1474-pt-br--insights--visa--the-american-visa-interview-aims-to-assess-whether-you-are-a-qualified.md
https://immigratetobrazil.com/pt-br/insights/visa/the-authorization-of-indefinite-term-residence-in-brazil-can-be-obtain/,SOURCE REVIEW REQUIRED — no publication-ready rewrite,Recover the original full article and identify its distinct question before rewriting.,pages/1475-pt-br--insights--visa--the-authorization-of-indefinite-term-residence-in-brazil-can-be-obtain.md
https://immigratetobrazil.com/pt-br/insights/visa/the-biggest-cause-of-losing-an-irish-student-visa-is-when-the-immigran/,SOURCE REVIEW REQUIRED — no publication-ready rewrite,Recover the original full article and identify its distinct question before rewriting.,pages/1476-pt-br--insights--visa--the-biggest-cause-of-losing-an-irish-student-visa-is-when-the-immigran.md
https://immigratetobrazil.com/pt-br/insights/visa/the-brazilian-retirement-visa-is-an-excellent-choice-for-retirees-and/,SOURCE REVIEW REQUIRED — no publication-ready rewrite,Recover the original full article and identify its distinct question before rewriting.,pages/1477-pt-br--insights--visa--the-brazilian-retirement-visa-is-an-excellent-choice-for-retirees-and.md
https://immigratetobrazil.com/pt-br/insights/visa/the-brazilian-visa-for-digital-nomads-allows-you-to-stay-for-up-to-one/,SOURCE REVIEW REQUIRED — no publication-ready rewrite,Recover the original full article and identify its distinct question before rewriting.,pages/1478-pt-br--insights--visa--the-brazilian-visa-for-digital-nomads-allows-you-to-stay-for-up-to-one.md
https://immigratetobrazil.com/pt-br/insights/visa/the-brazilian-work-visa-for-employment-is-granted-to-foreign-nationals/,SOURCE REVIEW REQUIRED — no publication-ready rewrite,Recover the original full article and identify its distinct question before rewriting.,pages/1479-pt-br--insights--visa--the-brazilian-work-visa-for-employment-is-granted-to-foreign-nationals.md
https://immigratetobrazil.com/pt-br/insights/visa/the-cplp-community-of-portuguese-speaking-countries-visa-is-an-option/,SOURCE REVIEW REQUIRED — no publication-ready rewrite,Recover the original full article and identify its distinct question before rewriting.,pages/1480-pt-br--insights--visa--the-cplp-community-of-portuguese-speaking-countries-visa-is-an-option.md
https://immigratetobrazil.com/pt-br/insights/visa/the-cplp-temporary-residence-visa-is-intended-for-citizens-of-the-coun/,SOURCE REVIEW REQUIRED — no publication-ready rewrite,Recover the original full article and identify its distinct question before rewriting.,pages/1481-pt-br--insights--visa--the-cplp-temporary-residence-visa-is-intended-for-citizens-of-the-coun.md
https://immigratetobrazil.com/pt-br/insights/visa/the-deadline-for-visa-requirements-for-citizens-of-australia-canada-an/,SOURCE REVIEW REQUIRED — no publication-ready rewrite,Recover the original full article and identify its distinct question before rewriting.,pages/1482-pt-br--insights--visa--the-deadline-for-visa-requirements-for-citizens-of-australia-canada-an.md
https://immigratetobrazil.com/pt-br/insights/visa/the-duration-for-which-a-foreigner-can-be-absent-from-the-country-with/,SOURCE REVIEW REQUIRED — no publication-ready rewrite,Recover the original full article and identify its distinct question before rewriting.,pages/1483-pt-br--insights--visa--the-duration-for-which-a-foreigner-can-be-absent-from-the-country-with.md
https://immigratetobrazil.com/pt-br/insights/visa/the-eb-2-niw-national-interest-waiver-visa-is-not-limited-exclusively/,SOURCE REVIEW REQUIRED — no publication-ready rewrite,Recover the original full article and identify its distinct question before rewriting.,pages/1484-pt-br--insights--visa--the-eb-2-niw-national-interest-waiver-visa-is-not-limited-exclusively.md
https://immigratetobrazil.com/pt-br/insights/visa/the-eb2-niw-visa-is-a-great-opportunity-to-internationalize-your-caree/,SOURCE REVIEW REQUIRED — no publication-ready rewrite,Recover the original full article and identify its distinct question before rewriting.,pages/1485-pt-br--insights--visa--the-eb2-niw-visa-is-a-great-opportunity-to-internationalize-your-caree.md
https://immigratetobrazil.com/pt-br/insights/visa/the-end-of-the-expression-of-interest-for-immigrants-in-portugal-marks/,SOURCE REVIEW REQUIRED — no publication-ready rewrite,Recover the original full article and identify its distinct question before rewriting.,pages/1486-pt-br--insights--visa--the-end-of-the-expression-of-interest-for-immigrants-in-portugal-marks.md
https://immigratetobrazil.com/pt-br/insights/visa/the-future-fee-for-travelers-entering-europe-known-as-etias-had-its-la/,SOURCE REVIEW REQUIRED — no publication-ready rewrite,Recover the original full article and identify its distinct question before rewriting.,pages/1487-pt-br--insights--visa--the-future-fee-for-travelers-entering-europe-known-as-etias-had-its-la.md
https://immigratetobrazil.com/pt-br/insights/visa/the-granting-of-a-religious-visa-can-be-issued-to-a-foreign-national-e/,SOURCE REVIEW REQUIRED — no publication-ready rewrite,Recover the original full article and identify its distinct question before rewriting.,pages/1488-pt-br--insights--visa--the-granting-of-a-religious-visa-can-be-issued-to-a-foreign-national-e.md
https://immigratetobrazil.com/pt-br/insights/visa/the-holiday-work-visa-program-between-brazil-and-new-zealand-offers-ne/,SOURCE REVIEW REQUIRED — no publication-ready rewrite,Recover the original full article and identify its distinct question before rewriting.,pages/1489-pt-br--insights--visa--the-holiday-work-visa-program-between-brazil-and-new-zealand-offers-ne.md
https://immigratetobrazil.com/pt-br/insights/visa/the-importance-of-getting-legal-guidance-from-a-lawyer-in-travel-and-i/,SOURCE REVIEW REQUIRED — no publication-ready rewrite,Recover the original full article and identify its distinct question before rewriting.,pages/1490-pt-br--insights--visa--the-importance-of-getting-legal-guidance-from-a-lawyer-in-travel-and-i.md
https://immigratetobrazil.com/pt-br/insights/visa/the-initial-projection-indicated-that-visa-requirements-for-citizens-o-2/,SOURCE REVIEW REQUIRED — no publication-ready rewrite,Recover the original full article and identify its distinct question before rewriting.,pages/1491-pt-br--insights--visa--the-initial-projection-indicated-that-visa-requirements-for-citizens-o-2.md
https://immigratetobrazil.com/pt-br/insights/visa/the-initial-projection-indicated-that-visa-requirements-for-citizens-o/,SOURCE REVIEW REQUIRED — no publication-ready rewrite,Recover the original full article and identify its distinct question before rewriting.,pages/1492-pt-br--insights--visa--the-initial-projection-indicated-that-visa-requirements-for-citizens-o.md
https://immigratetobrazil.com/pt-br/insights/visa/the-international-immunisation-certificate-is-necessary-for-individual/,SOURCE REVIEW REQUIRED — no publication-ready rewrite,Recover the original full article and identify its distinct question before rewriting.,pages/1493-pt-br--insights--visa--the-international-immunisation-certificate-is-necessary-for-individual.md
https://immigratetobrazil.com/pt-br/insights/visa/the-interview-for-the-american-visa-in-brazil-is-carried-out-in-portug/,SOURCE REVIEW REQUIRED — no publication-ready rewrite,Recover the original full article and identify its distinct question before rewriting.,pages/1494-pt-br--insights--visa--the-interview-for-the-american-visa-in-brazil-is-carried-out-in-portug.md
https://immigratetobrazil.com/pt-br/insights/visa/the-japanese-immigration-service-has-announced-a-new-visa-the-digital/,SOURCE REVIEW REQUIRED — no publication-ready rewrite,Recover the original full article and identify its distinct question before rewriting.,pages/1495-pt-br--insights--visa--the-japanese-immigration-service-has-announced-a-new-visa-the-digital.md
https://immigratetobrazil.com/pt-br/insights/visa/the-joint-family-visa-for-spouses-and-partners-in-a-recognized-stable/,SOURCE REVIEW REQUIRED — no publication-ready rewrite,Recover the original full article and identify its distinct question before rewriting.,pages/1496-pt-br--insights--visa--the-joint-family-visa-for-spouses-and-partners-in-a-recognized-stable.md
https://immigratetobrazil.com/pt-br/insights/visa/the-k-1-visa-is-intended-for-foreign-fiances-of-united-states-citizens/,SOURCE REVIEW REQUIRED — no publication-ready rewrite,Recover the original full article and identify its distinct question before rewriting.,pages/1497-pt-br--insights--visa--the-k-1-visa-is-intended-for-foreign-fiances-of-united-states-citizens.md
https://immigratetobrazil.com/pt-br/insights/visa/the-legislation-outlines-the-specific-functions-and-sets-forth-several/,SOURCE REVIEW REQUIRED — no publication-ready rewrite,Recover the original full article and identify its distinct question before rewriting.,pages/1498-pt-br--insights--visa--the-legislation-outlines-the-specific-functions-and-sets-forth-several.md
https://immigratetobrazil.com/pt-br/insights/visa/the-main-hypotheses-are-travel-document-that-is-not-valid-for-brazil-t/,SOURCE REVIEW REQUIRED — no publication-ready rewrite,Recover the original full article and identify its distinct question before rewriting.,pages/1499-pt-br--insights--visa--the-main-hypotheses-are-travel-document-that-is-not-valid-for-brazil-t.md
https://immigratetobrazil.com/pt-br/insights/visa/the-recent-interministerial-ordinance-represents-a-significant-advance/,SOURCE REVIEW REQUIRED — no publication-ready rewrite,Recover the original full article and identify its distinct question before rewriting.,pages/1500-pt-br--insights--visa--the-recent-interministerial-ordinance-represents-a-significant-advance.md
https://immigratetobrazil.com/pt-br/insights/visa/the-residence-permit-for-an-indefinite-period-in-brazil-can-be-obtaine/,SOURCE REVIEW REQUIRED — no publication-ready rewrite,Recover the original full article and identify its distinct question before rewriting.,pages/1501-pt-br--insights--visa--the-residence-permit-for-an-indefinite-period-in-brazil-can-be-obtaine.md
https://immigratetobrazil.com/pt-br/insights/visa/the-retirement-visa-for-brazil-is-designed-for-individuals-who-wish-to/,SOURCE REVIEW REQUIRED — no publication-ready rewrite,Recover the original full article and identify its distinct question before rewriting.,pages/1502-pt-br--insights--visa--the-retirement-visa-for-brazil-is-designed-for-individuals-who-wish-to.md
https://immigratetobrazil.com/pt-br/insights/visa/the-retirement-visa-for-brazil-is-intended-for-individuals-who-wish-to/,SOURCE REVIEW REQUIRED — no publication-ready rewrite,Recover the original full article and identify its distinct question before rewriting.,pages/1503-pt-br--insights--visa--the-retirement-visa-for-brazil-is-intended-for-individuals-who-wish-to.md
https://immigratetobrazil.com/pt-br/insights/visa/the-rules-for-work-immigration-allow-individuals-to-obtain-a-visa-or-r/,SOURCE REVIEW REQUIRED — no publication-ready rewrite,Recover the original full article and identify its distinct question before rewriting.,pages/1504-pt-br--insights--visa--the-rules-for-work-immigration-allow-individuals-to-obtain-a-visa-or-r.md
https://immigratetobrazil.com/pt-br/insights/visa/the-time-a-foreigner-can-be-absent-from-the-country-without-losing-the/,SOURCE REVIEW REQUIRED — no publication-ready rewrite,Recover the original full article and identify its distinct question before rewriting.,pages/1505-pt-br--insights--visa--the-time-a-foreigner-can-be-absent-from-the-country-without-losing-the.md
https://immigratetobrazil.com/pt-br/insights/visa/the-undergraduate-student-agreement-program-pec-g-is-a-brazilian-gover/,SOURCE REVIEW REQUIRED — no publication-ready rewrite,Recover the original full article and identify its distinct question before rewriting.,pages/1506-pt-br--insights--visa--the-undergraduate-student-agreement-program-pec-g-is-a-brazilian-gover.md
https://immigratetobrazil.com/pt-br/insights/visa/the-visa-and-residence-for-the-purpose-of-working-without-employment-i/,SOURCE REVIEW REQUIRED — no publication-ready rewrite,Recover the original full article and identify its distinct question before rewriting.,pages/1507-pt-br--insights--visa--the-visa-and-residence-for-the-purpose-of-working-without-employment-i.md
https://immigratetobrazil.com/pt-br/insights/visa/the-work-holiday-visa-agreement-between-brazil-and-france-allows-young/,SOURCE REVIEW REQUIRED — no publication-ready rewrite,Recover the original full article and identify its distinct question before rewriting.,pages/1508-pt-br--insights--visa--the-work-holiday-visa-agreement-between-brazil-and-france-allows-young.md
https://immigratetobrazil.com/pt-br/insights/visa/the-working-and-holiday-visa-agreement-between-brazil-and-france-allow/,SOURCE REVIEW REQUIRED — no publication-ready rewrite,Recover the original full article and identify its distinct question before rewriting.,pages/1509-pt-br--insights--visa--the-working-and-holiday-visa-agreement-between-brazil-and-france-allow.md
https://immigratetobrazil.com/pt-br/insights/visa/this-brazilian-visa-is-intended-for-those-who-wish-to-carry-out-academ/,SOURCE REVIEW REQUIRED — no publication-ready rewrite,Recover the original full article and identify its distinct question before rewriting.,pages/1510-pt-br--insights--visa--this-brazilian-visa-is-intended-for-those-who-wish-to-carry-out-academ.md
https://immigratetobrazil.com/pt-br/insights/visa/this-can-be-done-at-the-consulate-or-embassy-of-the-country-that-issue/,SOURCE REVIEW REQUIRED — no publication-ready rewrite,Recover the original full article and identify its distinct question before rewriting.,pages/1511-pt-br--insights--visa--this-can-be-done-at-the-consulate-or-embassy-of-the-country-that-issue.md
https://immigratetobrazil.com/pt-br/insights/visa/this-day-established-by-the-un-reinforces-the-importance-of-joining-fo/,SOURCE REVIEW REQUIRED — no publication-ready rewrite,Recover the original full article and identify its distinct question before rewriting.,pages/1512-pt-br--insights--visa--this-day-established-by-the-un-reinforces-the-importance-of-joining-fo.md
https://immigratetobrazil.com/pt-br/insights/visa/this-is-an-illegal-and-extremely-risky-practice-that-can-lead-to-sever/,SOURCE REVIEW REQUIRED — no publication-ready rewrite,Recover the original full article and identify its distinct question before rewriting.,pages/1513-pt-br--insights--visa--this-is-an-illegal-and-extremely-risky-practice-that-can-lead-to-sever.md
https://immigratetobrazil.com/pt-br/insights/visa/to-obtain-a-brazilian-study-visa-you-must-be-enrolled-in-an-educationa/,SOURCE REVIEW REQUIRED — no publication-ready rewrite,Recover the original full article and identify its distinct question before rewriting.,pages/1514-pt-br--insights--visa--to-obtain-a-brazilian-study-visa-you-must-be-enrolled-in-an-educationa.md
https://immigratetobrazil.com/pt-br/insights/visa/to-prove-your-civil-union-status-with-a-foreign-person-a-certificate-i/,SOURCE REVIEW REQUIRED — no publication-ready rewrite,Recover the original full article and identify its distinct question before rewriting.,pages/1515-pt-br--insights--visa--to-prove-your-civil-union-status-with-a-foreign-person-a-certificate-i.md
https://immigratetobrazil.com/pt-br/insights/visa/travellers-in-brazil-can-access-a-variety-of-basic-healthcare-services/,SOURCE REVIEW REQUIRED — no publication-ready rewrite,Recover the original full article and identify its distinct question before rewriting.,pages/1516-pt-br--insights--visa--travellers-in-brazil-can-access-a-variety-of-basic-healthcare-services.md
https://immigratetobrazil.com/pt-br/insights/visa/upon-arriving-in-brazil-with-a-visa-you-will-have-90-days-to-register/,SOURCE REVIEW REQUIRED — no publication-ready rewrite,Recover the original full article and identify its distinct question before rewriting.,pages/1517-pt-br--insights--visa--upon-arriving-in-brazil-with-a-visa-you-will-have-90-days-to-register.md
https://immigratetobrazil.com/pt-br/insights/visa/visa-guidance-legal-requirements-and-filing-steps-in-brazil-2/,SOURCE REVIEW REQUIRED — no publication-ready rewrite,Recover the original full article and identify its distinct question before rewriting.,pages/1518-pt-br--insights--visa--visa-guidance-legal-requirements-and-filing-steps-in-brazil-2.md
https://immigratetobrazil.com/pt-br/insights/visa/visa-guidance-legal-requirements-and-filing-steps-in-brazil-3/,SOURCE REVIEW REQUIRED — no publication-ready rewrite,Recover the original full article and identify its distinct question before rewriting.,pages/1519-pt-br--insights--visa--visa-guidance-legal-requirements-and-filing-steps-in-brazil-3.md
https://immigratetobrazil.com/pt-br/insights/visa/visa-guidance-legal-requirements-and-filing-steps-in-brazil/,SOURCE REVIEW REQUIRED — no publication-ready rewrite,Recover the original full article and identify its distinct question before rewriting.,pages/1520-pt-br--insights--visa--visa-guidance-legal-requirements-and-filing-steps-in-brazil.md
https://immigratetobrazil.com/pt-br/rights/naturalisation/,LEGAL CONTENT REVIEW REQUIRED — conditional retargeting draft,Complete the page-specific VERIFY and ADD instructions in pages/1561-pt-br--rights--naturalisation.md,pages/1561-pt-br--rights--naturalisation.md
https://immigratetobrazil.com/pt-br/rights/obligations/,LEGAL CONTENT REVIEW REQUIRED — conditional retargeting draft,Complete the page-specific VERIFY and ADD instructions in pages/1562-pt-br--rights--obligations.md,pages/1562-pt-br--rights--obligations.md
https://immigratetobrazil.com/pt-br/rights/permanent/,LEGAL CONTENT REVIEW REQUIRED — conditional retargeting draft,Complete the page-specific VERIFY and ADD instructions in pages/1563-pt-br--rights--permanent.md,pages/1563-pt-br--rights--permanent.md
https://immigratetobrazil.com/pt-br/rights/planning/,LEGAL CONTENT REVIEW REQUIRED — conditional retargeting draft,Complete the page-specific VERIFY and ADD instructions in pages/1564-pt-br--rights--planning.md,pages/1564-pt-br--rights--planning.md
https://immigratetobrazil.com/pt-br/rights/refund/,LEGAL CONTENT REVIEW REQUIRED — conditional retargeting draft,Complete the page-specific VERIFY and ADD instructions in pages/1565-pt-br--rights--refund.md,pages/1565-pt-br--rights--refund.md
https://immigratetobrazil.com/pt-br/rights/regularization/,LEGAL CONTENT REVIEW REQUIRED — conditional retargeting draft,Complete the page-specific VERIFY and ADD instructions in pages/1566-pt-br--rights--regularization.md,pages/1566-pt-br--rights--regularization.md
https://immigratetobrazil.com/pt-br/rights/renewal/,LEGAL CONTENT REVIEW REQUIRED — conditional retargeting draft,Complete the page-specific VERIFY and ADD instructions in pages/1567-pt-br--rights--renewal.md,pages/1567-pt-br--rights--renewal.md
https://immigratetobrazil.com/pt-br/rights/responsibilities/,LEGAL CONTENT REVIEW REQUIRED — conditional retargeting draft,Complete the page-specific VERIFY and ADD instructions in pages/1568-pt-br--rights--responsibilities.md,pages/1568-pt-br--rights--responsibilities.md
https://immigratetobrazil.com/pt-br/rights/strategy/,LEGAL CONTENT REVIEW REQUIRED — conditional retargeting draft,Complete the page-specific VERIFY and ADD instructions in pages/1569-pt-br--rights--strategy.md,pages/1569-pt-br--rights--strategy.md
https://immigratetobrazil.com/pt-br/rights/timeline/,LEGAL CONTENT REVIEW REQUIRED — conditional retargeting draft,Complete the page-specific VERIFY and ADD instructions in pages/1570-pt-br--rights--timeline.md,pages/1570-pt-br--rights--timeline.md
https://immigratetobrazil.com/pt-br/rights/transparency/,LEGAL CONTENT REVIEW REQUIRED — conditional retargeting draft,Complete the page-specific VERIFY and ADD instructions in pages/1571-pt-br--rights--transparency.md,pages/1571-pt-br--rights--transparency.md
https://immigratetobrazil.com/pt-br/services/residencies/educational/,CONSOLIDATION REVIEW REQUIRED,Complete the page-specific VERIFY and ADD instructions in pages/1601-pt-br--services--residencies--educational.md,pages/1601-pt-br--services--residencies--educational.md
https://immigratetobrazil.com/pt-br/services/visas/educational/,CONSOLIDATION REVIEW REQUIRED,Complete the page-specific VERIFY and ADD instructions in pages/1621-pt-br--services--visas--educational.md,pages/1621-pt-br--services--visas--educational.md
https://immigratetobrazil.com/rights/naturalisation/,LEGAL CONTENT REVIEW REQUIRED — conditional retargeting draft,Complete the page-specific VERIFY and ADD instructions in pages/1641-rights--naturalisation.md,pages/1641-rights--naturalisation.md
https://immigratetobrazil.com/rights/obligations/,LEGAL CONTENT REVIEW REQUIRED — conditional retargeting draft,Complete the page-specific VERIFY and ADD instructions in pages/1642-rights--obligations.md,pages/1642-rights--obligations.md
https://immigratetobrazil.com/rights/permanent/,LEGAL CONTENT REVIEW REQUIRED — conditional retargeting draft,Complete the page-specific VERIFY and ADD instructions in pages/1643-rights--permanent.md,pages/1643-rights--permanent.md
https://immigratetobrazil.com/rights/planning/,LEGAL CONTENT REVIEW REQUIRED — conditional retargeting draft,Complete the page-specific VERIFY and ADD instructions in pages/1644-rights--planning.md,pages/1644-rights--planning.md
https://immigratetobrazil.com/rights/refund/,LEGAL CONTENT REVIEW REQUIRED — conditional retargeting draft,Complete the page-specific VERIFY and ADD instructions in pages/1645-rights--refund.md,pages/1645-rights--refund.md
https://immigratetobrazil.com/rights/regularization/,LEGAL CONTENT REVIEW REQUIRED — conditional retargeting draft,Complete the page-specific VERIFY and ADD instructions in pages/1646-rights--regularization.md,pages/1646-rights--regularization.md
https://immigratetobrazil.com/rights/renewal/,LEGAL CONTENT REVIEW REQUIRED — conditional retargeting draft,Complete the page-specific VERIFY and ADD instructions in pages/1647-rights--renewal.md,pages/1647-rights--renewal.md
https://immigratetobrazil.com/rights/responsibilities/,LEGAL CONTENT REVIEW REQUIRED — conditional retargeting draft,Complete the page-specific VERIFY and ADD instructions in pages/1648-rights--responsibilities.md,pages/1648-rights--responsibilities.md
https://immigratetobrazil.com/rights/strategy/,LEGAL CONTENT REVIEW REQUIRED — conditional retargeting draft,Complete the page-specific VERIFY and ADD instructions in pages/1649-rights--strategy.md,pages/1649-rights--strategy.md
https://immigratetobrazil.com/rights/timeline/,LEGAL CONTENT REVIEW REQUIRED — conditional retargeting draft,Complete the page-specific VERIFY and ADD instructions in pages/1650-rights--timeline.md,pages/1650-rights--timeline.md
https://immigratetobrazil.com/rights/transparency/,LEGAL CONTENT REVIEW REQUIRED — conditional retargeting draft,Complete the page-specific VERIFY and ADD instructions in pages/1651-rights--transparency.md,pages/1651-rights--transparency.md
https://immigratetobrazil.com/services/residencies/educational/,CONSOLIDATION REVIEW REQUIRED,Complete the page-specific VERIFY and ADD instructions in pages/1681-services--residencies--educational.md,pages/1681-services--residencies--educational.md
https://immigratetobrazil.com/services/visas/educational/,CONSOLIDATION REVIEW REQUIRED,Complete the page-specific VERIFY and ADD instructions in pages/1701-services--visas--educational.md,pages/1701-services--visas--educational.md
